year,scenario_code,scenario,s_mil_2025_assumed,g_world,d_mil,d_rest,epsilon,m_NATO,m_nonNATO,M_NATO,M_nonNATO,M_global,eta_mil,eta_rest,E_mil_Gt,E_rest_Gt,E_world_Gt,s_mil,analysis,GDP_valuation,GDP_world_2025_calibrated,s_NATO_GDP_2025_calibrated,m_nonNATO_2025_calibrated,cum_E_mil_Gt,E_mil_S0_Gt,incremental_E_mil_vs_S0_Gt,cum_incremental_E_mil_vs_S0_Gt
2025,S0,Baseline,0.033,0.03,0.01,0.01,0.0,0.027,0.023992067003357848,1.9029255750000003,3.3552434500000006,5.258169025000001,0.34203921392580183,0.2569944987305753,1.7985000000000002,52.70150000000001,54.50000000000001,0.033,SA3_PPP_recalibrated_original_reference,PPP,210.326761,0.3350915721086011,0.023992067003357848,1.7985000000000002,1.7985000000000002,0.0,0.0
2026,S0,Baseline,0.033,0.03,0.01,0.01,0.0,0.027,0.023992067003357848,1.9600133422500003,3.4559007535000004,5.415914095750001,0.3386188217865438,0.25442455374326955,1.83393045,53.739719550000004,55.57365,0.033,SA3_PPP_recalibrated_original_reference,PPP,210.326761,0.3350915721086011,0.023992067003357848,3.63243045,1.83393045,0.0,0.0
2027,S0,Baseline,0.033,0.03,0.01,0.01,0.0,0.027,0.023992067003357848,2.0188137425175,3.5595777761050007,5.578391518622501,0.3352326335686784,0.25188030820583684,1.8700588798650004,54.79839202513501,56.66845090500001,0.033,SA3_PPP_recalibrated_original_reference,PPP,210.326761,0.3350915721086011,0.023992067003357848,5.502489329865001,1.8700588798650004,0.0,0.0
2028,S0,Baseline,0.033,0.03,0.01,0.01,0.0,0.027,0.023992067003357848,2.0793781547930252,3.66636510938815,5.745743264181176,0.3318803072329916,0.24936150512377847,1.9068990397983407,55.87792034803016,57.7848193878285,0.033,SA3_PPP_recalibrated_original_reference,PPP,210.326761,0.3350915721086011,0.023992067003357848,7.409388369663342,1.9068990397983407,0.0,0.0
2029,S0,Baseline,0.033,0.03,0.01,0.01,0.0,0.027,0.023992067003357848,2.1417594994368163,3.7763560626697954,5.918115562106612,0.32856150416066165,0.24686789007254067,1.9444649508823681,56.97871537888635,58.92318032976872,0.03300000000000001,SA3_PPP_recalibrated_original_reference,PPP,210.326761,0.3350915721086011,0.023992067003357848,9.35385332054571,1.9444649508823681,0.0,0.0
2030,S0,Baseline,0.033,0.03,0.01,0.01,0.0,0.027,0.023992067003357848,2.206012284419921,3.889646744549889,6.095659028969809,0.32527588911905503,0.24439921117181526,1.9827709104147502,58.10119607185042,60.08396698226517,0.032999999999999995,SA3_PPP_recalibrated_original_reference,PPP,210.326761,0.3350915721086011,0.023992067003357848,11.33662423096046,1.9827709104147502,0.0,0.0
2031,S0,Baseline,0.033,0.03,0.01,0.01,0.0,0.027,0.023992067003357848,2.2721926529525183,4.006336146886386,6.278528799838904,0.3220231302278645,0.24195521906009712,2.0218314973499214,59.24578963446587,61.267621131815794,0.033,SA3_PPP_recalibrated_original_reference,PPP,210.326761,0.3350915721086011,0.023992067003357848,13.358455728310382,2.0218314973499214,0.0,0.0
2032,S0,Baseline,0.033,0.03,0.01,0.01,0.0,0.027,0.023992067003357848,2.340358432541094,4.126526231292978,6.4668846638340725,0.31880289892558583,0.23953566686949612,2.061661577847715,60.41293169026484,62.47459326811256,0.03300000000000001,SA3_PPP_recalibrated_original_reference,PPP,210.326761,0.3350915721086011,0.023992067003357848,15.420117306158096,2.061661577847715,0.0,0.0
2033,S0,Baseline,0.033,0.03,0.01,0.01,0.0,0.027,0.023992067003357848,2.410569185517327,4.250322018231768,6.660891203749095,0.31561486993633,0.23714031020080117,2.102276310931315,61.60306644456308,63.7053427554944,0.033,SA3_PPP_recalibrated_original_reference,PPP,210.326761,0.3350915721086011,0.023992067003357848,17.52239361708941,2.102276310931315,0.0,0.0
2034,S0,Baseline,0.033,0.03,0.01,0.01,0.0,0.027,0.023992067003357848,2.482886261082847,4.377831678778721,6.860717939861567,0.31245872123696666,0.23476890709879317,2.1436911542566617,62.81664685352097,64.96033800777764,0.032999999999999995,SA3_PPP_recalibrated_original_reference,PPP,210.326761,0.3350915721086011,0.023992067003357848,19.66608477134607,2.1436911542566617,0.0,0.0
2035,S0,Baseline,0.033,0.03,0.01,0.01,0.0,0.027,0.023992067003357848,2.5573728489153322,4.509166629142082,7.066539478057415,0.30933413402459703,0.23242121802780522,2.1859218699955183,64.05413479653532,66.24005666653085,0.033,SA3_PPP_recalibrated_original_reference,PPP,210.326761,0.3350915721086011,0.023992067003357848,21.852006641341593,2.1859218699955183,0.0,0.0
2036,S0,Baseline,0.033,0.03,0.01,0.01,0.0,0.027,0.023992067003357848,2.634094034382792,4.644441628016344,7.278535662399136,0.30624079268435106,0.23009700584752718,2.22898453083443,65.31600125202706,67.54498578286149,0.03300000000000001,SA3_PPP_recalibrated_original_reference,PPP,210.326761,0.3350915721086011,0.023992067003357848,24.08099117217602,2.22898453083443,0.0,0.0
2037,S0,Baseline,0.033,0.03,0.01,0.01,0.0,0.027,0.023992067003357848,2.713116855414276,4.783774876856835,7.496891732271111,0.3031783847575075,0.22779603578905191,2.272895526091868,66.60272647669203,68.8756220027839,0.03299999999999999,SA3_PPP_recalibrated_original_reference,PPP,210.326761,0.3350915721086011,0.023992067003357848,26.35388669826789,2.272895526091868,0.0,0.0
2038,S0,Baseline,0.033,0.03,0.01,0.01,0.0,0.027,0.023992067003357848,2.7945103610767044,4.9272881231625405,7.721798484239245,0.30014660090993245,0.22551807543116137,2.317671567955878,67.91480018828284,70.23247175623872,0.033,SA3_PPP_recalibrated_original_reference,PPP,210.326761,0.3350915721086011,0.023992067003357848,28.671558266223766,2.317671567955878,0.0,0.0
2039,S0,Baseline,0.033,0.03,0.01,0.01,0.0,0.027,0.023992067003357848,2.8783456719090057,5.075106766857417,7.953452438766423,0.2971451349008331,0.22326289467684976,2.3633296978446086,69.25272175199203,71.61605144983663,0.032999999999999995,SA3_PPP_recalibrated_original_reference,PPP,210.326761,0.3350915721086011,0.023992067003357848,31.034887964068375,2.3633296978446086,0.0,0.0
2040,S0,Baseline,0.033,0.03,0.01,0.01,0.0,0.027,0.023992067003357848,2.9646960420662753,5.227359969863138,8.192056011929413,0.29417368355182477,0.22103026573008128,2.409887292892147,70.61700037050626,73.02688766339841,0.03299999999999999,SA3_PPP_recalibrated_original_reference,PPP,210.326761,0.3350915721086011,0.023992067003357848,33.444775256960526,2.409887292892147,0.0,0.0
2041,S0,Baseline,0.033,0.03,0.01,0.01,0.0,0.027,0.023992067003357848,3.053636923328264,5.384180768959033,8.437817692287297,0.29123194671630653,0.21881996307278045,2.4573620725621224,72.00815527780523,74.46551735036735,0.032999999999999995,SA3_PPP_recalibrated_original_reference,PPP,210.326761,0.3350915721086011,0.023992067003357848,35.902137329522645,2.4573620725621224,0.0,0.0
2042,S0,Baseline,0.033,0.03,0.01,0.01,0.0,0.027,0.023992067003357848,3.1452460310281123,5.545706192027804,8.690952223055916,0.28831962724914345,0.21663176344205265,2.5057721053915962,73.42671593677801,75.93248804216961,0.03299999999999999,SA3_PPP_recalibrated_original_reference,PPP,210.326761,0.3350915721086011,0.023992067003357848,38.40790943491424,2.5057721053915962,0.0,0.0
2043,S0,Baseline,0.033,0.03,0.01,0.01,0.0,0.027,0.023992067003357848,3.239603411958956,5.712077377788639,8.951680789747595,0.28543643097665206,0.2144654458076321,2.5551358158678115,74.87322224073253,77.42835805660035,0.033,SA3_PPP_recalibrated_original_reference,PPP,210.326761,0.3350915721086011,0.023992067003357848,40.96304525078205,2.5551358158678115,0.0,0.0
2044,S0,Baseline,0.033,0.03,0.01,0.01,0.0,0.027,0.023992067003357848,3.3367915143177242,5.883439699122298,9.220231213440023,0.2825820666668855,0.2123207913495558,2.605471991440407,76.34822471887496,78.95369671031537,0.033,SA3_PPP_recalibrated_original_reference,PPP,210.326761,0.3350915721086011,0.023992067003357848,43.56851724222246,2.605471991440407,0.0,0.0
2045,S0,Baseline,0.033,0.03,0.01,0.01,0.0,0.027,0.023992067003357848,3.4368952597472564,6.059942890095968,9.496838149843224,0.27975624600021665,0.21019758343606024,2.6567997896717834,77.8522847458368,80.50908453550858,0.033,SA3_PPP_recalibrated_original_reference,PPP,210.326761,0.3350915721086011,0.023992067003357848,46.22531703189424,2.6567997896717834,0.0,0.0
2046,S0,Baseline,0.033,0.03,0.01,0.01,0.0,0.027,0.023992067003357848,3.540002117539674,6.241741176798847,9.78174329433852,0.27695868354021447,0.20809560760169962,2.709138745528317,79.38597475532978,82.0951135008581,0.032999999999999995,SA3_PPP_recalibrated_original_reference,PPP,210.326761,0.3350915721086011,0.023992067003357848,48.93445577742256,2.709138745528317,0.0,0.0
2047,S0,Baseline,0.033,0.03,0.01,0.01,0.0,0.027,0.023992067003357848,3.646202181065865,6.428993412102813,10.07519559316868,0.27418909670481234,0.20601465152568263,2.762508778815226,80.94987845800979,83.71238723682502,0.033,SA3_PPP_recalibrated_original_reference,PPP,210.326761,0.3350915721086011,0.023992067003357848,51.69696455623779,2.762508778815226,0.0,0.0
2048,S0,Baseline,0.033,0.03,0.01,0.01,0.0,0.027,0.023992067003357848,3.7555882464978403,6.621863214465898,10.377451460963737,0.2714472057377642,0.2039545050104258,2.816930201757885,82.54459106363258,85.36152126539046,0.033,SA3_PPP_recalibrated_original_reference,PPP,210.326761,0.3350915721086011,0.023992067003357848,54.51389475799567,2.816930201757885,0.0,0.0
2049,S0,Baseline,0.033,0.03,0.01,0.01,0.0,0.027,0.023992067003357848,3.8682558938927754,6.820519110899873,10.68877500479265,0.2687327336803865,0.20191495996032152,2.8724237267325154,84.17071950758613,87.04314323431865,0.033,SA3_PPP_recalibrated_original_reference,PPP,210.326761,0.3350915721086011,0.023992067003357848,57.386318484728186,2.8724237267325154,0.0,0.0
2050,S0,Baseline,0.033,0.03,0.01,0.01,0.0,0.027,0.023992067003357848,3.984303570709559,7.025134684226869,11.009438254936429,0.2660454063435827,0.19989581036071832,2.929010474149146,85.82888268188557,88.75789315603473,0.033,SA3_PPP_recalibrated_original_reference,PPP,210.326761,0.3350915721086011,0.023992067003357848,60.31532895887733,2.929010474149146,0.0,0.0
2025,S1,"NATO→3.5%, nonNATO holds",0.033,0.03,0.01,0.01,0.0,0.027,0.023992067003357848,1.9029255750000003,3.3552434500000006,5.258169025000001,0.34203921392580183,0.2569944987305753,1.7985000000000002,52.70150000000001,54.50000000000001,0.033,SA3_PPP_recalibrated_original_reference,PPP,210.326761,0.3350915721086011,0.023992067003357848,1.7985000000000002,1.7985000000000002,0.0,0.0
2026,S1,"NATO→3.5%, nonNATO holds",0.033,0.03,0.01,0.01,0.0,0.02740877593256891,0.023992067003357848,1.9896876489842874,3.4559007535000004,5.4455884024842875,0.3386188217865438,0.25442455374326955,1.8439787287836966,53.73216967775149,55.57614840653519,0.0331793184964013,SA3_PPP_recalibrated_original_reference,PPP,210.326761,0.3350915721086011,0.023992067003357848,3.642478728783697,1.83393045,0.01004827878369663,0.01004827878369663
2027,S1,"NATO→3.5%, nonNATO holds",0.033,0.03,0.01,0.01,0.0,0.028005016140972137,0.023992067003357848,2.093959683141443,3.5595777761050007,5.653537459246444,0.3352326335686784,0.25188030820583684,1.89525025144236,54.77946424245023,56.674714493892594,0.03344084338786738,SA3_PPP_recalibrated_original_reference,PPP,210.326761,0.3350915721086011,0.023992067003357848,5.537728980226056,1.8700588798650004,0.02519137157735951,0.03523965036105614
2028,S1,"NATO→3.5%, nonNATO holds",0.033,0.03,0.01,0.01,0.0,0.028820930945768986,0.023992067003357848,2.2196153410900115,3.66636510938815,5.885980450478161,0.3318803072329916,0.24936150512377847,1.9534410002720746,55.84295059218081,57.796391592452885,0.03379866712175777,SA3_PPP_recalibrated_original_reference,PPP,210.326761,0.3350915721086011,0.023992067003357848,7.491169980498132,1.9068990397983407,0.04654196047373382,0.08178161083478996
2029,S1,"NATO→3.5%, nonNATO holds",0.033,0.03,0.01,0.01,0.0,0.029845109579542582,0.023992067003357848,2.367446183471039,3.7763560626697954,6.143802246140835,0.32856150416066165,0.24686789007254067,2.0186169072576843,56.92300058338135,58.94161749063904,0.034247735186064006,SA3_PPP_recalibrated_original_reference,PPP,210.326761,0.3350915721086011,0.023992067003357848,9.509786887755816,1.9444649508823681,0.07415195637531613,0.1559335672101061
2030,S1,"NATO→3.5%, nonNATO holds",0.033,0.03,0.01,0.01,0.0,0.030999999999995285,0.023992067003357848,2.532828919148413,3.889646744549889,6.422475663698302,0.32527588911905503,0.24439921117181526,2.089076481854958,58.02132234412495,60.11039882597991,0.03475399469404373,SA3_PPP_recalibrated_original_reference,PPP,210.326761,0.3350915721086011,0.023992067003357848,11.598863369610774,1.9827709104147502,0.10630557144020791,0.262239138650314
2031,S1,"NATO→3.5%, nonNATO holds",0.033,0.03,0.01,0.01,0.0,0.03215489042044799,0.023992067003357848,2.7060039174013046,4.006336146886386,6.712340064287691,0.3220231302278645,0.24195521906009712,2.1615287586558276,59.14082673494543,61.302355493601254,0.03526012567137731,SA3_PPP_recalibrated_original_reference,PPP,210.326761,0.3350915721086011,0.023992067003357848,13.760392128266602,2.0218314973499214,0.1396972613059062,0.4019363999562202
2032,S1,"NATO→3.5%, nonNATO holds",0.033,0.03,0.01,0.01,0.0,0.033179069054221584,0.023992067003357848,2.8759597794411387,4.126526231292978,7.002486010734117,0.31880289892558583,0.23953566686949612,2.2324128399078975,60.284636064458944,62.51704890436684,0.03570886468622102,SA3_PPP_recalibrated_original_reference,PPP,210.326761,0.3350915721086011,0.023992067003357848,15.992804968174498,2.061661577847715,0.17075126206018254,0.5726876620164028
2033,S1,"NATO→3.5%, nonNATO holds",0.033,0.03,0.01,0.01,0.0,0.03399498385901843,0.023992067003357848,3.035083724174398,4.250322018231768,7.285405742406166,0.31561486993633,0.23714031020080117,2.2993823858229137,61.45496887314103,63.75435125896394,0.03606628160143999,SA3_PPP_recalibrated_original_reference,PPP,210.326761,0.3350915721086011,0.023992067003357848,18.292187353997413,2.102276310931315,0.19710607489159848,0.7697937369080012
2034,S1,"NATO→3.5%, nonNATO holds",0.033,0.03,0.01,0.01,0.0,0.034591224067421655,0.023992067003357848,3.180965740408872,4.377831678778721,7.558797419187593,0.31245872123696666,0.23476890709879317,2.361812175688639,62.65275949709151,65.01457167278015,0.03632742806606025,SA3_PPP_recalibrated_original_reference,PPP,210.326761,0.3350915721086011,0.023992067003357848,20.65399952968605,2.1436911542566617,0.21812102143197754,0.9879147583399788
2035,S1,"NATO→3.5%, nonNATO holds",0.033,0.03,0.01,0.01,0.0,0.03499999999999057,0.023992067003357848,3.3151129522967597,4.509166629142082,7.824279581438842,0.30933413402459703,0.23242121802780522,2.4203167486907207,63.8780199187589,66.29833666744962,0.03650644752719746,SA3_PPP_recalibrated_original_reference,PPP,210.326761,0.3350915721086011,0.023992067003357848,23.074316278376774,2.1859218699955183,0.23439487869520237,1.2223096370351811
2036,S1,"NATO→3.5%, nonNATO holds",0.033,0.03,0.01,0.01,0.0,0.035,0.023992067003357848,3.4145663408665827,4.644441628016344,8.059007968882927,0.30624079268435106,0.23009700584752718,2.4679969886402096,65.13641691115824,67.60441389979844,0.036506447527201585,SA3_PPP_recalibrated_original_reference,PPP,210.326761,0.3350915721086011,0.023992067003357848,25.542313267016983,2.22898453083443,0.23901245780577973,1.4613220948409609
2037,S1,"NATO→3.5%, nonNATO holds",0.033,0.03,0.01,0.01,0.0,0.035,0.023992067003357848,3.5170033310925803,4.783774876856835,8.300778207949415,0.3031783847575075,0.22779603578905191,2.5166165293164218,66.41960432430807,68.93622085362449,0.03650644752720158,SA3_PPP_recalibrated_original_reference,PPP,210.326761,0.3350915721086011,0.023992067003357848,28.058929796333402,2.272895526091868,0.2437210032245538,1.7050430980655147
2038,S1,"NATO→3.5%, nonNATO holds",0.033,0.03,0.01,0.01,0.0,0.035,0.023992067003357848,3.622513431025358,4.9272881231625405,8.549801554187898,0.30014660090993245,0.22551807543116137,2.5661938749439552,67.72807052949693,70.29426440444088,0.036506447527201585,SA3_PPP_recalibrated_original_reference,PPP,210.326761,0.3350915721086011,0.023992067003357848,30.625123671277358,2.317671567955878,0.2485223069880771,1.9535654050535918
2039,S1,"NATO→3.5%, nonNATO holds",0.033,0.03,0.01,0.01,0.0,0.035,0.023992067003357848,3.731188833956119,5.075106766857417,8.806295600813536,0.2971451349008331,0.22326289467684976,2.6167478942803513,69.06231351892802,71.67906141320837,0.036506447527201585,SA3_PPP_recalibrated_original_reference,PPP,210.326761,0.3350915721086011,0.023992067003357848,33.24187156555771,2.3633296978446086,0.2534181964357427,2.2069836014893345
2040,S1,"NATO→3.5%, nonNATO holds",0.033,0.03,0.01,0.01,0.0,0.035,0.023992067003357848,3.843124498974802,5.227359969863138,9.07048446883794,0.29417368355182477,0.22103026573008128,2.6682978277976734,70.4228410952509,73.09113892304858,0.03650644752720157,SA3_PPP_recalibrated_original_reference,PPP,210.326761,0.3350915721086011,0.023992067003357848,35.91016939335538,2.409887292892147,0.25841053490552657,2.465394136394861
2041,S1,"NATO→3.5%, nonNATO holds",0.033,0.03,0.01,0.01,0.0,0.035,0.023992067003357848,3.958418233944047,5.384180768959033,9.34259900290308,0.29123194671630653,0.21881996307278045,2.7208632950052882,71.81017106482736,74.53103435983265,0.03650644752720158,SA3_PPP_recalibrated_original_reference,PPP,210.326761,0.3350915721086011,0.023992067003357848,38.63103268836067,2.4573620725621224,0.2635012224431659,2.728895358838027
2042,S1,"NATO→3.5%, nonNATO holds",0.033,0.03,0.01,0.01,0.0,0.035,0.023992067003357848,4.077170780962368,5.545706192027804,9.622876972990174,0.28831962724914345,0.21663176344205265,2.774464301916893,73.22483143480446,75.99929573672135,0.03650644752720158,SA3_PPP_recalibrated_original_reference,PPP,210.326761,0.3350915721086011,0.023992067003357848,41.40549699027756,2.5057721053915962,0.26869219652529663,2.9975875553633236
2043,S1,"NATO→3.5%, nonNATO holds",0.033,0.03,0.01,0.01,0.0,0.035,0.023992067003357848,4.199485904391239,5.712077377788639,9.911563282179879,0.28543643097665206,0.2144654458076321,2.8291212486646558,74.6673606140701,77.49648186273475,0.036506447527201585,SA3_PPP_recalibrated_original_reference,PPP,210.326761,0.3350915721086011,0.023992067003357848,44.23461823894222,2.5551358158678115,0.2739854327968443,3.271572988160168
2044,S1,"NATO→3.5%, nonNATO holds",0.033,0.03,0.01,0.01,0.0,0.035,0.023992067003357848,4.325470481522976,5.883439699122298,10.208910180645274,0.2825820666668855,0.2123207913495558,2.884854937263349,76.13830761816729,79.02316255543064,0.03650644752720157,SA3_PPP_recalibrated_original_reference,PPP,210.326761,0.3350915721086011,0.023992067003357848,47.11947317620557,2.605471991440407,0.27938294582294176,3.5509559339831096
2045,S1,"NATO→3.5%, nonNATO holds",0.033,0.03,0.01,0.01,0.0,0.035,0.023992067003357848,4.455234595968666,6.059942890095968,10.515177486064633,0.27975624600021665,0.21019758343606024,2.9416865795274374,77.63823227824517,80.57991885777261,0.036506447527201585,SA3_PPP_recalibrated_original_reference,PPP,210.326761,0.3350915721086011,0.023992067003357848,50.06115975573301,2.6567997896717834,0.28488678985565397,3.8358427238387636
2046,S1,"NATO→3.5%, nonNATO holds",0.033,0.03,0.01,0.01,0.0,0.035,0.023992067003357848,4.588891633847726,6.241741176798847,10.830632810646573,0.27695868354021447,0.20809560760169962,2.9996378051441277,79.1677054541266,82.16734325927074,0.03650644752720158,SA3_PPP_recalibrated_original_reference,PPP,210.326761,0.3350915721086011,0.023992067003357848,53.060797560877134,2.709138745528317,0.2904990596158106,4.126341783454574
2047,S1,"NATO→3.5%, nonNATO holds",0.033,0.03,0.01,0.01,0.0,0.035,0.023992067003357848,4.726558382863159,6.428993412102813,11.155551794965973,0.27418909670481234,0.20601465152568263,3.058730669905468,80.72730925157292,83.78603992147839,0.036506447527201585,SA3_PPP_recalibrated_original_reference,PPP,210.326761,0.3350915721086011,0.023992067003357848,56.119528230782606,2.762508778815226,0.2962218910902421,4.422563674544817
2048,S1,"NATO→3.5%, nonNATO holds",0.033,0.03,0.01,0.01,0.0,0.035,0.023992067003357848,4.868355134349053,6.621863214465898,11.49021834881495,0.2714472057377642,0.2039545050104258,3.118987664102605,82.3176372438289,85.4366249079315,0.036506447527201585,SA3_PPP_recalibrated_original_reference,PPP,210.326761,0.3350915721086011,0.023992067003357848,59.23851589488521,2.816930201757885,0.30205746234471986,4.724621136889536
2049,S1,"NATO→3.5%, nonNATO holds",0.033,0.03,0.01,0.01,0.0,0.035,0.023992067003357848,5.014405788379524,6.820519110899873,11.834924899279397,0.2687327336803865,0.20191495996032152,3.1804317210854256,83.93929469753232,87.11972641861774,0.03650644752720158,SA3_PPP_recalibrated_original_reference,PPP,210.326761,0.3350915721086011,0.023992067003357848,62.41894761597063,2.8724237267325154,0.30800799435291015,5.032629131242446
2050,S1,"NATO→3.5%, nonNATO holds",0.033,0.03,0.01,0.01,0.0,0.035,0.023992067003357848,5.16483796203091,7.025134684226869,12.189972646257779,0.2660454063435827,0.19989581036071832,3.243086225990809,85.59289880307371,88.83598502906452,0.036506447527201585,SA3_PPP_recalibrated_original_reference,PPP,210.326761,0.3350915721086011,0.023992067003357848,65.66203384196145,2.929010474149146,0.31407575184166303,5.34670488308411
2025,S2,"NATO→3.5%, nonNATO→3.5%",0.033,0.03,0.01,0.01,0.0,0.027,0.023992067003357848,1.9029255750000003,3.3552434500000006,5.258169025000001,0.34203921392580183,0.2569944987305753,1.7985000000000002,52.70150000000001,54.50000000000001,0.033,SA3_PPP_recalibrated_original_reference,PPP,210.326761,0.3350915721086011,0.023992067003357848,1.7985000000000002,1.7985000000000002,0.0,0.0
2026,S2,"NATO→3.5%, nonNATO→3.5%",0.033,0.03,0.01,0.01,0.0,0.02740877593256891,0.024554539262902658,1.9896876489842874,3.536921213525879,5.526608862510167,0.3386188217865438,0.25442455374326955,1.8714137814982637,53.71155608336533,55.58296986486359,0.033668833926077515,SA3_PPP_recalibrated_original_reference,PPP,210.326761,0.3350915721086011,0.023992067003357848,3.6699137814982636,1.83393045,0.03748333149826366,0.03748333149826366
2027,S2,"NATO→3.5%, nonNATO→3.5%",0.033,0.03,0.01,0.01,0.0,0.028005016140972137,0.02537496079590349,2.093959683141443,3.7647505113249418,5.858710194466385,0.3352326335686784,0.25188030820583684,1.96403084780663,54.727785270667596,56.69181611847423,0.03464399241862723,SA3_PPP_recalibrated_original_reference,PPP,210.326761,0.3350915721086011,0.023992067003357848,5.633944629304894,1.8700588798650004,0.09397196794162954,0.1314552994398932
2028,S2,"NATO→3.5%, nonNATO→3.5%",0.033,0.03,0.01,0.01,0.0,0.028820930945768986,0.026497652733675,2.2196153410900115,4.049258008900724,6.268873349990735,0.3318803072329916,0.24936150512377847,2.0805156133996388,55.74747184245716,57.8279874558568,0.03597765900097782,SA3_PPP_recalibrated_original_reference,PPP,210.326761,0.3350915721086011,0.023992067003357848,7.714460242704533,1.9068990397983407,0.173616573601298,0.3050718730411912
2029,S2,"NATO→3.5%, nonNATO→3.5%",0.033,0.03,0.01,0.01,0.0,0.029845109579542582,0.02790691395582153,2.367446183471039,4.39255374256505,6.759999926036089,0.32856150416066165,0.24686789007254067,2.221075743824379,56.77088116227802,58.9919569061024,0.03765048424075283,SA3_PPP_recalibrated_original_reference,PPP,210.326761,0.3350915721086011,0.023992067003357848,9.935535986528912,1.9444649508823681,0.27661079294201074,0.581682665983202
2030,S2,"NATO→3.5%, nonNATO→3.5%",0.033,0.03,0.01,0.01,0.0,0.030999999999995285,0.029496033501672438,2.532828919148413,4.7819619156139215,7.314790834762334,0.32527588911905503,0.24439921117181526,2.379325092497233,57.803241220200256,60.18256631269749,0.039535121851313214,SA3_PPP_recalibrated_original_reference,PPP,210.326761,0.3350915721086011,0.023992067003357848,12.314861079026144,1.9827709104147502,0.39655418208248294,0.9782368480656849
2031,S2,"NATO→3.5%, nonNATO→3.5%",0.033,0.03,0.01,0.01,0.0,0.03215489042044799,0.031085153047523344,2.7060039174013046,5.1907812806774185,7.896785198078723,0.3220231302278645,0.24195521906009712,2.542947488222377,58.85424405313436,61.39719154135673,0.041417977343629224,SA3_PPP_recalibrated_original_reference,PPP,210.326761,0.3350915721086011,0.023992067003357848,14.857808567248522,2.0218314973499214,0.5211159908724556,1.4993528389381405
2032,S2,"NATO→3.5%, nonNATO→3.5%",0.033,0.03,0.01,0.01,0.0,0.033179069054221584,0.032494414269669876,2.8759597794411387,5.588891229568796,8.464851009009935,0.31880289892558583,0.23953566686949612,2.6986190406455375,59.93434748939034,62.63296653003588,0.043086240204691637,SA3_PPP_recalibrated_original_reference,PPP,210.326761,0.3350915721086011,0.023992067003357848,17.556427607894058,2.061661577847715,0.6369574627978225,2.1363103017359633
2033,S2,"NATO→3.5%, nonNATO→3.5%",0.033,0.03,0.01,0.01,0.0,0.03399498385901843,0.03361710620744138,3.035083724174398,5.955448802419834,8.990532526594233,0.31561486993633,0.23714031020080117,2.837545754039383,61.05061457860698,63.888160332646365,0.044414266106038096,SA3_PPP_recalibrated_original_reference,PPP,210.326761,0.3350915721086011,0.023992067003357848,20.39397336193344,2.102276310931315,0.7352694431080677,2.8715797448440306
2034,S2,"NATO→3.5%, nonNATO→3.5%",0.033,0.03,0.01,0.01,0.0,0.034591224067421655,0.03443752774044221,3.180965740408872,6.283814556696128,9.464780297105,0.31245872123696666,0.23476890709879317,2.9573531484222655,62.20529397989383,65.1626471283161,0.04538417757336876,SA3_PPP_recalibrated_original_reference,PPP,210.326761,0.3350915721086011,0.023992067003357848,23.351326510355708,2.1436911542566617,0.8136619941656038,3.6852417390096344
2035,S2,"NATO→3.5%, nonNATO→3.5%",0.033,0.03,0.01,0.01,0.0,0.03499999999999057,0.03499999999998703,3.3151129522967597,6.578042316980288,9.893155269277049,0.30933413402459703,0.23242121802780522,3.060290617992695,63.39716931144343,66.45745992943613,0.04604886526271214,SA3_PPP_recalibrated_original_reference,PPP,210.326761,0.3350915721086011,0.023992067003357848,26.411617128348404,2.1859218699955183,0.8743687479971767,4.559610487006811
2036,S2,"NATO→3.5%, nonNATO→3.5%",0.033,0.03,0.01,0.01,0.0,0.035,0.035,3.4145663408665827,6.775383586492208,10.189949927358791,0.30624079268435106,0.23009700584752718,3.1205783431682015,64.64609354687808,67.76667189004628,0.04604886526272746,SA3_PPP_recalibrated_original_reference,PPP,210.326761,0.3350915721086011,0.023992067003357848,29.532195471516605,2.22898453083443,0.8915938123337717,5.451204299340583
2037,S2,"NATO→3.5%, nonNATO→3.5%",0.033,0.03,0.01,0.01,0.0,0.035,0.035,3.5170033310925803,6.978645094086975,10.495648425179555,0.3031783847575075,0.22779603578905191,3.182053736528615,65.91962158975159,69.1016753262802,0.046048865262727445,SA3_PPP_recalibrated_original_reference,PPP,210.326761,0.3350915721086011,0.023992067003357848,32.71424920804522,2.272895526091868,0.9091582104367468,6.36036250977733
2038,S2,"NATO→3.5%, nonNATO→3.5%",0.033,0.03,0.01,0.01,0.0,0.035,0.035,3.622513431025358,7.188004446909585,10.810517877934943,0.30014660090993245,0.22551807543116137,3.2447401951382293,67.21823813506968,70.46297833020792,0.04604886526272746,SA3_PPP_recalibrated_original_reference,PPP,210.326761,0.3350915721086011,0.023992067003357848,35.95898940318345,2.317671567955878,0.9270686271823512,7.287431136959681
2039,S2,"NATO→3.5%, nonNATO→3.5%",0.033,0.03,0.01,0.01,0.0,0.035,0.035,3.731188833956119,7.403644580316873,11.134833414272991,0.2971451349008331,0.22326289467684976,3.3086615769824523,68.54243742633057,71.85109900331302,0.04604886526272745,SA3_PPP_recalibrated_original_reference,PPP,210.326761,0.3350915721086011,0.023992067003357848,39.267650980165904,2.3633296978446086,0.9453318791378438,8.232763016097525
2040,S2,"NATO→3.5%, nonNATO→3.5%",0.033,0.03,0.01,0.01,0.0,0.035,0.035,3.843124498974802,7.625753917726378,11.46887841670118,0.29417368355182477,0.22103026573008128,3.373842210049006,69.89272344362927,73.26656565367827,0.04604886526272746,SA3_PPP_recalibrated_original_reference,PPP,210.326761,0.3350915721086011,0.023992067003357848,42.64149319021491,2.409887292892147,0.9639549171568591,9.196717933254384
2041,S2,"NATO→3.5%, nonNATO→3.5%",0.033,0.03,0.01,0.01,0.0,0.035,0.035,3.958418233944047,7.85452653525817,11.812944769202216,0.29123194671630653,0.21881996307278045,3.440306901586972,71.26961009546878,74.70991699705576,0.046048865262727445,SA3_PPP_recalibrated_original_reference,PPP,210.326761,0.3350915721086011,0.023992067003357848,46.08180009180188,2.4573620725621224,0.9829448290248495,10.179662762279234
2042,S2,"NATO→3.5%, nonNATO→3.5%",0.033,0.03,0.01,0.01,0.0,0.035,0.035,4.077170780962368,8.090162331315916,12.167333112278286,0.28831962724914345,0.21663176344205265,3.508080947548236,72.6736214143495,76.18170236189773,0.04604886526272747,SA3_PPP_recalibrated_original_reference,PPP,210.326761,0.3350915721086011,0.023992067003357848,49.58988103935012,2.5057721053915962,1.0023088421566397,11.181971604435873
2043,S2,"NATO→3.5%, nonNATO→3.5%",0.033,0.03,0.01,0.01,0.0,0.035,0.035,4.199485904391239,8.332867201255393,12.532353105646632,0.28543643097665206,0.2144654458076321,3.5771901422149357,74.1052917562122,77.68248189842713,0.04604886526272746,SA3_PPP_recalibrated_original_reference,PPP,210.326761,0.3350915721086011,0.023992067003357848,53.16707118156505,2.5551358158678115,1.0220543263471242,12.204025930782997
2044,S2,"NATO→3.5%, nonNATO→3.5%",0.033,0.03,0.01,0.01,0.0,0.035,0.035,4.325470481522976,8.582853217293055,12.90832369881603,0.2825820666668855,0.2123207913495558,3.6476607880165695,75.56516600380958,79.21282679182615,0.04604886526272745,SA3_PPP_recalibrated_original_reference,PPP,210.326761,0.3350915721086011,0.023992067003357848,56.81473196958162,2.605471991440407,1.0421887965761623,13.24621472735916
2045,S2,"NATO→3.5%, nonNATO→3.5%",0.033,0.03,0.01,0.01,0.0,0.035,0.035,4.455234595968666,8.840338813811847,13.295573409780513,0.27975624600021665,0.21019758343606024,3.7195197055404963,77.05379977408464,80.77331947962513,0.04604886526272745,SA3_PPP_recalibrated_original_reference,PPP,210.326761,0.3350915721086011,0.023992067003357848,60.534251675122114,2.6567997896717834,1.0627199158687128,14.308934643227872
2046,S2,"NATO→3.5%, nonNATO→3.5%",0.033,0.03,0.01,0.01,0.0,0.035,0.035,4.588891633847726,9.105548978226203,13.69444061207393,0.27695868354021447,0.20809560760169962,3.7927942437396442,78.5717596296341,82.36455387337375,0.04604886526272745,SA3_PPP_recalibrated_original_reference,PPP,210.326761,0.3350915721086011,0.023992067003357848,64.32704591886176,2.709138745528317,1.0836554982113271,15.3925901414392
2047,S2,"NATO→3.5%, nonNATO→3.5%",0.033,0.03,0.01,0.01,0.0,0.035,0.035,4.726558382863159,9.37871544757299,14.105273830436149,0.27418909670481234,0.20601465152568263,3.867512290341316,80.11962329433791,83.98713558467922,0.04604886526272745,SA3_PPP_recalibrated_original_reference,PPP,210.326761,0.3350915721086011,0.023992067003357848,68.19455820920308,2.762508778815226,1.1050035115260899,16.49759365296529
2048,S2,"NATO→3.5%, nonNATO→3.5%",0.033,0.03,0.01,0.01,0.0,0.035,0.035,4.868355134349053,9.66007691100018,14.528432045349234,0.2714472057377642,0.2039545050104258,3.94370228246104,81.69797987323635,85.6416821556974,0.04604886526272746,SA3_PPP_recalibrated_original_reference,PPP,210.326761,0.3350915721086011,0.023992067003357848,72.13826049166411,2.816930201757885,1.1267720807031547,17.624365733668444
2049,S2,"NATO→3.5%, nonNATO→3.5%",0.033,0.03,0.01,0.01,0.0,0.035,0.035,5.014405788379524,9.949879218330185,14.964285006709709,0.2687327336803865,0.20191495996032152,4.021393217425521,83.3074300767391,87.32882329416462,0.04604886526272745,SA3_PPP_recalibrated_original_reference,PPP,210.326761,0.3350915721086011,0.023992067003357848,76.15965370908964,2.8724237267325154,1.1489694906930055,18.77333522436145
2050,S2,"NATO→3.5%, nonNATO→3.5%",0.033,0.03,0.01,0.01,0.0,0.035,0.035,5.16483796203091,10.24837559488009,15.413213556911,0.2660454063435827,0.19989581036071832,4.100614663808805,84.94858644925087,89.04920111305967,0.04604886526272746,SA3_PPP_recalibrated_original_reference,PPP,210.326761,0.3350915721086011,0.023992067003357848,80.26026837289844,2.929010474149146,1.1716041896596585,19.944939414021107
2025,S3,"NATO→5%, nonNATO→3.5%",0.033,0.03,0.01,0.01,0.0,0.027,0.023992067003357848,1.9029255750000003,3.3552434500000006,5.258169025000001,0.34203921392580183,0.2569944987305753,1.7985000000000002,52.70150000000001,54.50000000000001,0.033,SA3_PPP_recalibrated_original_reference,PPP,210.326761,0.3350915721086011,0.023992067003357848,1.7985000000000002,1.7985000000000002,0.0,0.0
2026,S3,"NATO→5%, nonNATO→3.5%",0.033,0.03,0.01,0.01,0.0,0.02817523080613562,0.024554539262902658,2.0453269741110756,3.536921213525879,5.582248187636955,0.3386188217865438,0.25442455374326955,1.8902543042176951,53.69740007289937,55.58765437711706,0.034004930148587596,SA3_PPP_recalibrated_original_reference,PPP,210.326761,0.3350915721086011,0.023992067003357848,3.6887543042176953,1.83393045,0.056323854217695146,0.056323854217695146
2027,S3,"NATO→5%, nonNATO→3.5%",0.033,0.03,0.01,0.01,0.0,0.029889421405294894,0.02537496079590349,2.234858321811336,3.7647505113249418,5.999608833136278,0.3352326335686784,0.25188030820583684,2.01126466951418,54.69229567813365,56.70356034764782,0.03546981278041761,SA3_PPP_recalibrated_original_reference,PPP,210.326761,0.3350915721086011,0.023992067003357848,5.700018973731876,1.8700588798650004,0.1412057896491794,0.19752964386687455
2028,S3,"NATO→5%, nonNATO→3.5%",0.033,0.03,0.01,0.01,0.0,0.03223517646908584,0.026497652733675,2.482560065396861,4.049258008900724,6.531818074297584,0.3318803072329916,0.24936150512377847,2.16778178928789,55.68190355023964,57.849685339527525,0.03747266344777658,SA3_PPP_recalibrated_original_reference,PPP,210.326761,0.3350915721086011,0.023992067003357848,7.8678007630197655,1.9068990397983407,0.26088274948954915,0.4584123933564237
2029,S3,"NATO→5%, nonNATO→3.5%",0.033,0.03,0.01,0.01,0.0,0.03517969004118492,0.02790691395582153,2.7906087160352064,4.39255374256505,7.183162458600256,0.32856150416066165,0.24686789007254067,2.3601106620280965,56.66641592070616,59.026526582734256,0.039983898742882294,SA3_PPP_recalibrated_original_reference,PPP,210.326761,0.3350915721086011,0.023992067003357848,10.22791142504786,1.9444649508823681,0.41564571114572835,0.874058104502152
2030,S3,"NATO→5%, nonNATO→3.5%",0.033,0.03,0.01,0.01,0.0,0.03849999999998644,0.029496033501672438,3.145610109264335,4.7819619156139215,7.927572024878256,0.32527588911905503,0.24439921117181526,2.5786480389476223,57.653477980714996,60.232126019662616,0.04281183828885319,SA3_PPP_recalibrated_original_reference,PPP,210.326761,0.3350915721086011,0.023992067003357848,12.806559463995484,1.9827709104147502,0.5958771285328721,1.4699352330350242
2031,S3,"NATO→5%, nonNATO→3.5%",0.033,0.03,0.01,0.01,0.0,0.041820309958787966,0.031085153047523344,3.5194000382427792,5.1907812806774185,8.710181318920197,0.3220231302278645,0.24195521906009712,2.8048798531709513,58.657438616533526,61.46231846970448,0.045635763879514415,SA3_PPP_recalibrated_original_reference,PPP,210.326761,0.3350915721086011,0.023992067003357848,15.611439317166436,2.0218314973499214,0.7830483558210299,2.252983588856054
2032,S3,"NATO→5%, nonNATO→3.5%",0.033,0.03,0.01,0.01,0.0,0.04476482353088705,0.032494414269669876,3.8802123048787225,5.588891229568796,9.46910353444752,0.31880289892558583,0.23953566686949612,3.01877765700838,59.693793191004275,62.71257084801265,0.04813672308737833,SA3_PPP_recalibrated_original_reference,PPP,210.326761,0.3350915721086011,0.023992067003357848,18.630216974174814,2.061661577847715,0.9571160791606652,3.2100996680167193
2033,S3,"NATO→5%, nonNATO→3.5%",0.033,0.03,0.01,0.01,0.0,0.04711057859467799,0.03361710620744138,4.206048484156406,5.955448802419834,10.161497286576239,0.31561486993633,0.23714031020080117,3.20711964446113,60.772931632190634,63.980051276651764,0.05012686892971441,SA3_PPP_recalibrated_original_reference,PPP,210.326761,0.3350915721086011,0.023992067003357848,21.837336618635945,2.102276310931315,1.1048433335298147,4.314943001546534
2034,S3,"NATO→5%, nonNATO→3.5%",0.033,0.03,0.01,0.01,0.0,0.04882476919383726,0.03443752774044221,4.489864764145169,6.283814556696128,10.773679320841296,0.31245872123696666,0.23476890709879317,3.366330063607223,61.89800518658858,65.2643352501958,0.05157993336946037,SA3_PPP_recalibrated_original_reference,PPP,210.326761,0.3350915721086011,0.023992067003357848,25.203666682243167,2.1436911542566617,1.2226389093505614,5.537581910897096
2035,S3,"NATO→5%, nonNATO→3.5%",0.033,0.03,0.01,0.01,0.0,0.049999999999972886,0.03499999999998703,4.735875646136936,6.578042316980288,11.313917963117223,0.30933413402459703,0.23242121802780522,3.499781015546199,63.06695391561263,66.56673493115883,0.05257552468459749,SA3_PPP_recalibrated_original_reference,PPP,210.326761,0.3350915721086011,0.023992067003357848,28.703447697789368,2.1859218699955183,1.3138591455506807,6.851441056447776
2036,S3,"NATO→5%, nonNATO→3.5%",0.033,0.03,0.01,0.01,0.0,0.05,0.035,4.877951915523689,6.775383586492208,11.653335502015898,0.30624079268435106,0.23009700584752718,3.5687267015540387,64.30937290774901,67.87809960930305,0.052575524684620456,SA3_PPP_recalibrated_original_reference,PPP,210.326761,0.3350915721086011,0.023992067003357848,32.272174399343406,2.22898453083443,1.3397421707196089,8.191183227167386
2037,S3,"NATO→5%, nonNATO→3.5%",0.033,0.03,0.01,0.01,0.0,0.05,0.035,5.0242904729894,6.978645094086975,12.002935567076374,0.3031783847575075,0.22779603578905191,3.6390306175746527,65.57626755403167,69.21529817160632,0.05257552468462045,SA3_PPP_recalibrated_original_reference,PPP,210.326761,0.3350915721086011,0.023992067003357848,35.91120501691806,2.272895526091868,1.3661350914827848,9.55731831865017
2038,S3,"NATO→5%, nonNATO→3.5%",0.033,0.03,0.01,0.01,0.0,0.05,0.035,5.175019187179083,7.188004446909585,12.363023634088668,0.30014660090993245,0.22551807543116137,3.710719520740874,66.86812002484609,70.57883954558697,0.052575524684620456,SA3_PPP_recalibrated_original_reference,PPP,210.326761,0.3350915721086011,0.023992067003357848,39.621924537658934,2.317671567955878,1.393047952784996,10.950366271435165
2039,S3,"NATO→5%, nonNATO→3.5%",0.033,0.03,0.01,0.01,0.0,0.05,0.035,5.3302697627944555,7.403644580316873,12.733914343111328,0.2971451349008331,0.22326289467684976,3.783820695299469,68.18542198933557,71.96924268463503,0.05257552468462045,SA3_PPP_recalibrated_original_reference,PPP,210.326761,0.3350915721086011,0.023992067003357848,43.4057452329584,2.3633296978446086,1.4204909974548605,12.370857268890026
2040,S3,"NATO→5%, nonNATO→3.5%",0.033,0.03,0.01,0.01,0.0,0.05,0.035,5.490177855678288,7.625753917726378,13.115931773404666,0.29417368355182477,0.22103026573008128,3.8583619629968684,69.52867480252547,73.38703676552234,0.05257552468462045,SA3_PPP_recalibrated_original_reference,PPP,210.326761,0.3350915721086011,0.023992067003357848,47.26410719595527,2.409887292892147,1.4484746701047215,13.819331938994747
2041,S3,"NATO→5%, nonNATO→3.5%",0.033,0.03,0.01,0.01,0.0,0.05,0.035,5.654883191348638,7.85452653525817,13.509409726606808,0.29123194671630653,0.21881996307278045,3.934371693667907,70.89838969613524,74.83276138980315,0.05257552468462044,SA3_PPP_recalibrated_original_reference,PPP,210.326761,0.3350915721086011,0.023992067003357848,51.198478889623175,2.4573620725621224,1.4770096211057848,15.296341560100533
2042,S3,"NATO→5%, nonNATO→3.5%",0.033,0.03,0.01,0.01,0.0,0.05,0.035,5.824529687089097,8.090162331315916,13.914692018405013,0.28831962724914345,0.21663176344205265,4.011878816033165,72.2950879731491,76.30696678918225,0.052575524684620456,SA3_PPP_recalibrated_original_reference,PPP,210.326761,0.3350915721086011,0.023992067003357848,55.21035770565634,2.5057721053915962,1.5061067106415686,16.8024482707421
2043,S3,"NATO→5%, nonNATO→3.5%",0.033,0.03,0.01,0.01,0.0,0.05,0.035,5.99926557770177,8.332867201255393,14.332132778957163,0.28543643097665206,0.2144654458076321,4.090912828709019,73.71930120622014,77.81021403492916,0.052575524684620456,SA3_PPP_recalibrated_original_reference,PPP,210.326761,0.3350915721086011,0.023992067003357848,59.30127053436536,2.5551358158678115,1.5357770128412076,18.33822528358331
2044,S3,"NATO→5%, nonNATO→3.5%",0.033,0.03,0.01,0.01,0.0,0.05,0.035,6.179243545032823,8.582853217293055,14.762096762325879,0.2825820666668855,0.2123207913495558,4.171503811434587,75.17157143998267,79.34307525141726,0.052575524684620456,SA3_PPP_recalibrated_original_reference,PPP,210.326761,0.3350915721086011,0.023992067003357848,63.47277434579995,2.605471991440407,1.5660318199941794,19.90425710357749
2045,S3,"NATO→5%, nonNATO→3.5%",0.033,0.03,0.01,0.01,0.0,0.05,0.035,6.364620851383808,8.840338813811847,15.204959665195656,0.27975624600021665,0.21019758343606024,4.253682436519847,76.65245139735035,80.9061338338702,0.052575524684620435,SA3_PPP_recalibrated_original_reference,PPP,210.326761,0.3350915721086011,0.023992067003357848,67.7264567823198,2.6567997896717834,1.596882646848064,21.50113975042555
2046,S3,"NATO→5%, nonNATO→3.5%",0.033,0.03,0.01,0.01,0.0,0.05,0.035,6.555559476925322,9.105548978226203,15.661108455151524,0.27695868354021447,0.20809560760169962,4.337479980519288,78.16250468987813,82.49998467039742,0.05257552468462044,SA3_PPP_recalibrated_original_reference,PPP,210.326761,0.3350915721086011,0.023992067003357848,72.06393676283908,2.709138745528317,1.628341234990971,23.129480985416524
2047,S3,"NATO→5%, nonNATO→3.5%",0.033,0.03,0.01,0.01,0.0,0.05,0.035,6.7522262612330834,9.37871544757299,16.130941708806073,0.27418909670481234,0.20601465152568263,4.422928336135519,79.70230603226875,84.12523436840426,0.05257552468462045,SA3_PPP_recalibrated_original_reference,PPP,210.326761,0.3350915721086011,0.023992067003357848,76.4868650989746,2.762508778815226,1.6604195573202931,24.789900542736817
2048,S3,"NATO→5%, nonNATO→3.5%",0.033,0.03,0.01,0.01,0.0,0.05,0.035,6.954793049070076,9.66007691100018,16.614869960070255,0.2714472057377642,0.2039545050104258,4.510060024357388,81.27244146110444,85.78250148546182,0.05257552468462045,SA3_PPP_recalibrated_original_reference,PPP,210.326761,0.3350915721086011,0.023992067003357848,80.99692512333199,2.816930201757885,1.693129822599503,26.48303036533632
2049,S3,"NATO→5%, nonNATO→3.5%",0.033,0.03,0.01,0.01,0.0,0.05,0.035,7.163436840542177,9.949879218330185,17.113316058872364,0.2687327336803865,0.20191495996032152,4.598908206837229,82.87350855788819,87.47241676472541,0.052575524684620456,SA3_PPP_recalibrated_original_reference,PPP,210.326761,0.3350915721086011,0.023992067003357848,85.59583333016921,2.8724237267325154,1.7264844801047134,28.20951484544103
2050,S3,"NATO→5%, nonNATO→3.5%",0.033,0.03,0.01,0.01,0.0,0.05,0.035,7.378339945758443,10.24837559488009,17.626715540638532,0.2660454063435827,0.19989581036071832,4.689506698511923,84.50611667647858,89.1956233749905,0.052575524684620456,SA3_PPP_recalibrated_original_reference,PPP,210.326761,0.3350915721086011,0.023992067003357848,90.28534002868115,2.929010474149146,1.7604962243627766,29.97001106980381
2025,S0,Baseline,0.055,0.03,0.01,0.01,0.0,0.027,0.023992067003357848,1.9029255750000003,3.3552434500000006,5.258169025000001,0.570065356543003,0.2511476745609034,2.9975,51.5025,54.5,0.055,SA3_PPP_recalibrated_original_reference,PPP,210.326761,0.3350915721086011,0.023992067003357848,2.9975,2.9975,0.0,0.0
2026,S0,Baseline,0.055,0.03,0.01,0.01,0.0,0.027,0.023992067003357848,1.9600133422500003,3.4559007535000004,5.415914095750001,0.564364702977573,0.2486361978152944,3.05655075,52.517099249999994,55.573649999999994,0.05500000000000001,SA3_PPP_recalibrated_original_reference,PPP,210.326761,0.3350915721086011,0.023992067003357848,6.05405075,3.05655075,0.0,0.0
2027,S0,Baseline,0.055,0.03,0.01,0.01,0.0,0.027,0.023992067003357848,2.0188137425175,3.5595777761050007,5.578391518622501,0.5587210559477973,0.24614983583714145,3.1167647997750003,53.551686105225,56.668450905,0.05500000000000001,SA3_PPP_recalibrated_original_reference,PPP,210.326761,0.3350915721086011,0.023992067003357848,9.170815549775,3.1167647997750003,0.0,0.0
2028,S0,Baseline,0.055,0.03,0.01,0.01,0.0,0.027,0.023992067003357848,2.0793781547930252,3.66636510938815,5.745743264181176,0.5531338453883193,0.24368833747877003,3.1781650663305676,54.60665432149793,57.78481938782849,0.05500000000000001,SA3_PPP_recalibrated_original_reference,PPP,210.326761,0.3350915721086011,0.023992067003357848,12.348980616105568,3.1781650663305676,0.0,0.0
2029,S0,Baseline,0.055,0.03,0.01,0.01,0.0,0.027,0.023992067003357848,2.1417594994368163,3.7763560626697954,5.918115562106612,0.5476025069344361,0.24125145410398233,3.2407749181372805,55.682405411631436,58.92318032976872,0.055000000000000014,SA3_PPP_recalibrated_original_reference,PPP,210.326761,0.3350915721086011,0.023992067003357848,15.589755534242848,3.2407749181372805,0.0,0.0
2030,S0,Baseline,0.055,0.03,0.01,0.01,0.0,0.027,0.023992067003357848,2.206012284419921,3.889646744549889,6.095659028969809,0.5421264818650917,0.23883893956294247,3.3046181840245836,56.77934879824057,60.08396698226515,0.055,SA3_PPP_recalibrated_original_reference,PPP,210.326761,0.3350915721086011,0.023992067003357848,18.89437371826743,3.3046181840245836,0.0,0.0
2031,S0,Baseline,0.055,0.03,0.01,0.01,0.0,0.027,0.023992067003357848,2.2721926529525183,4.006336146886386,6.278528799838904,0.5367052170464408,0.2364505501673131,3.3697191622498686,57.89790196956592,61.26762113181579,0.05500000000000001,SA3_PPP_recalibrated_original_reference,PPP,210.326761,0.3350915721086011,0.023992067003357848,22.2640928805173,3.3697191622498686,0.0,0.0
2032,S0,Baseline,0.055,0.03,0.01,0.01,0.0,0.027,0.023992067003357848,2.340358432541094,4.126526231292978,6.4668846638340725,0.5313381648759764,0.23408604466563993,3.4361026297461916,59.03849063836636,62.47459326811256,0.055000000000000014,SA3_PPP_recalibrated_original_reference,PPP,210.326761,0.3350915721086011,0.023992067003357848,25.70019551026349,3.4361026297461916,0.0,0.0
2033,S0,Baseline,0.055,0.03,0.01,0.01,0.0,0.027,0.023992067003357848,2.410569185517327,4.250322018231768,6.660891203749095,0.5260247832272167,0.23174518421898355,3.5037938515521923,60.2015489039422,63.705342755494385,0.055000000000000014,SA3_PPP_recalibrated_original_reference,PPP,210.326761,0.3350915721086011,0.023992067003357848,29.203989361815683,3.5037938515521923,0.0,0.0
2034,S0,Baseline,0.055,0.03,0.01,0.01,0.0,0.027,0.023992067003357848,2.482886261082847,4.377831678778721,6.860717939861567,0.5207645353949445,0.2294277323767937,3.57281859042777,61.38751941734985,64.96033800777762,0.055000000000000014,SA3_PPP_recalibrated_original_reference,PPP,210.326761,0.3350915721086011,0.023992067003357848,32.77680795224345,3.57281859042777,0.0,0.0
2035,S0,Baseline,0.055,0.03,0.01,0.01,0.0,0.027,0.023992067003357848,2.5573728489153322,4.509166629142082,7.066539478057415,0.515556890040995,0.22713345505302576,3.643203116659197,62.596853549871646,66.24005666653085,0.05500000000000001,SA3_PPP_recalibrated_original_reference,PPP,210.326761,0.3350915721086011,0.023992067003357848,36.42001106890265,3.643203116659197,0.0,0.0
2036,S0,Baseline,0.055,0.03,0.01,0.01,0.0,0.027,0.023992067003357848,2.634094034382792,4.644441628016344,7.278535662399136,0.5104013211405851,0.22486212050249552,3.714974218057383,63.83001156480411,67.54498578286149,0.055000000000000014,SA3_PPP_recalibrated_original_reference,PPP,210.326761,0.3350915721086011,0.023992067003357848,40.13498528696003,3.714974218057383,0.0,0.0
2037,S0,Baseline,0.055,0.03,0.01,0.01,0.0,0.027,0.023992067003357848,2.713116855414276,4.783774876856835,7.496891732271111,0.5052973079291793,0.22261349929747054,3.788159210153114,65.08746279263076,68.87562200278387,0.055000000000000014,SA3_PPP_recalibrated_original_reference,PPP,210.326761,0.3350915721086011,0.023992067003357848,43.92314449711315,3.788159210153114,0.0,0.0
2038,S0,Baseline,0.055,0.03,0.01,0.01,0.0,0.027,0.023992067003357848,2.7945103610767044,4.9272881231625405,7.721798484239245,0.5002443348498874,0.22038736430449582,3.86278594659313,66.36968580964559,70.23247175623872,0.055,SA3_PPP_recalibrated_original_reference,PPP,210.326761,0.3350915721086011,0.023992067003357848,47.78593044370628,3.86278594659313,0.0,0.0
2039,S0,Baseline,0.055,0.03,0.01,0.01,0.0,0.027,0.023992067003357848,2.8783456719090057,5.075106766857417,7.953452438766423,0.49524189150138853,0.21818349066145087,3.9388828297410146,67.67716862009561,71.61605144983663,0.05499999999999999,SA3_PPP_recalibrated_original_reference,PPP,210.326761,0.3350915721086011,0.023992067003357848,51.724813273447296,3.9388828297410146,0.0,0.0
2040,S0,Baseline,0.055,0.03,0.01,0.01,0.0,0.027,0.023992067003357848,2.9646960420662753,5.227359969863138,8.192056011929413,0.4902894725863747,0.21600165575483637,4.016478821486912,69.01040884191148,73.0268876633984,0.05499999999999999,SA3_PPP_recalibrated_original_reference,PPP,210.326761,0.3350915721086011,0.023992067003357848,55.7412920949342,4.016478821486912,0.0,0.0
2041,S0,Baseline,0.055,0.03,0.01,0.01,0.0,0.027,0.023992067003357848,3.053636923328264,5.384180768959033,8.437817692287297,0.48538657786051087,0.213841639197288,4.095603454270204,70.36991389609715,74.46551735036735,0.055,SA3_PPP_recalibrated_original_reference,PPP,210.326761,0.3350915721086011,0.023992067003357848,59.83689554920441,4.095603454270204,0.0,0.0
2042,S0,Baseline,0.055,0.03,0.01,0.01,0.0,0.027,0.023992067003357848,3.1452460310281123,5.545706192027804,8.690952223055916,0.4805327120819058,0.21170322280531512,4.176286842319327,71.75620119985025,75.93248804216958,0.05500000000000001,SA3_PPP_recalibrated_original_reference,PPP,210.326761,0.3350915721086011,0.023992067003357848,64.01318239152374,4.176286842319327,0.0,0.0
2043,S0,Baseline,0.055,0.03,0.01,0.01,0.0,0.027,0.023992067003357848,3.239603411958956,5.712077377788639,8.951680789747595,0.47572738496108674,0.20958619057726197,4.258559693113019,73.16979836348732,77.42835805660033,0.055000000000000014,SA3_PPP_recalibrated_original_reference,PPP,210.326761,0.3350915721086011,0.023992067003357848,68.27174208463676,4.258559693113019,0.0,0.0
2044,S0,Baseline,0.055,0.03,0.01,0.01,0.0,0.027,0.023992067003357848,3.3367915143177242,5.883439699122298,9.220231213440023,0.47097011111147585,0.20749032867148937,4.342453319067346,74.61124339124801,78.95369671031536,0.055000000000000014,SA3_PPP_recalibrated_original_reference,PPP,210.326761,0.3350915721086011,0.023992067003357848,72.6141954037041,4.342453319067346,0.0,0.0
2045,S0,Baseline,0.055,0.03,0.01,0.01,0.0,0.027,0.023992067003357848,3.4368952597472564,6.059942890095968,9.496838149843224,0.4662604100003611,0.20541542538477445,4.427999649452973,76.08108488605559,80.50908453550856,0.05500000000000003,SA3_PPP_recalibrated_original_reference,PPP,210.326761,0.3350915721086011,0.023992067003357848,77.04219505315707,4.427999649452973,0.0,0.0
2046,S0,Baseline,0.055,0.03,0.01,0.01,0.0,0.027,0.023992067003357848,3.540002117539674,6.241741176798847,9.78174329433852,0.4615978059003575,0.2033612711309267,4.515231242547196,77.57988225831089,82.09511350085809,0.05500000000000001,SA3_PPP_recalibrated_original_reference,PPP,210.326761,0.3350915721086011,0.023992067003357848,81.55742629570427,4.515231242547196,0.0,0.0
2047,S0,Baseline,0.055,0.03,0.01,0.01,0.0,0.027,0.023992067003357848,3.646202181065865,6.428993412102813,10.07519559316868,0.45698182784135394,0.20132765841961744,4.604181298025377,79.10820593879963,83.71238723682501,0.05500000000000002,SA3_PPP_recalibrated_original_reference,PPP,210.326761,0.3350915721086011,0.023992067003357848,86.16160759372964,4.604181298025377,0.0,0.0
2048,S0,Baseline,0.055,0.03,0.01,0.01,0.0,0.027,0.023992067003357848,3.7555882464978403,6.621863214465898,10.377451460963737,0.45241200956294036,0.19931438183542127,4.694883669596476,80.66663759579399,85.36152126539046,0.05500000000000001,SA3_PPP_recalibrated_original_reference,PPP,210.326761,0.3350915721086011,0.023992067003357848,90.85649126332612,4.694883669596476,0.0,0.0
2049,S0,Baseline,0.055,0.03,0.01,0.01,0.0,0.027,0.023992067003357848,3.8682558938927754,6.820519110899873,10.68877500479265,0.4478878894673109,0.19732123801706702,4.787372877887526,82.25577035643111,87.04314323431863,0.05500000000000001,SA3_PPP_recalibrated_original_reference,PPP,210.326761,0.3350915721086011,0.023992067003357848,95.64386414121365,4.787372877887526,0.0,0.0
2050,S0,Baseline,0.055,0.03,0.01,0.01,0.0,0.027,0.023992067003357848,3.984303570709559,7.025134684226869,11.009438254936429,0.4434090105726379,0.19534802563689638,4.881684123581911,83.8762090324528,88.75789315603471,0.05500000000000002,SA3_PPP_recalibrated_original_reference,PPP,210.326761,0.3350915721086011,0.023992067003357848,100.52554826479556,4.881684123581911,0.0,0.0
2025,S1,"NATO→3.5%, nonNATO holds",0.055,0.03,0.01,0.01,0.0,0.027,0.023992067003357848,1.9029255750000003,3.3552434500000006,5.258169025000001,0.570065356543003,0.2511476745609034,2.9975,51.5025,54.5,0.055,SA3_PPP_recalibrated_original_reference,PPP,210.326761,0.3350915721086011,0.023992067003357848,2.9975,2.9975,0.0,0.0
2026,S1,"NATO→3.5%, nonNATO holds",0.055,0.03,0.01,0.01,0.0,0.02740877593256891,0.023992067003357848,1.9896876489842874,3.4559007535000004,5.4455884024842875,0.564364702977573,0.2486361978152944,3.073297881306161,52.50972114320078,55.58301902450694,0.055292028667084867,SA3_PPP_recalibrated_original_reference,PPP,210.326761,0.3350915721086011,0.023992067003357848,6.070797881306161,3.05655075,0.016747131306161123,0.016747131306161123
2027,S1,"NATO→3.5%, nonNATO holds",0.055,0.03,0.01,0.01,0.0,0.028005016140972137,0.023992067003357848,2.093959683141443,3.5595777761050007,5.653537459246444,0.5587210559477973,0.24614983583714145,3.1587504190706,53.53318894427659,56.69193936334719,0.05571780493917649,SA3_PPP_recalibrated_original_reference,PPP,210.326761,0.3350915721086011,0.023992067003357848,9.229548300376761,3.1167647997750003,0.04198561929559963,0.05873275060176075
2028,S1,"NATO→3.5%, nonNATO holds",0.055,0.03,0.01,0.01,0.0,0.028820930945768986,0.023992067003357848,2.2196153410900115,3.66636510938815,5.885980450478161,0.5531338453883193,0.24368833747877003,3.2557350004534573,54.572480154716516,57.82821515516997,0.05630011218083371,SA3_PPP_recalibrated_original_reference,PPP,210.326761,0.3350915721086011,0.023992067003357848,12.485283300830218,3.1781650663305676,0.0775699341228897,0.13630268472465046
2029,S1,"NATO→3.5%, nonNATO holds",0.055,0.03,0.01,0.01,0.0,0.029845109579542582,0.023992067003357848,2.367446183471039,3.7763560626697954,6.143802246140835,0.5476025069344361,0.24125145410398233,3.3643615120961408,55.62795817093627,58.992319683032406,0.057030500413832876,SA3_PPP_recalibrated_original_reference,PPP,210.326761,0.3350915721086011,0.023992067003357848,15.849644812926359,3.2407749181372805,0.12358659395886029,0.25988927868351075
2030,S1,"NATO→3.5%, nonNATO holds",0.055,0.03,0.01,0.01,0.0,0.030999999999995285,0.023992067003357848,2.532828919148413,3.889646744549889,6.422475663698302,0.5421264818650917,0.23883893956294247,3.4817941364249303,56.70129225977048,60.183086396195414,0.05785336620165493,SA3_PPP_recalibrated_original_reference,PPP,210.326761,0.3350915721086011,0.023992067003357848,19.331438949351288,3.3046181840245836,0.17717595240034667,0.4370652310838574
2031,S1,"NATO→3.5%, nonNATO holds",0.055,0.03,0.01,0.01,0.0,0.03215489042044799,0.023992067003357848,2.7060039174013046,4.006336146886386,6.712340064287691,0.5367052170464408,0.2364505501673131,3.6025479310930457,57.795327057418234,61.397874988511276,0.05867544978986898,SA3_PPP_recalibrated_original_reference,PPP,210.326761,0.3350915721086011,0.023992067003357848,22.933986880444337,3.3697191622498686,0.23282876884317716,0.6698939999270346
2032,S1,"NATO→3.5%, nonNATO holds",0.055,0.03,0.01,0.01,0.0,0.033179069054221584,0.023992067003357848,2.8759597794411387,4.126526231292978,7.002486010734117,0.5313381648759764,0.23408604466563993,3.7206880665131625,58.91311383755294,62.633801904066104,0.059403835523380875,SA3_PPP_recalibrated_original_reference,PPP,210.326761,0.3350915721086011,0.023992067003357848,26.6546749469575,3.4361026297461916,0.2845854367669709,0.9544794366940055
2033,S1,"NATO→3.5%, nonNATO holds",0.055,0.03,0.01,0.01,0.0,0.03399498385901843,0.023992067003357848,3.035083724174398,4.250322018231768,7.285405742406166,0.5260247832272167,0.23174518421898355,3.832303976371523,60.05682066713368,63.8891246435052,0.059983666981749846,SA3_PPP_recalibrated_original_reference,PPP,210.326761,0.3350915721086011,0.023992067003357848,30.48697892332902,3.5037938515521923,0.32851012481933095,1.2829895615133364
2034,S1,"NATO→3.5%, nonNATO holds",0.055,0.03,0.01,0.01,0.0,0.034591224067421655,0.023992067003357848,3.180965740408872,4.377831678778721,7.558797419187593,0.5207645353949445,0.2294277323767937,3.9363536261477323,61.22736062538931,65.16371425153704,0.06040714025221305,SA3_PPP_recalibrated_original_reference,PPP,210.326761,0.3350915721086011,0.023992067003357848,34.423332549476754,3.57281859042777,0.36353503571996226,1.6465245972332987
2035,S1,"NATO→3.5%, nonNATO holds",0.055,0.03,0.01,0.01,0.0,0.03499999999999057,0.023992067003357848,3.3151129522967597,4.509166629142082,7.824279581438842,0.515556890040995,0.22713345505302576,4.0338612478178675,62.42474542215839,66.45860666997626,0.060697349070970345,SA3_PPP_recalibrated_original_reference,PPP,210.326761,0.3350915721086011,0.023992067003357848,38.45719379729462,3.643203116659197,0.3906581311586703,2.037182728391969
2036,S1,"NATO→3.5%, nonNATO holds",0.055,0.03,0.01,0.01,0.0,0.035,0.023992067003357848,3.4145663408665827,4.644441628016344,8.059007968882927,0.5104013211405851,0.22486212050249552,4.113328314400349,63.654512906974695,67.76784122137505,0.060697349070977055,SA3_PPP_recalibrated_original_reference,PPP,210.326761,0.3350915721086011,0.023992067003357848,42.57052211169497,3.714974218057383,0.39835409634296637,2.4355368247349354
2037,S1,"NATO→3.5%, nonNATO holds",0.055,0.03,0.01,0.01,0.0,0.035,0.023992067003357848,3.5170033310925803,4.783774876856835,8.300778207949415,0.5052973079291793,0.22261349929747054,4.194360882194037,64.90850681124209,69.10286769343612,0.06069734907097707,SA3_PPP_recalibrated_original_reference,PPP,210.326761,0.3350915721086011,0.023992067003357848,46.764882993889,3.788159210153114,0.4062016720409227,2.841738496775858
2038,S1,"NATO→3.5%, nonNATO holds",0.055,0.03,0.01,0.01,0.0,0.035,0.023992067003357848,3.622513431025358,4.9272881231625405,8.549801554187898,0.5002443348498874,0.22038736430449582,4.276989791573258,66.18720439542358,70.46419418699683,0.06069734907097704,SA3_PPP_recalibrated_original_reference,PPP,210.326761,0.3350915721086011,0.023992067003357848,51.04187278546227,3.86278594659313,0.4142038449801282,3.2559423417559863
2039,S1,"NATO→3.5%, nonNATO holds",0.055,0.03,0.01,0.01,0.0,0.035,0.023992067003357848,3.731188833956119,5.075106766857417,8.806295600813536,0.49524189150138853,0.21818349066145087,4.361246490467252,67.49109232201342,71.85233881248067,0.060697349070977055,SA3_PPP_recalibrated_original_reference,PPP,210.326761,0.3350915721086011,0.023992067003357848,55.40311927592952,3.9388828297410146,0.42236366072623754,3.678306002482224
2040,S1,"NATO→3.5%, nonNATO holds",0.055,0.03,0.01,0.01,0.0,0.035,0.023992067003357848,3.843124498974802,5.227359969863138,9.07048446883794,0.4902894725863747,0.21600165575483637,4.4471630463294565,68.82066684075707,73.26782988708652,0.06069734907097706,SA3_PPP_recalibrated_original_reference,PPP,210.326761,0.3350915721086011,0.023992067003357848,59.85028232225898,4.016478821486912,0.43068422484254487,4.108990227324769
2041,S1,"NATO→3.5%, nonNATO holds",0.055,0.03,0.01,0.01,0.0,0.035,0.023992067003357848,3.958418233944047,5.384180768959033,9.34259900290308,0.48538657786051087,0.213841639197288,4.534772158342148,70.17643397751999,74.71120613586214,0.06069734907097706,SA3_PPP_recalibrated_original_reference,PPP,210.326761,0.3350915721086011,0.023992067003357848,64.38505448060113,4.095603454270204,0.4391687040719434,4.548158931396712
2042,S1,"NATO→3.5%, nonNATO holds",0.055,0.03,0.01,0.01,0.0,0.035,0.023992067003357848,4.077170780962368,5.545706192027804,9.622876972990174,0.4805327120819058,0.21170322280531512,4.624107169861488,71.55890972687715,76.18301689673864,0.060697349070977055,SA3_PPP_recalibrated_original_reference,PPP,210.326761,0.3350915721086011,0.023992067003357848,69.0091616504626,4.176286842319327,0.4478203275421606,4.995979258938872
2043,S1,"NATO→3.5%, nonNATO holds",0.055,0.03,0.01,0.01,0.0,0.035,0.023992067003357848,4.199485904391239,5.712077377788639,9.911563282179879,0.47572738496108674,0.20958619057726197,4.715202081107759,72.96862024849662,77.68382232960438,0.060697349070977055,SA3_PPP_recalibrated_original_reference,PPP,210.326761,0.3350915721086011,0.023992067003357848,73.72436373157036,4.258559693113019,0.4566423879947399,5.452621646933613
2044,S1,"NATO→3.5%, nonNATO holds",0.055,0.03,0.01,0.01,0.0,0.035,0.023992067003357848,4.325470481522976,5.883439699122298,10.208910180645274,0.47097011111147585,0.20749032867148937,4.808091562105582,74.40610206739201,79.2141936294976,0.06069734907097704,SA3_PPP_recalibrated_original_reference,PPP,210.326761,0.3350915721086011,0.023992067003357848,78.53245529367595,4.342453319067346,0.465638243038236,5.918259889971848
2045,S1,"NATO→3.5%, nonNATO holds",0.055,0.03,0.01,0.01,0.0,0.035,0.023992067003357848,4.455234595968666,6.059942890095968,10.515177486064633,0.4662604100003611,0.20541542538477445,4.902810965879063,75.87190227811962,80.77471324399869,0.06069734907097706,SA3_PPP_recalibrated_original_reference,PPP,210.326761,0.3350915721086011,0.023992067003357848,83.43526625955501,4.427999649452973,0.47481131642608965,6.393071206397938
2046,S1,"NATO→3.5%, nonNATO holds",0.055,0.03,0.01,0.01,0.0,0.035,0.023992067003357848,4.588891633847726,6.241741176798847,10.830632810646573,0.4615978059003575,0.2033612711309267,4.9993963419068805,77.36657875299858,82.36597509490545,0.060697349070977076,SA3_PPP_recalibrated_original_reference,PPP,210.326761,0.3350915721086011,0.023992067003357848,88.4346626014619,4.515231242547196,0.4841650993596849,6.877236305757624
2047,S1,"NATO→3.5%, nonNATO holds",0.055,0.03,0.01,0.01,0.0,0.035,0.023992067003357848,4.726558382863159,6.428993412102813,11.155551794965973,0.45698182784135394,0.20132765841961744,5.097884449842447,78.89070035443267,83.98858480427512,0.06069734907097707,SA3_PPP_recalibrated_original_reference,PPP,210.326761,0.3350915721086011,0.023992067003357848,93.53254705130433,4.604181298025377,0.49370315181707003,7.370939457574693
2048,S1,"NATO→3.5%, nonNATO holds",0.055,0.03,0.01,0.01,0.0,0.035,0.023992067003357848,4.868355134349053,6.621863214465898,11.49021834881495,0.45241200956294036,0.19931438183542127,5.198312773504342,80.44484715141499,85.64315992491933,0.060697349070977055,SA3_PPP_recalibrated_original_reference,PPP,210.326761,0.3350915721086011,0.023992067003357848,98.73085982480868,4.694883669596476,0.503429103907866,7.874368561482559
2049,S1,"NATO→3.5%, nonNATO holds",0.055,0.03,0.01,0.01,0.0,0.035,0.023992067003357848,5.014405788379524,6.820519110899873,11.834924899279397,0.4478878894673109,0.19732123801706702,5.300719535142376,82.02961064029786,87.33033017544024,0.06069734907097704,SA3_PPP_recalibrated_original_reference,PPP,210.326761,0.3350915721086011,0.023992067003357848,104.03157935995105,4.787372877887526,0.51334665725485,8.387715218737409
2050,S1,"NATO→3.5%, nonNATO holds",0.055,0.03,0.01,0.01,0.0,0.035,0.023992067003357848,5.16483796203091,7.025134684226869,12.189972646257779,0.4434090105726379,0.19534802563689638,5.4051437099846815,83.64559396991173,89.05073767989641,0.06069734907097705,SA3_PPP_recalibrated_original_reference,PPP,210.326761,0.3350915721086011,0.023992067003357848,109.43672306993574,4.881684123581911,0.5234595864027707,8.91117480514018
2025,S2,"NATO→3.5%, nonNATO→3.5%",0.055,0.03,0.01,0.01,0.0,0.027,0.023992067003357848,1.9029255750000003,3.3552434500000006,5.258169025000001,0.570065356543003,0.2511476745609034,2.9975,51.5025,54.5,0.055,SA3_PPP_recalibrated_original_reference,PPP,210.326761,0.3350915721086011,0.023992067003357848,2.9975,2.9975,0.0,0.0
2026,S2,"NATO→3.5%, nonNATO→3.5%",0.055,0.03,0.01,0.01,0.0,0.02740877593256891,0.024554539262902658,1.9896876489842874,3.536921213525879,5.526608862510167,0.564364702977573,0.2486361978152944,3.119022969163773,52.48957652407469,55.608599493238465,0.056088860312747485,SA3_PPP_recalibrated_original_reference,PPP,210.326761,0.3350915721086011,0.023992067003357848,6.116522969163773,3.05655075,0.06247221916377299,0.06247221916377299
2027,S2,"NATO→3.5%, nonNATO→3.5%",0.055,0.03,0.01,0.01,0.0,0.028005016140972137,0.02537496079590349,2.093959683141443,3.7647505113249418,5.858710194466385,0.5587210559477973,0.24614983583714145,3.2733847463443833,53.48268570918394,56.756070455528324,0.057674619121302104,SA3_PPP_recalibrated_original_reference,PPP,210.326761,0.3350915721086011,0.023992067003357848,9.389907715508157,3.1167647997750003,0.15661994656938294,0.21909216573315593
2028,S2,"NATO→3.5%, nonNATO→3.5%",0.055,0.03,0.01,0.01,0.0,0.028820930945768986,0.026497652733675,2.2196153410900115,4.049258008900724,6.268873349990735,0.5531338453883193,0.24368833747877003,3.4675260223327307,54.47917362060187,57.946699642934604,0.059839922613358416,SA3_PPP_recalibrated_original_reference,PPP,210.326761,0.3350915721086011,0.023992067003357848,12.857433737840887,3.1781650663305676,0.28936095600216305,0.508453121735319
2029,S2,"NATO→3.5%, nonNATO→3.5%",0.055,0.03,0.01,0.01,0.0,0.029845109579542582,0.02790691395582153,2.367446183471039,4.39255374256505,6.759999926036089,0.5476025069344361,0.24125145410398233,3.7017929063739654,55.47929958464604,59.18109249102001,0.06255026310870598,SA3_PPP_recalibrated_original_reference,PPP,210.326761,0.3350915721086011,0.023992067003357848,16.559226644214853,3.2407749181372805,0.46101798823668494,0.9694711099720039
2030,S2,"NATO→3.5%, nonNATO→3.5%",0.055,0.03,0.01,0.01,0.0,0.030999999999995285,0.029496033501672438,2.532828919148413,4.7819619156139215,7.314790834762334,0.5421264818650917,0.23883893956294247,3.965541820828722,56.48817265055763,60.45371447138635,0.06559633027521695,SA3_PPP_recalibrated_original_reference,PPP,210.326761,0.3350915721086011,0.023992067003357848,20.524768465043575,3.3046181840245836,0.6609236368041382,1.6303947467761422
2031,S2,"NATO→3.5%, nonNATO→3.5%",0.055,0.03,0.01,0.01,0.0,0.03215489042044799,0.031085153047523344,2.7060039174013046,5.1907812806774185,7.896785198078723,0.5367052170464408,0.2364505501673131,4.238245813703962,57.515264353890345,61.75351016759431,0.06863165838187477,SA3_PPP_recalibrated_original_reference,PPP,210.326761,0.3350915721086011,0.023992067003357848,24.763014278747537,3.3697191622498686,0.8685266514540935,2.4989213982302356
2032,S2,"NATO→3.5%, nonNATO→3.5%",0.055,0.03,0.01,0.01,0.0,0.033179069054221584,0.032494414269669876,2.8759597794411387,5.588891229568796,8.464851009009935,0.5313381648759764,0.23408604466563993,4.497698401075897,58.57079459924908,63.06849300032498,0.07131450566057954,SA3_PPP_recalibrated_original_reference,PPP,210.326761,0.3350915721086011,0.023992067003357848,29.260712679823435,3.4361026297461916,1.061595771329705,3.5605171695599407
2033,S2,"NATO→3.5%, nonNATO→3.5%",0.055,0.03,0.01,0.01,0.0,0.03399498385901843,0.03361710620744138,3.035083724174398,5.955448802419834,8.990532526594233,0.5260247832272167,0.23174518421898355,4.729242923398973,59.661665746415295,64.39090866981427,0.07344581744683451,SA3_PPP_recalibrated_original_reference,PPP,210.326761,0.3350915721086011,0.023992067003357848,33.989955603222406,3.5037938515521923,1.2254490718467803,4.785966241406721
2034,S2,"NATO→3.5%, nonNATO→3.5%",0.055,0.03,0.01,0.01,0.0,0.034591224067421655,0.03443752774044221,3.180965740408872,6.283814556696128,9.464780297105,0.5207645353949445,0.2294277323767937,4.92892191403711,60.790075295759735,65.71899720979684,0.0749999562273045,SA3_PPP_recalibrated_original_reference,PPP,210.326761,0.3350915721086011,0.023992067003357848,38.91887751725952,3.57281859042777,1.3561033236093398,6.142069565016061
2035,S2,"NATO→3.5%, nonNATO→3.5%",0.055,0.03,0.01,0.01,0.0,0.03499999999999057,0.03499999999998703,3.3151129522967597,6.578042316980288,9.893155269277049,0.515556890040995,0.22713345505302576,5.100484363321158,61.95483453910449,67.05531890242565,0.07606382978720952,SA3_PPP_recalibrated_original_reference,PPP,210.326761,0.3350915721086011,0.023992067003357848,44.019361880580675,3.643203116659197,1.4572812466619607,7.599350811678022
2036,S2,"NATO→3.5%, nonNATO→3.5%",0.055,0.03,0.01,0.01,0.0,0.035,0.035,3.4145663408665827,6.775383586492208,10.189949927358791,0.5104013211405851,0.22486212050249552,5.200963905280337,63.17534477952407,68.3763086848044,0.07606382978723407,SA3_PPP_recalibrated_original_reference,PPP,210.326761,0.3350915721086011,0.023992067003357848,49.22032578586101,3.714974218057383,1.4859896872229537,9.085340498900976
2037,S2,"NATO→3.5%, nonNATO→3.5%",0.055,0.03,0.01,0.01,0.0,0.035,0.035,3.5170033310925803,6.978645094086975,10.495648425179555,0.5052973079291793,0.22261349929747054,5.303422894214359,64.4198990716807,69.72332196589507,0.07606382978723404,SA3_PPP_recalibrated_original_reference,PPP,210.326761,0.3350915721086011,0.023992067003357848,54.52374868007537,3.788159210153114,1.515263684061245,10.60060418296222
2038,S2,"NATO→3.5%, nonNATO→3.5%",0.055,0.03,0.01,0.01,0.0,0.035,0.035,3.622513431025358,7.188004446909585,10.810517877934943,0.5002443348498874,0.22038736430449582,5.407900325230382,65.6889710833928,71.09687140862319,0.07606382978723406,SA3_PPP_recalibrated_original_reference,PPP,210.326761,0.3350915721086011,0.023992067003357848,59.93164900530575,3.86278594659313,1.545114378637252,12.145718561599473
2039,S2,"NATO→3.5%, nonNATO→3.5%",0.055,0.03,0.01,0.01,0.0,0.035,0.035,3.731188833956119,7.403644580316873,11.134833414272991,0.49524189150138853,0.21818349066145087,5.51443596163742,66.98304381373565,72.49747977537307,0.07606382978723406,SA3_PPP_recalibrated_original_reference,PPP,210.326761,0.3350915721086011,0.023992067003357848,65.44608496694318,3.9388828297410146,1.5755531318964056,13.721271693495877
2040,S2,"NATO→3.5%, nonNATO→3.5%",0.055,0.03,0.01,0.01,0.0,0.035,0.035,3.843124498974802,7.625753917726378,11.46887841670118,0.4902894725863747,0.21600165575483637,5.623070350081678,68.30260977686623,73.92568012694791,0.07606382978723407,SA3_PPP_recalibrated_original_reference,PPP,210.326761,0.3350915721086011,0.023992067003357848,71.06915531702485,4.016478821486912,1.606591528594766,15.327863222090643
2041,S2,"NATO→3.5%, nonNATO→3.5%",0.055,0.03,0.01,0.01,0.0,0.035,0.035,3.958418233944047,7.85452653525817,11.812944769202216,0.48538657786051087,0.213841639197288,5.733844835978286,69.6481711894705,75.38201602544879,0.07606382978723404,SA3_PPP_recalibrated_original_reference,PPP,210.326761,0.3350915721086011,0.023992067003357848,76.80300015300314,4.095603454270204,1.6382413817080819,16.966104603798726
2042,S2,"NATO→3.5%, nonNATO→3.5%",0.055,0.03,0.01,0.01,0.0,0.035,0.035,4.077170780962368,8.090162331315916,12.167333112278286,0.4805327120819058,0.21170322280531512,5.84680157924706,71.02024016190308,76.86704174115013,0.07606382978723407,SA3_PPP_recalibrated_original_reference,PPP,210.326761,0.3350915721086011,0.023992067003357848,82.6498017322502,4.176286842319327,1.670514736927733,18.636619340726458
2043,S2,"NATO→3.5%, nonNATO→3.5%",0.055,0.03,0.01,0.01,0.0,0.035,0.035,4.199485904391239,8.332867201255393,12.532353105646632,0.47572738496108674,0.20958619057726197,5.9619835703582265,72.41933889309257,78.3813224634508,0.07606382978723406,SA3_PPP_recalibrated_original_reference,PPP,210.326761,0.3350915721086011,0.023992067003357848,88.61178530260842,4.258559693113019,1.703423877245207,20.340043217971665
2044,S2,"NATO→3.5%, nonNATO→3.5%",0.055,0.03,0.01,0.01,0.0,0.035,0.035,4.325470481522976,8.582853217293055,12.90832369881603,0.47097011111147585,0.20749032867148937,6.079434646694283,73.8459998692865,79.92543451598078,0.07606382978723404,SA3_PPP_recalibrated_original_reference,PPP,210.326761,0.3350915721086011,0.023992067003357848,94.6912199493027,4.342453319067346,1.7369813276269372,22.077024545598604
2045,S2,"NATO→3.5%, nonNATO→3.5%",0.055,0.03,0.01,0.01,0.0,0.035,0.035,4.455234595968666,8.840338813811847,13.295573409780513,0.4662604100003611,0.20541542538477445,6.199199509234161,75.30076606671145,81.49996557594561,0.07606382978723404,SA3_PPP_recalibrated_original_reference,PPP,210.326761,0.3350915721086011,0.023992067003357848,100.89041945853687,4.427999649452973,1.7711998597811878,23.848224405379792
2046,S2,"NATO→3.5%, nonNATO→3.5%",0.055,0.03,0.01,0.01,0.0,0.035,0.035,4.588891633847726,9.105548978226203,13.69444061207393,0.4615978059003575,0.2033612711309267,6.321323739566075,76.78419115822565,83.10551489779172,0.07606382978723407,SA3_PPP_recalibrated_original_reference,PPP,210.326761,0.3350915721086011,0.023992067003357848,107.21174319810294,4.515231242547196,1.806092497018879,25.65431690239867
2047,S2,"NATO→3.5%, nonNATO→3.5%",0.055,0.03,0.01,0.01,0.0,0.035,0.035,4.726558382863159,9.37871544757299,14.105273830436149,0.45698182784135394,0.20132765841961744,6.445853817235527,78.29683972404273,84.74269354127826,0.07606382978723404,SA3_PPP_recalibrated_original_reference,PPP,210.326761,0.3350915721086011,0.023992067003357848,113.65759701533847,4.604181298025377,1.8416725192101495,27.49598942160882
2048,S2,"NATO→3.5%, nonNATO→3.5%",0.055,0.03,0.01,0.01,0.0,0.035,0.035,4.868355134349053,9.66007691100018,14.528432045349234,0.45241200956294036,0.19931438183542127,6.572837137435067,79.83928746660635,86.41212460404142,0.07606382978723406,SA3_PPP_recalibrated_original_reference,PPP,210.326761,0.3350915721086011,0.023992067003357848,120.23043415277354,4.694883669596476,1.8779534678385907,29.37394288944741
2049,S2,"NATO→3.5%, nonNATO→3.5%",0.055,0.03,0.01,0.01,0.0,0.035,0.035,5.014405788379524,9.949879218330185,14.964285006709709,0.4478878894673109,0.19732123801706702,6.702322029042536,81.41212142969847,88.11444345874101,0.07606382978723407,SA3_PPP_recalibrated_original_reference,PPP,210.326761,0.3350915721086011,0.023992067003357848,126.93275618181607,4.787372877887526,1.9149491511550103,31.28889204060242
2050,S2,"NATO→3.5%, nonNATO→3.5%",0.055,0.03,0.01,0.01,0.0,0.035,0.035,5.16483796203091,10.24837559488009,15.413213556911,0.4434090105726379,0.19534802563689638,6.834357773014675,83.01594022186356,89.85029799487823,0.07606382978723406,SA3_PPP_recalibrated_original_reference,PPP,210.326761,0.3350915721086011,0.023992067003357848,133.76711395483073,4.881684123581911,1.9526736494327643,33.24156569003519
2025,S3,"NATO→5%, nonNATO→3.5%",0.055,0.03,0.01,0.01,0.0,0.027,0.023992067003357848,1.9029255750000003,3.3552434500000006,5.258169025000001,0.570065356543003,0.2511476745609034,2.9975,51.5025,54.5,0.055,SA3_PPP_recalibrated_original_reference,PPP,210.326761,0.3350915721086011,0.023992067003357848,2.9975,2.9975,0.0,0.0
2026,S3,"NATO→5%, nonNATO→3.5%",0.055,0.03,0.01,0.01,0.0,0.02817523080613562,0.024554539262902658,2.0453269741110756,3.536921213525879,5.582248187636955,0.564364702977573,0.2486361978152944,3.150423840362825,52.47574257382617,55.626166414188994,0.05663564547851391,SA3_PPP_recalibrated_original_reference,PPP,210.326761,0.3350915721086011,0.023992067003357848,6.147923840362825,3.05655075,0.0938730903628251,0.0938730903628251
2027,S3,"NATO→5%, nonNATO→3.5%",0.055,0.03,0.01,0.01,0.0,0.029889421405294894,0.02537496079590349,2.234858321811336,3.7647505113249418,5.999608833136278,0.5587210559477973,0.24614983583714145,3.352107782523633,53.448003532405664,56.800111314929296,0.0590158664291661,SA3_PPP_recalibrated_original_reference,PPP,210.326761,0.3350915721086011,0.023992067003357848,9.500031622886459,3.1167647997750003,0.23534298274863286,0.32921607311145795
2028,S3,"NATO→5%, nonNATO→3.5%",0.055,0.03,0.01,0.01,0.0,0.03223517646908584,0.026497652733675,2.482560065396861,4.049258008900724,6.531818074297584,0.5531338453883193,0.24368833747877003,3.61296964881315,54.41509705788671,58.02806670669986,0.06226245080806733,SA3_PPP_recalibrated_original_reference,PPP,210.326761,0.3350915721086011,0.023992067003357848,13.11300127169961,3.1781650663305676,0.43480458248258236,0.7640206555940403
2029,S3,"NATO→5%, nonNATO→3.5%",0.055,0.03,0.01,0.01,0.0,0.03517969004118492,0.02790691395582153,2.7906087160352064,4.39255374256505,7.183162458600256,0.5476025069344361,0.24125145410398233,3.933517770046828,55.37721100834262,59.310728778389446,0.06632050981440732,SA3_PPP_recalibrated_original_reference,PPP,210.326761,0.3350915721086011,0.023992067003357848,17.046519041746436,3.2407749181372805,0.6927428519095473,1.4567635075035876
2030,S3,"NATO→5%, nonNATO→3.5%",0.055,0.03,0.01,0.01,0.0,0.03849999999998644,0.029496033501672438,3.145610109264335,4.7819619156139215,7.927572024878256,0.5421264818650917,0.23883893956294247,4.2977467315793705,56.341816640926226,60.6395633725056,0.07087364243008383,SA3_PPP_recalibrated_original_reference,PPP,210.326761,0.3350915721086011,0.023992067003357848,21.34426577332581,3.3046181840245836,0.9931285475547869,2.4498920550583745
2031,S3,"NATO→5%, nonNATO→3.5%",0.055,0.03,0.01,0.01,0.0,0.041820309958787966,0.031085153047523344,3.5194000382427792,5.1907812806774185,8.710181318920197,0.5367052170464408,0.2364505501673131,4.674799755284918,57.32293639361342,61.99773614889833,0.07540274928841877,SA3_PPP_recalibrated_original_reference,PPP,210.326761,0.3350915721086011,0.023992067003357848,26.019065528610724,3.3697191622498686,1.3050805930350498,3.7549726480934242
2032,S3,"NATO→5%, nonNATO→3.5%",0.055,0.03,0.01,0.01,0.0,0.04476482353088705,0.032494414269669876,3.8802123048787225,5.588891229568796,9.46910353444752,0.5313381648759764,0.23408604466563993,5.031296095013967,58.33571309772392,63.36700919273788,0.07939929876934405,SA3_PPP_recalibrated_original_reference,PPP,210.326761,0.3350915721086011,0.023992067003357848,31.050361623624692,3.4361026297461916,1.595193465267775,5.350166113361199
2033,S3,"NATO→5%, nonNATO→3.5%",0.055,0.03,0.01,0.01,0.0,0.04711057859467799,0.03361710620744138,4.206048484156406,5.955448802419834,10.161497286576239,0.5260247832272167,0.23174518421898355,5.345199407435216,59.390300302399325,64.73549970983454,0.08256983311157139,SA3_PPP_recalibrated_original_reference,PPP,210.326761,0.3350915721086011,0.023992067003357848,36.395561031059906,3.5037938515521923,1.841405555883024,7.191571669244223
2034,S3,"NATO→5%, nonNATO→3.5%",0.055,0.03,0.01,0.01,0.0,0.04882476919383726,0.03443752774044221,4.489864764145169,6.283814556696128,10.773679320841296,0.5207645353949445,0.2294277323767937,5.610550106012039,60.489777560833716,66.10032766684576,0.08487930853066177,SA3_PPP_recalibrated_original_reference,PPP,210.326761,0.3350915721086011,0.023992067003357848,42.00611113707195,3.57281859042777,2.037731515584269,9.229303184828492
2035,S3,"NATO→5%, nonNATO→3.5%",0.055,0.03,0.01,0.01,0.0,0.049999999999972886,0.03499999999998703,4.735875646136936,6.578042316980288,11.313917963117223,0.515556890040995,0.22713345505302576,5.832968359243665,61.632131799642124,67.46510015888579,0.08645904838956069,SA3_PPP_recalibrated_original_reference,PPP,210.326761,0.3350915721086011,0.023992067003357848,47.83907949631561,3.643203116659197,2.189765242584468,11.41906842741296
2036,S3,"NATO→5%, nonNATO→3.5%",0.055,0.03,0.01,0.01,0.0,0.05,0.035,4.877951915523689,6.775383586492208,11.653335502015898,0.5104013211405851,0.22486212050249552,5.947877835923398,62.84628479609391,68.7941626320173,0.08645904838959712,SA3_PPP_recalibrated_original_reference,PPP,210.326761,0.3350915721086011,0.023992067003357848,53.78695733223901,3.714974218057383,2.232903617866015,13.651972045278976
2037,S3,"NATO→5%, nonNATO→3.5%",0.055,0.03,0.01,0.01,0.0,0.05,0.035,5.0242904729894,6.978645094086975,12.002935567076374,0.5052973079291793,0.22261349929747054,6.065051029291088,64.08435660657696,70.14940763586804,0.08645904838959712,SA3_PPP_recalibrated_original_reference,PPP,210.326761,0.3350915721086011,0.023992067003357848,59.852008361530096,3.788159210153114,2.2768918191379743,15.92886386441695
2038,S3,"NATO→5%, nonNATO→3.5%",0.055,0.03,0.01,0.01,0.0,0.05,0.035,5.175019187179083,7.188004446909585,12.363023634088668,0.5002443348498874,0.22038736430449582,6.184532534568123,65.34681843172652,71.53135096629464,0.08645904838959712,SA3_PPP_recalibrated_original_reference,PPP,210.326761,0.3350915721086011,0.023992067003357848,66.03654089609822,3.86278594659313,2.3217465879749932,18.250610452391943
2039,S3,"NATO→5%, nonNATO→3.5%",0.055,0.03,0.01,0.01,0.0,0.05,0.035,5.3302697627944555,7.403644580316873,12.733914343111328,0.49524189150138853,0.21818349066145087,6.306367825499116,66.63415075483155,72.94051858033066,0.08645904838959712,SA3_PPP_recalibrated_original_reference,PPP,210.326761,0.3350915721086011,0.023992067003357848,72.34290872159734,3.9388828297410146,2.3674849957581015,20.618095448150044
2040,S3,"NATO→5%, nonNATO→3.5%",0.055,0.03,0.01,0.01,0.0,0.05,0.035,5.490177855678288,7.625753917726378,13.115931773404666,0.4902894725863747,0.21600165575483637,6.430603271661448,67.94684352470173,74.37744679636319,0.08645904838959709,SA3_PPP_recalibrated_original_reference,PPP,210.326761,0.3350915721086011,0.023992067003357848,78.77351199325878,4.016478821486912,2.414124450174536,23.03221989832458
2041,S3,"NATO→5%, nonNATO→3.5%",0.055,0.03,0.01,0.01,0.0,0.05,0.035,5.654883191348638,7.85452653525817,13.509409726606808,0.48538657786051087,0.213841639197288,6.557286156113179,69.28539634213834,75.84268249825152,0.08645904838959712,SA3_PPP_recalibrated_original_reference,PPP,210.326761,0.3350915721086011,0.023992067003357848,85.33079814937196,4.095603454270204,2.4616827018429746,25.493902600167555
2042,S3,"NATO→5%, nonNATO→3.5%",0.055,0.03,0.01,0.01,0.0,0.05,0.035,5.824529687089097,8.090162331315916,13.914692018405013,0.4805327120819058,0.21170322280531512,6.686464693388609,70.65031865007848,77.33678334346709,0.0864590483895971,SA3_PPP_recalibrated_original_reference,PPP,210.326761,0.3350915721086011,0.023992067003357848,92.01726284276057,4.176286842319327,2.5101778510692814,28.004080451236838
2043,S3,"NATO→5%, nonNATO→3.5%",0.055,0.03,0.01,0.01,0.0,0.05,0.035,5.99926557770177,8.332867201255393,14.332132778957163,0.47572738496108674,0.20958619057726197,6.8181880478483645,72.04212992748502,78.86031797533339,0.08645904838959712,SA3_PPP_recalibrated_original_reference,PPP,210.326761,0.3350915721086011,0.023992067003357848,98.83545089060894,4.258559693113019,2.559628354735345,30.563708805972183
2044,S3,"NATO→5%, nonNATO→3.5%",0.055,0.03,0.01,0.01,0.0,0.05,0.035,6.179243545032823,8.582853217293055,14.762096762325879,0.47097011111147585,0.20749032867148937,6.952506352390977,73.46135988705649,80.41386623944747,0.0864590483895971,SA3_PPP_recalibrated_original_reference,PPP,210.326761,0.3350915721086011,0.023992067003357848,105.78795724299991,4.342453319067346,2.6100530333236316,33.173761839295814
2045,S3,"NATO→5%, nonNATO→3.5%",0.055,0.03,0.01,0.01,0.0,0.05,0.035,6.364620851383808,8.840338813811847,15.204959665195656,0.4662604100003611,0.20541542538477445,7.0894707275330795,74.9085486768315,81.99801940436458,0.0864590483895971,SA3_PPP_recalibrated_original_reference,PPP,210.326761,0.3350915721086011,0.023992067003357848,112.87742797053299,4.427999649452973,2.6614710780801065,35.83523291737592
2046,S3,"NATO→5%, nonNATO→3.5%",0.055,0.03,0.01,0.01,0.0,0.05,0.035,6.555559476925322,9.105548978226203,15.661108455151524,0.4615978059003575,0.2033612711309267,7.229133300865481,76.38424708576507,83.61338038663055,0.08645904838959712,SA3_PPP_recalibrated_original_reference,PPP,210.326761,0.3350915721086011,0.023992067003357848,120.10656127139848,4.515231242547196,2.7139020583182853,38.5491349756942
2047,S3,"NATO→5%, nonNATO→3.5%",0.055,0.03,0.01,0.01,0.0,0.05,0.035,6.7522262612330834,9.37871544757299,16.130941708806073,0.45698182784135394,0.20132765841961744,7.371547226892533,77.88901675335467,85.2605639802472,0.08645904838959712,SA3_PPP_recalibrated_original_reference,PPP,210.326761,0.3350915721086011,0.023992067003357848,127.47810849829101,4.604181298025377,2.7673659288671555,41.31650090456136
2048,S3,"NATO→5%, nonNATO→3.5%",0.055,0.03,0.01,0.01,0.0,0.05,0.035,6.954793049070076,9.66007691100018,16.614869960070255,0.45241200956294036,0.19931438183542127,7.516766707262315,79.42343038339575,86.94019709065807,0.0864590483895971,SA3_PPP_recalibrated_original_reference,PPP,210.326761,0.3350915721086011,0.023992067003357848,134.9948752055533,4.694883669596476,2.821883037665839,44.1383839422272
2049,S3,"NATO→5%, nonNATO→3.5%",0.055,0.03,0.01,0.01,0.0,0.05,0.035,7.163436840542177,9.949879218330185,17.113316058872364,0.4478878894673109,0.19732123801706702,7.6648470113953815,80.98807196194862,88.652918973344,0.08645904838959712,SA3_PPP_recalibrated_original_reference,PPP,210.326761,0.3350915721086011,0.023992067003357848,142.6597222169487,4.787372877887526,2.8774741335078557,47.01585807573505
2050,S3,"NATO→5%, nonNATO→3.5%",0.055,0.03,0.01,0.01,0.0,0.05,0.035,7.378339945758443,10.24837559488009,17.626715540638532,0.4434090105726379,0.19534802563689638,7.815844497519871,82.58353697959902,90.3993814771189,0.0864590483895971,SA3_PPP_recalibrated_original_reference,PPP,210.326761,0.3350915721086011,0.023992067003357848,150.47556671446858,4.881684123581911,2.93416037393796,49.95001844967302
2025,S0,Baseline,0.07,0.03,0.01,0.01,0.0,0.027,0.023992067003357848,1.9029255750000003,3.3552434500000006,5.258169025000001,0.7255377265092766,0.24716120353612722,3.8150000000000004,50.68500000000001,54.50000000000001,0.06999999999999999,SA3_PPP_recalibrated_original_reference,PPP,210.326761,0.3350915721086011,0.023992067003357848,3.8150000000000004,3.8150000000000004,0.0,0.0
2026,S0,Baseline,0.07,0.03,0.01,0.01,0.0,0.027,0.023992067003357848,1.9600133422500003,3.4559007535000004,5.415914095750001,0.7182823492441839,0.24468959150076594,3.8901555000000005,51.6834945,55.57365,0.07,SA3_PPP_recalibrated_original_reference,PPP,210.326761,0.3350915721086011,0.023992067003357848,7.705155500000001,3.8901555000000005,0.0,0.0
2027,S0,Baseline,0.07,0.03,0.01,0.01,0.0,0.027,0.023992067003357848,2.0188137425175,3.5595777761050007,5.578391518622501,0.711099525751742,0.24224269558575828,3.96679156335,52.70165934165,56.668450905,0.07,SA3_PPP_recalibrated_original_reference,PPP,210.326761,0.3350915721086011,0.023992067003357848,11.67194706335,3.96679156335,0.0,0.0
2028,S0,Baseline,0.07,0.03,0.01,0.01,0.0,0.027,0.023992067003357848,2.0793781547930252,3.66636510938815,5.745743264181176,0.7039885304942246,0.23982026862990072,4.044937357147996,53.73988203068051,57.784819387828506,0.07,SA3_PPP_recalibrated_original_reference,PPP,210.326761,0.3350915721086011,0.023992067003357848,15.716884420497998,4.044937357147996,0.0,0.0
2029,S0,Baseline,0.07,0.03,0.01,0.01,0.0,0.027,0.023992067003357848,2.1417594994368163,3.7763560626697954,5.918115562106612,0.6969486451892823,0.23742206594360168,4.124622623083812,54.79855770668491,58.92318032976872,0.07000000000000002,SA3_PPP_recalibrated_original_reference,PPP,210.326761,0.3350915721086011,0.023992067003357848,19.841507043581807,4.124622623083812,0.0,0.0
2030,S0,Baseline,0.07,0.03,0.01,0.01,0.0,0.027,0.023992067003357848,2.206012284419921,3.889646744549889,6.095659028969809,0.6899791587373895,0.23504784528416567,4.205877688758561,55.878089293506605,60.08396698226517,0.06999999999999999,SA3_PPP_recalibrated_original_reference,PPP,210.326761,0.3350915721086011,0.023992067003357848,24.04738473234037,4.205877688758561,0.0,0.0
2031,S0,Baseline,0.07,0.03,0.01,0.01,0.0,0.027,0.023992067003357848,2.2721926529525183,4.006336146886386,6.278528799838904,0.6830793671500156,0.23269736683132403,4.288733479227106,56.978887652588696,61.2676211318158,0.06999999999999999,SA3_PPP_recalibrated_original_reference,PPP,210.326761,0.3350915721086011,0.023992067003357848,28.336118211567474,4.288733479227106,0.0,0.0
2032,S0,Baseline,0.07,0.03,0.01,0.01,0.0,0.027,0.023992067003357848,2.340358432541094,4.126526231292978,6.4668846638340725,0.6762485734785154,0.23037039316301078,4.37322152876788,58.101371739344685,62.474593268112564,0.07,SA3_PPP_recalibrated_original_reference,PPP,210.326761,0.3350915721086011,0.023992067003357848,32.70933974033535,4.37322152876788,0.0,0.0
2033,S0,Baseline,0.07,0.03,0.01,0.01,0.0,0.027,0.023992067003357848,2.410569185517327,4.250322018231768,6.660891203749095,0.6694860877437303,0.22806668923138068,4.459373992884609,59.24596876260979,63.7053427554944,0.07,SA3_PPP_recalibrated_original_reference,PPP,210.326761,0.3350915721086011,0.023992067003357848,37.16871373321997,4.459373992884609,0.0,0.0
2034,S0,Baseline,0.07,0.03,0.01,0.01,0.0,0.027,0.023992067003357848,2.482886261082847,4.377831678778721,6.860717939861567,0.662791226866293,0.22578602233906686,4.547223660544434,60.413114347233204,64.96033800777764,0.06999999999999999,SA3_PPP_recalibrated_original_reference,PPP,210.326761,0.3350915721086011,0.023992067003357848,41.7159373937644,4.547223660544434,0.0,0.0
2035,S0,Baseline,0.07,0.03,0.01,0.01,0.0,0.027,0.023992067003357848,2.5573728489153322,4.509166629142082,7.066539478057415,0.65616331459763,0.2235281621156762,4.636803966657159,61.60325269987369,66.24005666653085,0.06999999999999999,SA3_PPP_recalibrated_original_reference,PPP,210.326761,0.3350915721086011,0.023992067003357848,46.35274136042156,4.636803966657159,0.0,0.0
2036,S0,Baseline,0.07,0.03,0.01,0.01,0.0,0.027,0.023992067003357848,2.634094034382792,4.644441628016344,7.278535662399136,0.6496016814516538,0.22129288049451942,4.728149004800305,62.8168367780612,67.5449857828615,0.07,SA3_PPP_recalibrated_original_reference,PPP,210.326761,0.3350915721086011,0.023992067003357848,51.08089036522186,4.728149004800305,0.0,0.0
2037,S0,Baseline,0.07,0.03,0.01,0.01,0.0,0.027,0.023992067003357848,2.713116855414276,4.783774876856835,7.496891732271111,0.6431056646371373,0.21907995168957423,4.821293540194872,64.05432846258901,68.87562200278389,0.06999999999999999,SA3_PPP_recalibrated_original_reference,PPP,210.326761,0.3350915721086011,0.023992067003357848,55.902183905416734,4.821293540194872,0.0,0.0
2038,S0,Baseline,0.07,0.03,0.01,0.01,0.0,0.027,0.023992067003357848,2.7945103610767044,4.9272881231625405,7.721798484239245,0.6366746079907658,0.21688915217267846,4.916273022936711,65.316198733302,70.23247175623871,0.07000000000000002,SA3_PPP_recalibrated_original_reference,PPP,210.326761,0.3350915721086011,0.023992067003357848,60.81845692835344,4.916273022936711,0.0,0.0
2039,S0,Baseline,0.07,0.03,0.01,0.01,0.0,0.027,0.023992067003357848,2.8783456719090057,5.075106766857417,7.953452438766423,0.6303078619108582,0.2147202606509517,5.013123601488565,66.60292784834807,71.61605144983663,0.07,SA3_PPP_recalibrated_original_reference,PPP,210.326761,0.3350915721086011,0.023992067003357848,65.83158052984201,5.013123601488565,0.0,0.0
2040,S0,Baseline,0.07,0.03,0.01,0.01,0.0,0.027,0.023992067003357848,2.9646960420662753,5.227359969863138,8.192056011929413,0.6240047832917496,0.21257305804444218,5.111882136437887,67.91500552696051,73.0268876633984,0.06999999999999999,SA3_PPP_recalibrated_original_reference,PPP,210.326761,0.3350915721086011,0.023992067003357848,70.9434626662799,5.111882136437887,0.0,0.0
2041,S0,Baseline,0.07,0.03,0.01,0.01,0.0,0.027,0.023992067003357848,3.053636923328264,5.384180768959033,8.437817692287297,0.617764735458832,0.21044732746399775,5.2125862145257145,69.25293113584164,74.46551735036735,0.07,SA3_PPP_recalibrated_original_reference,PPP,210.326761,0.3350915721086011,0.023992067003357848,76.15604888080561,5.2125862145257145,0.0,0.0
2042,S0,Baseline,0.07,0.03,0.01,0.01,0.0,0.027,0.023992067003357848,3.1452460310281123,5.545706192027804,8.690952223055916,0.6115870881042437,0.20834285418935777,5.315274162951871,70.61721387921773,75.9324880421696,0.06999999999999999,SA3_PPP_recalibrated_original_reference,PPP,210.326761,0.3350915721086011,0.023992067003357848,81.47132304375748,5.315274162951871,0.0,0.0
2043,S0,Baseline,0.07,0.03,0.01,0.01,0.0,0.027,0.023992067003357848,3.239603411958956,5.712077377788639,8.951680789747595,0.6054712172232013,0.2062594256474642,5.419985063962025,72.00837299263833,77.42835805660036,0.06999999999999999,SA3_PPP_recalibrated_original_reference,PPP,210.326761,0.3350915721086011,0.023992067003357848,86.89130810771951,5.419985063962025,0.0,0.0
2044,S0,Baseline,0.07,0.03,0.01,0.01,0.0,0.027,0.023992067003357848,3.3367915143177242,5.883439699122298,9.220231213440023,0.5994165050509693,0.20419683139098957,5.526758769722076,73.42693794059329,78.95369671031537,0.07,SA3_PPP_recalibrated_original_reference,PPP,210.326761,0.3350915721086011,0.023992067003357848,92.41806687744159,5.526758769722076,0.0,0.0
2045,S0,Baseline,0.07,0.03,0.01,0.01,0.0,0.027,0.023992067003357848,3.4368952597472564,6.059942890095968,9.496838149843224,0.5934223400004596,0.20215486307707967,5.635635917485601,74.87344861802299,80.50908453550859,0.06999999999999999,SA3_PPP_recalibrated_original_reference,PPP,210.326761,0.3350915721086011,0.023992067003357848,98.05370279492719,5.635635917485601,0.0,0.0
2046,S0,Baseline,0.07,0.03,0.01,0.01,0.0,0.027,0.023992067003357848,3.540002117539674,6.241741176798847,9.78174329433852,0.587488116600455,0.20013331444630886,5.746657945060067,76.34845555579804,82.0951135008581,0.07,SA3_PPP_recalibrated_original_reference,PPP,210.326761,0.3350915721086011,0.023992067003357848,103.80036073998725,5.746657945060067,0.0,0.0
2047,S0,Baseline,0.07,0.03,0.01,0.01,0.0,0.027,0.023992067003357848,3.646202181065865,6.428993412102813,10.07519559316868,0.5816132354344504,0.19813198130184578,5.859867106577752,77.85252013024727,83.71238723682502,0.07,SA3_PPP_recalibrated_original_reference,PPP,210.326761,0.3350915721086011,0.023992067003357848,109.66022784656501,5.859867106577752,0.0,0.0
2048,S0,Baseline,0.07,0.03,0.01,0.01,0.0,0.027,0.023992067003357848,3.7555882464978403,6.621863214465898,10.377451460963737,0.5757971030801059,0.19615066148882732,5.975306488577332,79.38621477681315,85.36152126539048,0.06999999999999998,SA3_PPP_recalibrated_original_reference,PPP,210.326761,0.3350915721086011,0.023992067003357848,115.63553433514234,5.975306488577332,0.0,0.0
2049,S0,Baseline,0.07,0.03,0.01,0.01,0.0,0.027,0.023992067003357848,3.8682558938927754,6.820519110899873,10.68877500479265,0.5700391320493048,0.194189154873939,6.093020026402305,80.95012320791633,87.04314323431863,0.07,SA3_PPP_recalibrated_original_reference,PPP,210.326761,0.3350915721086011,0.023992067003357848,121.72855436154464,6.093020026402305,0.0,0.0
2050,S0,Baseline,0.07,0.03,0.01,0.01,0.0,0.027,0.023992067003357848,3.984303570709559,7.025134684226869,11.009438254936429,0.5643387407288118,0.19224726332519965,6.213052520922432,82.54484063511231,88.75789315603474,0.06999999999999999,SA3_PPP_recalibrated_original_reference,PPP,210.326761,0.3350915721086011,0.023992067003357848,127.94160688246707,6.213052520922432,0.0,0.0
2025,S1,"NATO→3.5%, nonNATO holds",0.07,0.03,0.01,0.01,0.0,0.027,0.023992067003357848,1.9029255750000003,3.3552434500000006,5.258169025000001,0.7255377265092766,0.24716120353612722,3.8150000000000004,50.68500000000001,54.50000000000001,0.06999999999999999,SA3_PPP_recalibrated_original_reference,PPP,210.326761,0.3350915721086011,0.023992067003357848,3.8150000000000004,3.8150000000000004,0.0,0.0
2026,S1,"NATO→3.5%, nonNATO holds",0.07,0.03,0.01,0.01,0.0,0.02740877593256891,0.023992067003357848,1.9896876489842874,3.4559007535000004,5.4455884024842875,0.7182823492441839,0.24468959150076594,3.9114700307532964,51.67623350600712,55.587703536760415,0.07036574245537275,SA3_PPP_recalibrated_original_reference,PPP,210.326761,0.3350915721086011,0.023992067003357848,7.726470030753297,3.8901555000000005,0.021314530753295813,0.021314530753295813
2027,S1,"NATO→3.5%, nonNATO holds",0.07,0.03,0.01,0.01,0.0,0.028005016140972137,0.023992067003357848,2.093959683141443,3.5595777761050007,5.653537459246444,0.711099525751742,0.24224269558575828,4.020227806089855,52.683455786430926,56.70368359252078,0.07089888260134343,SA3_PPP_recalibrated_original_reference,PPP,210.326761,0.3350915721086011,0.023992067003357848,11.74669783684315,3.96679156335,0.05343624273985448,0.07475077349315029
2028,S1,"NATO→3.5%, nonNATO holds",0.07,0.03,0.01,0.01,0.0,0.028820930945768986,0.023992067003357848,2.2196153410900115,3.66636510938815,5.885980450478161,0.7039885304942246,0.23982026862990072,4.143662727849855,53.70625031099087,57.849913038840725,0.07162781256158118,SA3_PPP_recalibrated_original_reference,PPP,210.326761,0.3350915721086011,0.023992067003357848,15.890360564693006,4.044937357147996,0.09872537070185938,0.17347614419500967
2029,S1,"NATO→3.5%, nonNATO holds",0.07,0.03,0.01,0.01,0.0,0.029845109579542582,0.023992067003357848,2.367446183471039,3.7763560626697954,6.143802246140835,0.6969486451892823,0.23742206594360168,4.281914651758725,54.74497470790554,59.02688935966427,0.0725417635625019,SA3_PPP_recalibrated_original_reference,PPP,210.326761,0.3350915721086011,0.023992067003357848,20.17227521645173,4.124622623083812,0.1572920286749131,0.33076817286992277
2030,S1,"NATO→3.5%, nonNATO holds",0.07,0.03,0.01,0.01,0.0,0.030999999999995285,0.023992067003357848,2.532828919148413,3.889646744549889,6.422475663698302,0.6899791587373895,0.23504784528416567,4.431374355449911,55.80127174771066,60.23264610316057,0.07357097258952043,SA3_PPP_recalibrated_original_reference,PPP,210.326761,0.3350915721086011,0.023992067003357848,24.60364957190164,4.205877688758561,0.22549666669134982,0.5562648395612726
2031,S1,"NATO→3.5%, nonNATO holds",0.07,0.03,0.01,0.01,0.0,0.03215489042044799,0.023992067003357848,2.7060039174013046,4.006336146886386,6.712340064287691,0.6830793671500156,0.23269736683132403,4.585061003209331,56.877940913649695,61.46300191685903,0.07459871565354945,SA3_PPP_recalibrated_original_reference,PPP,210.326761,0.3350915721086011,0.023992067003357848,29.188710575110974,4.288733479227106,0.2963275239822254,0.852592363543498
2032,S1,"NATO→3.5%, nonNATO holds",0.07,0.03,0.01,0.01,0.0,0.033179069054221584,0.023992067003357848,2.8759597794411387,4.126526231292978,7.002486010734117,0.6762485734785154,0.23037039316301078,4.735421175562207,57.97798504648068,62.71340622204289,0.07550891365708935,SA3_PPP_recalibrated_original_reference,PPP,210.326761,0.3350915721086011,0.023992067003357848,33.92413175067318,4.37322152876788,0.3621996467943269,1.214792010337825
2033,S1,"NATO→3.5%, nonNATO holds",0.07,0.03,0.01,0.01,0.0,0.03399498385901843,0.023992067003357848,3.035083724174398,4.250322018231768,7.285405742406166,0.6694860877437303,0.22806668923138068,4.877477788109211,59.10353779940141,63.98101558751062,0.07623320360455979,SA3_PPP_recalibrated_original_reference,PPP,210.326761,0.3350915721086011,0.023992067003357848,38.801609538782394,4.459373992884609,0.41810379522460206,1.632895805562427
2034,S1,"NATO→3.5%, nonNATO holds",0.07,0.03,0.01,0.01,0.0,0.034591224067421655,0.023992067003357848,3.180965740408872,4.377831678778721,7.558797419187593,0.662791226866293,0.22578602233906686,5.009904615097114,60.255497758319656,65.26540237341678,0.07676202755072106,SA3_PPP_recalibrated_original_reference,PPP,210.326761,0.3350915721086011,0.023992067003357848,43.81151415387951,4.547223660544434,0.4626809545526802,2.095576760115107
2035,S1,"NATO→3.5%, nonNATO holds",0.07,0.03,0.01,0.01,0.0,0.03499999999999057,0.023992067003357848,3.3151129522967597,4.509166629142082,7.824279581438842,0.65616331459763,0.2235281621156762,5.134005224495468,61.4338764472035,66.56788167169897,0.0771243593091256,SA3_PPP_recalibrated_original_reference,PPP,210.326761,0.3350915721086011,0.023992067003357848,48.945519378374975,4.636803966657159,0.4972012578383085,2.5927780179534157
2036,S1,"NATO→3.5%, nonNATO holds",0.07,0.03,0.01,0.01,0.0,0.035,0.023992067003357848,3.4145663408665827,4.644441628016344,8.059007968882927,0.6496016814516538,0.22129288049451942,5.235145127418626,62.6441238132132,67.87926894063182,0.07712435930913397,SA3_PPP_recalibrated_original_reference,PPP,210.326761,0.3350915721086011,0.023992067003357848,54.1806645057936,4.728149004800305,0.5069961226183208,3.0997741405717365
2037,S1,"NATO→3.5%, nonNATO holds",0.07,0.03,0.01,0.01,0.0,0.035,0.023992067003357848,3.5170033310925803,4.783774876856835,8.300778207949415,0.6431056646371373,0.21907995168957423,5.338277486428773,63.87821305233351,69.21649053876229,0.07712435930913396,SA3_PPP_recalibrated_original_reference,PPP,210.326761,0.3350915721086011,0.023992067003357848,59.51894199222237,4.821293540194872,0.5169839462339016,3.616758086805638
2038,S1,"NATO→3.5%, nonNATO holds",0.07,0.03,0.01,0.01,0.0,0.035,0.023992067003357848,3.622513431025358,4.9272881231625405,8.549801554187898,0.6366746079907658,0.21688915217267846,5.44344155291142,65.13661384946447,70.58005540237589,0.07712435930913396,SA3_PPP_recalibrated_original_reference,PPP,210.326761,0.3350915721086011,0.023992067003357848,64.96238354513379,4.916273022936711,0.5271685299747091,4.143926616780347
2039,S1,"NATO→3.5%, nonNATO holds",0.07,0.03,0.01,0.01,0.0,0.035,0.023992067003357848,3.731188833956119,5.075106766857417,8.806295600813536,0.6303078619108582,0.2147202606509517,5.550677351503777,66.41980514229894,71.97048249380272,0.07712435930913396,SA3_PPP_recalibrated_original_reference,PPP,210.326761,0.3350915721086011,0.023992067003357848,70.51306089663757,5.013123601488565,0.5375537500152117,4.681480366795559
2040,S1,"NATO→3.5%, nonNATO holds",0.07,0.03,0.01,0.01,0.0,0.035,0.023992067003357848,3.843124498974802,5.227359969863138,9.07048446883794,0.6240047832917496,0.21257305804444218,5.6600256953283985,67.7282753036022,73.3883009989306,0.07712435930913396,SA3_PPP_recalibrated_original_reference,PPP,210.326761,0.3350915721086011,0.023992067003357848,76.17308659196597,5.111882136437887,0.5481435588905113,5.22962392568607
2041,S1,"NATO→3.5%, nonNATO holds",0.07,0.03,0.01,0.01,0.0,0.035,0.023992067003357848,3.958418233944047,5.384180768959033,9.34259900290308,0.617764735458832,0.21044732746399775,5.77152820152637,69.06252232708317,74.83405052860954,0.07712435930913399,SA3_PPP_recalibrated_original_reference,PPP,210.326761,0.3350915721086011,0.023992067003357848,81.94461479349233,5.2125862145257145,0.5589419870006553,5.7885659126867255
2042,S1,"NATO→3.5%, nonNATO holds",0.07,0.03,0.01,0.01,0.0,0.035,0.023992067003357848,4.077170780962368,5.545706192027804,9.622876972990174,0.6115870881042437,0.20834285418935777,5.8852273070964385,70.42305401692673,76.30828132402317,0.07712435930913394,SA3_PPP_recalibrated_original_reference,PPP,210.326761,0.3350915721086011,0.023992067003357848,87.82984210058878,5.315274162951871,0.5699531441445673,6.358519056831293
2043,S1,"NATO→3.5%, nonNATO holds",0.07,0.03,0.01,0.01,0.0,0.035,0.023992067003357848,4.199485904391239,5.712077377788639,9.911563282179879,0.6054712172232013,0.2062594256474642,6.0011662850462395,71.81038818106018,77.81155446610641,0.07712435930913397,SA3_PPP_recalibrated_original_reference,PPP,210.326761,0.3350915721086011,0.023992067003357848,93.83100838563502,5.419985063962025,0.5811812210842149,6.939700277915508
2044,S1,"NATO→3.5%, nonNATO holds",0.07,0.03,0.01,0.01,0.0,0.035,0.023992067003357848,4.325470481522976,5.883439699122298,10.208910180645274,0.5994165050509693,0.20419683139098957,6.1193892608616505,73.22505282822706,79.34444208908872,0.07712435930913397,SA3_PPP_recalibrated_original_reference,PPP,210.326761,0.3350915721086011,0.023992067003357848,99.95039764649667,5.526758769722076,0.5926304911395741,7.532330769055082
2045,S1,"NATO→3.5%, nonNATO holds",0.07,0.03,0.01,0.01,0.0,0.035,0.023992067003357848,4.455234595968666,6.059942890095968,10.515177486064633,0.5934223400004596,0.20215486307707967,6.239941229300625,74.66758636894315,80.90752759824377,0.07712435930913396,SA3_PPP_recalibrated_original_reference,PPP,210.326761,0.3350915721086011,0.023992067003357848,106.1903388757973,5.635635917485601,0.6043053118150237,8.136636080870105
2046,S1,"NATO→3.5%, nonNATO holds",0.07,0.03,0.01,0.01,0.0,0.035,0.023992067003357848,4.588891633847726,6.241741176798847,10.830632810646573,0.587488116600455,0.20013331444630886,6.362868071517847,76.13853782041133,82.50140589192918,0.07712435930913396,SA3_PPP_recalibrated_original_reference,PPP,210.326761,0.3350915721086011,0.023992067003357848,112.55320694731513,5.746657945060067,0.61621012645778,8.752846207327885
2047,S1,"NATO→3.5%, nonNATO holds",0.07,0.03,0.01,0.01,0.0,0.035,0.023992067003357848,4.726558382863159,6.428993412102813,11.155551794965973,0.5816132354344504,0.19813198130184578,6.488216572526751,77.63846701547344,84.12668358800019,0.07712435930913397,SA3_PPP_recalibrated_original_reference,PPP,210.326761,0.3350915721086011,0.023992067003357848,119.04142351984189,5.859867106577752,0.6283494659489985,9.381195673276885
2048,S1,"NATO→3.5%, nonNATO holds",0.07,0.03,0.01,0.01,0.0,0.035,0.023992067003357848,4.868355134349053,6.621863214465898,11.49021834881495,0.5757971030801059,0.19615066148882732,6.616034439005526,79.16794481567825,85.78397925468379,0.07712435930913396,SA3_PPP_recalibrated_original_reference,PPP,210.326761,0.3350915721086011,0.023992067003357848,125.65745795884742,5.975306488577332,0.640727950428194,10.021923623705078
2049,S1,"NATO→3.5%, nonNATO holds",0.07,0.03,0.01,0.01,0.0,0.035,0.023992067003357848,5.014405788379524,6.820519110899873,11.834924899279397,0.5700391320493048,0.194189154873939,6.746370317453933,80.7275533285471,87.47392364600104,0.07712435930913396,SA3_PPP_recalibrated_original_reference,PPP,210.326761,0.3350915721086011,0.023992067003357848,132.40382827630134,6.093020026402305,0.6533502910516278,10.675273914756705
2050,S1,"NATO→3.5%, nonNATO holds",0.07,0.03,0.01,0.01,0.0,0.035,0.023992067003357848,5.16483796203091,7.025134684226869,12.189972646257779,0.5643387407288118,0.19224726332519965,6.879273812707777,82.3178861291195,89.19715994182728,0.07712435930913396,SA3_PPP_recalibrated_original_reference,PPP,210.326761,0.3350915721086011,0.023992067003357848,139.28310208900913,6.213052520922432,0.6662212917853454,11.341495206542051
2025,S2,"NATO→3.5%, nonNATO→3.5%",0.07,0.03,0.01,0.01,0.0,0.027,0.023992067003357848,1.9029255750000003,3.3552434500000006,5.258169025000001,0.7255377265092766,0.24716120353612722,3.8150000000000004,50.68500000000001,54.50000000000001,0.06999999999999999,SA3_PPP_recalibrated_original_reference,PPP,210.326761,0.3350915721086011,0.023992067003357848,3.8150000000000004,3.8150000000000004,0.0,0.0
2026,S2,"NATO→3.5%, nonNATO→3.5%",0.07,0.03,0.01,0.01,0.0,0.02740877593256891,0.024554539262902658,1.9896876489842874,3.536921213525879,5.526608862510167,0.7182823492441839,0.24468959150076594,3.9696655971175296,51.65640864274019,55.626074239857715,0.07136339659707906,SA3_PPP_recalibrated_original_reference,PPP,210.326761,0.3350915721086011,0.023992067003357848,7.78466559711753,3.8901555000000005,0.0795100971175291,0.0795100971175291
2027,S2,"NATO→3.5%, nonNATO→3.5%",0.07,0.03,0.01,0.01,0.0,0.028005016140972137,0.02537496079590349,2.093959683141443,3.7647505113249418,5.858710194466385,0.711099525751742,0.24224269558575828,4.166126040801942,52.633754189990555,56.799880230792496,0.07334744411209851,SA3_PPP_recalibrated_original_reference,PPP,210.326761,0.3350915721086011,0.023992067003357848,11.950791637919473,3.96679156335,0.19933447745194144,0.27884457456947054
2028,S2,"NATO→3.5%, nonNATO→3.5%",0.07,0.03,0.01,0.01,0.0,0.028820930945768986,0.026497652733675,2.2196153410900115,4.049258008900724,6.268873349990735,0.7039885304942246,0.23982026862990072,4.413214937514384,53.61442483297328,58.02763977048766,0.07605366950938622,SA3_PPP_recalibrated_original_reference,PPP,210.326761,0.3350915721086011,0.023992067003357848,16.364006575433855,4.044937357147996,0.3682775803663887,0.6471221549358592
2029,S2,"NATO→3.5%, nonNATO→3.5%",0.07,0.03,0.01,0.01,0.0,0.029845109579542582,0.02790691395582153,2.367446183471039,4.39255374256505,6.759999926036089,0.6969486451892823,0.23742206594360168,4.711372789930501,54.59867578171516,59.31004857164566,0.07943633335992353,SA3_PPP_recalibrated_original_reference,PPP,210.326761,0.3350915721086011,0.023992067003357848,21.075379365364356,4.124622623083812,0.5867501668466897,1.233872321782549
2030,S2,"NATO→3.5%, nonNATO→3.5%",0.07,0.03,0.01,0.01,0.0,0.030999999999995285,0.029496033501672438,2.532828919148413,4.7819619156139215,7.314790834762334,0.6899791587373895,0.23504784528416567,5.0470532265092825,55.591534989437676,60.63858821594696,0.08323170731705772,SA3_PPP_recalibrated_original_reference,PPP,210.326761,0.3350915721086011,0.023992067003357848,26.12243259187364,4.205877688758561,0.8411755377507211,2.07504785953327
2031,S2,"NATO→3.5%, nonNATO→3.5%",0.07,0.03,0.01,0.01,0.0,0.03215489042044799,0.031085153047523344,2.7060039174013046,5.1907812806774185,7.896785198078723,0.6830793671500156,0.23269736683132403,5.394131035623224,56.602323649860345,61.99645468548357,0.08700708875996833,SA3_PPP_recalibrated_original_reference,PPP,210.326761,0.3350915721086011,0.023992067003357848,31.516563627496865,4.288733479227106,1.1053975563961185,3.1804454159293885
2032,S2,"NATO→3.5%, nonNATO→3.5%",0.07,0.03,0.01,0.01,0.0,0.033179069054221584,0.032494414269669876,2.8759597794411387,5.588891229568796,8.464851009009935,0.6762485734785154,0.23037039316301078,5.724343419551141,57.64109944688006,63.3654428664312,0.09033856879399635,SA3_PPP_recalibrated_original_reference,PPP,210.326761,0.3350915721086011,0.023992067003357848,37.240907047048005,4.37322152876788,1.3511218907832605,4.531567306712649
2033,S2,"NATO→3.5%, nonNATO→3.5%",0.07,0.03,0.01,0.01,0.0,0.03399498385901843,0.03361710620744138,3.035083724174398,5.955448802419834,8.990532526594233,0.6694860877437303,0.22806668923138068,6.019036447962328,58.714655179011885,64.7336916269742,0.09298151081274385,SA3_PPP_recalibrated_original_reference,PPP,210.326761,0.3350915721086011,0.023992067003357848,43.25994349501033,4.459373992884609,1.5596624550777198,6.091229761790369
2034,S2,"NATO→3.5%, nonNATO→3.5%",0.07,0.03,0.01,0.01,0.0,0.034591224067421655,0.03443752774044221,3.180965740408872,6.283814556696128,9.464780297105,0.662791226866293,0.22578602233906686,6.273173345138139,59.82515346566832,66.09832681080646,0.09490668898615047,SA3_PPP_recalibrated_original_reference,PPP,210.326761,0.3350915721086011,0.023992067003357848,49.53311684014847,4.547223660544434,1.7259496845937052,7.817179446384074
2035,S2,"NATO→3.5%, nonNATO→3.5%",0.07,0.03,0.01,0.01,0.0,0.03499999999999057,0.03499999999998703,3.3151129522967597,6.578042316980288,9.893155269277049,0.65616331459763,0.2235281621156762,6.491525553317837,60.971424467055215,67.46295002037306,0.09622356495465242,SA3_PPP_recalibrated_original_reference,PPP,210.326761,0.3350915721086011,0.023992067003357848,56.02464239346631,4.636803966657159,1.8547215866606779,9.671901033044751
2036,S2,"NATO→3.5%, nonNATO→3.5%",0.07,0.03,0.01,0.01,0.0,0.035,0.035,3.4145663408665827,6.775383586492208,10.189949927358791,0.6496016814516538,0.22129288049451942,6.619408606720428,62.17256152905544,68.79197013577587,0.09622356495468279,SA3_PPP_recalibrated_original_reference,PPP,210.326761,0.3350915721086011,0.023992067003357848,62.644051000186735,4.728149004800305,1.8912596019201224,11.563160634964873
2037,S2,"NATO→3.5%, nonNATO→3.5%",0.07,0.03,0.01,0.01,0.0,0.035,0.035,3.5170033310925803,6.978645094086975,10.495648425179555,0.6431056646371373,0.21907995168957423,6.74981095627282,63.39736099117784,70.14717194745066,0.09622356495468277,SA3_PPP_recalibrated_original_reference,PPP,210.326761,0.3350915721086011,0.023992067003357848,69.39386195645956,4.821293540194872,1.9285174160779484,13.491678051042822
2038,S2,"NATO→3.5%, nonNATO→3.5%",0.07,0.03,0.01,0.01,0.0,0.035,0.035,3.622513431025358,7.188004446909585,10.810517877934943,0.6366746079907658,0.21688915217267846,6.882782232111396,64.64628900270404,71.52907123481543,0.0962235649546828,SA3_PPP_recalibrated_original_reference,PPP,210.326761,0.3350915721086011,0.023992067003357848,76.27664418857096,4.916273022936711,1.966509209174685,15.458187260217507
2039,S2,"NATO→3.5%, nonNATO→3.5%",0.07,0.03,0.01,0.01,0.0,0.035,0.035,3.731188833956119,7.403644580316873,11.134833414272991,0.6303078619108582,0.2147202606509517,7.01837304208399,65.91982089605732,72.93819393814131,0.09622356495468277,SA3_PPP_recalibrated_original_reference,PPP,210.326761,0.3350915721086011,0.023992067003357848,83.29501723065495,5.013123601488565,2.005249440595425,17.463436700812935
2040,S2,"NATO→3.5%, nonNATO→3.5%",0.07,0.03,0.01,0.01,0.0,0.035,0.035,3.843124498974802,7.625753917726378,11.46887841670118,0.6240047832917496,0.21257305804444218,7.1566349910130445,67.21844136770963,74.37507635872268,0.09622356495468279,SA3_PPP_recalibrated_original_reference,PPP,210.326761,0.3350915721086011,0.023992067003357848,90.45165222166798,5.111882136437887,2.044752854575157,19.50818955538809
2041,S2,"NATO→3.5%, nonNATO→3.5%",0.07,0.03,0.01,0.01,0.0,0.035,0.035,3.958418233944047,7.85452653525817,11.812944769202216,0.617764735458832,0.21044732746399775,7.297620700336001,68.54264466265352,75.84026536298951,0.09622356495468279,SA3_PPP_recalibrated_original_reference,PPP,210.326761,0.3350915721086011,0.023992067003357848,97.74927292200398,5.2125862145257145,2.0850344858102865,21.593224041198376
2042,S2,"NATO→3.5%, nonNATO→3.5%",0.07,0.03,0.01,0.01,0.0,0.035,0.035,4.077170780962368,8.090162331315916,12.167333112278286,0.6115870881042437,0.20834285418935777,7.441383828132621,69.8929347625078,77.33431859064042,0.09622356495468279,SA3_PPP_recalibrated_original_reference,PPP,210.326761,0.3350915721086011,0.023992067003357848,105.19065675013661,5.315274162951871,2.12610966518075,23.719333706379125
2043,S2,"NATO→3.5%, nonNATO→3.5%",0.07,0.03,0.01,0.01,0.0,0.035,0.035,4.199485904391239,8.332867201255393,12.532353105646632,0.6054712172232013,0.2062594256474642,7.587979089546833,71.26982557732921,78.85780466687605,0.09622356495468276,SA3_PPP_recalibrated_original_reference,PPP,210.326761,0.3350915721086011,0.023992067003357848,112.77863583968345,5.419985063962025,2.1679940255848082,25.887327731963936
2044,S2,"NATO→3.5%, nonNATO→3.5%",0.07,0.03,0.01,0.01,0.0,0.035,0.035,4.325470481522976,8.582853217293055,12.90832369881603,0.5994165050509693,0.20419683139098957,7.737462277610906,72.6738411412026,80.4113034188135,0.09622356495468277,SA3_PPP_recalibrated_original_reference,PPP,210.326761,0.3350915721086011,0.023992067003357848,120.51609811729435,5.526758769722076,2.2107035078888293,28.098031239852766
2045,S2,"NATO→3.5%, nonNATO→3.5%",0.07,0.03,0.01,0.01,0.0,0.035,0.035,4.455234595968666,8.840338813811847,13.295573409780513,0.5934223400004596,0.20215486307707967,7.889890284479841,74.1055158116843,81.99540609616415,0.09622356495468275,SA3_PPP_recalibrated_original_reference,PPP,210.326761,0.3350915721086011,0.023992067003357848,128.40598840177418,5.635635917485601,2.25425436699424,30.352285606847005
2046,S2,"NATO→3.5%, nonNATO→3.5%",0.07,0.03,0.01,0.01,0.0,0.035,0.035,4.588891633847726,9.105548978226203,13.69444061207393,0.587488116600455,0.20013331444630886,8.045321123084095,75.56539447317446,83.61071559625856,0.0962235649546828,SA3_PPP_recalibrated_original_reference,PPP,210.326761,0.3350915721086011,0.023992067003357848,136.4513095248583,5.746657945060067,2.298663178024028,32.650948784871034
2047,S2,"NATO→3.5%, nonNATO→3.5%",0.07,0.03,0.01,0.01,0.0,0.035,0.035,4.726558382863159,9.37871544757299,14.105273830436149,0.5816132354344504,0.19813198130184578,8.203813949208852,77.05403274429602,85.25784669350487,0.09622356495468277,SA3_PPP_recalibrated_original_reference,PPP,210.326761,0.3350915721086011,0.023992067003357848,144.65512347406712,5.859867106577752,2.3439468426311,34.99489562750213
2048,S2,"NATO→3.5%, nonNATO→3.5%",0.07,0.03,0.01,0.01,0.0,0.035,0.035,4.868355134349053,9.66007691100018,14.528432045349234,0.5757971030801059,0.19615066148882732,8.365429084008266,78.57199718935864,86.93742627336691,0.09622356495468277,SA3_PPP_recalibrated_original_reference,PPP,210.326761,0.3350915721086011,0.023992067003357848,153.0205525580754,5.975306488577332,2.3901225954309337,37.38501822293306
2049,S2,"NATO→3.5%, nonNATO→3.5%",0.07,0.03,0.01,0.01,0.0,0.035,0.035,5.014405788379524,9.949879218330185,14.964285006709709,0.5700391320493048,0.194189154873939,8.530228036963228,80.119865533989,88.65009357095222,0.09622356495468279,SA3_PPP_recalibrated_original_reference,PPP,210.326761,0.3350915721086011,0.023992067003357848,161.55078059503865,6.093020026402305,2.437208010560923,39.822226233493986
2050,S2,"NATO→3.5%, nonNATO→3.5%",0.07,0.03,0.01,0.01,0.0,0.035,0.035,5.16483796203091,10.24837559488009,15.413213556911,0.5643387407288118,0.19224726332519965,8.698273529291404,81.6982268850086,90.3965004143,0.09622356495468277,SA3_PPP_recalibrated_original_reference,PPP,210.326761,0.3350915721086011,0.023992067003357848,170.24905412433003,6.213052520922432,2.4852210083689723,42.30744724186296
2025,S3,"NATO→5%, nonNATO→3.5%",0.07,0.03,0.01,0.01,0.0,0.027,0.023992067003357848,1.9029255750000003,3.3552434500000006,5.258169025000001,0.7255377265092766,0.24716120353612722,3.8150000000000004,50.68500000000001,54.50000000000001,0.06999999999999999,SA3_PPP_recalibrated_original_reference,PPP,210.326761,0.3350915721086011,0.023992067003357848,3.8150000000000004,3.8150000000000004,0.0,0.0
2026,S3,"NATO→5%, nonNATO→3.5%",0.07,0.03,0.01,0.01,0.0,0.02817523080613562,0.024554539262902658,2.0453269741110756,3.536921213525879,5.582248187636955,0.7182823492441839,0.24468959150076594,4.0096303422799595,51.64279427900353,55.652424621283494,0.07204772064408012,SA3_PPP_recalibrated_original_reference,PPP,210.326761,0.3350915721086011,0.023992067003357848,7.82463034227996,3.8901555000000005,0.11947484227995897,0.11947484227995897
2027,S3,"NATO→5%, nonNATO→3.5%",0.07,0.03,0.01,0.01,0.0,0.029889421405294894,0.02537496079590349,2.234858321811336,3.7647505113249418,5.999608833136278,0.711099525751742,0.24224269558575828,4.2663189959391685,52.59962252395479,56.86594151989396,0.075024151221459,SA3_PPP_recalibrated_original_reference,PPP,210.326761,0.3350915721086011,0.023992067003357848,12.09094933821913,3.96679156335,0.29952743258916836,0.41900227486912733
2028,S3,"NATO→5%, nonNATO→3.5%",0.07,0.03,0.01,0.01,0.0,0.03223517646908584,0.026497652733675,2.482560065396861,4.049258008900724,6.531818074297584,0.7039885304942246,0.23982026862990072,4.598325007580373,53.55136535855519,58.14969036613556,0.07907737734504403,SA3_PPP_recalibrated_original_reference,PPP,210.326761,0.3350915721086011,0.023992067003357848,16.6892743457995,4.044937357147996,0.5533876504323771,0.9723899253015045
2029,S3,"NATO→5%, nonNATO→3.5%",0.07,0.03,0.01,0.01,0.0,0.03517969004118492,0.02790691395582153,2.7906087160352064,4.39255374256505,7.183162458600256,0.6969486451892823,0.23742206594360168,5.006295343695963,54.49820765900385,59.50450300269981,0.08413305029148499,SA3_PPP_recalibrated_original_reference,PPP,210.326761,0.3350915721086011,0.023992067003357848,21.695569689495464,4.124622623083812,0.8816727206121513,1.8540626459136558
2030,S3,"NATO→5%, nonNATO→3.5%",0.07,0.03,0.01,0.01,0.0,0.03849999999998644,0.029496033501672438,3.145610109264335,4.7819619156139215,7.927572024878256,0.6899791587373895,0.23504784528416567,5.469859476555563,55.44750209107026,60.917361567625825,0.0897914705396973,SA3_PPP_recalibrated_original_reference,PPP,210.326761,0.3350915721086011,0.023992067003357848,27.165429166051027,4.205877688758561,1.2639817877970012,3.118044433710657
2031,S3,"NATO→5%, nonNATO→3.5%",0.07,0.03,0.01,0.01,0.0,0.041820309958787966,0.031085153047523344,3.5194000382427792,5.1907812806774185,8.710181318920197,0.6830793671500156,0.23269736683132403,5.949745143089896,56.41304851434972,62.36279365743962,0.0954053658303378,SA3_PPP_recalibrated_original_reference,PPP,210.326761,0.3350915721086011,0.023992067003357848,33.115174309140926,4.288733479227106,1.6610116638627908,4.779056097573448
2032,S3,"NATO→5%, nonNATO→3.5%",0.07,0.03,0.01,0.01,0.0,0.04476482353088705,0.032494414269669876,3.8802123048787225,5.588891229568796,9.46910353444752,0.6762485734785154,0.23037039316301078,6.403467757290503,57.409749397760066,63.813217155050566,0.10034704474672758,SA3_PPP_recalibrated_original_reference,PPP,210.326761,0.3350915721086011,0.023992067003357848,39.518642066431426,4.37322152876788,2.030246228522623,6.809302326096071
2033,S3,"NATO→5%, nonNATO→3.5%",0.07,0.03,0.01,0.01,0.0,0.04711057859467799,0.03361710620744138,4.206048484156406,5.955448802419834,10.161497286576239,0.6694860877437303,0.22806668923138068,6.802981064008457,58.44759712299617,65.25057818700463,0.1042593223390524,SA3_PPP_recalibrated_original_reference,PPP,210.326761,0.3350915721086011,0.023992067003357848,46.32162313043988,4.459373992884609,2.3436070711238486,9.152909397219918
2034,S3,"NATO→5%, nonNATO→3.5%",0.07,0.03,0.01,0.01,0.0,0.04882476919383726,0.03443752774044221,4.489864764145169,6.283814556696128,10.773679320841296,0.662791226866293,0.22578602233906686,7.140700134924413,59.52962236145541,66.67032249637982,0.10710462867960703,SA3_PPP_recalibrated_original_reference,PPP,210.326761,0.3350915721086011,0.023992067003357848,53.4623232653643,4.547223660544434,2.5934764743799787,11.746385871599898
2035,S3,"NATO→5%, nonNATO→3.5%",0.07,0.03,0.01,0.01,0.0,0.049999999999972886,0.03499999999998703,4.735875646136936,6.578042316980288,11.313917963117223,0.65616331459763,0.2235281621156762,7.423777911764664,60.65384399329861,68.07762190506327,0.109048725616729,SA3_PPP_recalibrated_original_reference,PPP,210.326761,0.3350915721086011,0.023992067003357848,60.886101177128964,4.636803966657159,2.786973945107505,14.533359816707403
2036,S3,"NATO→5%, nonNATO→3.5%",0.07,0.03,0.01,0.01,0.0,0.05,0.035,4.877951915523689,6.775383586492208,11.653335502015898,0.6496016814516538,0.22129288049451942,7.570026336629779,61.848724719965446,69.41875105659523,0.1090487256167738,SA3_PPP_recalibrated_original_reference,PPP,210.326761,0.3350915721086011,0.023992067003357848,68.45612751375874,4.728149004800305,2.8418773318294734,17.375237148536876
2037,S3,"NATO→5%, nonNATO→3.5%",0.07,0.03,0.01,0.01,0.0,0.05,0.035,5.0242904729894,6.978645094086975,12.002935567076374,0.6431056646371373,0.21907995168957423,7.719155855461386,63.067144596948765,70.78630045241015,0.10904872561677381,SA3_PPP_recalibrated_original_reference,PPP,210.326761,0.3350915721086011,0.023992067003357848,76.17528336922012,4.821293540194872,2.897862315266514,20.27309946380339
2038,S3,"NATO→5%, nonNATO→3.5%",0.07,0.03,0.01,0.01,0.0,0.05,0.035,5.175019187179083,7.188004446909585,12.363023634088668,0.6366746079907658,0.21688915217267846,7.871223225813975,64.30956734550865,72.18079057132263,0.1090487256167738,SA3_PPP_recalibrated_original_reference,PPP,210.326761,0.3350915721086011,0.023992067003357848,84.0465065950341,4.916273022936711,2.9549502028772645,23.228049666680654
2039,S3,"NATO→5%, nonNATO→3.5%",0.07,0.03,0.01,0.01,0.0,0.05,0.035,5.3302697627944555,7.403644580316873,12.733914343111328,0.6303078619108582,0.2147202606509517,8.02628632336251,65.57646582221518,73.6027521455777,0.1090487256167738,SA3_PPP_recalibrated_original_reference,PPP,210.326761,0.3350915721086011,0.023992067003357848,92.07279291839662,5.013123601488565,3.013162721873946,26.2412123885546
2040,S3,"NATO→5%, nonNATO→3.5%",0.07,0.03,0.01,0.01,0.0,0.05,0.035,5.490177855678288,7.625753917726378,13.115931773404666,0.6240047832917496,0.21257305804444218,8.18440416393275,66.86832219891281,75.05272636284556,0.1090487256167738,SA3_PPP_recalibrated_original_reference,PPP,210.326761,0.3350915721086011,0.023992067003357848,100.25719708232936,5.111882136437887,3.0725220274948635,29.313734416049464
2041,S3,"NATO→5%, nonNATO→3.5%",0.07,0.03,0.01,0.01,0.0,0.05,0.035,5.654883191348638,7.85452653525817,13.509409726606808,0.617764735458832,0.21044732746399775,8.345636925962227,68.18562814623141,76.53126507219363,0.10904872561677378,SA3_PPP_recalibrated_original_reference,PPP,210.326761,0.3350915721086011,0.023992067003357848,108.6028340082916,5.2125862145257145,3.1330507114365123,32.446785127485974
2042,S3,"NATO→5%, nonNATO→3.5%",0.07,0.03,0.01,0.01,0.0,0.05,0.035,5.824529687089097,8.090162331315916,13.914692018405013,0.6115870881042437,0.20834285418935777,8.510045973403683,69.52888502071217,78.03893099411584,0.1090487256167738,SA3_PPP_recalibrated_original_reference,PPP,210.326761,0.3350915721086011,0.023992067003357848,117.11287998169527,5.315274162951871,3.1947718104518117,35.641556937937786
2043,S3,"NATO→5%, nonNATO→3.5%",0.07,0.03,0.01,0.01,0.0,0.05,0.035,5.99926557770177,8.332867201255393,14.332132778957163,0.6054712172232013,0.2062594256474642,8.677693879079737,70.8986040556202,79.57629793469994,0.1090487256167738,SA3_PPP_recalibrated_original_reference,PPP,210.326761,0.3350915721086011,0.023992067003357848,125.79057386077501,5.419985063962025,3.257708815117712,38.8992657530555
2044,S3,"NATO→5%, nonNATO→3.5%",0.07,0.03,0.01,0.01,0.0,0.05,0.035,6.179243545032823,8.582853217293055,14.762096762325879,0.5994165050509693,0.20419683139098957,8.848644448497607,72.29530655551592,81.14395100401353,0.10904872561677378,SA3_PPP_recalibrated_original_reference,PPP,210.326761,0.3350915721086011,0.023992067003357848,134.63921830927262,5.526758769722076,3.321885678775531,42.22115143183103
2045,S3,"NATO→5%, nonNATO→3.5%",0.07,0.03,0.01,0.01,0.0,0.05,0.035,6.364620851383808,8.840338813811847,15.204959665195656,0.5934223400004596,0.20215486307707967,9.022962744133011,73.71952409465959,82.7424868387926,0.10904872561677378,SA3_PPP_recalibrated_original_reference,PPP,210.326761,0.3350915721086011,0.023992067003357848,143.66218105340562,5.635635917485601,3.38732682664741,45.60847825847844
2046,S3,"NATO→5%, nonNATO→3.5%",0.07,0.03,0.01,0.01,0.0,0.05,0.035,6.555559476925322,9.105548978226203,15.661108455151524,0.587488116600455,0.20013331444630886,9.20071511019243,75.17179871932437,84.3725138295168,0.10904872561677378,SA3_PPP_recalibrated_original_reference,PPP,210.326761,0.3350915721086011,0.023992067003357848,152.86289616359807,5.746657945060067,3.4540571651323626,49.062535423610804
2047,S3,"NATO→5%, nonNATO→3.5%",0.07,0.03,0.01,0.01,0.0,0.05,0.035,6.7522262612330834,9.37871544757299,16.130941708806073,0.5816132354344504,0.19813198130184578,9.381969197863222,76.65268315409509,86.03465235195831,0.10904872561677377,SA3_PPP_recalibrated_original_reference,PPP,210.326761,0.3350915721086011,0.023992067003357848,162.24486536146128,5.859867106577752,3.52210209128547,52.58463751489627
2048,S3,"NATO→5%, nonNATO→3.5%",0.07,0.03,0.01,0.01,0.0,0.05,0.035,6.954793049070076,9.66007691100018,16.614869960070255,0.5757971030801059,0.19615066148882732,9.566793991061127,78.16274101223075,87.72953500329189,0.10904872561677377,SA3_PPP_recalibrated_original_reference,PPP,210.326761,0.3350915721086011,0.023992067003357848,171.8116593525224,5.975306488577332,3.591487502483795,56.176125017380066
2049,S3,"NATO→5%, nonNATO→3.5%",0.07,0.03,0.01,0.01,0.0,0.05,0.035,7.163436840542177,9.949879218330185,17.113316058872364,0.5700391320493048,0.194189154873939,9.75525983268503,79.70254701017168,89.45780684285671,0.1090487256167738,SA3_PPP_recalibrated_original_reference,PPP,210.326761,0.3350915721086011,0.023992067003357848,181.56691918520744,6.093020026402305,3.6622398062827255,59.83836482366279
2050,S3,"NATO→5%, nonNATO→3.5%",0.07,0.03,0.01,0.01,0.0,0.05,0.035,7.378339945758443,10.24837559488009,17.626715540638532,0.5643387407288118,0.19224726332519965,9.947438451388928,81.27268718627207,91.220125637661,0.10904872561677381,SA3_PPP_recalibrated_original_reference,PPP,210.326761,0.3350915721086011,0.023992067003357848,191.51435763659637,6.213052520922432,3.7343859304664964,63.57275075412929
