year,analysis,ssp,scenario_code,scenario,s_mil_2025_assumed,GDP_world,GDP_NATO,GDP_nonNATO,s_NATO_GDP,m_NATO,m_nonNATO,M_NATO,M_nonNATO,M_global,eta_mil,eta_rest,economy_GHG_intensity,intensity_multiplier_q,E_mil_Gt,E_rest_Gt,E_world_Gt,E_world_AR6_Gt,s_mil,GDP_model_basis,bloc_split_basis,ar6_model,ar6_scenario,world_GHG_minus_AR6_Gt,E_mil_S0_Gt,E_world_S0_Gt,incremental_E_mil_vs_S0_Gt,incremental_E_world_vs_S0_Gt,cum_E_mil_Gt,cum_incremental_E_mil_vs_S0_Gt,cum_incremental_E_world_vs_S0_Gt
2025,SA1_AR6_fixed_split,SSP1-1.9,S0,Baseline,0.033,138.56683200039697,69.53283629779921,69.03399570259776,0.5018,0.027,0.022985547972701727,1.8773865800405787,1.5867842199693458,3.4641708000099243,0.34955595203439743,0.26264227320688605,0.26481511517757383,1.0,1.2109215220072294,35.48367005396942,36.694591575976645,36.694591575976645,0.033,AR6 World GDP level and trajectory (unrebased),Fixed original NATO GDP share = 0.5018,IMAGE 3.0.1,SSP1-19,0.0,1.2109215220072294,36.694591575976645,0.0,0.0,1.2109215220072294,0.0,0.0
2026,SA1_AR6_fixed_split,SSP1-1.9,S0,Baseline,0.033,144.59391012503605,72.55722410074308,72.03668602429296,0.5018,0.027,0.022985547972701727,1.9590450507200632,1.655802702405838,3.6148477531259013,0.31718477030701875,0.23831987015298148,0.24029149265683242,0.9073934185958498,1.1465746542700819,33.598111838762705,34.74468649303279,34.74468649303279,0.032999999999999995,AR6 World GDP level and trajectory (unrebased),Fixed original NATO GDP share = 0.5018,IMAGE 3.0.1,SSP1-19,0.0,1.1465746542700819,34.74468649303279,0.0,0.0,2.3574961762773112,0.0,0.0
2027,SA1_AR6_fixed_split,SSP1-1.9,S0,Baseline,0.033,150.8831409610859,75.71316013427291,75.16998082681299,0.5018,0.027,0.022985547972701727,2.0442553236253684,1.727823200401779,3.7720785240271475,0.28691996641145184,0.2155801146230567,0.2173636109177666,0.820812704637391,1.082284643415228,31.71421970250078,32.796504345916006,32.796504345916006,0.032999999999999995,AR6 World GDP level and trajectory (unrebased),Fixed original NATO GDP share = 0.5018,IMAGE 3.0.1,SSP1-19,0.0,1.082284643415228,32.796504345916006,0.0,0.0,3.4397808196925395,0.0,0.0
2028,SA1_AR6_fixed_split,SSP1-1.9,S0,Baseline,0.033,157.44592705596344,79.00636619668245,78.43956085928099,0.5018,0.027,0.022985547972701727,2.133171887310426,1.8029762890886598,3.9361481763990858,0.2586415561198641,0.19433285529752028,0.19594057281807886,0.7399146105640133,1.018051489462225,29.831993645756715,30.850045135218938,30.850045135218938,0.033,AR6 World GDP level and trajectory (unrebased),Fixed original NATO GDP share = 0.5018,IMAGE 3.0.1,SSP1-19,0.0,1.018051489462225,30.850045135218938,0.0,0.0,4.457832309154764,0.0,0.0
2029,SA1_AR6_fixed_split,SSP1-1.9,S0,Baseline,0.033,164.2941669202464,82.44281296057964,81.85135395966675,0.5018,0.027,0.022985547972701727,2.2259559499356505,1.8813982230705095,4.10735417300616,0.23223592436260723,0.17449272638589058,0.17593630633530852,0.6643741095266902,0.9538751930526976,27.951433687332077,28.905308880384776,28.90530888038478,0.033,AR6 World GDP level and trajectory (unrebased),Fixed original NATO GDP share = 0.5018,IMAGE 3.0.1,SSP1-19,-3.552713678800501e-15,0.9538751930526976,28.905308880384776,0.0,0.0,5.411707502207462,0.0,0.0
2030,SA1_AR6_fixed_split,SSP1-1.9,S0,Baseline,0.033,171.44027659999995,86.02873079787997,85.41154580211997,0.5018,0.027,0.022985547972701727,2.3227757315427593,1.9632311834572393,4.286006914999999,0.20759550117052517,0.15597890414288876,0.1572693190685797,0.5938834683326951,0.8897557535397612,26.072539808271184,26.962295561810944,26.962295561810947,0.033,AR6 World GDP level and trajectory (unrebased),Fixed original NATO GDP share = 0.5018,IMAGE 3.0.1,SSP1-19,-3.552713678800501e-15,0.8897557535397612,26.962295561810944,0.0,0.0,6.301463255747223,0.0,0.0
2031,SA1_AR6_fixed_split,SSP1-1.9,S0,Baseline,0.033,177.7089843520823,89.1743683478749,88.5346160042074,0.5018,0.027,0.022985547972701727,2.4077079453926222,2.035016663409435,4.442724608802058,0.19052470098680738,0.14315259196133856,0.14433689468697528,0.5450477952898914,0.8464487776587428,24.8035141816971,25.649962959355843,25.64996295935584,0.033,AR6 World GDP level and trajectory (unrebased),Fixed original NATO GDP share = 0.5018,IMAGE 3.0.1,SSP1-19,3.552713678800501e-15,0.8464487776587428,25.649962959355843,0.0,0.0,7.147912033405966,0.0,0.0
2032,SA1_AR6_fixed_split,SSP1-1.9,S0,Baseline,0.033,184.20690718512637,92.43502602549641,91.77188115962996,0.5018,0.027,0.022985547972701727,2.495745702688403,2.1094269769397562,4.60517267962816,0.17440891003352915,0.1310438352777177,0.132127962146613,0.49894418624108205,0.8031831475701341,23.535700112130893,24.338883259701028,24.338883259701028,0.03300000000000001,AR6 World GDP level and trajectory (unrebased),Fixed original NATO GDP share = 0.5018,IMAGE 3.0.1,SSP1-19,0.0,0.8031831475701341,24.338883259701028,0.0,0.0,7.9510951809761,0.0,0.0
2033,SA1_AR6_fixed_split,SSP1-1.9,S0,Baseline,0.033,190.94242634059682,95.81490953771149,95.12751680288534,0.5018,0.027,0.022985547972701727,2.5870025575182103,2.1865581009967103,4.773560658514921,0.15920167728578036,0.11961773266149932,0.12060733127710635,0.45543975537888826,0.7599588634609895,22.269097605053847,23.02905646851484,23.02905646851484,0.032999999999999995,AR6 World GDP level and trajectory (unrebased),Fixed original NATO GDP share = 0.5018,IMAGE 3.0.1,SSP1-19,0.0,0.7599588634609895,23.02905646851484,0.0,0.0,8.71105404443709,0.0,0.0
2034,SA1_AR6_fixed_split,SSP1-1.9,S0,Baseline,0.033,197.92422951976133,99.31837837301624,98.60585114674508,0.5018,0.027,0.022985547972701727,2.6815962160714384,2.2665095219225946,4.948105737994033,0.14485865154634198,0.10884096040816839,0.10974140268662272,0.41440762402491554,0.7167759249145329,21.003706648253136,21.72048257316767,21.72048257316767,0.032999999999999995,AR6 World GDP level and trajectory (unrebased),Fixed original NATO GDP share = 0.5018,IMAGE 3.0.1,SSP1-19,0.0,0.7167759249145329,21.72048257316767,0.0,0.0,9.427829969351622,0.0,0.0
2035,SA1_AR6_fixed_split,SSP1-1.9,S0,Baseline,0.033,205.16132208938131,102.94995142445156,102.21137066492976,0.5018,0.027,0.022985547972701727,2.779648688460192,2.349384363774341,5.129033052234533,0.13133749111224877,0.09868170466631279,0.0994980993274612,0.3757266622063547,0.6736343329122831,19.739527270490235,20.413161603402518,20.41316160340252,0.033,AR6 World GDP level and trajectory (unrebased),Fixed original NATO GDP share = 0.5018,IMAGE 3.0.1,SSP1-19,-3.552713678800501e-15,0.6736343329122831,20.413161603402518,0.0,0.0,10.101464302263906,0.0,0.0
2025,SA1_AR6_fixed_split,SSP1-1.9,S1,"NATO→3.5%, nonNATO holds",0.033,138.56683200039697,69.53283629779921,69.03399570259776,0.5018,0.027,0.022985547972701727,1.8773865800405787,1.5867842199693458,3.4641708000099243,0.34955595203439743,0.26264227320688605,0.26481511517757383,1.0,1.2109215220072294,35.48367005396942,36.694591575976645,36.694591575976645,0.033,AR6 World GDP level and trajectory (unrebased),Fixed original NATO GDP share = 0.5018,IMAGE 3.0.1,SSP1-19,0.0,1.2109215220072294,36.694591575976645,0.0,0.0,1.2109215220072294,0.0,0.0
2026,SA1_AR6_fixed_split,SSP1-1.9,S1,"NATO→3.5%, nonNATO holds",0.033,144.59391012503605,72.55722410074308,72.03668602429296,0.5018,0.02740877593256891,0.022985547972701727,1.988704697666456,1.655802702405838,3.644507400072294,0.31718477030701875,0.23831987015298148,0.24029149265683242,0.9073934185958498,1.1559822425741606,33.59104335555366,34.74702559812782,34.74468649303279,0.03326852364124212,AR6 World GDP level and trajectory (unrebased),Fixed original NATO GDP share = 0.5018,IMAGE 3.0.1,SSP1-19,0.0023391050950323233,1.1465746542700819,34.74468649303279,0.009407588304078729,0.0023391050950323233,2.36690376458139,0.009407588304078729,0.0023391050950323233
2027,SA1_AR6_fixed_split,SSP1-1.9,S1,"NATO→3.5%, nonNATO holds",0.033,150.8831409610859,75.71316013427291,75.16998082681299,0.5018,0.028005016140972137,0.022985547972701727,2.120348271644321,1.727823200401779,3.8481714720461,0.28691996641145184,0.2155801146230567,0.2173636109177666,0.820812704637391,1.1041172295049744,31.69781557604485,32.801932805549825,32.796504345916006,0.03366012716537748,AR6 World GDP level and trajectory (unrebased),Fixed original NATO GDP share = 0.5018,IMAGE 3.0.1,SSP1-19,0.005428459633819216,1.082284643415228,32.796504345916006,0.021832586089746364,0.005428459633819216,3.4710209940863646,0.031240174393825093,0.007767564728851539
2028,SA1_AR6_fixed_split,SSP1-1.9,S1,"NATO→3.5%, nonNATO holds",0.033,157.44592705596344,79.00636619668245,78.43956085928099,0.5018,0.028820930945768986,0.022985547972701727,2.277037024430722,1.8029762890886598,4.080013313519382,0.2586415561198641,0.19433285529752028,0.19594057281807886,0.7399146105640133,1.055260992398416,29.80403592288236,30.859296915280776,30.850045135218938,0.03419588577456787,AR6 World GDP level and trajectory (unrebased),Fixed original NATO GDP share = 0.5018,IMAGE 3.0.1,SSP1-19,0.009251780061838133,1.018051489462225,30.850045135218938,0.037209502936190963,0.009251780061838133,4.52628198648478,0.06844967733001606,0.017019344790689672
2029,SA1_AR6_fixed_split,SSP1-1.9,S1,"NATO→3.5%, nonNATO holds",0.033,164.2941669202464,82.44281296057964,81.85135395966675,0.5018,0.029845109579542582,0.022985547972701727,2.4605147868542327,1.8813982230705095,4.341913009924742,0.23223592436260723,0.17449272638589058,0.17593630633530852,0.6643741095266902,1.0083481813619026,27.91050487638025,28.918853057742155,28.90530888038478,0.0348681940929171,AR6 World GDP level and trajectory (unrebased),Fixed original NATO GDP share = 0.5018,IMAGE 3.0.1,SSP1-19,0.013544177357374565,0.9538751930526976,28.905308880384776,0.054472988309204995,0.013544177357378118,5.534630167846683,0.12292266563922105,0.03056352214806779
2030,SA1_AR6_fixed_split,SSP1-1.9,S1,"NATO→3.5%, nonNATO holds",0.033,171.44027659999995,86.02873079787997,85.41154580211997,0.5018,0.030999999999995285,0.022985547972701727,2.6668906547338733,1.9632311834572393,4.630121838191113,0.20759550117052517,0.15597890414288876,0.1572693190685797,0.5938834683326951,0.9611924634798773,26.01886513965262,26.980057603132497,26.962295561810947,0.035626034518483715,AR6 World GDP level and trajectory (unrebased),Fixed original NATO GDP share = 0.5018,IMAGE 3.0.1,SSP1-19,0.017762041321550015,0.8897557535397612,26.962295561810944,0.07143670994011608,0.017762041321553568,6.49582263132656,0.19435937557933713,0.04832556346962136
2031,SA1_AR6_fixed_split,SSP1-1.9,S1,"NATO→3.5%, nonNATO holds",0.033,177.7089843520823,89.1743683478749,88.5346160042074,0.5018,0.03215489042044799,0.022985547972701727,2.867392042538583,2.035016663409435,4.902408705948018,0.19052470098680738,0.14315259196133856,0.14433689468697528,0.5450477952898914,0.9340299528158673,24.737709211707248,25.671739164523114,25.64996295935584,0.03638358690192068,AR6 World GDP level and trajectory (unrebased),Fixed original NATO GDP share = 0.5018,IMAGE 3.0.1,SSP1-19,0.0217762051672743,0.8464487776587428,25.649962959355843,0.08758117515712449,0.021776205167270746,7.429852584142427,0.2819405507364616,0.0701017686368921
2032,SA1_AR6_fixed_split,SSP1-1.9,S1,"NATO→3.5%, nonNATO holds",0.033,184.20690718512637,92.43502602549641,91.77188115962996,0.5018,0.033179069054221584,0.022985547972701727,3.066908111528715,2.1094269769397562,5.176335088468472,0.17440891003352915,0.1310438352777177,0.132127962146613,0.49894418624108205,0.9027989607480978,23.46085279951,24.363651760258097,24.338883259701028,0.037055157807695326,AR6 World GDP level and trajectory (unrebased),Fixed original NATO GDP share = 0.5018,IMAGE 3.0.1,SSP1-19,0.024768500557069473,0.8031831475701341,24.338883259701028,0.09961581317796375,0.024768500557069473,8.332651544890526,0.3815563639144254,0.09487026919396158
2033,SA1_AR6_fixed_split,SSP1-1.9,S1,"NATO→3.5%, nonNATO holds",0.033,190.94242634059682,95.81490953771149,95.12751680288534,0.5018,0.03399498385901843,0.022985547972701727,3.2572263031878133,2.1865581009967103,5.443784404184523,0.15920167728578036,0.11961773266149932,0.12060733127710635,0.45543975537888826,0.8666596079283485,22.188926960220954,23.0555865681493,23.02905646851484,0.0375900047204011,AR6 World GDP level and trajectory (unrebased),Fixed original NATO GDP share = 0.5018,IMAGE 3.0.1,SSP1-19,0.02653009963446351,0.7599588634609895,23.02905646851484,0.106700744467359,0.02653009963446351,9.199311152818874,0.4882571083817844,0.12140036882842509
2034,SA1_AR6_fixed_split,SSP1-1.9,S1,"NATO→3.5%, nonNATO holds",0.033,197.92422951976133,99.31837837301624,98.60585114674508,0.5018,0.034591224067421655,0.022985547972701727,3.43554428031397,2.2665095219225946,5.7020538022365646,0.14485865154634198,0.10884096040816839,0.10974140268662272,0.41440762402491554,0.8259918248366809,20.921646216843097,21.747638041679778,21.72048257316767,0.03798076017513494,AR6 World GDP level and trajectory (unrebased),Fixed original NATO GDP share = 0.5018,IMAGE 3.0.1,SSP1-19,0.027155468512109593,0.7167759249145329,21.72048257316767,0.10921589992214797,0.027155468512109593,10.025302977655555,0.5974730083039324,0.14855583734053468
2035,SA1_AR6_fixed_split,SSP1-1.9,S1,"NATO→3.5%, nonNATO holds",0.033,205.16132208938131,102.94995142445156,102.21137066492976,0.5018,0.03499999999999057,0.022985547972701727,3.603248299854834,2.349384363774341,5.952632663629175,0.13133749111224877,0.09868170466631279,0.0994980993274612,0.3757266622063547,0.7818038395538784,19.6582530568753,20.440056896429176,20.41316160340252,0.038248613666552835,AR6 World GDP level and trajectory (unrebased),Fixed original NATO GDP share = 0.5018,IMAGE 3.0.1,SSP1-19,0.026895293026655054,0.6736343329122831,20.413161603402518,0.1081695066415953,0.026895293026658607,10.807106817209434,0.7056425149455277,0.1754511303671933
2025,SA1_AR6_fixed_split,SSP1-1.9,S2,"NATO→3.5%, nonNATO→3.5%",0.033,138.56683200039697,69.53283629779921,69.03399570259776,0.5018,0.027,0.022985547972701727,1.8773865800405787,1.5867842199693458,3.4641708000099243,0.34955595203439743,0.26264227320688605,0.26481511517757383,1.0,1.2109215220072294,35.48367005396942,36.694591575976645,36.694591575976645,0.033,AR6 World GDP level and trajectory (unrebased),Fixed original NATO GDP share = 0.5018,IMAGE 3.0.1,SSP1-19,0.0,1.2109215220072294,36.694591575976645,0.0,0.0,1.2109215220072294,0.0,0.0
2026,SA1_AR6_fixed_split,SSP1-1.9,S2,"NATO→3.5%, nonNATO→3.5%",0.033,144.59391012503605,72.55722410074308,72.03668602429296,0.5018,0.02740877593256891,0.023599450326672138,1.988704697666456,1.7000261935283787,3.688730891194835,0.31718477030701875,0.23831987015298148,0.24029149265683242,0.9073934185958498,1.1700092604480383,33.58050401889162,34.75051327933966,34.74468649303279,0.033668833926077515,AR6 World GDP level and trajectory (unrebased),Fixed original NATO GDP share = 0.5018,IMAGE 3.0.1,SSP1-19,0.0058267863068692805,1.1465746542700819,34.74468649303279,0.023434606177956452,0.0058267863068692805,2.380930782455268,0.023434606177956452,0.0058267863068692805
2027,SA1_AR6_fixed_split,SSP1-1.9,S2,"NATO→3.5%, nonNATO→3.5%",0.033,150.8831409610859,75.71316013427291,75.16998082681299,0.5018,0.028005016140972137,0.024494887749248,2.120348271644321,1.8412802424659085,3.9616285141102296,0.28691996641145184,0.2155801146230567,0.2173636109177666,0.820812704637391,1.136670320203157,31.673356493911868,32.81002681411503,32.796504345916006,0.03464399241862722,AR6 World GDP level and trajectory (unrebased),Fixed original NATO GDP share = 0.5018,IMAGE 3.0.1,SSP1-19,0.01352246819902092,1.082284643415228,32.796504345916006,0.05438567678792894,0.01352246819902092,3.517601102658425,0.07782028296588539,0.0193492545058902
2028,SA1_AR6_fixed_split,SSP1-1.9,S2,"NATO→3.5%, nonNATO→3.5%",0.033,157.44592705596344,79.00636619668245,78.43956085928099,0.5018,0.028820930945768986,0.025720233909322272,2.277037024430722,2.017483853045227,4.294520877475948,0.2586415561198641,0.19433285529752028,0.19594057281807886,0.7399146105640133,1.1107415625396235,29.762350055495762,30.873091618035385,30.850045135218938,0.03597765900097782,AR6 World GDP level and trajectory (unrebased),Fixed original NATO GDP share = 0.5018,IMAGE 3.0.1,SSP1-19,0.023046482816447167,1.018051489462225,30.850045135218938,0.09269007307739852,0.023046482816447167,4.628342665198048,0.1705103560432839,0.04239573732233737
2029,SA1_AR6_fixed_split,SSP1-1.9,S2,"NATO→3.5%, nonNATO→3.5%",0.033,164.2941669202464,82.44281296057964,81.85135395966675,0.5018,0.029845109579542582,0.027258352042179364,2.4605147868542327,2.2311330213616283,4.691647808215861,0.23223592436260723,0.17449272638589058,0.17593630633530852,0.6643741095266902,1.0895691655248108,27.849478697914417,28.939047863439228,28.90530888038478,0.03765048424075284,AR6 World GDP level and trajectory (unrebased),Fixed original NATO GDP share = 0.5018,IMAGE 3.0.1,SSP1-19,0.03373898305444811,0.9538751930526976,28.905308880384776,0.13569397247211312,0.033738983054451666,5.7179118307228585,0.30620432851539703,0.07613472037678903
2030,SA1_AR6_fixed_split,SSP1-1.9,S2,"NATO→3.5%, nonNATO→3.5%",0.033,171.44027659999995,86.02873079787997,85.41154580211997,0.5018,0.030999999999995285,0.028992773986343784,2.6668906547338733,2.4763176432651144,5.143208297998988,0.20759550117052517,0.15597890414288876,0.1572693190685797,0.5938834683326951,1.0677069042475036,25.93883447592123,27.006541380168734,26.962295561810947,0.03953512185131322,AR6 World GDP level and trajectory (unrebased),Fixed original NATO GDP share = 0.5018,IMAGE 3.0.1,SSP1-19,0.04424581835778696,0.8897557535397612,26.962295561810944,0.17795115070774237,0.04424581835779051,6.785618734970362,0.4841554792231394,0.12038053873457955
2031,SA1_AR6_fixed_split,SSP1-1.9,S2,"NATO→3.5%, nonNATO→3.5%",0.033,177.7089843520823,89.1743683478749,88.5346160042074,0.5018,0.03215489042044799,0.0307271959305082,2.867392042538583,2.7204204925935875,5.587812535132171,0.19052470098680738,0.14315259196133856,0.14433689468697528,0.5450477952898914,1.064616312426391,24.639591877019306,25.704208189445698,25.64996295935584,0.04141797734362924,AR6 World GDP level and trajectory (unrebased),Fixed original NATO GDP share = 0.5018,IMAGE 3.0.1,SSP1-19,0.054245230089858154,0.8464487776587428,25.649962959355843,0.21816753476764816,0.0542452300898546,7.850235047396754,0.7023230139907876,0.17462576882443415
2032,SA1_AR6_fixed_split,SSP1-1.9,S2,"NATO→3.5%, nonNATO→3.5%",0.033,184.20690718512637,92.43502602549641,91.77188115962996,0.5018,0.033179069054221584,0.032265314063365295,3.066908111528715,2.961048567801297,6.027956679330012,0.17440891003352915,0.1310438352777177,0.132127962146613,0.49894418624108205,1.0513293541712792,23.349253040038196,24.400582394209476,24.338883259701028,0.043086240204691637,AR6 World GDP level and trajectory (unrebased),Fixed original NATO GDP share = 0.5018,IMAGE 3.0.1,SSP1-19,0.061699134508447884,0.8031831475701341,24.338883259701028,0.24814620660114506,0.061699134508447884,8.901564401568033,0.9504692205919326,0.23632490333288203
2033,SA1_AR6_fixed_split,SSP1-1.9,S2,"NATO→3.5%, nonNATO→3.5%",0.033,190.94242634059682,95.81490953771149,95.12751680288534,0.5018,0.03399498385901843,0.033490660223439564,3.2572263031878133,3.1858833431449707,6.443109646332784,0.15920167728578036,0.11961773266149932,0.12060733127710635,0.45543975537888826,1.0257538626323703,22.069389940563777,23.095143803196148,23.02905646851484,0.04441426610603809,AR6 World GDP level and trajectory (unrebased),Fixed original NATO GDP share = 0.5018,IMAGE 3.0.1,SSP1-19,0.06608733468130978,0.7599588634609895,23.02905646851484,0.26579499917138083,0.06608733468130978,9.927318264200403,1.2162642197633136,0.3024122380141918
2034,SA1_AR6_fixed_split,SSP1-1.9,S2,"NATO→3.5%, nonNATO→3.5%",0.033,197.92422951976133,99.31837837301624,98.60585114674508,0.5018,0.034591224067421655,0.034386097646015426,3.43554428031397,3.3906704260004386,6.826214706314408,0.14485865154634198,0.10884096040816839,0.10974140268662272,0.41440762402491554,0.9888362575225139,20.799291464389952,21.788127721912467,21.72048257316767,0.04538417757336876,AR6 World GDP level and trajectory (unrebased),Fixed original NATO GDP share = 0.5018,IMAGE 3.0.1,SSP1-19,0.06764514874479843,0.7167759249145329,21.72048257316767,0.272060332607981,0.06764514874479843,10.916154521722916,1.4883245523712945,0.37005738675899025
2035,SA1_AR6_fixed_split,SSP1-1.9,S2,"NATO→3.5%, nonNATO→3.5%",0.033,205.16132208938131,102.94995142445156,102.21137066492976,0.5018,0.03499999999999057,0.03499999999998584,3.603248299854834,3.5773979732710943,7.180646273125928,0.13133749111224877,0.09868170466631279,0.0994980993274612,0.3757266622063547,0.9430880660768789,19.53707058053673,20.48015864661361,20.41316160340252,0.04604886526271213,AR6 World GDP level and trajectory (unrebased),Fixed original NATO GDP share = 0.5018,IMAGE 3.0.1,SSP1-19,0.06699704321108868,0.6736343329122831,20.413161603402518,0.26945373316459575,0.06699704321109223,11.859242587799796,1.75777828553589,0.4370544299700825
2025,SA1_AR6_fixed_split,SSP1-1.9,S3,"NATO→5%, nonNATO→3.5%",0.033,138.56683200039697,69.53283629779921,69.03399570259776,0.5018,0.027,0.022985547972701727,1.8773865800405787,1.5867842199693458,3.4641708000099243,0.34955595203439743,0.26264227320688605,0.26481511517757383,1.0,1.2109215220072294,35.48367005396942,36.694591575976645,36.694591575976645,0.033,AR6 World GDP level and trajectory (unrebased),Fixed original NATO GDP share = 0.5018,IMAGE 3.0.1,SSP1-19,0.0,1.2109215220072294,36.694591575976645,0.0,0.0,1.2109215220072294,0.0,0.0
2026,SA1_AR6_fixed_split,SSP1-1.9,S3,"NATO→5%, nonNATO→3.5%",0.033,144.59391012503605,72.55722410074308,72.03668602429296,0.5018,0.02817523080613562,0.023599450326672138,2.0443165356909425,1.7000261935283787,3.744342729219321,0.31718477030701875,0.23831987015298148,0.24029149265683242,0.9073934185958498,1.187648488518186,33.56725061287466,34.754899101392844,34.74468649303279,0.034172117290669664,AR6 World GDP level and trajectory (unrebased),Fixed original NATO GDP share = 0.5018,IMAGE 3.0.1,SSP1-19,0.010212608360056663,1.1465746542700819,34.74468649303279,0.04107383424810407,0.010212608360056663,2.3985700105254155,0.04107383424810407,0.010212608360056663
2027,SA1_AR6_fixed_split,SSP1-1.9,S3,"NATO→5%, nonNATO→3.5%",0.033,150.8831409610859,75.71316013427291,75.16998082681299,0.5018,0.029889421405294894,0.024494887749248,2.263022549179857,1.8412802424659085,4.1043027916457655,0.28691996641145184,0.2155801146230567,0.2173636109177666,0.820812704637391,1.177606419121431,31.642598756806994,32.82020517592842,32.796504345916006,0.03588053191041999,AR6 World GDP level and trajectory (unrebased),Fixed original NATO GDP share = 0.5018,IMAGE 3.0.1,SSP1-19,0.023700830012415963,1.082284643415228,32.796504345916006,0.09532177570620304,0.023700830012415963,3.5761764296468463,0.1363956099543071,0.033913438372472626
2028,SA1_AR6_fixed_split,SSP1-1.9,S3,"NATO→5%, nonNATO→3.5%",0.033,157.44592705596344,79.00636619668245,78.43956085928099,0.5018,0.03223517646908584,0.025720233909322272,2.546784156531277,2.017483853045227,4.564268009576503,0.2586415561198641,0.19433285529752028,0.19594057281807886,0.7399146105640133,1.1805093805449816,29.709929325106348,30.89043870565133,30.850045135218938,0.03821601213870136,AR6 World GDP level and trajectory (unrebased),Fixed original NATO GDP share = 0.5018,IMAGE 3.0.1,SSP1-19,0.04039357043239278,1.018051489462225,30.850045135218938,0.16245789108275654,0.04039357043239278,4.7566858101918275,0.29885350103706365,0.0743070088048654
2029,SA1_AR6_fixed_split,SSP1-1.9,S3,"NATO→5%, nonNATO→3.5%",0.033,164.2941669202464,82.44281296057964,81.85135395966675,0.5018,0.03517969004118492,0.027258352042179364,2.900312606076575,2.2311330213616283,5.131445627438204,0.23223592436260723,0.17449272638589058,0.17593630633530852,0.6643741095266902,1.1917060186045703,27.77273717737974,28.96444319598431,28.90530888038478,0.04114375721090302,AR6 World GDP level and trajectory (unrebased),Fixed original NATO GDP share = 0.5018,IMAGE 3.0.1,SSP1-19,0.059134315599528975,0.9538751930526976,28.905308880384776,0.23783082555187263,0.05913431559953253,5.948391828796398,0.5366843265889363,0.13344132440439793
2030,SA1_AR6_fixed_split,SSP1-1.9,S3,"NATO→5%, nonNATO→3.5%",0.033,171.44027659999995,86.02873079787997,85.41154580211997,0.5018,0.03849999999998644,0.028992773986343784,3.3121061357172126,2.4763176432651144,5.788423778982327,0.20759550117052517,0.15597890414288876,0.1572693190685797,0.5938834683326951,1.2016507353852215,25.838194472261424,27.039845207646646,26.962295561810947,0.04444000053097214,AR6 World GDP level and trajectory (unrebased),Fixed original NATO GDP share = 0.5018,IMAGE 3.0.1,SSP1-19,0.07754964583569901,0.8897557535397612,26.962295561810944,0.3118949818454603,0.07754964583570256,7.15004256418162,0.8485793084343966,0.2109909702401005
2031,SA1_AR6_fixed_split,SSP1-1.9,S3,"NATO→5%, nonNATO→3.5%",0.033,177.7089843520823,89.1743683478749,88.5346160042074,0.5018,0.041820309958787966,0.0307271959305082,3.7292997246872592,2.7204204925935875,6.449720217280847,0.19052470098680738,0.14315259196133856,0.14433689468697528,0.5450477952898914,1.2288310158459996,24.516207558288333,25.745038574134334,25.64996295935584,0.047730789460948345,AR6 World GDP level and trajectory (unrebased),Fixed original NATO GDP share = 0.5018,IMAGE 3.0.1,SSP1-19,0.09507561477849436,0.8464487776587428,25.649962959355843,0.3823822381872568,0.0950756147784908,8.37887358002762,1.2309615466216535,0.3060665850185913
2032,SA1_AR6_fixed_split,SSP1-1.9,S3,"NATO→5%, nonNATO→3.5%",0.033,184.20690718512637,92.43502602549641,91.77188115962996,0.5018,0.04476482353088705,0.032265314063365295,4.137837628104299,2.961048567801297,7.098886195905596,0.17440891003352915,0.1310438352777177,0.132127962146613,0.49894418624108205,1.2381090038799611,23.208914328874016,24.44702333275398,24.338883259701028,0.050644570794070864,AR6 World GDP level and trajectory (unrebased),Fixed original NATO GDP share = 0.5018,IMAGE 3.0.1,SSP1-19,0.10814007305295092,0.8031831475701341,24.338883259701028,0.43492585630982705,0.10814007305295092,9.61698258390758,1.6658874029314803,0.4142066580715422
2033,SA1_AR6_fixed_split,SSP1-1.9,S3,"NATO→5%, nonNATO→3.5%",0.033,190.94242634059682,95.81490953771149,95.12751680288534,0.5018,0.04711057859467799,0.033490660223439564,4.513895826318318,3.1858833431449707,7.699779169463289,0.15920167728578036,0.11961773266149932,0.12060733127710635,0.45543975537888826,1.2258177585086685,21.919069981502098,23.144887740010766,23.02905646851484,0.05296278695660238,AR6 World GDP level and trajectory (unrebased),Fixed original NATO GDP share = 0.5018,IMAGE 3.0.1,SSP1-19,0.11583127149592798,0.7599588634609895,23.02905646851484,0.46585889504767897,0.11583127149592798,10.842800342416249,2.1317462979791593,0.5300379295674702
2034,SA1_AR6_fixed_split,SSP1-1.9,S3,"NATO→5%, nonNATO→3.5%",0.033,197.92422951976133,99.31837837301624,98.60585114674508,0.5018,0.04882476919383726,0.034386097646015426,4.849196900768717,3.3906704260004386,8.239867326769154,0.14485865154634198,0.10884096040816839,0.10974140268662272,0.41440762402491554,1.1936160698765412,20.645428155496134,21.839044225372675,21.72048257316767,0.054655142301959996,AR6 World GDP level and trajectory (unrebased),Fixed original NATO GDP share = 0.5018,IMAGE 3.0.1,SSP1-19,0.11856165220500614,0.7167759249145329,21.72048257316767,0.4768401449620083,0.11856165220500614,12.036416412292791,2.6085864429411676,0.6485995817724763
2035,SA1_AR6_fixed_split,SSP1-1.9,S3,"NATO→5%, nonNATO→3.5%",0.033,205.16132208938131,102.94995142445156,102.21137066492976,0.5018,0.049999999999972886,0.03499999999998584,5.147497571219787,3.5773979732710943,8.724895544490881,0.13133749111224877,0.09868170466631279,0.0994980993274612,0.3757266622063547,1.1459058910298698,19.384681430008722,20.530587321038592,20.41316160340252,0.055814569408621346,AR6 World GDP level and trajectory (unrebased),Fixed original NATO GDP share = 0.5018,IMAGE 3.0.1,SSP1-19,0.11742571763607046,0.6736343329122831,20.413161603402518,0.4722715581175867,0.11742571763607401,13.18232230332266,3.0808580010587545,0.7660252994085504
2025,SA1_AR6_fixed_split,SSP1-2.6,S0,Baseline,0.033,138.56683200039697,69.53283629779921,69.03399570259776,0.5018,0.027,0.022985547972701727,1.8773865800405787,1.5867842199693458,3.4641708000099243,0.4690146344621055,0.35239871913353227,0.3553141170167466,1.0,1.6247468014809543,47.610004758547966,49.23475156002892,49.23475156002892,0.033,AR6 World GDP level and trajectory (unrebased),Fixed original NATO GDP share = 0.5018,IMAGE 3.0.1,SSP1-26,0.0,1.6247468014809543,49.23475156002892,0.0,0.0,1.6247468014809543,0.0,0.0
2026,SA1_AR6_fixed_split,SSP1-2.6,S0,Baseline,0.033,144.59391012503605,72.55722410074308,72.03668602429296,0.5018,0.027,0.022985547972701727,1.9590450507200632,1.655802702405838,3.6148477531259013,0.44312931215776563,0.3329495298030764,0.33570402436194363,0.9448091372798489,1.6018449983977252,46.938912528806064,48.54075752720379,48.54075752720379,0.033,AR6 World GDP level and trajectory (unrebased),Fixed original NATO GDP share = 0.5018,IMAGE 3.0.1,SSP1-26,0.0,1.6018449983977252,48.54075752720379,0.0,0.0,3.2265917998786797,0.0,0.0
2027,SA1_AR6_fixed_split,SSP1-2.6,S0,Baseline,0.033,150.8831409610859,75.71316013427291,75.16998082681299,0.5018,0.027,0.022985547972701727,2.0442553236253684,1.727823200401779,3.7720785240271475,0.41859163319326004,0.3145129054373601,0.31711487363125757,0.8924916248579884,1.5789605099057455,46.26832766905624,47.84728817896199,47.847288178961975,0.032999999999999995,AR6 World GDP level and trajectory (unrebased),Fixed original NATO GDP share = 0.5018,IMAGE 3.0.1,SSP1-26,1.4210854715202004e-14,1.5789605099057455,47.84728817896199,0.0,0.0,4.805552309784425,0.0,0.0
2028,SA1_AR6_fixed_split,SSP1-2.6,S0,Baseline,0.033,157.44592705596344,79.00636619668245,78.43956085928099,0.5018,0.027,0.022985547972701727,2.133171887310426,1.8029762890886598,3.9361481763990858,0.3953340337010794,0.2970380812656906,0.2994954800765753,0.842903407810446,1.5560933358209983,45.59825017390623,47.15434350972723,47.15434350972723,0.032999999999999995,AR6 World GDP level and trajectory (unrebased),Fixed original NATO GDP share = 0.5018,IMAGE 3.0.1,SSP1-26,0.0,1.5560933358209983,47.15434350972723,0.0,0.0,6.361645645605424,0.0,0.0
2029,SA1_AR6_fixed_split,SSP1-2.6,S0,Baseline,0.033,164.2941669202464,82.44281296057964,81.85135395966675,0.5018,0.027,0.022985547972701727,2.2259559499356505,1.8813982230705095,4.10735417300616,0.37329224889219137,0.2804767713121593,0.28279715825166013,0.7959074652762288,1.5332434762381961,44.92868004613138,46.46192352236958,46.46192352236958,0.033,AR6 World GDP level and trajectory (unrebased),Fixed original NATO GDP share = 0.5018,IMAGE 3.0.1,SSP1-26,0.0,1.5332434762381961,46.46192352236958,0.0,0.0,7.89488912184362,0.0,0.0
2030,SA1_AR6_fixed_split,SSP1-2.6,S0,Baseline,0.033,171.44027659999995,86.02873079787997,85.41154580211997,0.5018,0.027,0.022985547972701727,2.3227757315427593,1.9632311834572393,4.286006914999999,0.35240515498628133,0.264783049628387,0.26697360226233435,0.7513734734321051,1.5104109311528482,44.25961728560013,45.770028216752976,45.77002821675297,0.033,AR6 World GDP level and trajectory (unrebased),Fixed original NATO GDP share = 0.5018,IMAGE 3.0.1,SSP1-26,7.105427357601002e-15,1.5104109311528482,45.770028216752976,0.0,0.0,9.405300052996468,0.0,0.0
2031,SA1_AR6_fixed_split,SSP1-2.6,S0,Baseline,0.033,177.7089843520823,89.1743683478749,88.5346160042074,0.5018,0.027,0.022985547972701727,2.4077079453926222,2.035016663409435,4.442724608802058,0.33193025120568137,0.24939903101468056,0.2514623115194556,0.7077183243681919,1.4746746954373295,43.212437287512046,44.687111982949375,44.687111982949375,0.033,AR6 World GDP level and trajectory (unrebased),Fixed original NATO GDP share = 0.5018,IMAGE 3.0.1,SSP1-26,0.0,1.4746746954373295,44.687111982949375,0.0,0.0,10.879974748433797,0.0,0.0
2032,SA1_AR6_fixed_split,SSP1-2.6,S0,Baseline,0.033,184.20690718512637,92.43502602549641,91.77188115962996,0.5018,0.027,0.022985547972701727,2.495745702688403,2.1094269769397562,4.60517267962816,0.31246647211274065,0.23477473079488748,0.2367170243278338,0.6662190242125305,1.4389620606733875,42.16594886882319,43.60491092949658,43.60491092949658,0.03300000000000001,AR6 World GDP level and trajectory (unrebased),Fixed original NATO GDP share = 0.5018,IMAGE 3.0.1,SSP1-26,0.0,1.4389620606733875,43.60491092949658,0.0,0.0,12.318936809107186,0.0,0.0
2033,SA1_AR6_fixed_split,SSP1-2.6,S0,Baseline,0.033,190.94242634059682,95.81490953771149,95.12751680288534,0.5018,0.027,0.022985547972701727,2.5870025575182103,2.1865581009967103,4.773560658514921,0.29396777947047814,0.22087555769071668,0.2227028632352107,0.6267774134758466,1.4032730269512645,41.12015203217796,42.523425059129224,42.52342505912923,0.033,AR6 World GDP level and trajectory (unrebased),Fixed original NATO GDP share = 0.5018,IMAGE 3.0.1,SSP1-26,-7.105427357601002e-15,1.4032730269512645,42.523425059129224,0.0,0.0,13.722209836058449,0.0,0.0
2034,SA1_AR6_fixed_split,SSP1-2.6,S0,Baseline,0.033,197.92422951976133,99.31837837301624,98.60585114674508,0.5018,0.027,0.022985547972701727,2.6815962160714384,2.2665095219225946,4.948105737994033,0.2763901312336865,0.20766842028203175,0.20938646305582312,0.5892995888084974,1.367607594282328,40.07504677790943,41.442654372191754,41.44265437219176,0.033,AR6 World GDP level and trajectory (unrebased),Fixed original NATO GDP share = 0.5018,IMAGE 3.0.1,SSP1-26,-7.105427357601002e-15,1.367607594282328,41.442654372191754,0.0,0.0,15.089817430340776,0.0,0.0
2035,SA1_AR6_fixed_split,SSP1-2.6,S0,Baseline,0.033,205.16132208938131,102.94995142445156,102.21137066492976,0.5018,0.027,0.022985547972701727,2.779648688460192,2.349384363774341,5.129033052234533,0.25969139777538863,0.1951216640627823,0.19673590740559746,0.5536957243844183,1.3319657625709538,39.03063310321552,40.362598865786474,40.36259886578648,0.033,AR6 World GDP level and trajectory (unrebased),Fixed original NATO GDP share = 0.5018,IMAGE 3.0.1,SSP1-26,-7.105427357601002e-15,1.3319657625709538,40.362598865786474,0.0,0.0,16.421783192911732,0.0,0.0
2025,SA1_AR6_fixed_split,SSP1-2.6,S1,"NATO→3.5%, nonNATO holds",0.033,138.56683200039697,69.53283629779921,69.03399570259776,0.5018,0.027,0.022985547972701727,1.8773865800405787,1.5867842199693458,3.4641708000099243,0.4690146344621055,0.35239871913353227,0.3553141170167466,1.0,1.6247468014809543,47.610004758547966,49.23475156002892,49.23475156002892,0.033,AR6 World GDP level and trajectory (unrebased),Fixed original NATO GDP share = 0.5018,IMAGE 3.0.1,SSP1-26,0.0,1.6247468014809543,49.23475156002892,0.0,0.0,1.6247468014809543,0.0,0.0
2026,SA1_AR6_fixed_split,SSP1-2.6,S1,"NATO→3.5%, nonNATO holds",0.033,144.59391012503605,72.55722410074308,72.03668602429296,0.5018,0.02740877593256891,0.022985547972701727,1.988704697666456,1.655802702405838,3.644507400072294,0.44312931215776563,0.3329495298030764,0.33570402436194363,0.9448091372798489,1.6149880573479223,46.92903736330114,48.544025420649064,48.54075752720379,0.03326852364124213,AR6 World GDP level and trajectory (unrebased),Fixed original NATO GDP share = 0.5018,IMAGE 3.0.1,SSP1-26,0.0032678934452761155,1.6018449983977252,48.54075752720379,0.013143058950197073,0.0032678934452761155,3.239734858828877,0.013143058950197073,0.0032678934452761155
2027,SA1_AR6_fixed_split,SSP1-2.6,S1,"NATO→3.5%, nonNATO holds",0.033,150.8831409610859,75.71316013427291,75.16998082681299,0.5018,0.028005016140972137,0.022985547972701727,2.120348271644321,1.727823200401779,3.8481714720461,0.41859163319326004,0.3145129054373601,0.31711487363125757,0.8924916248579884,1.6108123812914887,46.2443954548915,47.85520783618299,47.847288178961975,0.03366012716537749,AR6 World GDP level and trajectory (unrebased),Fixed original NATO GDP share = 0.5018,IMAGE 3.0.1,SSP1-26,0.007919657221016507,1.5789605099057455,47.84728817896199,0.03185187138574319,0.007919657221002296,4.850547240120365,0.044994930335940264,0.011187550666278412
2028,SA1_AR6_fixed_split,SSP1-2.6,S1,"NATO→3.5%, nonNATO holds",0.033,157.44592705596344,79.00636619668245,78.43956085928099,0.5018,0.028820930945768986,0.022985547972701727,2.277037024430722,1.8029762890886598,4.080013313519382,0.3953340337010794,0.2970380812656906,0.2994954800765753,0.842903407810446,1.612968120787724,45.555516749614995,47.16848487040272,47.15434350972723,0.034195885774567863,AR6 World GDP level and trajectory (unrebased),Fixed original NATO GDP share = 0.5018,IMAGE 3.0.1,SSP1-26,0.014141360675495207,1.5560933358209983,47.15434350972723,0.05687478496672571,0.014141360675495207,6.463515360908089,0.10186971530266598,0.02532891134177362
2029,SA1_AR6_fixed_split,SSP1-2.6,S1,"NATO→3.5%, nonNATO holds",0.033,164.2941669202464,82.44281296057964,81.85135395966675,0.5018,0.029845109579542582,0.022985547972701727,2.4605147868542327,1.8813982230705095,4.341913009924742,0.37329224889219137,0.2804767713121593,0.28279715825166013,0.7959074652762288,1.6208024719690706,44.86289174086972,46.48369421283879,46.46192352236958,0.0348681940929171,AR6 World GDP level and trajectory (unrebased),Fixed original NATO GDP share = 0.5018,IMAGE 3.0.1,SSP1-26,0.021770690469210763,1.5332434762381961,46.46192352236958,0.08755899573087444,0.021770690469210763,8.08431783287716,0.18942871103354042,0.04709960181098438
2030,SA1_AR6_fixed_split,SSP1-2.6,S1,"NATO→3.5%, nonNATO holds",0.033,171.44027659999995,86.02873079787997,85.41154580211997,0.5018,0.030999999999995285,0.022985547972701727,2.6668906547338733,1.9632311834572393,4.630121838191113,0.35240515498628133,0.264783049628387,0.26697360226233435,0.7513734734321051,1.631678803993105,44.16850148681495,45.80018029080805,45.77002821675297,0.03562603451848371,AR6 World GDP level and trajectory (unrebased),Fixed original NATO GDP share = 0.5018,IMAGE 3.0.1,SSP1-26,0.030152074055081357,1.5104109311528482,45.770028216752976,0.12126787284025675,0.03015207405507425,9.715996636870265,0.31069658387379717,0.07725167586605863
2031,SA1_AR6_fixed_split,SSP1-2.6,S1,"NATO→3.5%, nonNATO holds",0.033,177.7089843520823,89.1743683478749,88.5346160042074,0.5018,0.03215489042044799,0.022985547972701727,2.867392042538583,2.035016663409435,4.902408705948018,0.33193025120568137,0.24939903101468056,0.2514623115194556,0.7077183243681919,1.6272577532782448,43.09779251911099,44.72505027238923,44.687111982949375,0.03638358690192068,AR6 World GDP level and trajectory (unrebased),Fixed original NATO GDP share = 0.5018,IMAGE 3.0.1,SSP1-26,0.03793828943985744,1.4746746954373295,44.687111982949375,0.1525830578409153,0.03793828943985744,11.343254390148509,0.4632796417147125,0.11518996530591608
2032,SA1_AR6_fixed_split,SSP1-2.6,S1,"NATO→3.5%, nonNATO holds",0.033,184.20690718512637,92.43502602549641,91.77188115962996,0.5018,0.033179069054221584,0.022985547972701727,3.066908111528715,2.1094269769397562,5.176335088468472,0.31246647211274065,0.23477473079488748,0.2367170243278338,0.6662190242125305,1.6174311635671346,42.03185436804755,43.64928553161468,43.60491092949658,0.03705515780769533,AR6 World GDP level and trajectory (unrebased),Fixed original NATO GDP share = 0.5018,IMAGE 3.0.1,SSP1-26,0.04437460211809707,1.4389620606733875,43.60491092949658,0.17846910289374707,0.04437460211809707,12.960685553715644,0.6417487446084595,0.15956456742401315
2033,SA1_AR6_fixed_split,SSP1-2.6,S1,"NATO→3.5%, nonNATO holds",0.033,190.94242634059682,95.81490953771149,95.12751680288534,0.5018,0.03399498385901843,0.022985547972701727,3.2572263031878133,2.1865581009967103,5.443784404184523,0.29396777947047814,0.22087555769071668,0.2227028632352107,0.6267774134758466,1.6002972132141442,40.97211598857563,42.57241320178977,42.52342505912923,0.03759000472040111,AR6 World GDP level and trajectory (unrebased),Fixed original NATO GDP share = 0.5018,IMAGE 3.0.1,SSP1-26,0.048988142660540746,1.4032730269512645,42.523425059129224,0.19702418626287965,0.04898814266054785,14.560982766929788,0.8387729308713392,0.208552710084561
2034,SA1_AR6_fixed_split,SSP1-2.6,S1,"NATO→3.5%, nonNATO holds",0.033,197.92422951976133,99.31837837301624,98.60585114674508,0.5018,0.034591224067421655,0.022985547972701727,3.43554428031397,2.2665095219225946,5.7020538022365646,0.2763901312336865,0.20766842028203175,0.20938646305582312,0.5892995888084974,1.5759913987017051,39.91847557443349,41.49446697313519,41.44265437219176,0.037980760175134944,AR6 World GDP level and trajectory (unrebased),Fixed original NATO GDP share = 0.5018,IMAGE 3.0.1,SSP1-26,0.05181260094342832,1.367607594282328,41.442654372191754,0.2083838044193771,0.05181260094343543,16.136974165631493,1.0471567352907163,0.2603653110279964
2035,SA1_AR6_fixed_split,SSP1-2.6,S1,"NATO→3.5%, nonNATO holds",0.033,205.16132208938131,102.94995142445156,102.21137066492976,0.5018,0.03499999999999057,0.022985547972701727,3.603248299854834,2.349384363774341,5.952632663629175,0.25969139777538863,0.1951216640627823,0.19673590740559746,0.5536957243844183,1.5458474968612952,38.869930976518745,40.41577847338004,40.36259886578648,0.03824861366655283,AR6 World GDP level and trajectory (unrebased),Fixed original NATO GDP share = 0.5018,IMAGE 3.0.1,SSP1-26,0.053179607593556,1.3319657625709538,40.362598865786474,0.2138817342903414,0.053179607593563105,17.68282166249279,1.2610384695810577,0.31354491862155953
2025,SA1_AR6_fixed_split,SSP1-2.6,S2,"NATO→3.5%, nonNATO→3.5%",0.033,138.56683200039697,69.53283629779921,69.03399570259776,0.5018,0.027,0.022985547972701727,1.8773865800405787,1.5867842199693458,3.4641708000099243,0.4690146344621055,0.35239871913353227,0.3553141170167466,1.0,1.6247468014809543,47.610004758547966,49.23475156002892,49.23475156002892,0.033,AR6 World GDP level and trajectory (unrebased),Fixed original NATO GDP share = 0.5018,IMAGE 3.0.1,SSP1-26,0.0,1.6247468014809543,49.23475156002892,0.0,0.0,1.6247468014809543,0.0,0.0
2026,SA1_AR6_fixed_split,SSP1-2.6,S2,"NATO→3.5%, nonNATO→3.5%",0.033,144.59391012503605,72.55722410074308,72.03668602429296,0.5018,0.02740877593256891,0.023599450326672138,1.988704697666456,1.7000261935283787,3.688730891194835,0.44312931215776563,0.3329495298030764,0.33570402436194363,0.9448091372798489,1.634584782550269,46.914313172725635,48.548897955275905,48.54075752720379,0.03366883392607752,AR6 World GDP level and trajectory (unrebased),Fixed original NATO GDP share = 0.5018,IMAGE 3.0.1,SSP1-26,0.008140428072117345,1.6018449983977252,48.54075752720379,0.03273978415254386,0.008140428072117345,3.2593315840312234,0.03273978415254386,0.008140428072117345
2027,SA1_AR6_fixed_split,SSP1-2.6,S2,"NATO→3.5%, nonNATO→3.5%",0.033,150.8831409610859,75.71316013427291,75.16998082681299,0.5018,0.028005016140972137,0.024494887749248,2.120348271644321,1.8412802424659085,3.9616285141102296,0.41859163319326004,0.3145129054373601,0.31711487363125757,0.8924916248579884,1.658304549826389,46.20871175094958,47.86701630077597,47.847288178961975,0.034643992418627235,AR6 World GDP level and trajectory (unrebased),Fixed original NATO GDP share = 0.5018,IMAGE 3.0.1,SSP1-26,0.019728121813997745,1.5789605099057455,47.84728817896199,0.07934403992064354,0.019728121813983535,4.917636133857613,0.1120838240731874,0.02786854988610088
2028,SA1_AR6_fixed_split,SSP1-2.6,S2,"NATO→3.5%, nonNATO→3.5%",0.033,157.44592705596344,79.00636619668245,78.43956085928099,0.5018,0.028820930945768986,0.025720233909322272,2.277037024430722,2.017483853045227,4.294520877475948,0.3953340337010794,0.2970380812656906,0.2994954800765753,0.842903407810446,1.6977702613060655,45.491799834400354,47.18957009570642,47.15434350972723,0.03597765900097781,AR6 World GDP level and trajectory (unrebased),Fixed original NATO GDP share = 0.5018,IMAGE 3.0.1,SSP1-26,0.03522658597919559,1.5560933358209983,47.15434350972723,0.14167692548506716,0.03522658597919559,6.615406395163678,0.25376074955825456,0.06309513586529647
2029,SA1_AR6_fixed_split,SSP1-2.6,S2,"NATO→3.5%, nonNATO→3.5%",0.033,164.2941669202464,82.44281296057964,81.85135395966675,0.5018,0.029845109579542582,0.027258352042179364,2.4605147868542327,2.2311330213616283,4.691647808215861,0.37329224889219137,0.2804767713121593,0.28279715825166013,0.7959074652762288,1.7513557613390194,44.76479925382952,46.51615501516854,46.46192352236958,0.03765048424075284,AR6 World GDP level and trajectory (unrebased),Fixed original NATO GDP share = 0.5018,IMAGE 3.0.1,SSP1-26,0.05423149279896222,1.5332434762381961,46.46192352236958,0.21811228510082326,0.05423149279896222,8.366762156502697,0.4718730346590778,0.11732662866425869
2030,SA1_AR6_fixed_split,SSP1-2.6,S2,"NATO→3.5%, nonNATO→3.5%",0.033,171.44027659999995,86.02873079787997,85.41154580211997,0.5018,0.030999999999995285,0.028992773986343784,2.6668906547338733,2.4763176432651144,5.143208297998988,0.35240515498628133,0.264783049628387,0.26697360226233435,0.7513734734321051,1.8124931173830614,44.03264488926398,45.84513800664704,45.77002821675297,0.039535121851313214,AR6 World GDP level and trajectory (unrebased),Fixed original NATO GDP share = 0.5018,IMAGE 3.0.1,SSP1-26,0.07510978989407135,1.5104109311528482,45.770028216752976,0.3020821862302132,0.07510978989406425,10.179255273885758,0.773955220889291,0.19243641855832294
2031,SA1_AR6_fixed_split,SSP1-2.6,S2,"NATO→3.5%, nonNATO→3.5%",0.033,177.7089843520823,89.1743683478749,88.5346160042074,0.5018,0.03215489042044799,0.0307271959305082,2.867392042538583,2.7204204925935875,5.587812535132171,0.33193025120568137,0.24939903101468056,0.2514623115194556,0.7077183243681919,1.8547640184766767,42.926853468258706,44.781617486735385,44.687111982949375,0.04141797734362923,AR6 World GDP level and trajectory (unrebased),Fixed original NATO GDP share = 0.5018,IMAGE 3.0.1,SSP1-26,0.09450550378601008,1.4746746954373295,44.687111982949375,0.38008932303934717,0.09450550378601008,12.034019292362435,1.1540445439286382,0.286941922344333
2032,SA1_AR6_fixed_split,SSP1-2.6,S2,"NATO→3.5%, nonNATO→3.5%",0.033,184.20690718512637,92.43502602549641,91.77188115962996,0.5018,0.033179069054221584,0.032265314063365295,3.066908111528715,2.961048567801297,6.027956679330012,0.31246647211274065,0.23477473079488748,0.2367170243278338,0.6662190242125305,1.88353435763868,41.831915138313924,43.715449495952605,43.60491092949658,0.04308624020469164,AR6 World GDP level and trajectory (unrebased),Fixed original NATO GDP share = 0.5018,IMAGE 3.0.1,SSP1-26,0.11053856645602167,1.4389620606733875,43.60491092949658,0.44457229696529255,0.11053856645602167,13.917553650001116,1.5986168408939307,0.3974804888003547
2033,SA1_AR6_fixed_split,SSP1-2.6,S2,"NATO→3.5%, nonNATO→3.5%",0.033,190.94242634059682,95.81490953771149,95.12751680288534,0.5018,0.03399498385901843,0.033490660223439564,3.2572263031878133,3.1858833431449707,6.443109646332784,0.29396777947047814,0.22087555769071668,0.2227028632352107,0.6267774134758466,1.8940666356172664,40.751389468401726,42.64545610401899,42.52342505912923,0.0444142661060381,AR6 World GDP level and trajectory (unrebased),Fixed original NATO GDP share = 0.5018,IMAGE 3.0.1,SSP1-26,0.12203104488975924,1.4032730269512645,42.523425059129224,0.49079360866600186,0.12203104488976635,15.811620285618382,2.0894104495599324,0.519511533690121
2034,SA1_AR6_fixed_split,SSP1-2.6,S2,"NATO→3.5%, nonNATO→3.5%",0.033,197.92422951976133,99.31837837301624,98.60585114674508,0.5018,0.034591224067421655,0.034386097646015426,3.43554428031397,3.3906704260004386,6.826214706314408,0.2763901312336865,0.20766842028203175,0.20938646305582312,0.5892995888084974,1.88669837850756,39.685022855340826,41.571721233848386,41.44265437219176,0.04538417757336877,AR6 World GDP level and trajectory (unrebased),Fixed original NATO GDP share = 0.5018,IMAGE 3.0.1,SSP1-26,0.12906686165662506,1.367607594282328,41.442654372191754,0.5190907842252319,0.12906686165663217,17.698318664125942,2.6085012337851645,0.6485783953467532
2035,SA1_AR6_fixed_split,SSP1-2.6,S2,"NATO→3.5%, nonNATO→3.5%",0.033,205.16132208938131,102.94995142445156,102.21137066492976,0.5018,0.03499999999999057,0.03499999999998584,3.603248299854834,3.5773979732710943,7.180646273125928,0.25969139777538863,0.1951216640627823,0.19673590740559746,0.5536957243844183,1.8647520675987075,38.630318917542,40.49507098514071,40.36259886578648,0.046048865262712124,AR6 World GDP level and trajectory (unrebased),Fixed original NATO GDP share = 0.5018,IMAGE 3.0.1,SSP1-26,0.13247211935422598,1.3319657625709538,40.362598865786474,0.5327863050277537,0.1324721193542331,19.56307073172465,3.141287538812918,0.7810505147009863
2025,SA1_AR6_fixed_split,SSP1-2.6,S3,"NATO→5%, nonNATO→3.5%",0.033,138.56683200039697,69.53283629779921,69.03399570259776,0.5018,0.027,0.022985547972701727,1.8773865800405787,1.5867842199693458,3.4641708000099243,0.4690146344621055,0.35239871913353227,0.3553141170167466,1.0,1.6247468014809543,47.610004758547966,49.23475156002892,49.23475156002892,0.033,AR6 World GDP level and trajectory (unrebased),Fixed original NATO GDP share = 0.5018,IMAGE 3.0.1,SSP1-26,0.0,1.6247468014809543,49.23475156002892,0.0,0.0,1.6247468014809543,0.0,0.0
2026,SA1_AR6_fixed_split,SSP1-2.6,S3,"NATO→5%, nonNATO→3.5%",0.033,144.59391012503605,72.55722410074308,72.03668602429296,0.5018,0.02817523080613562,0.023599450326672138,2.0443165356909425,1.7000261935283787,3.744342729219321,0.44312931215776563,0.3329495298030764,0.33570402436194363,0.9448091372798489,1.6592280180818886,46.895797237403904,48.555025255485795,48.54075752720379,0.03417211729066967,AR6 World GDP level and trajectory (unrebased),Fixed original NATO GDP share = 0.5018,IMAGE 3.0.1,SSP1-26,0.014267728282007397,1.6018449983977252,48.54075752720379,0.05738301968416337,0.014267728282007397,3.283974819562843,0.05738301968416337,0.014267728282007397
2027,SA1_AR6_fixed_split,SSP1-2.6,S3,"NATO→5%, nonNATO→3.5%",0.033,150.8831409610859,75.71316013427291,75.16998082681299,0.5018,0.029889421405294894,0.024494887749248,2.263022549179857,1.8412802424659085,4.1043027916457655,0.41859163319326004,0.3145129054373601,0.31711487363125757,0.8924916248579884,1.7180268086746575,46.1638388493907,47.88186565806536,47.847288178961975,0.03588053191042,AR6 World GDP level and trajectory (unrebased),Fixed original NATO GDP share = 0.5018,IMAGE 3.0.1,SSP1-26,0.03457747910338327,1.5789605099057455,47.84728817896199,0.13906629876891197,0.03457747910336906,5.0020016282375,0.19644931845307534,0.048845207385376455
2028,SA1_AR6_fixed_split,SSP1-2.6,S3,"NATO→5%, nonNATO→3.5%",0.033,157.44592705596344,79.00636619668245,78.43956085928099,0.5018,0.03223517646908584,0.025720233909322272,2.546784156531277,2.017483853045227,4.564268009576503,0.3953340337010794,0.2970380812656906,0.2994954800765753,0.842903407810446,1.804410483118676,45.411674663854285,47.21608514697296,47.15434350972723,0.03821601213870137,AR6 World GDP level and trajectory (unrebased),Fixed original NATO GDP share = 0.5018,IMAGE 3.0.1,SSP1-26,0.06174163724573134,1.5560933358209983,47.15434350972723,0.24831714729767773,0.06174163724573134,6.806412111356177,0.44476646575075307,0.1105868446311078
2029,SA1_AR6_fixed_split,SSP1-2.6,S3,"NATO→5%, nonNATO→3.5%",0.033,164.2941669202464,82.44281296057964,81.85135395966675,0.5018,0.03517969004118492,0.027258352042179364,2.900312606076575,2.2311330213616283,5.131445627438204,0.37329224889219137,0.2804767713121593,0.28279715825166013,0.7959074652762288,1.915528878334409,44.64144618146391,46.55697505979832,46.46192352236958,0.04114375721090302,AR6 World GDP level and trajectory (unrebased),Fixed original NATO GDP share = 0.5018,IMAGE 3.0.1,SSP1-26,0.09505153742873773,1.5332434762381961,46.46192352236958,0.382285402096213,0.09505153742873773,8.721940989690586,0.827051867846966,0.20563838205984553
2030,SA1_AR6_fixed_split,SSP1-2.6,S3,"NATO→5%, nonNATO→3.5%",0.033,171.44027659999995,86.02873079787997,85.41154580211997,0.5018,0.03849999999998644,0.028992773986343784,3.3121061357172126,2.4763176432651144,5.788423778982327,0.35240515498628133,0.264783049628387,0.26697360226233435,0.7513734734321051,2.0398703789585433,43.86180276654177,45.90167314550031,45.77002821675297,0.044440000530972135,AR6 World GDP level and trajectory (unrebased),Fixed original NATO GDP share = 0.5018,IMAGE 3.0.1,SSP1-26,0.1316449287473418,1.5104109311528482,45.770028216752976,0.5294594478056951,0.1316449287473347,10.761811368649129,1.3565113156526611,0.3372833108071802
2031,SA1_AR6_fixed_split,SSP1-2.6,S3,"NATO→5%, nonNATO→3.5%",0.033,177.7089843520823,89.1743683478749,88.5346160042074,0.5018,0.041820309958787966,0.0307271959305082,3.7292997246872592,2.7204204925935875,6.449720217280847,0.33193025120568137,0.24939903101468056,0.2514623115194556,0.7077183243681919,2.1408572519283933,42.711894527506715,44.85275177943511,44.687111982949375,0.04773078946094834,AR6 World GDP level and trajectory (unrebased),Fixed original NATO GDP share = 0.5018,IMAGE 3.0.1,SSP1-26,0.1656397964857348,1.4746746954373295,44.687111982949375,0.6661825564910637,0.1656397964857348,12.902668620577522,2.0226938721437246,0.502923107292915
2032,SA1_AR6_fixed_split,SSP1-2.6,S3,"NATO→5%, nonNATO→3.5%",0.033,184.20690718512637,92.43502602549641,91.77188115962996,0.5018,0.04476482353088705,0.032265314063365295,4.137837628104299,2.961048567801297,7.098886195905596,0.31246647211274065,0.23477473079488748,0.2367170243278338,0.6662190242125305,2.2181639255644554,41.580487949359586,43.79865187492404,43.60491092949658,0.05064457079407087,AR6 World GDP level and trajectory (unrebased),Fixed original NATO GDP share = 0.5018,IMAGE 3.0.1,SSP1-26,0.19374094542745723,1.4389620606733875,43.60491092949658,0.7792018648910679,0.19374094542745723,15.120832546141978,2.8018957370347928,0.6966640527203722
2033,SA1_AR6_fixed_split,SSP1-2.6,S3,"NATO→5%, nonNATO→3.5%",0.033,190.94242634059682,95.81490953771149,95.12751680288534,0.5018,0.04711057859467799,0.033490660223439564,4.513895826318318,3.1858833431449707,7.699779169463289,0.29396777947047814,0.22087555769071668,0.2227028632352107,0.6267774134758466,2.2634869848601653,40.47382188664735,42.737308871507516,42.52342505912923,0.05296278695660238,AR6 World GDP level and trajectory (unrebased),Fixed original NATO GDP share = 0.5018,IMAGE 3.0.1,SSP1-26,0.2138838123782847,1.4032730269512645,42.523425059129224,0.8602139579089008,0.2138838123782918,17.38431953100214,3.6621096949436938,0.910547865098664
2034,SA1_AR6_fixed_split,SSP1-2.6,S3,"NATO→5%, nonNATO→3.5%",0.033,197.92422951976133,99.31837837301624,98.60585114674508,0.5018,0.04882476919383726,0.034386097646015426,4.849196900768717,3.3906704260004386,8.239867326769154,0.2763901312336865,0.20766842028203175,0.20938646305582312,0.5892995888084974,2.277418011793892,39.391451848823436,41.66886986061733,41.44265437219176,0.054655142301959996,AR6 World GDP level and trajectory (unrebased),Fixed original NATO GDP share = 0.5018,IMAGE 3.0.1,SSP1-26,0.2262154884255665,1.367607594282328,41.442654372191754,0.909810417511564,0.2262154884255736,19.661737542796036,4.571920112455258,1.1367633535242376
2035,SA1_AR6_fixed_split,SSP1-2.6,S3,"NATO→5%, nonNATO→3.5%",0.033,205.16132208938131,102.94995142445156,102.21137066492976,0.5018,0.049999999999972886,0.03499999999998584,5.147497571219787,3.5773979732710943,8.724895544490881,0.25969139777538863,0.1951216640627823,0.19673590740559746,0.5536957243844183,2.265780319393097,38.32900242998552,40.594782749378616,40.36259886578648,0.055814569408621346,AR6 World GDP level and trajectory (unrebased),Fixed original NATO GDP share = 0.5018,IMAGE 3.0.1,SSP1-26,0.2321838835921355,1.3319657625709538,40.362598865786474,0.9338145568221434,0.2321838835921426,21.92751786218913,5.505734669277401,1.3689472371163802
2025,SA1_AR6_fixed_split,SSP2-4.5,S0,Baseline,0.033,132.3421461836991,66.40928895498021,65.93285722871889,0.5018,0.027,0.022985547972701727,1.7930508017844657,1.515502852808012,3.308553654592478,0.5460528372493102,0.41028212402492853,0.41367639185553806,1.0,1.8066451102817969,52.94017641340901,54.74682152369081,54.74682152369081,0.033,AR6 World GDP level and trajectory (unrebased),Fixed original NATO GDP share = 0.5018,MESSAGE-GLOBIOM 1.0,SSP2-45,0.0,1.8066451102817969,54.74682152369081,0.0,0.0,1.8066451102817969,0.0,0.0
2026,SA1_AR6_fixed_split,SSP2-4.5,S0,Baseline,0.033,136.9984651539472,68.74582981425071,68.25263533969648,0.5018,0.027,0.022985547972701727,1.8561374049847692,1.5688242238639107,3.42496162884868,0.5301983905011147,0.39836973085825794,0.40166544734932935,0.9709653614693026,1.8159091431436463,53.21164064908807,55.02754979223172,55.02754979223171,0.032999999999999995,AR6 World GDP level and trajectory (unrebased),Fixed original NATO GDP share = 0.5018,MESSAGE-GLOBIOM 1.0,SSP2-45,7.105427357601002e-15,1.8159091431436463,55.02754979223172,0.0,0.0,3.6225542534254433,0.0,0.0
2027,SA1_AR6_fixed_split,SSP2-4.5,S0,Baseline,0.033,141.81861180100074,71.16457940174217,70.65403239925857,0.5018,0.027,0.022985547972701727,1.9214436438470386,1.62402165117798,3.5454652950250187,0.5147886532080013,0.38679147447718515,0.3899914039454555,0.9427451303086358,1.8251653042216383,53.48287421764619,55.308039521867826,55.308039521867826,0.033,AR6 World GDP level and trajectory (unrebased),Fixed original NATO GDP share = 0.5018,MESSAGE-GLOBIOM 1.0,SSP2-45,0.0,1.8251653042216383,55.308039521867826,0.0,0.0,5.447719557647082,0.0,0.0
2028,SA1_AR6_fixed_split,SSP2-4.5,S0,Baseline,0.033,146.8083502290495,73.66843014493703,73.13992008411246,0.5018,0.027,0.022985547972701727,1.9890476139133,1.6811611418129375,3.6702087557262377,0.4998117860429949,0.37553845928793794,0.3786452924568144,0.9153176248671279,1.8344135933501688,53.75387711423071,55.58829070758088,55.58829070758088,0.032999999999999995,AR6 World GDP level and trajectory (unrebased),Fixed original NATO GDP share = 0.5018,MESSAGE-GLOBIOM 1.0,SSP2-45,0.0,1.8344135933501688,55.58829070758088,0.0,0.0,7.28213315099725,0.0,0.0
2029,SA1_AR6_fixed_split,SSP2-4.5,S0,Baseline,0.033,151.97364734621675,76.26037623833157,75.71327110788518,0.5018,0.027,0.022985547972701727,2.0590301584349526,1.7403110252204663,3.799341183655419,0.4852562383536907,0.3646020065951973,0.3676183623891596,0.8886616921507511,1.8436540110028874,54.02464935272097,55.86830336372386,55.868303363723854,0.033,AR6 World GDP level and trajectory (unrebased),Fixed original NATO GDP share = 0.5018,MESSAGE-GLOBIOM 1.0,SSP2-45,7.105427357601002e-15,1.8436540110028874,55.86830336372386,0.0,0.0,9.125787162000137,0.0,0.0
2030,SA1_AR6_fixed_split,SSP2-4.5,S0,Baseline,0.033,157.32067999999987,78.94351722399993,78.37716277599993,0.5018,0.027,0.022985547972701727,2.1314749650479983,1.8015420349519986,3.933016999999997,0.47111074188634094,0.35397364988662916,0.356902077186622,0.8627566963290897,1.8528865567215895,54.295190919690214,56.1480774764118,56.14807747641181,0.033,AR6 World GDP level and trajectory (unrebased),Fixed original NATO GDP share = 0.5018,MESSAGE-GLOBIOM 1.0,SSP2-45,-7.105427357601002e-15,1.8528865567215895,56.1480774764118,0.0,0.0,10.978673718721726,0.0,0.0
2031,SA1_AR6_fixed_split,SSP2-4.5,S0,Baseline,0.033,161.48654563007247,81.03394859717037,80.4525970329021,0.5018,0.027,0.022985547972701727,2.1879166121236,1.8492470286282119,4.037163640751812,0.4587847685346482,0.34471240961383437,0.3475642185868547,0.8401838379702106,1.8521891864588178,54.274755857747785,56.1269450442066,56.12694504420659,0.033,AR6 World GDP level and trajectory (unrebased),Fixed original NATO GDP share = 0.5018,MESSAGE-GLOBIOM 1.0,SSP2-45,7.105427357601002e-15,1.8521891864588178,56.1269450442066,0.0,0.0,12.830862905180545,0.0,0.0
2032,SA1_AR6_fixed_split,SSP2-4.5,S0,Baseline,0.033,165.76272375337751,83.17973477944484,82.58298897393267,0.5018,0.027,0.022985547972701727,2.2458528390450105,1.898215254789427,4.144068093834438,0.44678190529746614,0.33569394127634017,0.3384711403768683,0.8182026991162393,1.851494638645789,54.254403502135695,56.105898140781484,56.105898140781484,0.033,AR6 World GDP level and trajectory (unrebased),Fixed original NATO GDP share = 0.5018,MESSAGE-GLOBIOM 1.0,SSP2-45,0.0,1.851494638645789,56.105898140781484,0.0,0.0,14.682357543826335,0.0,0.0
2033,SA1_AR6_fixed_split,SSP2-4.5,S0,Baseline,0.033,170.15213545456908,85.38234157110277,84.7697938834663,0.5018,0.027,0.022985547972701727,2.3053232224197746,1.9484801639444522,4.253803386364227,0.43509366674433625,0.326911869263227,0.3296164142002547,0.7967977401895385,1.8508029129826862,54.2341338440684,56.08493675705109,56.08493675705109,0.033,AR6 World GDP level and trajectory (unrebased),Fixed original NATO GDP share = 0.5018,MESSAGE-GLOBIOM 1.0,SSP2-45,0.0,1.8508029129826862,56.08493675705109,0.0,0.0,16.53316045680902,0.0,0.0
2034,SA1_AR6_fixed_split,SSP2-4.5,S0,Baseline,0.033,174.65777916888334,87.64327358694567,87.01450558193767,0.5018,0.027,0.022985547972701727,2.366368386847533,2.0000760923745506,4.366444479222084,0.4237117907677051,0.31835998575941793,0.3209937808846251,0.7759538305892034,1.8501140095789486,54.21394688675283,56.064060896331775,56.064060896331775,0.033,AR6 World GDP level and trajectory (unrebased),Fixed original NATO GDP share = 0.5018,MESSAGE-GLOBIOM 1.0,SSP2-45,0.0,1.8501140095789486,56.064060896331775,0.0,0.0,18.38327446638797,0.0,0.0
2035,SA1_AR6_fixed_split,SSP2-4.5,S0,Baseline,0.033,179.28273273038877,89.96407528410909,89.31865744627969,0.5018,0.027,0.022985547972701727,2.429030032670945,2.053038285588774,4.482068318259719,0.41262823266715665,0.31003224630080845,0.3125971459599672,0.7556562378573702,1.8494279288569628,54.19384264256616,56.04327057142312,56.04327057142313,0.032999999999999995,AR6 World GDP level and trajectory (unrebased),Fixed original NATO GDP share = 0.5018,MESSAGE-GLOBIOM 1.0,SSP2-45,-7.105427357601002e-15,1.8494279288569628,56.04327057142312,0.0,0.0,20.23270239524493,0.0,0.0
2025,SA1_AR6_fixed_split,SSP2-4.5,S1,"NATO→3.5%, nonNATO holds",0.033,132.3421461836991,66.40928895498021,65.93285722871889,0.5018,0.027,0.022985547972701727,1.7930508017844657,1.515502852808012,3.308553654592478,0.5460528372493102,0.41028212402492853,0.41367639185553806,1.0,1.8066451102817969,52.94017641340901,54.74682152369081,54.74682152369081,0.033,AR6 World GDP level and trajectory (unrebased),Fixed original NATO GDP share = 0.5018,MESSAGE-GLOBIOM 1.0,SSP2-45,0.0,1.8066451102817969,54.74682152369081,0.0,0.0,1.8066451102817969,0.0,0.0
2026,SA1_AR6_fixed_split,SSP2-4.5,S1,"NATO→3.5%, nonNATO holds",0.033,136.9984651539472,68.74582981425071,68.25263533969648,0.5018,0.02740877593256891,0.022985547972701727,1.8842390456773133,1.5688242238639107,3.4530632695412242,0.5301983905011147,0.39836973085825794,0.40166544734932935,0.9709653614693026,1.830808587809274,53.2004458060487,55.03125439385797,55.02754979223171,0.03326852364124213,AR6 World GDP level and trajectory (unrebased),Fixed original NATO GDP share = 0.5018,MESSAGE-GLOBIOM 1.0,SSP2-45,0.0037046016262607395,1.8159091431436463,55.02754979223172,0.014899444665627648,0.003704601626253634,3.637453698091071,0.014899444665627648,0.003704601626253634
2027,SA1_AR6_fixed_split,SSP2-4.5,S1,"NATO→3.5%, nonNATO holds",0.033,141.81861180100074,71.16457940174217,70.65403239925857,0.5018,0.028005016140972137,0.022985547972701727,1.9929651948112828,1.62402165117798,3.6169868459892625,0.5147886532080013,0.38679147447718515,0.3899914039454555,0.9427451303086358,1.8619837871178688,53.45521029149184,55.31719407860971,55.308039521867826,0.03366012716537748,AR6 World GDP level and trajectory (unrebased),Fixed original NATO GDP share = 0.5018,MESSAGE-GLOBIOM 1.0,SSP2-45,0.009154556741883368,1.8251653042216383,55.308039521867826,0.036818482896230575,0.009154556741883368,5.49943748520894,0.051717927561858223,0.012859158368137003
2028,SA1_AR6_fixed_split,SSP2-4.5,S1,"NATO→3.5%, nonNATO holds",0.033,146.8083502290495,73.66843014493703,73.13992008411246,0.5018,0.028820930945768986,0.022985547972701727,2.1231927380904367,1.6811611418129375,3.804353879903374,0.4998117860429949,0.37553845928793794,0.3786452924568144,0.9153176248671279,1.9014609074541027,53.70350046097624,55.60496136843034,55.58829070758088,0.034195885774567863,AR6 World GDP level and trajectory (unrebased),Fixed original NATO GDP share = 0.5018,MESSAGE-GLOBIOM 1.0,SSP2-45,0.016670660849456453,1.8344135933501688,55.58829070758088,0.06704731410393383,0.016670660849456453,7.400898392663042,0.11876524166579205,0.029529819217593456
2029,SA1_AR6_fixed_split,SSP2-4.5,S1,"NATO→3.5%, nonNATO holds",0.033,151.97364734621675,76.26037623833157,75.71327110788518,0.5018,0.029845109579542582,0.022985547972701727,2.275999285410151,1.7403110252204663,4.016310310630617,0.4852562383536907,0.3646020065951973,0.3676183623891596,0.8886616921507511,1.9489396333977562,53.94554197365661,55.89448160705437,55.868303363723854,0.034868194092917096,AR6 World GDP level and trajectory (unrebased),Fixed original NATO GDP share = 0.5018,MESSAGE-GLOBIOM 1.0,SSP2-45,0.026178243330512885,1.8436540110028874,55.86830336372386,0.10528562239486883,0.02617824333050578,9.349838026060798,0.22405086406066088,0.055708062548099235
2030,SA1_AR6_fixed_split,SSP2-4.5,S1,"NATO→3.5%, nonNATO holds",0.033,157.32067999999987,78.94351722399993,78.37716277599993,0.5018,0.030999999999995285,0.022985547972701727,2.4472490339436255,1.8015420349519986,4.248791068895624,0.47111074188634094,0.35397364988662916,0.356902077186622,0.8627566963290897,2.001651112587477,54.18341521998368,56.185066332571154,56.14807747641181,0.035626034518483715,AR6 World GDP level and trajectory (unrebased),Fixed original NATO GDP share = 0.5018,MESSAGE-GLOBIOM 1.0,SSP2-45,0.036988856159346994,1.8528865567215895,56.1480774764118,0.14876455586588744,0.0369888561593541,11.351489138648276,0.3728154199265483,0.09269691870745334
2031,SA1_AR6_fixed_split,SSP2-4.5,S1,"NATO→3.5%, nonNATO holds",0.033,161.48654563007247,81.03394859717037,80.4525970329021,0.5018,0.03215489042044799,0.022985547972701727,2.605637737478228,1.8492470286282119,4.45488476610644,0.4587847685346482,0.34471240961383437,0.3475642185868547,0.8401838379702106,2.0438332762666738,54.130762202080184,56.17459547834686,56.12694504420659,0.036383586901920686,AR6 World GDP level and trajectory (unrebased),Fixed original NATO GDP share = 0.5018,MESSAGE-GLOBIOM 1.0,SSP2-45,0.04765043414026593,1.8521891864588178,56.1269450442066,0.19164408980785597,0.047650434140258824,13.395322414914949,0.5644595097344043,0.14034735284771216
2032,SA1_AR6_fixed_split,SSP2-4.5,S1,"NATO→3.5%, nonNATO holds",0.033,165.76272375337751,83.17973477944484,82.58298897393267,0.5018,0.033179069054221584,0.022985547972701727,2.7598261641590374,1.898215254789427,4.658041418948464,0.44678190529746614,0.33569394127634017,0.3384711403768683,0.8182026991162393,2.0811286201123074,54.08186577091726,56.16299439102957,56.105898140781484,0.03705515780769531,AR6 World GDP level and trajectory (unrebased),Fixed original NATO GDP share = 0.5018,MESSAGE-GLOBIOM 1.0,SSP2-45,0.05709625024808673,1.851494638645789,56.105898140781484,0.22963398146651848,0.05709625024808673,15.476451035027257,0.7940934912009228,0.1974436030957989
2033,SA1_AR6_fixed_split,SSP2-4.5,S1,"NATO→3.5%, nonNATO holds",0.033,170.15213545456908,85.38234157110277,84.7697938834663,0.5018,0.03399498385901843,0.022985547972701727,2.902571323554837,1.9484801639444522,4.851051487499289,0.43509366674433625,0.326911869263227,0.3296164142002547,0.7967977401895385,2.1106617792616325,54.03888635091243,56.14954813017406,56.08493675705109,0.03759000472040111,AR6 World GDP level and trajectory (unrebased),Fixed original NATO GDP share = 0.5018,MESSAGE-GLOBIOM 1.0,SSP2-45,0.06461137312297183,1.8508029129826862,56.08493675705109,0.2598588662789463,0.06461137312297183,17.58711281428889,1.053952357479869,0.2620549762187707
2034,SA1_AR6_fixed_split,SSP2-4.5,S1,"NATO→3.5%, nonNATO holds",0.033,174.65777916888334,87.64327358694567,87.01450558193767,0.5018,0.034591224067421655,0.022985547972701727,3.0316881146483756,2.0000760923745506,5.031764207022926,0.4237117907677051,0.31835998575941793,0.3209937808846251,0.7759538305892034,2.1320178228785256,54.002135707684694,56.13415353056322,56.064060896331775,0.03798076017513494,AR6 World GDP level and trajectory (unrebased),Fixed original NATO GDP share = 0.5018,MESSAGE-GLOBIOM 1.0,SSP2-45,0.07009263423144318,1.8501140095789486,56.064060896331775,0.28190381329957703,0.07009263423144318,19.719130637167414,1.335856170779446,0.3321476104502139
2035,SA1_AR6_fixed_split,SSP2-4.5,S1,"NATO→3.5%, nonNATO holds",0.033,179.28273273038877,89.96407528410909,89.31865744627969,0.5018,0.03499999999999057,0.022985547972701727,3.14874263494297,2.053038285588774,5.2017809205317445,0.41262823266715665,0.31003224630080845,0.3125971459599672,0.7556562378573702,2.146401667960749,53.97070852779276,56.11711019575351,56.04327057142313,0.03824861366655283,AR6 World GDP level and trajectory (unrebased),Fixed original NATO GDP share = 0.5018,MESSAGE-GLOBIOM 1.0,SSP2-45,0.07383962433038249,1.8494279288569628,56.04327057142312,0.2969737391037861,0.0738396243303896,21.865532305128163,1.6328299098832322,0.4059872347806035
2025,SA1_AR6_fixed_split,SSP2-4.5,S2,"NATO→3.5%, nonNATO→3.5%",0.033,132.3421461836991,66.40928895498021,65.93285722871889,0.5018,0.027,0.022985547972701727,1.7930508017844657,1.515502852808012,3.308553654592478,0.5460528372493102,0.41028212402492853,0.41367639185553806,1.0,1.8066451102817969,52.94017641340901,54.74682152369081,54.74682152369081,0.033,AR6 World GDP level and trajectory (unrebased),Fixed original NATO GDP share = 0.5018,MESSAGE-GLOBIOM 1.0,SSP2-45,0.0,1.8066451102817969,54.74682152369081,0.0,0.0,1.8066451102817969,0.0,0.0
2026,SA1_AR6_fixed_split,SSP2-4.5,S2,"NATO→3.5%, nonNATO→3.5%",0.033,136.9984651539472,68.74582981425071,68.25263533969648,0.5018,0.02740877593256891,0.023599450326672138,1.8842390456773133,1.6107246773636346,3.494963723040948,0.5301983905011147,0.39836973085825794,0.40166544734932935,0.9709653614693026,1.8530241408160941,53.18375393366518,55.036778074481276,55.02754979223171,0.03366883392607751,AR6 World GDP level and trajectory (unrebased),Fixed original NATO GDP share = 0.5018,MESSAGE-GLOBIOM 1.0,SSP2-45,0.009228282249566178,1.8159091431436463,55.02754979223172,0.03711499767244786,0.009228282249559072,3.659669251097891,0.03711499767244786,0.009228282249559072
2027,SA1_AR6_fixed_split,SSP2-4.5,S2,"NATO→3.5%, nonNATO→3.5%",0.033,141.81861180100074,71.16457940174217,70.65403239925857,0.5018,0.028005016140972137,0.024494887749248,1.9929651948112828,1.73066259265157,3.7236277874628527,0.5147886532080013,0.38679147447718515,0.3899914039454555,0.9427451303086358,1.9168813337558916,53.413962484499635,55.330843818255524,55.308039521867826,0.03464399241862723,AR6 World GDP level and trajectory (unrebased),Fixed original NATO GDP share = 0.5018,MESSAGE-GLOBIOM 1.0,SSP2-45,0.02280429638769732,1.8251653042216383,55.308039521867826,0.0917160295342534,0.02280429638769732,5.576550584853782,0.12883102720670125,0.03203257863725639
2028,SA1_AR6_fixed_split,SSP2-4.5,S2,"NATO→3.5%, nonNATO→3.5%",0.033,146.8083502290495,73.66843014493703,73.13992008411246,0.5018,0.028820930945768986,0.025720233909322272,2.1231927380904367,1.8811758526725104,4.004368590762947,0.4998117860429949,0.37553845928793794,0.3786452924568144,0.9153176248671279,2.0014306173236993,53.62838724462512,55.629817861948816,55.58829070758088,0.03597765900097782,AR6 World GDP level and trajectory (unrebased),Fixed original NATO GDP share = 0.5018,MESSAGE-GLOBIOM 1.0,SSP2-45,0.04152715436793386,1.8344135933501688,55.58829070758088,0.16701702397353047,0.04152715436793386,7.577981202177482,0.2958480511802317,0.07355973300519025
2029,SA1_AR6_fixed_split,SSP2-4.5,S2,"NATO→3.5%, nonNATO→3.5%",0.033,151.97364734621675,76.26037623833157,75.71327110788518,0.5018,0.029845109579542582,0.027258352042179364,2.275999285410151,2.063818998123702,4.3398182835338535,0.4852562383536907,0.3646020065951973,0.3676183623891596,0.8886616921507511,2.1059238954062085,53.82759031758655,55.933514212992755,55.868303363723854,0.03765048424075284,AR6 World GDP level and trajectory (unrebased),Fixed original NATO GDP share = 0.5018,MESSAGE-GLOBIOM 1.0,SSP2-45,0.06521084926890097,1.8436540110028874,55.86830336372386,0.2622698844033211,0.06521084926889387,9.68390509758369,0.5581179355835528,0.13877058227408412
2030,SA1_AR6_fixed_split,SSP2-4.5,S2,"NATO→3.5%, nonNATO→3.5%",0.033,157.32067999999987,78.94351722399993,78.37716277599993,0.5018,0.030999999999995285,0.028992773986343784,2.4472490339436255,2.2723713660554434,4.719620399999069,0.47111074188634094,0.35397364988662916,0.356902077186622,0.8627566963290897,2.223463868065471,54.01675404317932,56.24021791124479,56.14807747641181,0.039535121851313214,AR6 World GDP level and trajectory (unrebased),Fixed original NATO GDP share = 0.5018,MESSAGE-GLOBIOM 1.0,SSP2-45,0.0921404348329844,1.8528865567215895,56.1480774764118,0.3705773113438813,0.0921404348329915,11.907368965649162,0.9286952469274341,0.23091101710707562
2031,SA1_AR6_fixed_split,SSP2-4.5,S2,"NATO→3.5%, nonNATO→3.5%",0.033,161.48654563007247,81.03394859717037,80.4525970329021,0.5018,0.03215489042044799,0.0307271959305082,2.605637737478228,2.4720827121482056,5.077720449626433,0.4587847685346482,0.34471240961383437,0.3475642185868547,0.8401838379702106,2.329580801165513,53.91606301282052,56.245643813986035,56.12694504420659,0.04141797734362923,AR6 World GDP level and trajectory (unrebased),Fixed original NATO GDP share = 0.5018,MESSAGE-GLOBIOM 1.0,SSP2-45,0.11869876977944216,1.8521891864588178,56.1269450442066,0.4773916147066952,0.11869876977943505,14.236949766814675,1.4060868616341293,0.3496097868865107
2032,SA1_AR6_fixed_split,SSP2-4.5,S2,"NATO→3.5%, nonNATO→3.5%",0.033,165.76272375337751,83.17973477944484,82.58298897393267,0.5018,0.033179069054221584,0.032265314063365295,2.7598261641590374,2.664566075535371,5.424392239694408,0.44678190529746614,0.33569394127634017,0.3384711403768683,0.8182026991162393,2.4235202999314573,53.8246064435007,56.24812674343215,56.105898140781484,0.043086240204691637,AR6 World GDP level and trajectory (unrebased),Fixed original NATO GDP share = 0.5018,MESSAGE-GLOBIOM 1.0,SSP2-45,0.14222860265066828,1.851494638645789,56.105898140781484,0.5720256612856685,0.14222860265066828,16.660470066746132,1.9781125229197978,0.49183838953717895
2033,SA1_AR6_fixed_split,SSP2-4.5,S2,"NATO→3.5%, nonNATO→3.5%",0.033,170.15213545456908,85.38234157110277,84.7697938834663,0.5018,0.03399498385901843,0.033490660223439564,2.902571323554837,2.8389963641621754,5.741567687717012,0.43509366674433625,0.326911869263227,0.3296164142002547,0.7967977401895385,2.4981197381095948,53.74776603529007,56.245885773399664,56.08493675705109,0.04441426610603809,AR6 World GDP level and trajectory (unrebased),Fixed original NATO GDP share = 0.5018,MESSAGE-GLOBIOM 1.0,SSP2-45,0.1609490163485745,1.8508029129826862,56.08493675705109,0.6473168251269086,0.1609490163485745,19.158589804855726,2.6254293480467066,0.6527874058857535
2034,SA1_AR6_fixed_split,SSP2-4.5,S2,"NATO→3.5%, nonNATO→3.5%",0.033,174.65777916888334,87.64327358694567,87.01450558193767,0.5018,0.034591224067421655,0.034386097646015426,3.0316881146483756,2.992089285560263,6.023777400208639,0.4237117907677051,0.31835998575941793,0.3209937808846251,0.7759538305892034,2.552345509428433,53.68631840162893,56.238663911057365,56.064060896331775,0.04538417757336877,AR6 World GDP level and trajectory (unrebased),Fixed original NATO GDP share = 0.5018,MESSAGE-GLOBIOM 1.0,SSP2-45,0.1746030147255908,1.8501140095789486,56.064060896331775,0.7022314998494845,0.1746030147255908,21.71093531428416,3.327660847896191,0.8273904206113443
2035,SA1_AR6_fixed_split,SSP2-4.5,S2,"NATO→3.5%, nonNATO→3.5%",0.033,179.28273273038877,89.96407528410909,89.31865744627969,0.5018,0.03499999999999057,0.03499999999998584,3.14874263494297,3.1261530106185242,6.274895645561495,0.41262823266715665,0.31003224630080845,0.3125971459599672,0.7556562378573702,2.5891991003988766,53.638008359053316,56.227207459452195,56.04327057142313,0.04604886526271213,AR6 World GDP level and trajectory (unrebased),Fixed original NATO GDP share = 0.5018,MESSAGE-GLOBIOM 1.0,SSP2-45,0.18393688802906638,1.8494279288569628,56.04327057142312,0.7397711715419137,0.1839368880290735,24.300134414683036,4.067432019438105,1.0113273086404178
2025,SA1_AR6_fixed_split,SSP2-4.5,S3,"NATO→5%, nonNATO→3.5%",0.033,132.3421461836991,66.40928895498021,65.93285722871889,0.5018,0.027,0.022985547972701727,1.7930508017844657,1.515502852808012,3.308553654592478,0.5460528372493102,0.41028212402492853,0.41367639185553806,1.0,1.8066451102817969,52.94017641340901,54.74682152369081,54.74682152369081,0.033,AR6 World GDP level and trajectory (unrebased),Fixed original NATO GDP share = 0.5018,MESSAGE-GLOBIOM 1.0,SSP2-45,0.0,1.8066451102817969,54.74682152369081,0.0,0.0,1.8066451102817969,0.0,0.0
2026,SA1_AR6_fixed_split,SSP2-4.5,S3,"NATO→5%, nonNATO→3.5%",0.033,136.9984651539472,68.74582981425071,68.25263533969648,0.5018,0.02817523080613562,0.023599450326672138,1.9369296219758332,1.6107246773636346,3.5476542993394675,0.5301983905011147,0.39836973085825794,0.40166544734932935,0.9709653614693026,1.8809605995641456,53.16276360296637,55.04372420253052,55.02754979223171,0.03417211729066967,AR6 World GDP level and trajectory (unrebased),Fixed original NATO GDP share = 0.5018,MESSAGE-GLOBIOM 1.0,SSP2-45,0.016174410298809505,1.8159091431436463,55.02754979223172,0.06505145642049937,0.0161744102988024,3.6876057098459425,0.06505145642049937,0.0161744102988024
2027,SA1_AR6_fixed_split,SSP2-4.5,S3,"NATO→5%, nonNATO→3.5%",0.033,141.81861180100074,71.16457940174217,70.65403239925857,0.5018,0.029889421405294894,0.024494887749248,2.1270681028692406,1.73066259265157,3.857730695520811,0.5147886532080013,0.38679147447718515,0.3899914039454555,0.9427451303086358,1.9859159891863243,53.36209262296021,55.348008612146536,55.308039521867826,0.03588053191041999,AR6 World GDP level and trajectory (unrebased),Fixed original NATO GDP share = 0.5018,MESSAGE-GLOBIOM 1.0,SSP2-45,0.039969090278709984,1.8251653042216383,55.308039521867826,0.16075068496468603,0.039969090278709984,5.673521699032267,0.2258021413851854,0.056143500577512384
2028,SA1_AR6_fixed_split,SSP2-4.5,S3,"NATO→5%, nonNATO→3.5%",0.033,146.8083502290495,73.66843014493703,73.13992008411246,0.5018,0.03223517646908584,0.025720233909322272,2.374714845922568,1.8811758526725104,4.255890698595079,0.4998117860429949,0.37553845928793794,0.3786452924568144,0.9153176248671279,2.1271443312685756,53.53393101977298,55.66107535104155,55.58829070758088,0.03821601213870137,AR6 World GDP level and trajectory (unrebased),Fixed original NATO GDP share = 0.5018,MESSAGE-GLOBIOM 1.0,SSP2-45,0.07278464346067182,1.8344135933501688,55.58829070758088,0.29273073791840676,0.07278464346067182,7.800666030300842,0.5185328793035922,0.1289281440381842
2029,SA1_AR6_fixed_split,SSP2-4.5,S3,"NATO→5%, nonNATO→3.5%",0.033,151.97364734621675,76.26037623833157,75.71327110788518,0.5018,0.03517969004118492,0.027258352042179364,2.6828163984886486,2.063818998123702,4.7466353966123505,0.4852562383536907,0.3646020065951973,0.3676183623891596,0.8886616921507511,2.303334437396588,53.679263981840855,55.98259841923744,55.868303363723854,0.041143757210903006,AR6 World GDP level and trajectory (unrebased),Fixed original NATO GDP share = 0.5018,MESSAGE-GLOBIOM 1.0,SSP2-45,0.11429505551358687,1.8436540110028874,55.86830336372386,0.45968042639370044,0.11429505551357977,10.10400046769743,0.9782133056972926,0.24322319955176397
2030,SA1_AR6_fixed_split,SSP2-4.5,S3,"NATO→5%, nonNATO→3.5%",0.033,157.32067999999987,78.94351722399993,78.37716277599993,0.5018,0.03849999999998644,0.028992773986343784,3.039325413122927,2.2723713660554434,5.31169677917837,0.47111074188634094,0.35397364988662916,0.356902077186622,0.8627566963290897,2.5023974103140096,53.80717460622956,56.30957201654357,56.14807747641181,0.04444000053097213,AR6 World GDP level and trajectory (unrebased),Fixed original NATO GDP share = 0.5018,MESSAGE-GLOBIOM 1.0,SSP2-45,0.16149454013176268,1.8528865567215895,56.1480774764118,0.6495108535924201,0.16149454013176978,12.606397878011439,1.6277241592897127,0.40471773968353375
2031,SA1_AR6_fixed_split,SSP2-4.5,S3,"NATO→5%, nonNATO→3.5%",0.033,161.48654563007247,81.03394859717037,80.4525970329021,0.5018,0.041820309958787966,0.0307271959305082,3.388864847518156,2.4720827121482056,5.860947559666362,0.4587847685346482,0.34471240961383437,0.3475642185868547,0.8401838379702106,2.688913469555243,53.64607490844379,56.33498837799903,56.12694504420659,0.04773078946094833,AR6 World GDP level and trajectory (unrebased),Fixed original NATO GDP share = 0.5018,MESSAGE-GLOBIOM 1.0,SSP2-45,0.208043333792439,1.8521891864588178,56.1269450442066,0.8367242830964252,0.2080433337924319,15.295311347566683,2.464448442386138,0.6127610734759656
2032,SA1_AR6_fixed_split,SSP2-4.5,S3,"NATO→5%, nonNATO→3.5%",0.033,165.76272375337751,83.17973477944484,82.58298897393267,0.5018,0.04476482353088705,0.032265314063365295,3.7235261487478364,2.664566075535371,6.388092224283207,0.44678190529746614,0.33569394127634017,0.3384711403768683,0.8182026991162393,2.8540840151811797,53.501098197466135,56.355182212647314,56.105898140781484,0.05064457079407086,AR6 World GDP level and trajectory (unrebased),Fixed original NATO GDP share = 0.5018,MESSAGE-GLOBIOM 1.0,SSP2-45,0.24928407186583001,1.851494638645789,56.105898140781484,1.0025893765353908,0.24928407186583001,18.149395362747864,3.4670378189215287,0.8620451453417957
2033,SA1_AR6_fixed_split,SSP2-4.5,S3,"NATO→5%, nonNATO→3.5%",0.033,170.15213545456908,85.38234157110277,84.7697938834663,0.5018,0.04711057859467799,0.033490660223439564,4.022411513183079,2.8389963641621754,6.861407877345254,0.43509366674433625,0.326911869263227,0.3296164142002547,0.7967977401895385,2.9853551123826194,53.38167698562262,56.36703209800524,56.08493675705109,0.05296278695660238,AR6 World GDP level and trajectory (unrebased),Fixed original NATO GDP share = 0.5018,MESSAGE-GLOBIOM 1.0,SSP2-45,0.28209534095415023,1.8508029129826862,56.08493675705109,1.1345521993999332,0.28209534095415023,21.13475047513048,4.6015900183214615,1.144140486295946
2034,SA1_AR6_fixed_split,SSP2-4.5,S3,"NATO→5%, nonNATO→3.5%",0.033,174.65777916888334,87.64327358694567,87.01450558193767,0.5018,0.04882476919383726,0.034386097646015426,4.279162604274956,2.992089285560263,7.271251889835218,0.4237117907677051,0.31835998575941793,0.3209937808846251,0.7759538305892034,3.0809151593651403,53.28917244087618,56.37008760024132,56.064060896331775,0.05465514230196,AR6 World GDP level and trajectory (unrebased),Fixed original NATO GDP share = 0.5018,MESSAGE-GLOBIOM 1.0,SSP2-45,0.306026703909545,1.8501140095789486,56.064060896331775,1.2308011497861917,0.306026703909545,24.215665634495622,5.8323911681076535,1.450167190205491
2035,SA1_AR6_fixed_split,SSP2-4.5,S3,"NATO→5%, nonNATO→3.5%",0.033,179.28273273038877,89.96407528410909,89.31865744627969,0.5018,0.049999999999972886,0.03499999999998584,4.498203764203015,3.1261530106185242,7.624356774821539,0.41262823266715665,0.31003224630080845,0.3125971459599672,0.7556562378573702,3.146024861218474,53.2196318938532,56.36565675507167,56.04327057142313,0.05581456940862134,AR6 World GDP level and trajectory (unrebased),Fixed original NATO GDP share = 0.5018,MESSAGE-GLOBIOM 1.0,SSP2-45,0.32238618364853977,1.8494279288569628,56.04327057142312,1.2965969323615112,0.3223861836485469,27.361690495714097,7.128988100469165,1.7725533738540378
2025,SA1_AR6_fixed_split,SSP3-7.0,S0,Baseline,0.033,131.57368822870808,66.02367675316572,65.55001147554236,0.5018,0.027,0.022985547972701727,1.7826392723354743,1.5067029333822277,3.289342205717702,0.6610439048545443,0.49668178398938956,0.5007908370110185,1.0,2.1743996160704895,63.71649784061101,65.8908974566815,65.8908974566815,0.033,AR6 World GDP level and trajectory (unrebased),Fixed original NATO GDP share = 0.5018,MIGRATION 1.0,SSP3-7.0_zeromig,0.0,2.1743996160704895,65.8908974566815,0.0,0.0,2.1743996160704895,0.0,0.0
2026,SA1_AR6_fixed_split,SSP3-7.0,S0,Baseline,0.033,134.8941946705815,67.6899068856978,67.2042877848837,0.5018,0.027,0.022985547972701727,1.8276274859138404,1.544727380850697,3.372354866764537,0.6553251689882162,0.4923849560307732,0.4964584613547093,0.9913489318571261,2.2099890229507038,64.7593753088888,66.96936433183951,66.96936433183951,0.032999999999999995,AR6 World GDP level and trajectory (unrebased),Fixed original NATO GDP share = 0.5018,MIGRATION 1.0,SSP3-7.0_zeromig,0.0,2.2099890229507038,66.96936433183951,0.0,0.0,4.384388639021193,0.0,0.0
2027,SA1_AR6_fixed_split,SSP3-7.0,S0,Baseline,0.033,138.29850026089372,69.39818743091647,68.90031282997725,0.5018,0.027,0.022985547972701727,1.8737510606347445,1.5837114458875985,3.4574625065223428,0.6496442600139989,0.4881165496764079,0.49215474243484764,0.9827550866790704,2.246120671575853,65.81814210345,68.06426277502585,68.06426277502585,0.033,AR6 World GDP level and trajectory (unrebased),Fixed original NATO GDP share = 0.5018,MIGRATION 1.0,SSP3-7.0_zeromig,0.0,2.246120671575853,68.06426277502585,0.0,0.0,6.630509310597047,0.0,0.0
2028,SA1_AR6_fixed_split,SSP3-7.0,S0,Baseline,0.033,141.78871982682614,71.14957960910137,70.63914021772477,0.5018,0.027,0.022985547972701727,1.9210386494457368,1.6236793462249166,3.5447179956706534,0.6436538653828238,0.4836156082557813,0.4876165646839574,0.9736930643426066,2.2815714396054716,66.8569570332876,69.13852847289307,69.13852847289309,0.033,AR6 World GDP level and trajectory (unrebased),Fixed original NATO GDP share = 0.5018,MIGRATION 1.0,SSP3-7.0_zeromig,-1.4210854715202004e-14,2.2815714396054716,69.13852847289307,0.0,0.0,8.912080750202518,0.0,0.0
2029,SA1_AR6_fixed_split,SSP3-7.0,S0,Baseline,0.033,145.36702156715262,72.9451714223972,72.42185014475542,0.5018,0.027,0.022985547972701727,1.9695196284047243,1.6646559107740913,3.6341755391788153,0.6372354275564843,0.4787930524064649,0.48275411178521543,0.9639835158856827,2.315825403523929,67.86070197598909,70.17652737951302,70.17652737951302,0.032999999999999995,AR6 World GDP level and trajectory (unrebased),Fixed original NATO GDP share = 0.5018,MIGRATION 1.0,SSP3-7.0_zeromig,0.0,2.315825403523929,70.17652737951302,0.0,0.0,11.227906153726448,0.0,0.0
2030,SA1_AR6_fixed_split,SSP3-7.0,S0,Baseline,0.033,149.0356283991709,74.78607833070396,74.24955006846693,0.5018,0.027,0.022985547972701727,2.0192241149290067,1.7066665950502655,3.7258907099792724,0.6306305973322774,0.47383044881143144,0.4777504525244526,0.953992000684192,2.3496606840290117,68.85217822594105,71.20183890997006,71.20183890997005,0.032999999999999995,AR6 World GDP level and trajectory (unrebased),Fixed original NATO GDP share = 0.5018,MIGRATION 1.0,SSP3-7.0_zeromig,1.4210854715202004e-14,2.3496606840290117,71.20183890997006,0.0,0.0,13.577566837755459,0.0,0.0
2031,SA1_AR6_fixed_split,SSP3-7.0,S0,Baseline,0.033,151.81959450515436,76.18307252268646,75.6365219824679,0.5018,0.027,0.022985547972701727,2.0569429581125345,1.7385469045163247,3.795489862628859,0.6237120856202252,0.46863215757168436,0.47250915577289787,0.9435259610440949,2.3672928981706676,69.3688555312435,71.73614842941416,71.73614842941417,0.03300000000000001,AR6 World GDP level and trajectory (unrebased),Fixed original NATO GDP share = 0.5018,MIGRATION 1.0,SSP3-7.0_zeromig,-1.4210854715202004e-14,2.3672928981706676,71.73614842941416,0.0,0.0,15.944859735926126,0.0,0.0
2032,SA1_AR6_fixed_split,SSP3-7.0,S0,Baseline,0.033,154.65556473500078,77.60616238402339,77.04940235097739,0.5018,0.027,0.022985547972701727,2.0953663843686314,1.771022734006388,3.8663891183750194,0.617120501606805,0.46367950664629404,0.46751553152030684,0.9335544841648541,2.3860279921386844,69.91785055751842,72.3038785496571,72.30387854965711,0.033,AR6 World GDP level and trajectory (unrebased),Fixed original NATO GDP share = 0.5018,MIGRATION 1.0,SSP3-7.0_zeromig,-1.4210854715202004e-14,2.3860279921386844,72.3038785496571,0.0,0.0,18.33088772806481,0.0,0.0
2033,SA1_AR6_fixed_split,SSP3-7.0,S0,Baseline,0.033,157.54451051896345,79.05583537841586,78.48867514054758,0.5018,0.027,0.022985547972701727,2.1345075552172283,1.804105207756858,3.9386127629740866,0.6102942219388422,0.4585505148522614,0.46234410752942595,0.9232279693632921,2.4037126116976637,70.43606350035274,72.8397761120504,72.83977611205042,0.03300000000000001,AR6 World GDP level and trajectory (unrebased),Fixed original NATO GDP share = 0.5018,MIGRATION 1.0,SSP3-7.0_zeromig,-1.4210854715202004e-14,2.4037126116976637,72.8397761120504,0.0,0.0,20.734600339762473,0.0,0.0
2034,SA1_AR6_fixed_split,SSP3-7.0,S0,Baseline,0.033,160.48742143348534,80.53258807532295,79.95483335816239,0.5018,0.027,0.022985547972701727,2.1743798780337196,1.8378056578034139,4.012185535837133,0.6035105064147404,0.4534535040427769,0.45720492910207605,0.9129658438459339,2.421396124562965,70.95424401370869,73.37564013827165,73.37564013827166,0.03300000000000001,AR6 World GDP level and trajectory (unrebased),Fixed original NATO GDP share = 0.5018,MIGRATION 1.0,SSP3-7.0_zeromig,-1.4210854715202004e-14,2.421396124562965,73.37564013827165,0.0,0.0,23.15599646432544,0.0,0.0
2035,SA1_AR6_fixed_split,SSP3-7.0,S0,Baseline,0.033,163.48530554016915,82.03692632005688,81.44837922011227,0.5018,0.027,0.022985547972701727,2.2149970106415355,1.872135627862693,4.087132638504229,0.5968024762618647,0.4484133601749985,0.4521230880771702,0.9028182120417322,2.439210879470012,71.47627031659097,73.91548119606098,73.91548119606098,0.032999999999999995,AR6 World GDP level and trajectory (unrebased),Fixed original NATO GDP share = 0.5018,MIGRATION 1.0,SSP3-7.0_zeromig,0.0,2.439210879470012,73.91548119606098,0.0,0.0,25.59520734379545,0.0,0.0
2025,SA1_AR6_fixed_split,SSP3-7.0,S1,"NATO→3.5%, nonNATO holds",0.033,131.57368822870808,66.02367675316572,65.55001147554236,0.5018,0.027,0.022985547972701727,1.7826392723354743,1.5067029333822277,3.289342205717702,0.6610439048545443,0.49668178398938956,0.5007908370110185,1.0,2.1743996160704895,63.71649784061101,65.8908974566815,65.8908974566815,0.033,AR6 World GDP level and trajectory (unrebased),Fixed original NATO GDP share = 0.5018,MIGRATION 1.0,SSP3-7.0_zeromig,0.0,2.1743996160704895,65.8908974566815,0.0,0.0,2.1743996160704895,0.0,0.0
2026,SA1_AR6_fixed_split,SSP3-7.0,S1,"NATO→3.5%, nonNATO holds",0.033,134.8941946705815,67.6899068856978,67.2042877848837,0.5018,0.02740877593256891,0.022985547972701727,1.8552974907265443,1.544727380850697,3.400024871577241,0.6553251689882162,0.4923849560307732,0.4964584613547093,0.9913489318571261,2.228121873530494,64.74575101478574,66.97387288831624,66.96936433183951,0.03326852364124213,AR6 World GDP level and trajectory (unrebased),Fixed original NATO GDP share = 0.5018,MIGRATION 1.0,SSP3-7.0_zeromig,0.004508556476721992,2.2099890229507038,66.96936433183951,0.018132850579790194,0.004508556476721992,4.402521489600984,0.018132850579790194,0.004508556476721992
2027,SA1_AR6_fixed_split,SSP3-7.0,S1,"NATO→3.5%, nonNATO holds",0.033,138.29850026089372,69.39818743091647,68.90031282997725,0.5018,0.028005016140972137,0.022985547972701727,1.9434973591570253,1.5837114458875985,3.5272088050446238,0.6496442600139989,0.4881165496764079,0.49215474243484764,0.9827550866790704,2.2914309540680757,65.78409778086261,68.07552873493069,68.06426277502585,0.03366012716537748,AR6 World GDP level and trajectory (unrebased),Fixed original NATO GDP share = 0.5018,MIGRATION 1.0,SSP3-7.0_zeromig,0.011265959904832812,2.246120671575853,68.06426277502585,0.04531028249222269,0.011265959904832812,6.693952443669059,0.06344313307201288,0.015774516381554804
2028,SA1_AR6_fixed_split,SSP3-7.0,S1,"NATO→3.5%, nonNATO holds",0.033,141.78871982682614,71.14957960910137,70.63914021772477,0.5018,0.028820930945768986,0.022985547972701727,2.0505971207344036,1.6236793462249166,3.67427646695932,0.6436538653828238,0.4836156082557813,0.4876165646839574,0.9736930643426066,2.3649622504435115,66.79430053439064,69.15926278483416,69.13852847289309,0.03419588577456787,AR6 World GDP level and trajectory (unrebased),Fixed original NATO GDP share = 0.5018,MIGRATION 1.0,SSP3-7.0_zeromig,0.02073431194106945,2.2815714396054716,69.13852847289307,0.0833908108380399,0.02073431194108366,9.05891469411257,0.14683394391005278,0.036508828322638465
2029,SA1_AR6_fixed_split,SSP3-7.0,S1,"NATO→3.5%, nonNATO holds",0.033,145.36702156715262,72.9451714223972,72.42185014475542,0.5018,0.029845109579542582,0.022985547972701727,2.177056634399962,1.6646559107740913,3.8417125451740537,0.6372354275564843,0.4787930524064649,0.48275411178521543,0.9639835158856827,2.4480753362730976,67.76133469940132,70.20941003567441,70.17652737951302,0.03486819409291711,AR6 World GDP level and trajectory (unrebased),Fixed original NATO GDP share = 0.5018,MIGRATION 1.0,SSP3-7.0_zeromig,0.032882656161390855,2.315825403523929,70.17652737951302,0.1322499327491684,0.032882656161390855,11.50699003038567,0.2790838766592212,0.06939148448402932
2030,SA1_AR6_fixed_split,SSP3-7.0,S1,"NATO→3.5%, nonNATO holds",0.033,149.0356283991709,74.78607833070396,74.24955006846693,0.5018,0.030999999999995285,0.022985547972701727,2.3183684282514703,1.7066665950502655,4.025035023301736,0.6306305973322774,0.47383044881143144,0.4777504525244526,0.953992000684192,2.538310241028111,68.71043454170007,71.24874478272818,71.20183890997005,0.035626034518483715,AR6 World GDP level and trajectory (unrebased),Fixed original NATO GDP share = 0.5018,MIGRATION 1.0,SSP3-7.0_zeromig,0.046905872758131295,2.3496606840290117,71.20183890997006,0.18864955699909913,0.046905872758117084,14.04530027141378,0.4677334336583203,0.1162973572421464
2031,SA1_AR6_fixed_split,SSP3-7.0,S1,"NATO→3.5%, nonNATO holds",0.033,151.81959450515436,76.18307252268646,75.6365219824679,0.5018,0.03215489042044799,0.022985547972701727,2.449658348860025,1.7385469045163247,4.18820525337635,0.6237120856202252,0.46863215757168436,0.47250915577289787,0.9435259610440949,2.612234233588947,69.1848164703659,71.79705070395485,71.73614842941417,0.03638358690192068,AR6 World GDP level and trajectory (unrebased),Fixed original NATO GDP share = 0.5018,MIGRATION 1.0,SSP3-7.0_zeromig,0.06090227454068042,2.3672928981706676,71.73614842941416,0.24494133541827923,0.060902274540694634,16.657534505002726,0.7126747690765995,0.17719963178284104
2032,SA1_AR6_fixed_split,SSP3-7.0,S1,"NATO→3.5%, nonNATO holds",0.033,154.65556473500078,77.60616238402339,77.04940235097739,0.5018,0.033179069054221584,0.022985547972701727,2.5749002207726455,1.771022734006388,4.3459229547790335,0.617120501606805,0.46367950664629404,0.46751553152030684,0.9335544841648541,2.681958153797765,69.6955005448344,72.37745869863217,72.30387854965711,0.03705515780769532,AR6 World GDP level and trajectory (unrebased),Fixed original NATO GDP share = 0.5018,MIGRATION 1.0,SSP3-7.0_zeromig,0.07358014897505427,2.3860279921386844,72.3038785496571,0.2959301616590806,0.07358014897506848,19.33949265880049,1.0086049307356801,0.2507797807579095
2033,SA1_AR6_fixed_split,SSP3-7.0,S1,"NATO→3.5%, nonNATO holds",0.033,157.54451051896345,79.05583537841586,78.48867514054758,0.5018,0.03399498385901843,0.022985547972701727,2.6875018476504655,1.804105207756858,4.491607055407323,0.6102942219388422,0.4585505148522614,0.46234410752942595,0.9232279693632921,2.7412018331348262,70.18248768284712,72.92368951598195,72.83977611205042,0.03759000472040111,AR6 World GDP level and trajectory (unrebased),Fixed original NATO GDP share = 0.5018,MIGRATION 1.0,SSP3-7.0_zeromig,0.08391340393153257,2.4037126116976637,72.8397761120504,0.33748922143716253,0.08391340393154678,22.08069449193532,1.3460941521728427,0.3346931846894563
2034,SA1_AR6_fixed_split,SSP3-7.0,S1,"NATO→3.5%, nonNATO holds",0.033,160.48742143348534,80.53258807532295,79.95483335816239,0.5018,0.034591224067421655,0.022985547972701727,2.785720798842865,1.8378056578034139,4.623526456646279,0.6035105064147404,0.4534535040427769,0.45720492910207605,0.9129658438459339,2.790346793272546,70.67702933100304,73.46737612427559,73.37564013827166,0.037980760175134944,AR6 World GDP level and trajectory (unrebased),Fixed original NATO GDP share = 0.5018,MIGRATION 1.0,SSP3-7.0_zeromig,0.09173598600392552,2.421396124562965,73.37564013827165,0.36895066870958093,0.09173598600393973,24.871041285207863,1.7150448208824236,0.42642917069339603
2035,SA1_AR6_fixed_split,SSP3-7.0,S1,"NATO→3.5%, nonNATO holds",0.033,163.48530554016915,82.03692632005688,81.44837922011227,0.5018,0.03499999999999057,0.022985547972701727,2.8712924212012174,1.872135627862693,4.74342804906391,0.5968024762618647,0.4484133601749985,0.4521230880771702,0.9028182120417322,2.8308896056513273,71.18197868627446,74.01286829192578,73.91548119606098,0.038248613666552835,AR6 World GDP level and trajectory (unrebased),Fixed original NATO GDP share = 0.5018,MIGRATION 1.0,SSP3-7.0_zeromig,0.09738709586480354,2.439210879470012,73.91548119606098,0.3916787261813153,0.09738709586480354,27.70193089085919,2.106723547063739,0.5238162665581996
2025,SA1_AR6_fixed_split,SSP3-7.0,S2,"NATO→3.5%, nonNATO→3.5%",0.033,131.57368822870808,66.02367675316572,65.55001147554236,0.5018,0.027,0.022985547972701727,1.7826392723354743,1.5067029333822277,3.289342205717702,0.6610439048545443,0.49668178398938956,0.5007908370110185,1.0,2.1743996160704895,63.71649784061101,65.8908974566815,65.8908974566815,0.033,AR6 World GDP level and trajectory (unrebased),Fixed original NATO GDP share = 0.5018,MIGRATION 1.0,SSP3-7.0_zeromig,0.0,2.1743996160704895,65.8908974566815,0.0,0.0,2.1743996160704895,0.0,0.0
2026,SA1_AR6_fixed_split,SSP3-7.0,S2,"NATO→3.5%, nonNATO→3.5%",0.033,134.8941946705815,67.6899068856978,67.2042877848837,0.5018,0.02740877593256891,0.023599450326672138,1.8552974907265443,1.585984251318742,3.4412817420452866,0.6553251689882162,0.4923849560307732,0.4964584613547093,0.9913489318571261,2.2551585391418905,64.72543675243436,66.98059529157625,66.96936433183951,0.033668833926077515,AR6 World GDP level and trajectory (unrebased),Fixed original NATO GDP share = 0.5018,MIGRATION 1.0,SSP3-7.0_zeromig,0.011230959736735713,2.2099890229507038,66.96936433183951,0.0451695161911867,0.011230959736735713,4.42955815521238,0.0451695161911867,0.011230959736735713
2027,SA1_AR6_fixed_split,SSP3-7.0,S2,"NATO→3.5%, nonNATO→3.5%",0.033,138.29850026089372,69.39818743091647,68.90031282997725,0.5018,0.028005016140972137,0.024494887749248,1.9434973591570253,1.6877054286583646,3.63120278781539,0.6496442600139989,0.4881165496764079,0.49215474243484764,0.9827550866790704,2.3589900480510986,65.73333659680543,68.09232664485653,68.06426277502585,0.03464399241862723,AR6 World GDP level and trajectory (unrebased),Fixed original NATO GDP share = 0.5018,MIGRATION 1.0,SSP3-7.0_zeromig,0.028063869830674548,2.246120671575853,68.06426277502585,0.11286937647524553,0.028063869830674548,6.7885482032634785,0.15803889266643223,0.03929482956741026
2028,SA1_AR6_fixed_split,SSP3-7.0,S2,"NATO→3.5%, nonNATO→3.5%",0.033,141.78871982682614,71.14957960910137,70.63914021772477,0.5018,0.028820930945768986,0.025720233909322272,2.0505971207344036,1.8168552095532955,3.867452330287699,0.6436538653828238,0.4836156082557813,0.4876165646839574,0.9736930643426066,2.489300641573487,66.70087767174675,69.19017831332025,69.13852847289309,0.035977659000977824,AR6 World GDP level and trajectory (unrebased),Fixed original NATO GDP share = 0.5018,MIGRATION 1.0,SSP3-7.0_zeromig,0.05164984042716014,2.2815714396054716,69.13852847289307,0.20772920196801525,0.051649840427174354,9.277848844836965,0.3657680946344475,0.09094466999458461
2029,SA1_AR6_fixed_split,SSP3-7.0,S2,"NATO→3.5%, nonNATO→3.5%",0.033,145.36702156715262,72.9451714223972,72.42185014475542,0.5018,0.029845109579542582,0.027258352042179364,2.177056634399962,1.974100286791702,4.151156921191664,0.6372354275564843,0.4787930524064649,0.48275411178521543,0.9639835158856827,2.645264255529629,67.61317488205783,70.25843913758746,70.17652737951302,0.03765048424075284,AR6 World GDP level and trajectory (unrebased),Fixed original NATO GDP share = 0.5018,MIGRATION 1.0,SSP3-7.0_zeromig,0.0819117580744404,2.315825403523929,70.17652737951302,0.3294388520056999,0.0819117580744404,11.923113100366594,0.6952069466401474,0.17285642806902501
2030,SA1_AR6_fixed_split,SSP3-7.0,S2,"NATO→3.5%, nonNATO→3.5%",0.033,149.0356283991709,74.78607833070396,74.24955006846693,0.5018,0.030999999999995285,0.028992773986343784,2.3183684282514703,2.1527004237227785,4.471068851974248,0.6306305973322774,0.47383044881143144,0.4777504525244526,0.953992000684192,2.81959282083426,68.49909013247509,71.31868295330935,71.20183890997005,0.03953512185131322,AR6 World GDP level and trajectory (unrebased),Fixed original NATO GDP share = 0.5018,MIGRATION 1.0,SSP3-7.0_zeromig,0.11684404333929876,2.3496606840290117,71.20183890997006,0.4699321368052485,0.11684404333928455,14.742705921200855,1.1651390834453959,0.28970047140830957
2031,SA1_AR6_fixed_split,SSP3-7.0,S2,"NATO→3.5%, nonNATO→3.5%",0.033,151.81959450515436,76.18307252268646,75.6365219824679,0.5018,0.03215489042044799,0.0307271959305082,2.449658348860025,2.3240982304574818,4.7737565793175065,0.6237120856202252,0.46863215757168436,0.47250915577289787,0.9435259610440949,2.977449672329394,68.91040828912114,71.88785796145054,71.73614842941417,0.041417977343629224,AR6 World GDP level and trajectory (unrebased),Fixed original NATO GDP share = 0.5018,MIGRATION 1.0,SSP3-7.0_zeromig,0.15170953203636373,2.3672928981706676,71.73614842941416,0.6101567741587264,0.15170953203637794,17.720155593530247,1.7752958576041222,0.4414100034446875
2032,SA1_AR6_fixed_split,SSP3-7.0,S2,"NATO→3.5%, nonNATO→3.5%",0.033,154.65556473500078,77.60616238402339,77.04940235097739,0.5018,0.033179069054221584,0.032265314063365295,2.5749002207726455,2.4860231652488816,5.060923386021527,0.617120501606805,0.46367950664629404,0.46751553152030684,0.9335544841648541,3.1231995785752145,69.363969497624,72.48716907619921,72.30387854965711,0.043086240204691637,AR6 World GDP level and trajectory (unrebased),Fixed original NATO GDP share = 0.5018,MIGRATION 1.0,SSP3-7.0_zeromig,0.18329052654209477,2.3860279921386844,72.3038785496571,0.73717158643653,0.18329052654210898,20.84335517210546,2.5124674440406523,0.6247005299867965
2033,SA1_AR6_fixed_split,SSP3-7.0,S2,"NATO→3.5%, nonNATO→3.5%",0.033,157.54451051896345,79.05583537841586,78.48867514054758,0.5018,0.03399498385901843,0.033490660223439564,2.6875018476504655,2.628637550520007,5.316139398170472,0.6102942219388422,0.4585505148522614,0.46234410752942595,0.9232279693632921,3.2444091577248733,69.80439795256075,73.04880711028562,72.83977611205042,0.044414266106038096,AR6 World GDP level and trajectory (unrebased),Fixed original NATO GDP share = 0.5018,MIGRATION 1.0,SSP3-7.0_zeromig,0.20903099823520677,2.4037126116976637,72.8397761120504,0.8406965460272096,0.20903099823522098,24.087764329830335,3.353163990067862,0.8337315282220175
2034,SA1_AR6_fixed_split,SSP3-7.0,S2,"NATO→3.5%, nonNATO→3.5%",0.033,160.48742143348534,80.53258807532295,79.95483335816239,0.5018,0.034591224067421655,0.034386097646015426,2.785720798842865,2.7493347071246634,5.535055505967529,0.6035105064147404,0.4534535040427769,0.45720492910207605,0.9129658438459339,3.3404641514401603,70.26369328955154,73.6041574409917,73.37564013827166,0.04538417757336878,AR6 World GDP level and trajectory (unrebased),Fixed original NATO GDP share = 0.5018,MIGRATION 1.0,SSP3-7.0_zeromig,0.2285173027200358,2.421396124562965,73.37564013827165,0.9190680268771954,0.22851730272005,27.428228481270498,4.272232016945058,1.0622488309420675
2035,SA1_AR6_fixed_split,SSP3-7.0,S2,"NATO→3.5%, nonNATO→3.5%",0.033,163.48530554016915,82.03692632005688,81.44837922011227,0.5018,0.03499999999999057,0.03499999999998584,2.8712924212012174,2.8506932727027765,5.721985693903994,0.5968024762618647,0.4484133601749985,0.4521230880771702,0.9028182120417322,3.4148952312568674,70.74318036462678,74.15807559588364,73.91548119606098,0.046048865262712145,AR6 World GDP level and trajectory (unrebased),Fixed original NATO GDP share = 0.5018,MIGRATION 1.0,SSP3-7.0_zeromig,0.2425943998226643,2.439210879470012,73.91548119606098,0.9756843517868554,0.2425943998226643,30.843123712527365,5.247916368731913,1.3048432307647317
2025,SA1_AR6_fixed_split,SSP3-7.0,S3,"NATO→5%, nonNATO→3.5%",0.033,131.57368822870808,66.02367675316572,65.55001147554236,0.5018,0.027,0.022985547972701727,1.7826392723354743,1.5067029333822277,3.289342205717702,0.6610439048545443,0.49668178398938956,0.5007908370110185,1.0,2.1743996160704895,63.71649784061101,65.8908974566815,65.8908974566815,0.033,AR6 World GDP level and trajectory (unrebased),Fixed original NATO GDP share = 0.5018,MIGRATION 1.0,SSP3-7.0_zeromig,0.0,2.1743996160704895,65.8908974566815,0.0,0.0,2.1743996160704895,0.0,0.0
2026,SA1_AR6_fixed_split,SSP3-7.0,S3,"NATO→5%, nonNATO→3.5%",0.033,134.8941946705815,67.6899068856978,67.2042877848837,0.5018,0.02817523080613562,0.023599450326672138,1.907178749750364,1.585984251318742,3.493163001069106,0.6553251689882162,0.4923849560307732,0.4964584613547093,0.9913489318571261,2.2891576339789967,64.6998912009911,66.9890488349701,66.96936433183951,0.03417211729066967,AR6 World GDP level and trajectory (unrebased),Fixed original NATO GDP share = 0.5018,MIGRATION 1.0,SSP3-7.0_zeromig,0.019684503130591224,2.2099890229507038,66.96936433183951,0.07916861102829298,0.019684503130591224,4.463557250049487,0.07916861102829298,0.019684503130591224
2027,SA1_AR6_fixed_split,SSP3-7.0,S3,"NATO→5%, nonNATO→3.5%",0.033,138.29850026089372,69.39818743091647,68.90031282997725,0.5018,0.029889421405294894,0.024494887749248,2.074271668886302,1.6877054286583646,3.7619770975446665,0.6496442600139989,0.4881165496764079,0.49215474243484764,0.9827550866790704,2.443946827724016,65.66950349195406,68.11345031967808,68.06426277502585,0.03588053191041999,AR6 World GDP level and trajectory (unrebased),Fixed original NATO GDP share = 0.5018,MIGRATION 1.0,SSP3-7.0_zeromig,0.04918754465222719,2.246120671575853,68.06426277502585,0.1978261561481629,0.04918754465222719,6.907504077773503,0.2769947671764559,0.06887204778281841
2028,SA1_AR6_fixed_split,SSP3-7.0,S3,"NATO→5%, nonNATO→3.5%",0.033,141.78871982682614,71.14957960910137,70.63914021772477,0.5018,0.03223517646908584,0.025720233909322272,2.2935192544006537,1.8168552095532955,4.110374463953949,0.6436538653828238,0.4836156082557813,0.4876165646839574,0.9736930643426066,2.6456584118948117,66.58339673631497,69.22905514820978,69.13852847289309,0.03821601213870137,AR6 World GDP level and trajectory (unrebased),Fixed original NATO GDP share = 0.5018,MIGRATION 1.0,SSP3-7.0_zeromig,0.09052667531669556,2.2815714396054716,69.13852847289307,0.36408697228934006,0.09052667531670977,9.553162489668313,0.6410817394657959,0.15939872309952818
2029,SA1_AR6_fixed_split,SSP3-7.0,S3,"NATO→5%, nonNATO→3.5%",0.033,145.36702156715262,72.9451714223972,72.42185014475542,0.5018,0.03517969004118492,0.027258352042179364,2.5661885206410338,1.974100286791702,4.540288807432736,0.6372354275564843,0.4787930524064649,0.48275411178521543,0.9639835158856827,2.89323287943432,67.42686123845579,70.32009411789011,70.17652737951302,0.04114375721090301,AR6 World GDP level and trajectory (unrebased),Fixed original NATO GDP share = 0.5018,MIGRATION 1.0,SSP3-7.0_zeromig,0.1435667383770891,2.315825403523929,70.17652737951302,0.5774074759103907,0.1435667383770891,12.446395369102634,1.2184892153761866,0.3029654614766173
2030,SA1_AR6_fixed_split,SSP3-7.0,S3,"NATO→5%, nonNATO→3.5%",0.033,149.0356283991709,74.78607833070396,74.24955006846693,0.5018,0.03849999999998644,0.028992773986343784,2.8792640157310885,2.1527004237227785,5.031964439453867,0.6306305973322774,0.47383044881143144,0.4777504525244526,0.953992000684192,3.173310740207571,68.23332072452327,71.40663146473084,71.20183890997005,0.04444000053097215,AR6 World GDP level and trajectory (unrebased),Fixed original NATO GDP share = 0.5018,MIGRATION 1.0,SSP3-7.0_zeromig,0.20479255476078606,2.3496606840290117,71.20183890997006,0.8236500561785594,0.20479255476077185,15.619706109310204,2.042139271554746,0.5077580162373891
2031,SA1_AR6_fixed_split,SSP3-7.0,S3,"NATO→5%, nonNATO→3.5%",0.033,151.81959450515436,76.18307252268646,75.6365219824679,0.5018,0.041820309958787966,0.0307271959305082,3.1859997065115704,2.3240982304574818,5.510097936969052,0.6237120856202252,0.46863215757168436,0.47250915577289787,0.9435259610440949,3.436714676238667,68.56533504997563,72.0020497262143,71.73614842941417,0.04773078946094833,AR6 World GDP level and trajectory (unrebased),Fixed original NATO GDP share = 0.5018,MIGRATION 1.0,SSP3-7.0_zeromig,0.26590129680012353,2.3672928981706676,71.73614842941416,1.0694217780679995,0.26590129680013774,19.056420785548873,3.1115610496227455,0.7736593130375269
2032,SA1_AR6_fixed_split,SSP3-7.0,S3,"NATO→5%, nonNATO→3.5%",0.033,154.65556473500078,77.60616238402339,77.04940235097739,0.5018,0.04476482353088705,0.032265314063365295,3.474026164030172,2.4860231652488816,5.9600493292790535,0.617120501606805,0.46367950664629404,0.46751553152030684,0.9335544841648541,3.678068631685991,68.94706322384147,72.62513185552746,72.30387854965711,0.050644570794070864,AR6 World GDP level and trajectory (unrebased),Fixed original NATO GDP share = 0.5018,MIGRATION 1.0,SSP3-7.0_zeromig,0.32125330587034284,2.3860279921386844,72.3038785496571,1.2920406395473067,0.32125330587035705,22.73448941723486,4.403601689170053,1.094912618907884
2033,SA1_AR6_fixed_split,SSP3-7.0,S3,"NATO→5%, nonNATO→3.5%",0.033,157.54451051896345,79.05583537841586,78.48867514054758,0.5018,0.04711057859467799,0.033490660223439564,3.7243661459627853,2.628637550520007,6.3530036964827925,0.6102942219388422,0.4585505148522614,0.46234410752942595,0.9232279693632921,3.8772014479195542,69.3289432947377,73.20614474265726,72.83977611205042,0.052962786956602385,AR6 World GDP level and trajectory (unrebased),Fixed original NATO GDP share = 0.5018,MIGRATION 1.0,SSP3-7.0_zeromig,0.36636863060684277,2.4037126116976637,72.8397761120504,1.4734888362218905,0.366368630606857,26.61169086515442,5.877090525391942,1.461281249514741
2034,SA1_AR6_fixed_split,SSP3-7.0,S3,"NATO→5%, nonNATO→3.5%",0.033,160.48742143348534,80.53258807532295,79.95483335816239,0.5018,0.04882476919383726,0.034386097646015426,3.931985025360014,2.7493347071246634,6.681319732484678,0.6035105064147404,0.4534535040427769,0.45720492910207605,0.9129658438459339,4.032246655270625,69.74391575947847,73.7761624147491,73.37564013827166,0.05465514230196,AR6 World GDP level and trajectory (unrebased),Fixed original NATO GDP share = 0.5018,MIGRATION 1.0,SSP3-7.0_zeromig,0.40052227647743166,2.421396124562965,73.37564013827165,1.6108505307076602,0.40052227647744587,30.64393752042504,7.4879410560996025,1.8618035259921868
2035,SA1_AR6_fixed_split,SSP3-7.0,S3,"NATO→5%, nonNATO→3.5%",0.033,163.48530554016915,82.03692632005688,81.44837922011227,0.5018,0.049999999999972886,0.03499999999998584,4.1018463160006196,2.8506932727027765,6.952539588703396,0.5968024762618647,0.4484133601749985,0.4521230880771702,0.9028182120417322,4.149292842846833,70.19138355778335,74.34067640063019,73.91548119606098,0.05581456940862135,AR6 World GDP level and trajectory (unrebased),Fixed original NATO GDP share = 0.5018,MIGRATION 1.0,SSP3-7.0_zeromig,0.42519520456920645,2.439210879470012,73.91548119606098,1.7100819633768212,0.42519520456920645,34.793230363271874,9.198023019476423,2.2869987305613932
2025,SA1_AR6_fixed_split,SSP5-8.5,S0,Baseline,0.033,144.2051385147961,72.36213850672468,71.84300000807141,0.5018,0.027,0.022985547972701727,1.9537777396815663,1.651350723188336,3.605128462869902,0.5912714801213955,0.4442575922901239,0.4479329394859057,1.0,2.1316096422688586,62.462621941635945,64.5942315839048,64.5942315839048,0.033,AR6 World GDP level and trajectory (unrebased),Fixed original NATO GDP share = 0.5018,MIGRATION 1.0,SSP5-8.5_zeromig,0.0,2.1316096422688586,64.5942315839048,0.0,0.0,2.1316096422688586,0.0,0.0
2026,SA1_AR6_fixed_split,SSP5-8.5,S0,Baseline,0.033,151.357011624834,75.95094843334171,75.4060631914923,0.5018,0.027,0.022985547972701727,2.050675607700226,1.733249682920624,3.78392529062085,0.5737796839703209,0.431114960683217,0.4346815787653946,0.9704166415273685,2.171139457419736,63.620965312875285,65.79210477029503,65.79210477029503,0.033,AR6 World GDP level and trajectory (unrebased),Fixed original NATO GDP share = 0.5018,MIGRATION 1.0,SSP5-8.5_zeromig,0.0,2.171139457419736,65.79210477029503,0.0,0.0,4.302749099688595,0.0,0.0
2027,SA1_AR6_fixed_split,SSP5-8.5,S0,Baseline,0.033,158.86358283723416,79.7177458677241,79.14583696951006,0.5018,0.027,0.022985547972701727,2.1523791384285507,1.8192104325023033,3.971589570930854,0.5567314800395258,0.4183056264166444,0.42176627275721645,0.941583517482057,2.2111089399338795,64.79219227018368,67.00330121011756,67.00330121011756,0.033,AR6 World GDP level and trajectory (unrebased),Fixed original NATO GDP share = 0.5018,MIGRATION 1.0,SSP5-8.5_zeromig,0.0,2.2111089399338795,67.00330121011756,0.0,0.0,6.513858039622474,0.0,0.0
2028,SA1_AR6_fixed_split,SSP5-8.5,S0,Baseline,0.033,166.7424434517702,83.67135812409829,83.07108532767192,0.5018,0.027,0.022985547972701727,2.2591266693506538,1.9094344169436015,4.168561086294256,0.540186505029089,0.4058743981065494,0.40923220077961286,0.913601489654434,2.251800444205557,65.98457665293252,68.23637709713807,68.23637709713807,0.03300000000000001,AR6 World GDP level and trajectory (unrebased),Fixed original NATO GDP share = 0.5018,MIGRATION 1.0,SSP5-8.5_zeromig,0.0,2.251800444205557,68.23637709713807,0.0,0.0,8.76565848382803,0.0,0.0
2029,SA1_AR6_fixed_split,SSP5-8.5,S0,Baseline,0.033,175.0120572110772,87.82105030851855,87.19100690255866,0.5018,0.027,0.022985547972701727,2.3711683583300007,2.0041330719469292,4.37530143027693,0.5237927016197961,0.39355675405310236,0.39681265274226973,0.885875133893241,2.291750956565711,67.1552477272437,69.44699868380941,69.44699868380943,0.03300000000000001,AR6 World GDP level and trajectory (unrebased),Fixed original NATO GDP share = 0.5018,MIGRATION 1.0,SSP5-8.5_zeromig,-1.4210854715202004e-14,2.291750956565711,69.44699868380941,0.0,0.0,11.057409440393743,0.0,0.0
2030,SA1_AR6_fixed_split,SSP5-8.5,S0,Baseline,0.033,183.69180356957398,92.17654703121222,91.51525653836175,0.5018,0.027,0.022985547972701727,2.48876676984273,2.1035283193966197,4.59229508923935,0.507695686848064,0.3814621050365795,0.38461794458186666,0.8586507279935566,2.331488409540363,68.31967551592517,70.65116392546554,70.65116392546554,0.03300000000000001,AR6 World GDP level and trajectory (unrebased),Fixed original NATO GDP share = 0.5018,MIGRATION 1.0,SSP5-8.5_zeromig,0.0,2.331488409540363,70.65116392546554,0.0,0.0,13.388897849934105,0.0,0.0
2031,SA1_AR6_fixed_split,SSP5-8.5,S0,Baseline,0.033,192.3472811262712,96.5198656691629,95.82741545710832,0.5018,0.027,0.022985547972701727,2.6060363730673983,2.2026456550893823,4.808682028156781,0.49546145895237304,0.37226979860679466,0.3753495901154341,0.8379593395078831,2.382516613308615,69.81495651725547,72.19747313056408,72.19747313056408,0.033,AR6 World GDP level and trajectory (unrebased),Fixed original NATO GDP share = 0.5018,MIGRATION 1.0,SSP5-8.5_zeromig,0.0,2.382516613308615,72.19747313056408,0.0,0.0,15.77141446324272,0.0,0.0
2032,SA1_AR6_fixed_split,SSP5-8.5,S0,Baseline,0.033,201.41060100515517,101.06783958438687,100.3427614207683,0.5018,0.027,0.022985547972701727,2.7288316687784455,2.306433356350434,5.035265025128879,0.48322789560555174,0.3630779914922832,0.36608173909511493,0.8172690749540954,2.433180521909264,71.29956256625024,73.73274308815951,73.73274308815951,0.033,AR6 World GDP level and trajectory (unrebased),Fixed original NATO GDP share = 0.5018,MIGRATION 1.0,SSP5-8.5_zeromig,0.0,2.433180521909264,73.73274308815951,0.0,0.0,18.204594985151985,0.0,0.0
2033,SA1_AR6_fixed_split,SSP5-8.5,S0,Baseline,0.033,210.9009805583224,105.83011204416619,105.07086851415622,0.5018,0.027,0.022985547972701727,2.857413025192487,2.415111488765573,5.27252451395806,0.47064988225491444,0.3536273785085488,0.3565529411022079,0.7959962522770151,2.4815130416805107,72.71585185772892,75.19736489940944,75.19736489940942,0.03299999999999999,AR6 World GDP level and trajectory (unrebased),Fixed original NATO GDP share = 0.5018,MIGRATION 1.0,SSP5-8.5_zeromig,1.4210854715202004e-14,2.4815130416805107,75.19736489940944,0.0,0.0,20.686108026832496,0.0,0.0
2034,SA1_AR6_fixed_split,SSP5-8.5,S0,Baseline,0.033,220.8385426511057,110.81678070232485,110.02176194878086,0.5018,0.027,0.022985547972701727,2.992053078962771,2.528910487314872,5.520963566277643,0.45803712695549664,0.34415066182281684,0.3469978234511338,0.7746646715675443,2.528806289923784,74.10168734413028,76.63049363405406,76.63049363405406,0.033,AR6 World GDP level and trajectory (unrebased),Fixed original NATO GDP share = 0.5018,MIGRATION 1.0,SSP5-8.5_zeromig,0.0,2.528806289923784,76.63049363405406,0.0,0.0,23.21491431675628,0.0,0.0
2035,SA1_AR6_fixed_split,SSP5-8.5,S0,Baseline,0.033,231.244358329465,116.03841900972554,115.20593931973946,0.5018,0.027,0.022985547972701727,3.1330373132625895,2.6480716449740354,5.781108958236625,0.4454577955111513,0.3346990584765216,0.3374680269023873,0.7533896196374855,2.575240052145855,75.46233728560733,78.03757733775319,78.03757733775319,0.032999999999999995,AR6 World GDP level and trajectory (unrebased),Fixed original NATO GDP share = 0.5018,MIGRATION 1.0,SSP5-8.5_zeromig,0.0,2.575240052145855,78.03757733775319,0.0,0.0,25.790154368902133,0.0,0.0
2025,SA1_AR6_fixed_split,SSP5-8.5,S1,"NATO→3.5%, nonNATO holds",0.033,144.2051385147961,72.36213850672468,71.84300000807141,0.5018,0.027,0.022985547972701727,1.9537777396815663,1.651350723188336,3.605128462869902,0.5912714801213955,0.4442575922901239,0.4479329394859057,1.0,2.1316096422688586,62.462621941635945,64.5942315839048,64.5942315839048,0.033,AR6 World GDP level and trajectory (unrebased),Fixed original NATO GDP share = 0.5018,MIGRATION 1.0,SSP5-8.5_zeromig,0.0,2.1316096422688586,64.5942315839048,0.0,0.0,2.1316096422688586,0.0,0.0
2026,SA1_AR6_fixed_split,SSP5-8.5,S1,"NATO→3.5%, nonNATO holds",0.033,151.357011624834,75.95094843334171,75.4060631914923,0.5018,0.02740877593256891,0.022985547972701727,2.0817225274755584,1.733249682920624,3.8149722103961823,0.5737796839703209,0.431114960683217,0.4346815787653946,0.9704166415273685,2.188953549236678,63.607580521277015,65.79653407051369,65.79210477029503,0.03326852364124213,AR6 World GDP level and trajectory (unrebased),Fixed original NATO GDP share = 0.5018,MIGRATION 1.0,SSP5-8.5_zeromig,0.0044293002186606145,2.171139457419736,65.79210477029503,0.017814091816942046,0.0044293002186606145,4.320563191505537,0.017814091816942046,0.0044293002186606145
2027,SA1_AR6_fixed_split,SSP5-8.5,S1,"NATO→3.5%, nonNATO holds",0.033,158.86358283723416,79.7177458677241,79.14583696951006,0.5018,0.028005016140972137,0.022985547972701727,2.2324967597475283,1.8192104325023033,4.051707192249832,0.5567314800395258,0.4183056264166444,0.42176627275721645,0.941583517482057,2.25571294182804,64.75867861841083,67.01439156023886,67.00330121011756,0.03366012716537749,AR6 World GDP level and trajectory (unrebased),Fixed original NATO GDP share = 0.5018,MIGRATION 1.0,SSP5-8.5_zeromig,0.011090350121307324,2.2111089399338795,67.00330121011756,0.04460400189416047,0.011090350121307324,6.576276133333577,0.06241809371110252,0.015519650339967939
2028,SA1_AR6_fixed_split,SSP5-8.5,S1,"NATO→3.5%, nonNATO holds",0.033,166.7424434517702,83.67135812409829,83.07108532767192,0.5018,0.028820930945768986,0.022985547972701727,2.4114864346333436,1.9094344169436015,4.320920851576945,0.540186505029089,0.4058743981065494,0.40923220077961286,0.913601489654434,2.334103133320665,65.92273772490276,68.25684085822343,68.23637709713807,0.034195885774567863,AR6 World GDP level and trajectory (unrebased),Fixed original NATO GDP share = 0.5018,MIGRATION 1.0,SSP5-8.5_zeromig,0.020463761085352417,2.251800444205557,68.23637709713807,0.08230268911510796,0.020463761085352417,8.910379266654243,0.14472078282621048,0.035983411425320355
2029,SA1_AR6_fixed_split,SSP5-8.5,S1,"NATO→3.5%, nonNATO holds",0.033,175.0120572110772,87.82105030851855,87.19100690255866,0.5018,0.029845109579542582,0.022985547972701727,2.6210288698482582,2.0041330719469292,4.625161941795188,0.5237927016197961,0.39355675405310236,0.39681265274226973,0.885875133893241,2.4226260689219634,67.05691343536454,69.47953950428649,69.44699868380943,0.03486819409291711,AR6 World GDP level and trajectory (unrebased),Fixed original NATO GDP share = 0.5018,MIGRATION 1.0,SSP5-8.5_zeromig,0.032540820477066745,2.291750956565711,69.44699868380941,0.13087511235625238,0.032540820477080956,11.333005335576205,0.27559589518246286,0.06852423190240131
2030,SA1_AR6_fixed_split,SSP5-8.5,S1,"NATO→3.5%, nonNATO holds",0.033,183.69180356957398,92.17654703121222,91.51525653836175,0.5018,0.030999999999995285,0.022985547972701727,2.8574729579671443,2.1035283193966197,4.9610012773637635,0.507695686848064,0.3814621050365795,0.38461794458186666,0.8586507279935566,2.518678950965319,68.17902807726323,70.69770702822855,70.65116392546554,0.035626034518483715,AR6 World GDP level and trajectory (unrebased),Fixed original NATO GDP share = 0.5018,MIGRATION 1.0,SSP5-8.5_zeromig,0.046543102763010324,2.331488409540363,70.65116392546554,0.18719054142495573,0.046543102763010324,13.851684286541524,0.4627864366074186,0.11506733466541164
2031,SA1_AR6_fixed_split,SSP5-8.5,S1,"NATO→3.5%, nonNATO holds",0.033,192.3472811262712,96.5198656691629,95.82741545710832,0.5018,0.03215489042044799,0.022985547972701727,3.103585703988293,2.2026456550893823,5.306231359077675,0.49546145895237304,0.37226979860679466,0.3753495901154341,0.8379593395078831,2.629033130707458,69.62973392803659,72.25876705874404,72.19747313056408,0.03638358690192069,AR6 World GDP level and trajectory (unrebased),Fixed original NATO GDP share = 0.5018,MIGRATION 1.0,SSP5-8.5_zeromig,0.06129392817996404,2.382516613308615,72.19747313056408,0.24651651739884306,0.06129392817996404,16.480717417248982,0.7093029540062616,0.17636126284537568
2032,SA1_AR6_fixed_split,SSP5-8.5,S1,"NATO→3.5%, nonNATO holds",0.033,201.41060100515517,101.06783958438687,100.3427614207683,0.5018,0.033179069054221584,0.022985547972701727,3.353336828731362,2.306433356350434,5.659770185081795,0.48322789560555174,0.3630779914922832,0.36608173909511493,0.8172690749540954,2.73495883614812,71.07281848709798,73.8077773232461,73.73274308815951,0.03705515780769531,AR6 World GDP level and trajectory (unrebased),Fixed original NATO GDP share = 0.5018,MIGRATION 1.0,SSP5-8.5_zeromig,0.07503423508659068,2.433180521909264,73.73274308815951,0.3017783142388559,0.07503423508659068,19.215676253397103,1.0110812682451176,0.25139549793196636
2033,SA1_AR6_fixed_split,SSP5-8.5,S1,"NATO→3.5%, nonNATO holds",0.033,210.9009805583224,105.83011204416619,105.07086851415622,0.5018,0.03399498385901843,0.022985547972701727,3.5976929507395417,2.415111488765573,6.012804439505114,0.47064988225491444,0.3536273785085488,0.3565529411022079,0.7959962522770151,2.8299257014749086,72.45406860829522,75.28399430977012,75.19736489940942,0.0375900047204011,AR6 World GDP level and trajectory (unrebased),Fixed original NATO GDP share = 0.5018,MIGRATION 1.0,SSP5-8.5_zeromig,0.08662941036070038,2.4815130416805107,75.19736489940944,0.34841265979439795,0.08662941036068617,22.045601954872012,1.3594939280395155,0.3380249082926525
2034,SA1_AR6_fixed_split,SSP5-8.5,S1,"NATO→3.5%, nonNATO holds",0.033,220.8385426511057,110.81678070232485,110.02176194878086,0.5018,0.034591224067421655,0.022985547972701727,3.8332880917044467,2.528910487314872,6.362198579019319,0.45803712695549664,0.34415066182281684,0.3469978234511338,0.7746646715675443,2.9141231582543523,73.81217575774672,76.72629891600107,76.63049363405406,0.03798076017513494,AR6 World GDP level and trajectory (unrebased),Fixed original NATO GDP share = 0.5018,MIGRATION 1.0,SSP5-8.5_zeromig,0.09580528194700833,2.528806289923784,76.63049363405406,0.38531686833056833,0.09580528194700833,24.959725113126364,1.7448107963700838,0.43383019023966085
2035,SA1_AR6_fixed_split,SSP5-8.5,S1,"NATO→3.5%, nonNATO holds",0.033,231.244358329465,116.03841900972554,115.20593931973946,0.5018,0.03499999999999057,0.022985547972701727,4.0613446653393,2.6480716449740354,6.709416310313335,0.4454577955111513,0.3346990584765216,0.3374680269023873,0.7533896196374855,2.9887617987587407,75.15163368889043,78.14039548764917,78.03757733775319,0.03824861366655282,AR6 World GDP level and trajectory (unrebased),Fixed original NATO GDP share = 0.5018,MIGRATION 1.0,SSP5-8.5_zeromig,0.10281814989598104,2.575240052145855,78.03757733775319,0.41352174661288554,0.10281814989598104,27.948486911885105,2.1583325429829694,0.5366483401356419
2025,SA1_AR6_fixed_split,SSP5-8.5,S2,"NATO→3.5%, nonNATO→3.5%",0.033,144.2051385147961,72.36213850672468,71.84300000807141,0.5018,0.027,0.022985547972701727,1.9537777396815663,1.651350723188336,3.605128462869902,0.5912714801213955,0.4442575922901239,0.4479329394859057,1.0,2.1316096422688586,62.462621941635945,64.5942315839048,64.5942315839048,0.033,AR6 World GDP level and trajectory (unrebased),Fixed original NATO GDP share = 0.5018,MIGRATION 1.0,SSP5-8.5_zeromig,0.0,2.1316096422688586,64.5942315839048,0.0,0.0,2.1316096422688586,0.0,0.0
2026,SA1_AR6_fixed_split,SSP5-8.5,S2,"NATO→3.5%, nonNATO→3.5%",0.033,151.357011624834,75.95094843334171,75.4060631914923,0.5018,0.02740877593256891,0.023599450326672138,2.0817225274755584,1.7795416426175228,3.861264170093081,0.5737796839703209,0.431114960683217,0.4346815787653946,0.9704166415273685,2.215514935241931,63.58762336489233,65.80313830013426,65.79210477029503,0.033668833926077515,AR6 World GDP level and trajectory (unrebased),Fixed original NATO GDP share = 0.5018,MIGRATION 1.0,SSP5-8.5_zeromig,0.011033529839238554,2.171139457419736,65.79210477029503,0.0443754778221952,0.011033529839238554,4.34712457751079,0.0443754778221952,0.011033529839238554
2027,SA1_AR6_fixed_split,SSP5-8.5,S2,"NATO→3.5%, nonNATO→3.5%",0.033,158.86358283723416,79.7177458677241,79.14583696951006,0.5018,0.028005016140972137,0.024494887749248,2.2324967597475283,1.9386683923884314,4.171165152135959,0.5567314800395258,0.4183056264166444,0.42176627275721645,0.941583517482057,2.3222189486379463,64.70870868167022,67.03092763030816,67.00330121011756,0.03464399241862723,AR6 World GDP level and trajectory (unrebased),Fixed original NATO GDP share = 0.5018,MIGRATION 1.0,SSP5-8.5_zeromig,0.027626420190600243,2.2111089399338795,67.00330121011756,0.11111000870406684,0.027626420190600243,6.669343526148737,0.15548548652626204,0.0386599500298388
2028,SA1_AR6_fixed_split,SSP5-8.5,S2,"NATO→3.5%, nonNATO→3.5%",0.033,166.7424434517702,83.67135812409829,83.07108532767192,0.5018,0.028820930945768986,0.025720233909322272,2.4114864346333436,2.136607745728991,4.548094180362335,0.540186505029089,0.4058743981065494,0.40923220077961286,0.913601489654434,2.456819099833069,65.83053388681613,68.2873529866492,68.23637709713807,0.03597765900097782,AR6 World GDP level and trajectory (unrebased),Fixed original NATO GDP share = 0.5018,MIGRATION 1.0,SSP5-8.5_zeromig,0.050975889511121864,2.251800444205557,68.23637709713807,0.20501865562751176,0.050975889511121864,9.126162625981806,0.3605041421537738,0.08963583954096066
2029,SA1_AR6_fixed_split,SSP5-8.5,S2,"NATO→3.5%, nonNATO→3.5%",0.033,175.0120572110772,87.82105030851855,87.19100690255866,0.5018,0.029845109579542582,0.027258352042179364,2.6210288698482582,2.3766831610620347,4.997712030910293,0.5237927016197961,0.39355675405310236,0.39681265274226973,0.885875133893241,2.61776508658826,66.9102938315702,69.52805891815846,69.44699868380943,0.03765048424075284,AR6 World GDP level and trajectory (unrebased),Fixed original NATO GDP share = 0.5018,MIGRATION 1.0,SSP5-8.5_zeromig,0.08106023434903875,2.291750956565711,69.44699868380941,0.326014130022549,0.08106023434905296,11.743927712570065,0.6865182721763228,0.17069607389001362
2030,SA1_AR6_fixed_split,SSP5-8.5,S2,"NATO→3.5%, nonNATO→3.5%",0.033,183.69180356957398,92.17654703121222,91.51525653836175,0.5018,0.030999999999995285,0.028992773986343784,2.8574729579671443,2.6532811491189925,5.510754107086137,0.507695686848064,0.3814621050365795,0.38461794458186666,0.8586507279935566,2.7977860914478856,67.9693182055875,70.76710429703539,70.65116392546554,0.03953512185131322,AR6 World GDP level and trajectory (unrebased),Fixed original NATO GDP share = 0.5018,MIGRATION 1.0,SSP5-8.5_zeromig,0.11594037156984882,2.331488409540363,70.65116392546554,0.4662976819075224,0.11594037156984882,14.54171380401795,1.1528159540838452,0.28663644545986244
2031,SA1_AR6_fixed_split,SSP5-8.5,S2,"NATO→3.5%, nonNATO→3.5%",0.033,192.3472811262712,96.5198656691629,95.82741545710832,0.5018,0.03215489042044799,0.0307271959305082,3.103585703988293,2.944507770264777,6.04809347425307,0.49546145895237304,0.37226979860679466,0.3753495901154341,0.8379593395078831,2.9965972166337527,69.35356106782623,72.35015828446,72.19747313056408,0.04141797734362923,AR6 World GDP level and trajectory (unrebased),Fixed original NATO GDP share = 0.5018,MIGRATION 1.0,SSP5-8.5_zeromig,0.15268515389591641,2.382516613308615,72.19747313056408,0.6140806033251378,0.15268515389591641,17.538311020651705,1.766896557408983,0.43932159935577886
2032,SA1_AR6_fixed_split,SSP5-8.5,S2,"NATO→3.5%, nonNATO→3.5%",0.033,201.41060100515517,101.06783958438687,100.3427614207683,0.5018,0.033179069054221584,0.032265314063365295,3.353336828731362,3.237590711226424,6.590927539957786,0.48322789560555174,0.3630779914922832,0.36608173909511493,0.8172690749540954,3.184920045222477,70.73473574492633,73.91965579014881,73.73274308815951,0.04308624020469164,AR6 World GDP level and trajectory (unrebased),Fixed original NATO GDP share = 0.5018,MIGRATION 1.0,SSP5-8.5_zeromig,0.1869127019893,2.433180521909264,73.73274308815951,0.7517395233132129,0.1869127019893,20.72323106587418,2.518636080722196,0.6262343013450788
2033,SA1_AR6_fixed_split,SSP5-8.5,S2,"NATO→3.5%, nonNATO→3.5%",0.033,210.9009805583224,105.83011204416619,105.07086851415622,0.5018,0.03399498385901843,0.033490660223439564,3.5976929507395417,3.5188927567893002,7.1165857075288415,0.47064988225491444,0.3536273785085488,0.3565529411022079,0.7959962522770151,3.3494202253054564,72.06374133203714,75.41316155734259,75.19736489940942,0.044414266106038096,AR6 World GDP level and trajectory (unrebased),Fixed original NATO GDP share = 0.5018,MIGRATION 1.0,SSP5-8.5_zeromig,0.2157966579331685,2.4815130416805107,75.19736489940944,0.8679071836249457,0.21579665793315428,24.072651291179636,3.3865432643471416,0.8420309592782331
2034,SA1_AR6_fixed_split,SSP5-8.5,S2,"NATO→3.5%, nonNATO→3.5%",0.033,220.8385426511057,110.81678070232485,110.02176194878086,0.5018,0.034591224067421655,0.034386097646015426,3.8332880917044467,3.7832190495574434,7.61650714126189,0.45803712695549664,0.34415066182281684,0.3469978234511338,0.7746646715675443,3.488643048419619,73.38050463592091,76.86914768434053,76.63049363405406,0.04538417757336877,AR6 World GDP level and trajectory (unrebased),Fixed original NATO GDP share = 0.5018,MIGRATION 1.0,SSP5-8.5_zeromig,0.23865405028647046,2.528806289923784,76.63049363405406,0.9598367584958352,0.23865405028647046,27.561294339599257,4.346380022842977,1.0806850095647036
2035,SA1_AR6_fixed_split,SSP5-8.5,S2,"NATO→3.5%, nonNATO→3.5%",0.033,231.244358329465,116.03841900972554,115.20593931973946,0.5018,0.03499999999999057,0.03499999999998584,4.0613446653393,4.03220787618925,8.093552541528549,0.4454577955111513,0.3346990584765216,0.3374680269023873,0.7533896196374855,3.605336073002983,74.68836459549946,78.29370066850245,78.03757733775319,0.04604886526271212,AR6 World GDP level and trajectory (unrebased),Fixed original NATO GDP share = 0.5018,MIGRATION 1.0,SSP5-8.5_zeromig,0.2561233307492614,2.575240052145855,78.03757733775319,1.030096020857128,0.2561233307492614,31.166630412602238,5.376476043700105,1.336808340313965
2025,SA1_AR6_fixed_split,SSP5-8.5,S3,"NATO→5%, nonNATO→3.5%",0.033,144.2051385147961,72.36213850672468,71.84300000807141,0.5018,0.027,0.022985547972701727,1.9537777396815663,1.651350723188336,3.605128462869902,0.5912714801213955,0.4442575922901239,0.4479329394859057,1.0,2.1316096422688586,62.462621941635945,64.5942315839048,64.5942315839048,0.033,AR6 World GDP level and trajectory (unrebased),Fixed original NATO GDP share = 0.5018,MIGRATION 1.0,SSP5-8.5_zeromig,0.0,2.1316096422688586,64.5942315839048,0.0,0.0,2.1316096422688586,0.0,0.0
2026,SA1_AR6_fixed_split,SSP5-8.5,S3,"NATO→5%, nonNATO→3.5%",0.033,151.357011624834,75.95094843334171,75.4060631914923,0.5018,0.02817523080613562,0.023599450326672138,2.139935502054307,1.7795416426175228,3.9194771446718297,0.5737796839703209,0.431114960683217,0.4346815787653946,0.9704166415273685,2.248916357398698,63.56252688064557,65.81144323804426,65.79210477029503,0.03417211729066967,AR6 World GDP level and trajectory (unrebased),Fixed original NATO GDP share = 0.5018,MIGRATION 1.0,SSP5-8.5_zeromig,0.019338467749236088,2.171139457419736,65.79210477029503,0.07777689997896209,0.019338467749236088,4.380525999667556,0.07777689997896209,0.019338467749236088
2027,SA1_AR6_fixed_split,SSP5-8.5,S3,"NATO→5%, nonNATO→3.5%",0.033,158.86358283723416,79.7177458677241,79.14583696951006,0.5018,0.029889421405294894,0.024494887749248,2.3827172997206114,1.9386683923884314,4.321385692109043,0.5567314800395258,0.4183056264166444,0.42176627275721645,0.941583517482057,2.405851452189498,64.64587058459612,67.05172203678562,67.00330121011756,0.03588053191042,AR6 World GDP level and trajectory (unrebased),Fixed original NATO GDP share = 0.5018,MIGRATION 1.0,SSP5-8.5_zeromig,0.04842082666806391,2.2111089399338795,67.00330121011756,0.19474251225561856,0.04842082666806391,6.786377451857055,0.27251941223458065,0.0677592944173
2028,SA1_AR6_fixed_split,SSP5-8.5,S3,"NATO→5%, nonNATO→3.5%",0.033,166.7424434517702,83.67135812409829,83.07108532767192,0.5018,0.03223517646908584,0.025720233909322272,2.6971609945383874,2.136607745728991,4.833768740267379,0.540186505029089,0.4058743981065494,0.40923220077961286,0.913601489654434,2.611136641923898,65.71458589676031,68.3257225386842,68.23637709713807,0.038216012138701384,AR6 World GDP level and trajectory (unrebased),Fixed original NATO GDP share = 0.5018,MIGRATION 1.0,SSP5-8.5_zeromig,0.08934544154612922,2.251800444205557,68.23637709713807,0.35933619771834113,0.08934544154612922,9.397514093780952,0.6318556099529218,0.15710473596342922
2029,SA1_AR6_fixed_split,SSP5-8.5,S3,"NATO→5%, nonNATO→3.5%",0.033,175.0120572110772,87.82105030851855,87.19100690255866,0.5018,0.03517969004118492,0.027258352042179364,3.08951732894499,2.3766831610620347,5.466200490007025,0.5237927016197961,0.39355675405310236,0.39681265274226973,0.885875133893241,2.8631559222562326,66.72591703429676,69.58907295655298,69.44699868380943,0.04114375721090301,AR6 World GDP level and trajectory (unrebased),Fixed original NATO GDP share = 0.5018,MIGRATION 1.0,SSP5-8.5_zeromig,0.14207427274355666,2.291750956565711,69.44699868380941,0.5714049656905216,0.14207427274357087,12.260670016037185,1.2032605756434434,0.2991790087070001
2030,SA1_AR6_fixed_split,SSP5-8.5,S3,"NATO→5%, nonNATO→3.5%",0.033,183.69180356957398,92.17654703121222,91.51525653836175,0.5018,0.03849999999998644,0.028992773986343784,3.5487970607004207,2.6532811491189925,6.202078209819414,0.507695686848064,0.3814621050365795,0.38461794458186666,0.8586507279935566,3.1487683566196782,67.70560425809634,70.85437261471603,70.65116392546554,0.04444000053097214,AR6 World GDP level and trajectory (unrebased),Fixed original NATO GDP share = 0.5018,MIGRATION 1.0,SSP5-8.5_zeromig,0.20320868925048785,2.331488409540363,70.65116392546554,0.8172799470793151,0.20320868925048785,15.409438372656863,2.0205405227227584,0.5023876979574879
2031,SA1_AR6_fixed_split,SSP5-8.5,S3,"NATO→5%, nonNATO→3.5%",0.033,192.3472811262712,96.5198656691629,95.82741545710832,0.5018,0.041820309958787966,0.0307271959305082,4.03649069946497,2.944507770264777,6.980998469729747,0.49546145895237304,0.37226979860679466,0.3753495901154341,0.8379593395078831,3.458815686756584,69.00626871304087,72.46508439979745,72.19747313056408,0.04773078946094834,AR6 World GDP level and trajectory (unrebased),Fixed original NATO GDP share = 0.5018,MIGRATION 1.0,SSP5-8.5_zeromig,0.2676112692333703,2.382516613308615,72.19747313056408,1.0762990734479692,0.2676112692333703,18.86825405941345,3.0968395961707276,0.7699989671908583
2032,SA1_AR6_fixed_split,SSP5-8.5,S3,"NATO→5%, nonNATO→3.5%",0.033,201.41060100515517,101.06783958438687,100.3427614207683,0.5018,0.04476482353088705,0.032265314063365295,4.524284003643079,3.237590711226424,7.761874714869503,0.48322789560555174,0.3630779914922832,0.36608173909511493,0.8172690749540954,3.7507543844203317,70.30959059651582,74.06034498093615,73.73274308815951,0.050644570794070864,AR6 World GDP level and trajectory (unrebased),Fixed original NATO GDP share = 0.5018,MIGRATION 1.0,SSP5-8.5_zeromig,0.32760189277664153,2.433180521909264,73.73274308815951,1.3175738625110678,0.32760189277664153,22.619008443833778,4.414413458681795,1.0976008599674998
2033,SA1_AR6_fixed_split,SSP5-8.5,S3,"NATO→5%, nonNATO→3.5%",0.033,210.9009805583224,105.83011204416619,105.07086851415622,0.5018,0.04711057859467799,0.033490660223439564,4.985717811140269,3.5188927567893002,8.50461056792957,0.47064988225491444,0.3536273785085488,0.3565529411022079,0.7959962522770151,4.002693962419953,71.57289773934893,75.57559170176889,75.19736489940942,0.05296278695660239,AR6 World GDP level and trajectory (unrebased),Fixed original NATO GDP share = 0.5018,MIGRATION 1.0,SSP5-8.5_zeromig,0.37822680235946393,2.4815130416805107,75.19736489940944,1.5211809207394427,0.3782268023594497,26.621702406253732,5.935594379421238,1.4758276623269495
2034,SA1_AR6_fixed_split,SSP5-8.5,S3,"NATO→5%, nonNATO→3.5%",0.033,220.8385426511057,110.81678070232485,110.02176194878086,0.5018,0.04882476919383726,0.034386097646015426,5.41060374059509,3.7832190495574434,9.193822790152534,0.45803712695549664,0.34415066182281684,0.3469978234511338,0.7746646715675443,4.211112176539435,72.83767041145171,77.04878258799114,76.63049363405406,0.05465514230196001,AR6 World GDP level and trajectory (unrebased),Fixed original NATO GDP share = 0.5018,MIGRATION 1.0,SSP5-8.5_zeromig,0.4182889539370791,2.528806289923784,76.63049363405406,1.6823058866156506,0.4182889539370791,30.83281458279317,7.617900266036889,1.8941166162640286
2035,SA1_AR6_fixed_split,SSP5-8.5,S3,"NATO→5%, nonNATO→3.5%",0.033,231.244358329465,116.03841900972554,115.20593931973946,0.5018,0.049999999999972886,0.03499999999998584,5.801920950483131,4.03220787618925,9.83412882667238,0.4454577955111513,0.3346990584765216,0.3374680269023873,0.7533896196374855,4.380689347902143,74.10579535165525,78.4864846995574,78.03757733775319,0.05581456940862134,AR6 World GDP level and trajectory (unrebased),Fixed original NATO GDP share = 0.5018,MIGRATION 1.0,SSP5-8.5_zeromig,0.44890736180420276,2.575240052145855,78.03757733775319,1.8054492957562878,0.44890736180420276,35.21350393069531,9.423349561793177,2.3430239780682314
2025,SA1_AR6_fixed_split,SSP1-1.9,S0,Baseline,0.055,138.56683200039697,69.53283629779921,69.03399570259776,0.5018,0.027,0.022985547972701727,1.8773865800405787,1.5867842199693458,3.4641708000099243,0.5825932533906624,0.25666695778749465,0.26481511517757383,1.0,2.0182025366787153,34.67638903929793,36.694591575976645,36.694591575976645,0.05499999999999999,AR6 World GDP level and trajectory (unrebased),Fixed original NATO GDP share = 0.5018,IMAGE 3.0.1,SSP1-19,0.0,2.0182025366787153,36.694591575976645,0.0,0.0,2.0182025366787153,0.0,0.0
2026,SA1_AR6_fixed_split,SSP1-1.9,S0,Baseline,0.055,144.59391012503605,72.55722410074308,72.03668602429296,0.5018,0.027,0.022985547972701727,1.9590450507200632,1.655802702405838,3.6148477531259013,0.5286412838450313,0.23289790826739143,0.24029149265683242,0.9073934185958498,1.9109577571168033,32.83372873591598,34.74468649303279,34.74468649303279,0.055,AR6 World GDP level and trajectory (unrebased),Fixed original NATO GDP share = 0.5018,IMAGE 3.0.1,SSP1-19,0.0,1.9109577571168033,34.74468649303279,0.0,0.0,3.9291602937955186,0.0,0.0
2027,SA1_AR6_fixed_split,SSP1-1.9,S0,Baseline,0.055,150.8831409610859,75.71316013427291,75.16998082681299,0.5018,0.027,0.022985547972701727,2.0442553236253684,1.727823200401779,3.7720785240271475,0.47819994401908644,0.21067549981260456,0.2173636109177666,0.820812704637391,1.8038077390253802,30.99269660689063,32.796504345916006,32.796504345916006,0.05499999999999999,AR6 World GDP level and trajectory (unrebased),Fixed original NATO GDP share = 0.5018,IMAGE 3.0.1,SSP1-19,0.0,1.8038077390253802,32.796504345916006,0.0,0.0,5.7329680328208985,0.0,0.0
2028,SA1_AR6_fixed_split,SSP1-1.9,S0,Baseline,0.055,157.44592705596344,79.00636619668245,78.43956085928099,0.5018,0.027,0.022985547972701727,2.133171887310426,1.8029762890886598,3.9361481763990858,0.4310692601997735,0.18991163211598416,0.19594057281807886,0.7399146105640133,1.6967524824370415,29.1532926527819,30.85004513521894,30.850045135218938,0.054999999999999986,AR6 World GDP level and trajectory (unrebased),Fixed original NATO GDP share = 0.5018,IMAGE 3.0.1,SSP1-19,3.552713678800501e-15,1.6967524824370415,30.85004513521894,0.0,0.0,7.42972051525794,0.0,0.0
2029,SA1_AR6_fixed_split,SSP1-1.9,S0,Baseline,0.055,164.2941669202464,82.44281296057964,81.85135395966675,0.5018,0.027,0.022985547972701727,2.2259559499356505,1.8813982230705095,4.10735417300616,0.3870598739376787,0.17052288152499134,0.17593630633530852,0.6643741095266902,1.5897919884211626,27.315516891963618,28.90530888038478,28.90530888038478,0.05499999999999999,AR6 World GDP level and trajectory (unrebased),Fixed original NATO GDP share = 0.5018,IMAGE 3.0.1,SSP1-19,0.0,1.5897919884211626,28.90530888038478,0.0,0.0,9.019512503679103,0.0,0.0
2030,SA1_AR6_fixed_split,SSP1-1.9,S0,Baseline,0.055,171.44027659999995,86.02873079787997,85.41154580211997,0.5018,0.027,0.022985547972701727,2.3227757315427593,1.9632311834572393,4.286006914999999,0.3459925019508753,0.15243026309723878,0.1572693190685797,0.5938834683326951,1.482926255899602,25.479369305911348,26.96229556181095,26.962295561810947,0.054999999999999986,AR6 World GDP level and trajectory (unrebased),Fixed original NATO GDP share = 0.5018,IMAGE 3.0.1,SSP1-19,3.552713678800501e-15,1.482926255899602,26.96229556181095,0.0,0.0,10.502438759578705,0.0,0.0
2031,SA1_AR6_fixed_split,SSP1-1.9,S0,Baseline,0.055,177.7089843520823,89.1743683478749,88.5346160042074,0.5018,0.027,0.022985547972701727,2.4077079453926222,2.035016663409435,4.442724608802058,0.3175411683113456,0.1398957594658376,0.14433689468697528,0.5450477952898914,1.4107479627645714,24.239214996591272,25.649962959355843,25.64996295935584,0.055,AR6 World GDP level and trajectory (unrebased),Fixed original NATO GDP share = 0.5018,IMAGE 3.0.1,SSP1-19,3.552713678800501e-15,1.4107479627645714,25.649962959355843,0.0,0.0,11.913186722343276,0.0,0.0
2032,SA1_AR6_fixed_split,SSP1-1.9,S0,Baseline,0.055,184.20690718512637,92.43502602549641,91.77188115962996,0.5018,0.027,0.022985547972701727,2.495745702688403,2.1094269769397562,4.60517267962816,0.29068151672254855,0.12806248638825568,0.132127962146613,0.49894418624108205,1.3386385792835567,23.000244680417474,24.33888325970103,24.338883259701028,0.055,AR6 World GDP level and trajectory (unrebased),Fixed original NATO GDP share = 0.5018,IMAGE 3.0.1,SSP1-19,3.552713678800501e-15,1.3386385792835567,24.33888325970103,0.0,0.0,13.251825301626832,0.0,0.0
2033,SA1_AR6_fixed_split,SSP1-1.9,S0,Baseline,0.055,190.94242634059682,95.81490953771149,95.12751680288534,0.5018,0.027,0.022985547972701727,2.5870025575182103,2.1865581009967103,4.773560658514921,0.2653361288096339,0.11689633646858,0.12060733127710635,0.45543975537888826,1.266598105768316,21.76245836274652,23.02905646851484,23.02905646851484,0.05499999999999999,AR6 World GDP level and trajectory (unrebased),Fixed original NATO GDP share = 0.5018,IMAGE 3.0.1,SSP1-19,0.0,1.266598105768316,23.02905646851484,0.0,0.0,14.518423407395149,0.0,0.0
2034,SA1_AR6_fixed_split,SSP1-1.9,S0,Baseline,0.055,197.92422951976133,99.31837837301624,98.60585114674508,0.5018,0.027,0.022985547972701727,2.6815962160714384,2.2665095219225946,4.948105737994033,0.24143108591056997,0.10636474414241895,0.10974140268662272,0.41440762402491554,1.1946265415242217,20.525856031643446,21.72048257316767,21.72048257316767,0.05499999999999999,AR6 World GDP level and trajectory (unrebased),Fixed original NATO GDP share = 0.5018,IMAGE 3.0.1,SSP1-19,0.0,1.1946265415242217,21.72048257316767,0.0,0.0,15.71304994891937,0.0,0.0
2035,SA1_AR6_fixed_split,SSP1-1.9,S0,Baseline,0.055,205.16132208938131,102.94995142445156,102.21137066492976,0.5018,0.027,0.022985547972701727,2.779648688460192,2.349384363774341,5.129033052234533,0.21889581852041462,0.0964366193481547,0.0994980993274612,0.3757266622063547,1.1227238881871386,19.290437715215383,20.41316160340252,20.41316160340252,0.055,AR6 World GDP level and trajectory (unrebased),Fixed original NATO GDP share = 0.5018,IMAGE 3.0.1,SSP1-19,0.0,1.1227238881871386,20.41316160340252,0.0,0.0,16.835773837106508,0.0,0.0
2025,SA1_AR6_fixed_split,SSP1-1.9,S1,"NATO→3.5%, nonNATO holds",0.055,138.56683200039697,69.53283629779921,69.03399570259776,0.5018,0.027,0.022985547972701727,1.8773865800405787,1.5867842199693458,3.4641708000099243,0.5825932533906624,0.25666695778749465,0.26481511517757383,1.0,2.0182025366787153,34.67638903929793,36.694591575976645,36.694591575976645,0.05499999999999999,AR6 World GDP level and trajectory (unrebased),Fixed original NATO GDP share = 0.5018,IMAGE 3.0.1,SSP1-19,0.0,2.0182025366787153,36.694591575976645,0.0,0.0,2.0182025366787153,0.0,0.0
2026,SA1_AR6_fixed_split,SSP1-1.9,S1,"NATO→3.5%, nonNATO holds",0.055,144.59391012503605,72.55722410074308,72.03668602429296,0.5018,0.02740877593256891,0.022985547972701727,1.988704697666456,1.655802702405838,3.644507400072294,0.5286412838450313,0.23289790826739143,0.24029149265683242,0.9073934185958498,1.9266370709569345,32.82682106618222,34.753458137139155,34.74468649303279,0.0554372765827882,AR6 World GDP level and trajectory (unrebased),Fixed original NATO GDP share = 0.5018,IMAGE 3.0.1,SSP1-19,0.00877164410636766,1.9109577571168033,34.74468649303279,0.015679313840131215,0.00877164410636766,3.94483960763565,0.015679313840131215,0.00877164410636766
2027,SA1_AR6_fixed_split,SSP1-1.9,S1,"NATO→3.5%, nonNATO holds",0.055,150.8831409610859,75.71316013427291,75.16998082681299,0.5018,0.028005016140972137,0.022985547972701727,2.120348271644321,1.727823200401779,3.8481714720461,0.47819994401908644,0.21067549981260456,0.2173636109177666,0.820812704637391,1.8401953825082906,30.976665687034522,32.81686106954281,32.796504345916006,0.05607469217146329,AR6 World GDP level and trajectory (unrebased),Fixed original NATO GDP share = 0.5018,IMAGE 3.0.1,SSP1-19,0.020356723626804296,1.8038077390253802,32.796504345916006,0.03638764348291046,0.020356723626804296,5.785034990143941,0.052066957323041674,0.029128367733171956
2028,SA1_AR6_fixed_split,SSP1-1.9,S1,"NATO→3.5%, nonNATO holds",0.055,157.44592705596344,79.00636619668245,78.43956085928099,0.5018,0.028820930945768986,0.022985547972701727,2.277037024430722,1.8029762890886598,4.080013313519382,0.4310692601997735,0.18991163211598416,0.19594057281807886,0.7399146105640133,1.7587683206640266,29.125970989786797,30.884739310450822,30.850045135218938,0.0569461928425244,AR6 World GDP level and trajectory (unrebased),Fixed original NATO GDP share = 0.5018,IMAGE 3.0.1,SSP1-19,0.03469417523188412,1.6967524824370415,30.85004513521894,0.06201583822698509,0.034694175231880564,7.5438033108079665,0.11408279555002676,0.06382254296505252
2029,SA1_AR6_fixed_split,SSP1-1.9,S1,"NATO→3.5%, nonNATO holds",0.055,164.2941669202464,82.44281296057964,81.85135395966675,0.5018,0.029845109579542582,0.022985547972701727,2.4605147868542327,1.8813982230705095,4.341913009924742,0.3870598739376787,0.17052288152499134,0.17593630633530852,0.6643741095266902,1.6805803022698378,27.27551924320511,28.95609954547495,28.90530888038478,0.058038904709196815,AR6 World GDP level and trajectory (unrebased),Fixed original NATO GDP share = 0.5018,IMAGE 3.0.1,SSP1-19,0.05079066509016883,1.5897919884211626,28.90530888038478,0.09078831384867514,0.05079066509016883,9.224383613077805,0.2048711093987019,0.11461320805522135
2030,SA1_AR6_fixed_split,SSP1-1.9,S1,"NATO→3.5%, nonNATO holds",0.055,171.44027659999995,86.02873079787997,85.41154580211997,0.5018,0.030999999999995285,0.022985547972701727,2.6668906547338733,1.9632311834572393,4.630121838191113,0.3459925019508753,0.15243026309723878,0.1572693190685797,0.5938834683326951,1.6019874391331288,25.42691577763364,27.028903216766768,26.962295561810947,0.05926942082279433,AR6 World GDP level and trajectory (unrebased),Fixed original NATO GDP share = 0.5018,IMAGE 3.0.1,SSP1-19,0.06660765495582055,1.482926255899602,26.96229556181095,0.11906118323352688,0.066607654955817,10.826371052210934,0.3239322926322288,0.18122086301103835
2031,SA1_AR6_fixed_split,SSP1-1.9,S1,"NATO→3.5%, nonNATO holds",0.055,177.7089843520823,89.1743683478749,88.5346160042074,0.5018,0.03215489042044799,0.022985547972701727,2.867392042538583,2.035016663409435,4.902408705948018,0.3175411683113456,0.1398957594658376,0.14433689468697528,0.5450477952898914,1.5567165880264455,24.174907140706672,25.73162372873312,25.64996295935584,0.0604981871504729,AR6 World GDP level and trajectory (unrebased),Fixed original NATO GDP share = 0.5018,IMAGE 3.0.1,SSP1-19,0.08166076937727951,1.4107479627645714,25.649962959355843,0.14596862526187415,0.08166076937727595,12.38308764023738,0.46990091789410293,0.2628816323883143
2032,SA1_AR6_fixed_split,SSP1-1.9,S1,"NATO→3.5%, nonNATO holds",0.055,184.20690718512637,92.43502602549641,91.77188115962996,0.5018,0.033179069054221584,0.022985547972701727,3.066908111528715,2.1094269769397562,5.176335088468472,0.29068151672254855,0.12806248638825568,0.132127962146613,0.49894418624108205,1.5046649345801628,22.92710020220988,24.43176513679004,24.338883259701028,0.06158641940751124,AR6 World GDP level and trajectory (unrebased),Fixed original NATO GDP share = 0.5018,IMAGE 3.0.1,SSP1-19,0.09288187708901319,1.3386385792835567,24.33888325970103,0.16602635529660614,0.09288187708900963,13.887752574817542,0.6359272731907091,0.35576350947732394
2033,SA1_AR6_fixed_split,SSP1-1.9,S1,"NATO→3.5%, nonNATO holds",0.055,190.94242634059682,95.81490953771149,95.12751680288534,0.5018,0.03399498385901843,0.022985547972701727,3.2572263031878133,2.1865581009967103,5.443784404184523,0.2653361288096339,0.11689633646858,0.12060733127710635,0.45543975537888826,1.4444326798805809,21.684111662263497,23.128544342144078,23.02905646851484,0.062452381719872566,AR6 World GDP level and trajectory (unrebased),Fixed original NATO GDP share = 0.5018,IMAGE 3.0.1,SSP1-19,0.09948787362923994,1.266598105768316,23.02905646851484,0.1778345741122649,0.09948787362923994,15.332185254698123,0.813761847302974,0.4552513831065639
2034,SA1_AR6_fixed_split,SSP1-1.9,S1,"NATO→3.5%, nonNATO holds",0.055,197.92422951976133,99.31837837301624,98.60585114674508,0.5018,0.034591224067421655,0.022985547972701727,3.43554428031397,2.2665095219225946,5.7020538022365646,0.24143108591056997,0.10636474414241895,0.10974140268662272,0.41440762402491554,1.3766530413944682,20.445662538693618,21.822315580088087,21.72048257316767,0.0630846454558014,AR6 World GDP level and trajectory (unrebased),Fixed original NATO GDP share = 0.5018,IMAGE 3.0.1,SSP1-19,0.10183300692041897,1.1946265415242217,21.72048257316767,0.18202649987024655,0.10183300692041897,16.70883829609259,0.9957883471732205,0.5570843900269828
2035,SA1_AR6_fixed_split,SSP1-1.9,S1,"NATO→3.5%, nonNATO holds",0.055,205.16132208938131,102.94995142445156,102.21137066492976,0.5018,0.03499999999999057,0.022985547972701727,3.603248299854834,2.349384363774341,5.952632663629175,0.21889581852041462,0.0964366193481547,0.0994980993274612,0.3757266622063547,1.3030063992564642,19.21101255299603,20.514018952252496,20.41316160340252,0.06351785100176045,AR6 World GDP level and trajectory (unrebased),Fixed original NATO GDP share = 0.5018,IMAGE 3.0.1,SSP1-19,0.10085734884997422,1.1227238881871386,20.41316160340252,0.18028251106932558,0.10085734884997422,18.011844695349055,1.176070858242546,0.6579417388769571
2025,SA1_AR6_fixed_split,SSP1-1.9,S2,"NATO→3.5%, nonNATO→3.5%",0.055,138.56683200039697,69.53283629779921,69.03399570259776,0.5018,0.027,0.022985547972701727,1.8773865800405787,1.5867842199693458,3.4641708000099243,0.5825932533906624,0.25666695778749465,0.26481511517757383,1.0,2.0182025366787153,34.67638903929793,36.694591575976645,36.694591575976645,0.05499999999999999,AR6 World GDP level and trajectory (unrebased),Fixed original NATO GDP share = 0.5018,IMAGE 3.0.1,SSP1-19,0.0,2.0182025366787153,36.694591575976645,0.0,0.0,2.0182025366787153,0.0,0.0
2026,SA1_AR6_fixed_split,SSP1-1.9,S2,"NATO→3.5%, nonNATO→3.5%",0.055,144.59391012503605,72.55722410074308,72.03668602429296,0.5018,0.02740877593256891,0.023599450326672138,1.988704697666456,1.7000261935283787,3.688730891194835,0.5286412838450313,0.23289790826739143,0.24029149265683242,0.9073934185958498,1.950015434080064,32.8165215076035,34.76653694168356,34.74468649303279,0.05608886031274747,AR6 World GDP level and trajectory (unrebased),Fixed original NATO GDP share = 0.5018,IMAGE 3.0.1,SSP1-19,0.021850448650774013,1.9109577571168033,34.74468649303279,0.03905767696326068,0.021850448650774013,3.9682179707587792,0.03905767696326068,0.021850448650774013
2027,SA1_AR6_fixed_split,SSP1-1.9,S2,"NATO→3.5%, nonNATO→3.5%",0.055,150.8831409610859,75.71316013427291,75.16998082681299,0.5018,0.028005016140972137,0.024494887749248,2.120348271644321,1.8412802424659085,3.9616285141102296,0.47819994401908644,0.21067549981260456,0.2173636109177666,0.820812704637391,1.8944505336719284,30.9527630679904,32.847213601662325,32.796504345916006,0.057674619121302104,AR6 World GDP level and trajectory (unrebased),Fixed original NATO GDP share = 0.5018,IMAGE 3.0.1,SSP1-19,0.05070925574631957,1.8038077390253802,32.796504345916006,0.09064279464654823,0.05070925574631957,5.862668504430708,0.1297004716098089,0.07255970439709358
2028,SA1_AR6_fixed_split,SSP1-1.9,S2,"NATO→3.5%, nonNATO→3.5%",0.055,157.44592705596344,79.00636619668245,78.43956085928099,0.5018,0.028820930945768986,0.025720233909322272,2.277037024430722,2.017483853045227,4.294520877475948,0.4310692601997735,0.18991163211598416,0.19594057281807886,0.7399146105640133,1.851235937566039,29.085233508214582,30.93646944578062,30.850045135218938,0.0598399226133584,AR6 World GDP level and trajectory (unrebased),Fixed original NATO GDP share = 0.5018,IMAGE 3.0.1,SSP1-19,0.0864243105616822,1.6967524824370415,30.85004513521894,0.15448345512899753,0.08642431056167865,7.713904441996746,0.28418392673880644,0.15898401495877224
2029,SA1_AR6_fixed_split,SSP1-1.9,S2,"NATO→3.5%, nonNATO→3.5%",0.055,164.2941669202464,82.44281296057964,81.85135395966675,0.5018,0.029845109579542582,0.027258352042179364,2.4605147868542327,2.2311330213616283,4.691647808215861,0.3870598739376787,0.17052288152499134,0.17593630633530852,0.6643741095266902,1.8159486092080177,27.21588145763095,29.031830066838967,28.90530888038478,0.06255026310870596,AR6 World GDP level and trajectory (unrebased),Fixed original NATO GDP share = 0.5018,IMAGE 3.0.1,SSP1-19,0.12652118645418753,1.5897919884211626,28.90530888038478,0.22615662078685506,0.12652118645418753,9.529853051204764,0.5103405475256615,0.28550520141295976
2030,SA1_AR6_fixed_split,SSP1-1.9,S2,"NATO→3.5%, nonNATO→3.5%",0.055,171.44027659999995,86.02873079787997,85.41154580211997,0.5018,0.030999999999995285,0.028992773986343784,2.6668906547338733,2.4763176432651144,5.143208297998988,0.3459925019508753,0.15243026309723878,0.1572693190685797,0.5938834683326951,1.7795115070791727,25.348705873573493,27.128217380652664,26.962295561810947,0.06559633027521694,AR6 World GDP level and trajectory (unrebased),Fixed original NATO GDP share = 0.5018,IMAGE 3.0.1,SSP1-19,0.16592181884171708,1.482926255899602,26.96229556181095,0.2965852511795708,0.16592181884171353,11.309364558283937,0.8069257987052323,0.4514270202546733
2031,SA1_AR6_fixed_split,SSP1-1.9,S2,"NATO→3.5%, nonNATO→3.5%",0.055,177.7089843520823,89.1743683478749,88.5346160042074,0.5018,0.03215489042044799,0.0307271959305082,2.867392042538583,2.7204204925935875,5.587812535132171,0.3175411683113456,0.1398957594658376,0.14433689468697528,0.5450477952898914,1.7743605207106514,24.07902205148216,25.85338257219281,25.64996295935584,0.06863165838187475,AR6 World GDP level and trajectory (unrebased),Fixed original NATO GDP share = 0.5018,IMAGE 3.0.1,SSP1-19,0.20341961283697074,1.4107479627645714,25.649962959355843,0.36361255794608005,0.2034196128369672,13.083725078994588,1.1705383566513123,0.6548466330916405
2032,SA1_AR6_fixed_split,SSP1-1.9,S2,"NATO→3.5%, nonNATO→3.5%",0.055,184.20690718512637,92.43502602549641,91.77188115962996,0.5018,0.033179069054221584,0.032265314063365295,3.066908111528715,2.961048567801297,6.027956679330012,0.29068151672254855,0.12806248638825568,0.132127962146613,0.49894418624108205,1.7522155902854653,22.81803942382223,24.570255014107698,24.338883259701028,0.0713145056605795,AR6 World GDP level and trajectory (unrebased),Fixed original NATO GDP share = 0.5018,IMAGE 3.0.1,SSP1-19,0.2313717544066698,1.3386385792835567,24.33888325970103,0.4135770110019086,0.23137175440666624,14.835940669280054,1.584115367653221,0.8862183874983067
2033,SA1_AR6_fixed_split,SSP1-1.9,S2,"NATO→3.5%, nonNATO→3.5%",0.055,190.94242634059682,95.81490953771149,95.12751680288534,0.5018,0.03399498385901843,0.033490660223439564,3.2572263031878133,3.1858833431449707,6.443109646332784,0.2653361288096339,0.11689633646858,0.12060733127710635,0.45543975537888826,1.7095897710539505,21.56729420251579,23.27688397356974,23.02905646851484,0.0734458174468345,AR6 World GDP level and trajectory (unrebased),Fixed original NATO GDP share = 0.5018,IMAGE 3.0.1,SSP1-19,0.24782750505490014,1.266598105768316,23.02905646851484,0.4429916652856345,0.24782750505490014,16.545530440334005,2.027107032938855,1.1340458925532069
2034,SA1_AR6_fixed_split,SSP1-1.9,S2,"NATO→3.5%, nonNATO→3.5%",0.055,197.92422951976133,99.31837837301624,98.60585114674508,0.5018,0.034591224067421655,0.034386097646015426,3.43554428031397,3.3906704260004386,6.826214706314408,0.24143108591056997,0.10636474414241895,0.10974140268662272,0.41440762402491554,1.64806042920419,20.32609145175647,21.974151880960658,21.72048257316767,0.07499995622730449,AR6 World GDP level and trajectory (unrebased),Fixed original NATO GDP share = 0.5018,IMAGE 3.0.1,SSP1-19,0.2536693077929897,1.1946265415242217,21.72048257316767,0.4534338876799684,0.2536693077929897,18.193590869538195,2.480540920618824,1.3877152003461966
2035,SA1_AR6_fixed_split,SSP1-1.9,S2,"NATO→3.5%, nonNATO→3.5%",0.055,205.16132208938131,102.94995142445156,102.21137066492976,0.5018,0.03499999999999057,0.03499999999998584,3.603248299854834,3.5773979732710943,7.180646273125928,0.21889581852041462,0.0964366193481547,0.0994980993274612,0.3757266622063547,1.5718134434614648,19.09258707198264,20.664400515444104,20.41316160340252,0.0760638297872095,AR6 World GDP level and trajectory (unrebased),Fixed original NATO GDP share = 0.5018,IMAGE 3.0.1,SSP1-19,0.25123891204158255,1.1227238881871386,20.41316160340252,0.44908955527432615,0.25123891204158255,19.76540431299966,2.92963047589315,1.638954112387779
2025,SA1_AR6_fixed_split,SSP1-1.9,S3,"NATO→5%, nonNATO→3.5%",0.055,138.56683200039697,69.53283629779921,69.03399570259776,0.5018,0.027,0.022985547972701727,1.8773865800405787,1.5867842199693458,3.4641708000099243,0.5825932533906624,0.25666695778749465,0.26481511517757383,1.0,2.0182025366787153,34.67638903929793,36.694591575976645,36.694591575976645,0.05499999999999999,AR6 World GDP level and trajectory (unrebased),Fixed original NATO GDP share = 0.5018,IMAGE 3.0.1,SSP1-19,0.0,2.0182025366787153,36.694591575976645,0.0,0.0,2.0182025366787153,0.0,0.0
2026,SA1_AR6_fixed_split,SSP1-1.9,S3,"NATO→5%, nonNATO→3.5%",0.055,144.59391012503605,72.55722410074308,72.03668602429296,0.5018,0.02817523080613562,0.023599450326672138,2.0443165356909425,1.7000261935283787,3.744342729219321,0.5286412838450313,0.23289790826739143,0.24029149265683242,0.9073934185958498,1.9794141475303102,32.80356962685269,34.782983774383005,34.74468649303279,0.056907543078236734,AR6 World GDP level and trajectory (unrebased),Fixed original NATO GDP share = 0.5018,IMAGE 3.0.1,SSP1-19,0.038297281350217816,1.9109577571168033,34.74468649303279,0.06845639041350693,0.038297281350217816,3.9976166842090253,0.06845639041350693,0.038297281350217816
2027,SA1_AR6_fixed_split,SSP1-1.9,S3,"NATO→5%, nonNATO→3.5%",0.055,150.8831409610859,75.71316013427291,75.16998082681299,0.5018,0.029889421405294894,0.024494887749248,2.263022549179857,1.8412802424659085,4.1043027916457655,0.47819994401908644,0.21067549981260456,0.2173636109177666,0.820812704637391,1.9626773652023852,30.922705093260195,32.88538245846258,32.796504345916006,0.059682363970722754,AR6 World GDP level and trajectory (unrebased),Fixed original NATO GDP share = 0.5018,IMAGE 3.0.1,SSP1-19,0.08887811254657407,1.8038077390253802,32.796504345916006,0.15886962617700506,0.08887811254657407,5.960294049411411,0.227326016590512,0.1271753938967919
2028,SA1_AR6_fixed_split,SSP1-1.9,S3,"NATO→5%, nonNATO→3.5%",0.055,157.44592705596344,79.00636619668245,78.43956085928099,0.5018,0.03223517646908584,0.025720233909322272,2.546784156531277,2.017483853045227,4.564268009576503,0.4310692601997735,0.18991163211598416,0.19594057281807886,0.7399146105640133,1.967515634241636,29.03400539009876,31.001521024340395,30.850045135218938,0.06346513233001921,AR6 World GDP level and trajectory (unrebased),Fixed original NATO GDP share = 0.5018,IMAGE 3.0.1,SSP1-19,0.15147588912145693,1.6967524824370415,30.85004513521894,0.27076315180459454,0.15147588912145338,7.927809683653047,0.49808916839510653,0.27865128301824527
2029,SA1_AR6_fixed_split,SSP1-1.9,S3,"NATO→5%, nonNATO→3.5%",0.055,164.2941669202464,82.44281296057964,81.85135395966675,0.5018,0.03517969004118492,0.027258352042179364,2.900312606076575,2.2311330213616283,5.131445627438204,0.3870598739376787,0.17052288152499134,0.17593630633530852,0.6643741095266902,1.9861766976742838,27.140885866208748,29.127062563883033,28.90530888038478,0.06819007901391,AR6 World GDP level and trajectory (unrebased),Fixed original NATO GDP share = 0.5018,IMAGE 3.0.1,SSP1-19,0.2217536834982532,1.5897919884211626,28.90530888038478,0.3963847092531212,0.2217536834982532,9.91398638132733,0.8944738776482277,0.5004049665164985
2030,SA1_AR6_fixed_split,SSP1-1.9,S3,"NATO→5%, nonNATO→3.5%",0.055,171.44027659999995,86.02873079787997,85.41154580211997,0.5018,0.03849999999998644,0.028992773986343784,3.3121061357172126,2.4763176432651144,5.788423778982327,0.3459925019508753,0.15243026309723878,0.1572693190685797,0.5938834683326951,2.0027512256420357,25.25035550805279,27.25310673369483,26.962295561810947,0.0734870796644223,AR6 World GDP level and trajectory (unrebased),Fixed original NATO GDP share = 0.5018,IMAGE 3.0.1,SSP1-19,0.29081117188388106,1.482926255899602,26.96229556181095,0.5198249697424338,0.2908111718838775,11.916737606969367,1.4142988473906615,0.791216138400376
2031,SA1_AR6_fixed_split,SSP1-1.9,S3,"NATO→5%, nonNATO→3.5%",0.055,177.7089843520823,89.1743683478749,88.5346160042074,0.5018,0.041820309958787966,0.0307271959305082,3.7292997246872592,2.7204204925935875,6.449720217280847,0.3175411683113456,0.1398957594658376,0.14433689468697528,0.5450477952898914,2.048051693076666,23.95844482169853,26.006496514775197,25.64996295935584,0.07875154163549467,AR6 World GDP level and trajectory (unrebased),Fixed original NATO GDP share = 0.5018,IMAGE 3.0.1,SSP1-19,0.3565335554193574,1.4107479627645714,25.649962959355843,0.6373037303120945,0.35653355541935383,13.964789300046032,2.051602577702756,1.1477496938197298
2032,SA1_AR6_fixed_split,SSP1-1.9,S3,"NATO→5%, nonNATO→3.5%",0.055,184.20690718512637,92.43502602549641,91.77188115962996,0.5018,0.04476482353088705,0.032265314063365295,4.137837628104299,2.961048567801297,7.098886195905596,0.29068151672254855,0.12806248638825568,0.132127962146613,0.49894418624108205,2.0635150064666017,22.680893527182985,24.744408533649587,24.338883259701028,0.08339318370291436,AR6 World GDP level and trajectory (unrebased),Fixed original NATO GDP share = 0.5018,IMAGE 3.0.1,SSP1-19,0.40552527394855886,1.3386385792835567,24.33888325970103,0.724876427183045,0.4055252739485553,16.028304306512634,2.7764790048858012,1.553274967768285
2033,SA1_AR6_fixed_split,SSP1-1.9,S3,"NATO→5%, nonNATO→3.5%",0.055,190.94242634059682,95.81490953771149,95.12751680288534,0.5018,0.04711057859467799,0.033490660223439564,4.513895826318318,3.1858833431449707,7.699779169463289,0.2653361288096339,0.11689633646858,0.12060733127710635,0.45543975537888826,2.0430295975144475,21.420394139110115,23.463423736624563,23.02905646851484,0.08707295322487138,AR6 World GDP level and trajectory (unrebased),Fixed original NATO GDP share = 0.5018,IMAGE 3.0.1,SSP1-19,0.4343672681097246,1.266598105768316,23.02905646851484,0.7764314917461315,0.4343672681097246,18.07133390402708,3.5529104966319327,1.9876422358780097
2034,SA1_AR6_fixed_split,SSP1-1.9,S3,"NATO→5%, nonNATO→3.5%",0.055,197.92422951976133,99.31837837301624,98.60585114674508,0.5018,0.04882476919383726,0.034386097646015426,4.849196900768717,3.3906704260004386,8.239867326769154,0.24143108591056997,0.10636474414241895,0.10974140268662272,0.41440762402491554,1.9893601164609023,20.175728652475538,22.16508876893644,21.72048257316767,0.08975195800925091,AR6 World GDP level and trajectory (unrebased),Fixed original NATO GDP share = 0.5018,IMAGE 3.0.1,SSP1-19,0.44460619576877036,1.1946265415242217,21.72048257316767,0.7947335749366806,0.44460619576877036,20.060694020487983,4.347644071568613,2.43224843164678
2035,SA1_AR6_fixed_split,SSP1-1.9,S3,"NATO→5%, nonNATO→3.5%",0.055,205.16132208938131,102.94995142445156,102.21137066492976,0.5018,0.049999999999972886,0.03499999999998584,5.147497571219787,3.5773979732710943,8.724895544490881,0.21889581852041462,0.0964366193481547,0.0994980993274612,0.3757266622063547,1.90984315171645,18.94366489282135,20.8535080445378,20.41316160340252,0.09158378281666134,AR6 World GDP level and trajectory (unrebased),Fixed original NATO GDP share = 0.5018,IMAGE 3.0.1,SSP1-19,0.4403464411352793,1.1227238881871386,20.41316160340252,0.7871192635293114,0.4403464411352793,21.970537172204434,5.134763335097924,2.8725948727820594
2025,SA1_AR6_fixed_split,SSP1-2.6,S0,Baseline,0.055,138.56683200039697,69.53283629779921,69.03399570259776,0.5018,0.027,0.022985547972701727,1.8773865800405787,1.5867842199693458,3.4641708000099243,0.7816910574368426,0.3443813749546929,0.3553141170167466,1.0,2.7079113358015907,46.52684022422733,49.23475156002892,49.23475156002892,0.05500000000000001,AR6 World GDP level and trajectory (unrebased),Fixed original NATO GDP share = 0.5018,IMAGE 3.0.1,SSP1-26,0.0,2.7079113358015907,49.23475156002892,0.0,0.0,2.7079113358015907,0.0,0.0
2026,SA1_AR6_fixed_split,SSP1-2.6,S0,Baseline,0.055,144.59391012503605,72.55722410074308,72.03668602429296,0.5018,0.027,0.022985547972701727,1.9590450507200632,1.655802702405838,3.6148477531259013,0.7385488535962761,0.32537466976619156,0.33570402436194363,0.9448091372798489,2.669741663996209,45.87101586320759,48.540757527203795,48.54075752720379,0.055,AR6 World GDP level and trajectory (unrebased),Fixed original NATO GDP share = 0.5018,IMAGE 3.0.1,SSP1-26,7.105427357601002e-15,2.669741663996209,48.540757527203795,0.0,0.0,5.3776529997977995,0.0,0.0
2027,SA1_AR6_fixed_split,SSP1-2.6,S0,Baseline,0.055,150.8831409610859,75.71316013427291,75.16998082681299,0.5018,0.027,0.022985547972701727,2.0442553236253684,1.727823200401779,3.7720785240271475,0.6976527219887668,0.307357492904142,0.31711487363125757,0.8924916248579884,2.6316008498429095,45.21568732911908,47.84728817896199,47.847288178961975,0.055,AR6 World GDP level and trajectory (unrebased),Fixed original NATO GDP share = 0.5018,IMAGE 3.0.1,SSP1-26,1.4210854715202004e-14,2.6316008498429095,47.84728817896199,0.0,0.0,8.009253849640709,0.0,0.0
2028,SA1_AR6_fixed_split,SSP1-2.6,S0,Baseline,0.055,157.44592705596344,79.00636619668245,78.43956085928099,0.5018,0.027,0.022985547972701727,2.133171887310426,1.8029762890886598,3.9361481763990858,0.6588900561684657,0.29028023453575763,0.2994954800765753,0.842903407810446,2.5934888930349977,44.56085461669223,47.15434350972723,47.15434350972723,0.05500000000000001,AR6 World GDP level and trajectory (unrebased),Fixed original NATO GDP share = 0.5018,IMAGE 3.0.1,SSP1-26,0.0,2.5934888930349977,47.15434350972723,0.0,0.0,10.602742742675707,0.0,0.0
2029,SA1_AR6_fixed_split,SSP1-2.6,S0,Baseline,0.055,164.2941669202464,82.44281296057964,81.85135395966675,0.5018,0.027,0.022985547972701727,2.2259559499356505,1.8813982230705095,4.10735417300616,0.6221537481536524,0.27409570722853216,0.28279715825166013,0.7959074652762288,2.5554057937303276,43.90651772863926,46.46192352236959,46.46192352236958,0.05500000000000001,AR6 World GDP level and trajectory (unrebased),Fixed original NATO GDP share = 0.5018,IMAGE 3.0.1,SSP1-26,7.105427357601002e-15,2.5554057937303276,46.46192352236959,0.0,0.0,13.158148536406035,0.0,0.0
2030,SA1_AR6_fixed_split,SSP1-2.6,S0,Baseline,0.055,171.44027659999995,86.02873079787997,85.41154580211997,0.5018,0.027,0.022985547972701727,2.3227757315427593,1.9632311834572393,4.286006914999999,0.5873419249771357,0.2587590298850318,0.26697360226233435,0.7513734734321051,2.517351551921414,43.25267666483157,45.77002821675298,45.77002821675297,0.055,AR6 World GDP level and trajectory (unrebased),Fixed original NATO GDP share = 0.5018,IMAGE 3.0.1,SSP1-26,1.4210854715202004e-14,2.517351551921414,45.77002821675298,0.0,0.0,15.675500088327448,0.0,0.0
2031,SA1_AR6_fixed_split,SSP1-2.6,S0,Baseline,0.055,177.7089843520823,89.1743683478749,88.5346160042074,0.5018,0.027,0.022985547972701727,2.4077079453926222,2.035016663409435,4.442724608802058,0.5532170853428023,0.24372500962654928,0.2514623115194556,0.7077183243681919,2.457791159062216,42.229320823887164,44.68711198294938,44.687111982949375,0.055,AR6 World GDP level and trajectory (unrebased),Fixed original NATO GDP share = 0.5018,IMAGE 3.0.1,SSP1-26,7.105427357601002e-15,2.457791159062216,44.68711198294938,0.0,0.0,18.133291247389664,0.0,0.0
2032,SA1_AR6_fixed_split,SSP1-2.6,S0,Baseline,0.055,184.20690718512637,92.43502602549641,91.77188115962996,0.5018,0.027,0.022985547972701727,2.495745702688403,2.1094269769397562,4.60517267962816,0.5207774535212345,0.22943342357928512,0.2367170243278338,0.6662190242125305,2.398270101122313,41.206640828374276,43.60491092949659,43.60491092949658,0.05500000000000001,AR6 World GDP level and trajectory (unrebased),Fixed original NATO GDP share = 0.5018,IMAGE 3.0.1,SSP1-26,7.105427357601002e-15,2.398270101122313,43.60491092949659,0.0,0.0,20.53156134851198,0.0,0.0
2033,SA1_AR6_fixed_split,SSP1-2.6,S0,Baseline,0.055,190.94242634059682,95.81490953771149,95.12751680288534,0.5018,0.027,0.022985547972701727,2.5870025575182103,2.1865581009967103,4.773560658514921,0.4899462991174637,0.21585046744335812,0.2227028632352107,0.6267774134758466,2.3387883782521084,40.18463668087713,42.52342505912924,42.52342505912923,0.05500000000000001,AR6 World GDP level and trajectory (unrebased),Fixed original NATO GDP share = 0.5018,IMAGE 3.0.1,SSP1-26,7.105427357601002e-15,2.3387883782521084,42.52342505912924,0.0,0.0,22.870349726764086,0.0,0.0
2034,SA1_AR6_fixed_split,SSP1-2.6,S0,Baseline,0.055,197.92422951976133,99.31837837301624,98.60585114674508,0.5018,0.027,0.022985547972701727,2.6815962160714384,2.2665095219225946,4.948105737994033,0.4606502187228109,0.2029438026541055,0.20938646305582312,0.5892995888084974,2.279345990470547,39.163308381721215,41.44265437219176,41.44265437219176,0.05500000000000001,AR6 World GDP level and trajectory (unrebased),Fixed original NATO GDP share = 0.5018,IMAGE 3.0.1,SSP1-26,0.0,2.279345990470547,41.44265437219176,0.0,0.0,25.149695717234632,0.0,0.0
2035,SA1_AR6_fixed_split,SSP1-2.6,S0,Baseline,0.055,205.16132208938131,102.94995142445156,102.21137066492976,0.5018,0.027,0.022985547972701727,2.779648688460192,2.349384363774341,5.129033052234533,0.4328189962923145,0.19068249487004066,0.19673590740559746,0.5536957243844183,2.219942937618257,38.14265592816823,40.36259886578649,40.36259886578648,0.055,AR6 World GDP level and trajectory (unrebased),Fixed original NATO GDP share = 0.5018,IMAGE 3.0.1,SSP1-26,7.105427357601002e-15,2.219942937618257,40.36259886578649,0.0,0.0,27.36963865485289,0.0,0.0
2025,SA1_AR6_fixed_split,SSP1-2.6,S1,"NATO→3.5%, nonNATO holds",0.055,138.56683200039697,69.53283629779921,69.03399570259776,0.5018,0.027,0.022985547972701727,1.8773865800405787,1.5867842199693458,3.4641708000099243,0.7816910574368426,0.3443813749546929,0.3553141170167466,1.0,2.7079113358015907,46.52684022422733,49.23475156002892,49.23475156002892,0.05500000000000001,AR6 World GDP level and trajectory (unrebased),Fixed original NATO GDP share = 0.5018,IMAGE 3.0.1,SSP1-26,0.0,2.7079113358015907,49.23475156002892,0.0,0.0,2.7079113358015907,0.0,0.0
2026,SA1_AR6_fixed_split,SSP1-2.6,S1,"NATO→3.5%, nonNATO holds",0.055,144.59391012503605,72.55722410074308,72.03668602429296,0.5018,0.02740877593256891,0.022985547972701727,1.988704697666456,1.655802702405838,3.644507400072294,0.7385488535962761,0.32537466976619156,0.33570402436194363,0.9448091372798489,2.6916467622465374,45.861365365377026,48.55301212762356,48.54075752720379,0.05543727658278821,AR6 World GDP level and trajectory (unrebased),Fixed original NATO GDP share = 0.5018,IMAGE 3.0.1,SSP1-26,0.012254600419772999,2.669741663996209,48.540757527203795,0.021905098250328603,0.012254600419765893,5.399558098048129,0.021905098250328603,0.012254600419765893
2027,SA1_AR6_fixed_split,SSP1-2.6,S1,"NATO→3.5%, nonNATO holds",0.055,150.8831409610859,75.71316013427291,75.16998082681299,0.5018,0.028005016140972137,0.022985547972701727,2.120348271644321,1.727823200401779,3.8481714720461,0.6976527219887668,0.307357492904142,0.31711487363125757,0.8924916248579884,2.6846873021524815,45.192299591388284,47.87698689354077,47.847288178961975,0.056074692171463304,AR6 World GDP level and trajectory (unrebased),Fixed original NATO GDP share = 0.5018,IMAGE 3.0.1,SSP1-26,0.029698714578792362,2.6316008498429095,47.84728817896199,0.053086452309571985,0.02969871457877815,8.08424540020061,0.07499155055990059,0.041953314998544045
2028,SA1_AR6_fixed_split,SSP1-2.6,S1,"NATO→3.5%, nonNATO holds",0.055,157.44592705596344,79.00636619668245,78.43956085928099,0.5018,0.028820930945768986,0.022985547972701727,2.277037024430722,1.8029762890886598,4.080013313519382,0.6588900561684657,0.29028023453575763,0.2994954800765753,0.842903407810446,2.6882802013128737,44.519093410947434,47.207373612260305,47.15434350972723,0.05694619284252442,AR6 World GDP level and trajectory (unrebased),Fixed original NATO GDP share = 0.5018,IMAGE 3.0.1,SSP1-26,0.053030102533078605,2.5934888930349977,47.15434350972723,0.09479130827787596,0.053030102533078605,10.772525601513482,0.16978285883777655,0.09498341753162265
2029,SA1_AR6_fixed_split,SSP1-2.6,S1,"NATO→3.5%, nonNATO holds",0.055,164.2941669202464,82.44281296057964,81.85135395966675,0.5018,0.029845109579542582,0.022985547972701727,2.4605147868542327,1.8813982230705095,4.341913009924742,0.6221537481536524,0.27409570722853216,0.28279715825166013,0.7959074652762288,2.7013374532817847,43.84222615834736,46.543563611629146,46.46192352236958,0.05803890470919682,AR6 World GDP level and trajectory (unrebased),Fixed original NATO GDP share = 0.5018,IMAGE 3.0.1,SSP1-26,0.08164008925956523,2.5554057937303276,46.46192352236959,0.14593165955145704,0.08164008925955812,13.473863054795268,0.3157145183892336,0.17662350679118077
2030,SA1_AR6_fixed_split,SSP1-2.6,S1,"NATO→3.5%, nonNATO holds",0.055,171.44027659999995,86.02873079787997,85.41154580211997,0.5018,0.030999999999995285,0.022985547972701727,2.6668906547338733,1.9632311834572393,4.630121838191113,0.5873419249771357,0.2587590298850318,0.26697360226233435,0.7513734734321051,2.719464673321842,43.16363382113767,45.88309849445952,45.77002821675297,0.05926942082279433,AR6 World GDP level and trajectory (unrebased),Fixed original NATO GDP share = 0.5018,IMAGE 3.0.1,SSP1-26,0.11307027770654798,2.517351551921414,45.77002821675298,0.20211312140042814,0.11307027770653377,16.19332772811711,0.5178276397896617,0.28969378449771455
2031,SA1_AR6_fixed_split,SSP1-2.6,S1,"NATO→3.5%, nonNATO holds",0.055,177.7089843520823,89.1743683478749,88.5346160042074,0.5018,0.03215489042044799,0.022985547972701727,2.867392042538583,2.035016663409435,4.902408705948018,0.5532170853428023,0.24372500962654928,0.2514623115194556,0.7077183243681919,2.7120962554637416,42.1172843128851,44.82938056834884,44.687111982949375,0.06049818715047291,AR6 World GDP level and trajectory (unrebased),Fixed original NATO GDP share = 0.5018,IMAGE 3.0.1,SSP1-26,0.14226858539946363,2.457791159062216,44.68711198294938,0.25430509640152543,0.14226858539945653,18.905423983580853,0.7721327361911872,0.4319623698971711
2032,SA1_AR6_fixed_split,SSP1-2.6,S1,"NATO→3.5%, nonNATO holds",0.055,184.20690718512637,92.43502602549641,91.77188115962996,0.5018,0.033179069054221584,0.022985547972701727,3.066908111528715,2.1094269769397562,5.176335088468472,0.5207774535212345,0.22943342357928512,0.2367170243278338,0.6662190242125305,2.695718605945225,41.07559708149425,43.771315687439476,43.60491092949658,0.06158641940751127,AR6 World GDP level and trajectory (unrebased),Fixed original NATO GDP share = 0.5018,IMAGE 3.0.1,SSP1-26,0.16640475794289245,2.398270101122313,43.60491092949659,0.2974485048229121,0.16640475794288534,21.601142589526077,1.0695812410140992,0.5983671278400564
2033,SA1_AR6_fixed_split,SSP1-2.6,S1,"NATO→3.5%, nonNATO holds",0.055,190.94242634059682,95.81490953771149,95.12751680288534,0.5018,0.03399498385901843,0.022985547972701727,3.2572263031878133,2.1865581009967103,5.443784404184523,0.4899462991174637,0.21585046744335812,0.2227028632352107,0.6267774134758466,2.6671620220235743,40.03996857208271,42.70713059410628,42.52342505912923,0.062452381719872586,AR6 World GDP level and trajectory (unrebased),Fixed original NATO GDP share = 0.5018,IMAGE 3.0.1,SSP1-26,0.1837055349770509,2.3387883782521084,42.52342505912924,0.32837364377146594,0.18370553497704378,24.268304611549652,1.3979548847855652,0.7820726628171002
2034,SA1_AR6_fixed_split,SSP1-2.6,S1,"NATO→3.5%, nonNATO holds",0.055,197.92422951976133,99.31837837301624,98.60585114674508,0.5018,0.034591224067421655,0.022985547972701727,3.43554428031397,2.2665095219225946,5.7020538022365646,0.4606502187228109,0.2029438026541055,0.20938646305582312,0.5892995888084974,2.626652331169509,39.010299294560134,41.636951625729644,41.44265437219176,0.06308464545580142,AR6 World GDP level and trajectory (unrebased),Fixed original NATO GDP share = 0.5018,IMAGE 3.0.1,SSP1-26,0.19429725353788285,2.279345990470547,41.44265437219176,0.34730634069896205,0.19429725353788285,26.894956942719162,1.7452612254845272,0.976369916354983
2035,SA1_AR6_fixed_split,SSP1-2.6,S1,"NATO→3.5%, nonNATO holds",0.055,205.16132208938131,102.94995142445156,102.21137066492976,0.5018,0.03499999999999057,0.022985547972701727,3.603248299854834,2.349384363774341,5.952632663629175,0.4328189962923145,0.19068249487004066,0.19673590740559746,0.5536957243844183,2.5764124947688263,37.985609899493504,40.56202239426233,40.36259886578648,0.06351785100176048,AR6 World GDP level and trajectory (unrebased),Fixed original NATO GDP share = 0.5018,IMAGE 3.0.1,SSP1-26,0.19942352847584743,2.219942937618257,40.36259886578649,0.3564695571505694,0.19942352847584033,29.471369437487986,2.1017307826350966,1.1757934448308234
2025,SA1_AR6_fixed_split,SSP1-2.6,S2,"NATO→3.5%, nonNATO→3.5%",0.055,138.56683200039697,69.53283629779921,69.03399570259776,0.5018,0.027,0.022985547972701727,1.8773865800405787,1.5867842199693458,3.4641708000099243,0.7816910574368426,0.3443813749546929,0.3553141170167466,1.0,2.7079113358015907,46.52684022422733,49.23475156002892,49.23475156002892,0.05500000000000001,AR6 World GDP level and trajectory (unrebased),Fixed original NATO GDP share = 0.5018,IMAGE 3.0.1,SSP1-26,0.0,2.7079113358015907,49.23475156002892,0.0,0.0,2.7079113358015907,0.0,0.0
2026,SA1_AR6_fixed_split,SSP1-2.6,S2,"NATO→3.5%, nonNATO→3.5%",0.055,144.59391012503605,72.55722410074308,72.03668602429296,0.5018,0.02740877593256891,0.023599450326672138,1.988704697666456,1.7000261935283787,3.688730891194835,0.7385488535962761,0.32537466976619156,0.33570402436194363,0.9448091372798489,2.724307970917115,45.846976161557116,48.57128413247423,48.54075752720379,0.05608886031274748,AR6 World GDP level and trajectory (unrebased),Fixed original NATO GDP share = 0.5018,IMAGE 3.0.1,SSP1-26,0.030526605270445373,2.669741663996209,48.540757527203795,0.05456630692090636,0.030526605270438267,5.4322193067187055,0.05456630692090636,0.030526605270438267
2027,SA1_AR6_fixed_split,SSP1-2.6,S2,"NATO→3.5%, nonNATO→3.5%",0.055,150.8831409610859,75.71316013427291,75.16998082681299,0.5018,0.028005016140972137,0.024494887749248,2.120348271644321,1.8412802424659085,3.9616285141102296,0.6976527219887668,0.307357492904142,0.31711487363125757,0.8924916248579884,2.7638409163773154,45.15742771938714,47.92126863576445,47.847288178961975,0.05767461912130211,AR6 World GDP level and trajectory (unrebased),Fixed original NATO GDP share = 0.5018,IMAGE 3.0.1,SSP1-26,0.07398045680247378,2.6316008498429095,47.84728817896199,0.1322400665344059,0.07398045680245957,8.196060223096021,0.18680637345531226,0.10450706207289784
2028,SA1_AR6_fixed_split,SSP1-2.6,S2,"NATO→3.5%, nonNATO→3.5%",0.055,157.44592705596344,79.00636619668245,78.43956085928099,0.5018,0.028820930945768986,0.025720233909322272,2.277037024430722,2.017483853045227,4.294520877475948,0.6588900561684657,0.29028023453575763,0.2994954800765753,0.842903407810446,2.829617102176776,44.45682610497243,47.286443207149205,47.15434350972723,0.059839922613358416,AR6 World GDP level and trajectory (unrebased),Fixed original NATO GDP share = 0.5018,IMAGE 3.0.1,SSP1-26,0.13209969742197814,2.5934888930349977,47.15434350972723,0.23612820914177846,0.13209969742197814,11.025677325272797,0.4229345825970907,0.23660675949487597
2029,SA1_AR6_fixed_split,SSP1-2.6,S2,"NATO→3.5%, nonNATO→3.5%",0.055,164.2941669202464,82.44281296057964,81.85135395966675,0.5018,0.029845109579542582,0.027258352042179364,2.4605147868542327,2.2311330213616283,4.691647808215861,0.6221537481536524,0.27409570722853216,0.28279715825166013,0.7959074652762288,2.918926268898366,43.74636535146733,46.6652916203657,46.46192352236958,0.06255026310870597,AR6 World GDP level and trajectory (unrebased),Fixed original NATO GDP share = 0.5018,IMAGE 3.0.1,SSP1-26,0.203368097996119,2.5554057937303276,46.46192352236959,0.36352047516803854,0.20336809799611189,13.944603594171163,0.7864550577651293,0.43997485749098786
2030,SA1_AR6_fixed_split,SSP1-2.6,S2,"NATO→3.5%, nonNATO→3.5%",0.055,171.44027659999995,86.02873079787997,85.41154580211997,0.5018,0.030999999999995285,0.028992773986343784,2.6668906547338733,2.4763176432651144,5.143208297998988,0.5873419249771357,0.2587590298850318,0.26697360226233435,0.7513734734321051,3.020821862305103,43.03086806655064,46.051689928855744,45.77002821675297,0.06559633027521694,AR6 World GDP level and trajectory (unrebased),Fixed original NATO GDP share = 0.5018,IMAGE 3.0.1,SSP1-26,0.2816617121027747,2.517351551921414,45.77002821675298,0.5034703103836891,0.2816617121027605,16.965425456476268,1.2899253681488183,0.7216365695937483
2031,SA1_AR6_fixed_split,SSP1-2.6,S2,"NATO→3.5%, nonNATO→3.5%",0.055,177.7089843520823,89.1743683478749,88.5346160042074,0.5018,0.03215489042044799,0.0307271959305082,2.867392042538583,2.7204204925935875,5.587812535132171,0.5532170853428023,0.24372500962654928,0.2514623115194556,0.7077183243681919,3.0912733641277947,41.95023425801911,45.0415076221469,44.687111982949375,0.06863165838187477,AR6 World GDP level and trajectory (unrebased),Fixed original NATO GDP share = 0.5018,IMAGE 3.0.1,SSP1-26,0.35439563919752715,2.457791159062216,44.68711198294938,0.6334822050655786,0.35439563919752004,20.056698820604062,1.923407573214397,1.0760322087912684
2032,SA1_AR6_fixed_split,SSP1-2.6,S2,"NATO→3.5%, nonNATO→3.5%",0.055,184.20690718512637,92.43502602549641,91.77188115962996,0.5018,0.033179069054221584,0.032265314063365295,3.066908111528715,2.961048567801297,6.027956679330012,0.5207774535212345,0.22943342357928512,0.2367170243278338,0.6662190242125305,3.1392239293978004,40.880206624308855,44.019430553706655,43.60491092949658,0.07131450566057952,AR6 World GDP level and trajectory (unrebased),Fixed original NATO GDP share = 0.5018,IMAGE 3.0.1,SSP1-26,0.4145196242100724,2.398270101122313,43.60491092949659,0.7409538282754875,0.4145196242100653,23.195922750001863,2.6643614014898844,1.4905518330013336
2033,SA1_AR6_fixed_split,SSP1-2.6,S2,"NATO→3.5%, nonNATO→3.5%",0.055,190.94242634059682,95.81490953771149,95.12751680288534,0.5018,0.03399498385901843,0.033490660223439564,3.2572263031878133,3.1858833431449707,6.443109646332784,0.4899462991174637,0.21585046744335812,0.2227028632352107,0.6267774134758466,3.156777726028778,39.82426375143706,42.98104147746584,42.52342505912923,0.07344581744683451,AR6 World GDP level and trajectory (unrebased),Fixed original NATO GDP share = 0.5018,IMAGE 3.0.1,SSP1-26,0.45761641833660605,2.3387883782521084,42.52342505912924,0.8179893477766695,0.45761641833659894,26.35270047603064,3.482350749266554,1.9481682513379326
2034,SA1_AR6_fixed_split,SSP1-2.6,S2,"NATO→3.5%, nonNATO→3.5%",0.055,197.92422951976133,99.31837837301624,98.60585114674508,0.5018,0.034591224067421655,0.034386097646015426,3.43554428031397,3.3906704260004386,6.826214706314408,0.4606502187228109,0.2029438026541055,0.20938646305582312,0.5892995888084974,3.1444972975126007,38.7821578058915,41.9266551034041,41.44265437219176,0.0749999562273045,AR6 World GDP level and trajectory (unrebased),Fixed original NATO GDP share = 0.5018,IMAGE 3.0.1,SSP1-26,0.48400073121234044,2.279345990470547,41.44265437219176,0.8651513070420536,0.48400073121234044,29.497197773543242,4.347502056308608,2.432168982550273
2035,SA1_AR6_fixed_split,SSP1-2.6,S2,"NATO→3.5%, nonNATO→3.5%",0.055,205.16132208938131,102.94995142445156,102.21137066492976,0.5018,0.03499999999999057,0.03499999999998584,3.603248299854834,3.5773979732710943,7.180646273125928,0.4328189962923145,0.19068249487004066,0.19673590740559746,0.5536957243844183,3.1079201126645133,37.7514492007003,40.859369313364816,40.36259886578648,0.07606382978720952,AR6 World GDP level and trajectory (unrebased),Fixed original NATO GDP share = 0.5018,IMAGE 3.0.1,SSP1-26,0.496770447578335,2.219942937618257,40.36259886578649,0.8879771750462564,0.4967704475783279,32.60511788620775,5.235479231354864,2.928939430128601
2025,SA1_AR6_fixed_split,SSP1-2.6,S3,"NATO→5%, nonNATO→3.5%",0.055,138.56683200039697,69.53283629779921,69.03399570259776,0.5018,0.027,0.022985547972701727,1.8773865800405787,1.5867842199693458,3.4641708000099243,0.7816910574368426,0.3443813749546929,0.3553141170167466,1.0,2.7079113358015907,46.52684022422733,49.23475156002892,49.23475156002892,0.05500000000000001,AR6 World GDP level and trajectory (unrebased),Fixed original NATO GDP share = 0.5018,IMAGE 3.0.1,SSP1-26,0.0,2.7079113358015907,49.23475156002892,0.0,0.0,2.7079113358015907,0.0,0.0
2026,SA1_AR6_fixed_split,SSP1-2.6,S3,"NATO→5%, nonNATO→3.5%",0.055,144.59391012503605,72.55722410074308,72.03668602429296,0.5018,0.02817523080613562,0.023599450326672138,2.0443165356909425,1.7000261935283787,3.744342729219321,0.7385488535962761,0.32537466976619156,0.33570402436194363,0.9448091372798489,2.7653800301364813,45.82888147812481,48.5942615082613,48.54075752720379,0.05690754307823674,AR6 World GDP level and trajectory (unrebased),Fixed original NATO GDP share = 0.5018,IMAGE 3.0.1,SSP1-26,0.053503981057509975,2.669741663996209,48.540757527203795,0.09563836614027243,0.05350398105750287,5.473291365938072,0.09563836614027243,0.05350398105750287
2027,SA1_AR6_fixed_split,SSP1-2.6,S3,"NATO→5%, nonNATO→3.5%",0.055,150.8831409610859,75.71316013427291,75.16998082681299,0.5018,0.029889421405294894,0.024494887749248,2.263022549179857,1.8412802424659085,4.1043027916457655,0.6976527219887668,0.307357492904142,0.31711487363125757,0.8924916248579884,2.863378014457763,45.1135757111419,47.976953725599664,47.847288178961975,0.05968236397072277,AR6 World GDP level and trajectory (unrebased),Fixed original NATO GDP share = 0.5018,IMAGE 3.0.1,SSP1-26,0.12966554663768903,2.6316008498429095,47.84728817896199,0.23177716461485343,0.12966554663767482,8.336669380395834,0.32741553075512586,0.1831695276951777
2028,SA1_AR6_fixed_split,SSP1-2.6,S3,"NATO→5%, nonNATO→3.5%",0.055,157.44592705596344,79.00636619668245,78.43956085928099,0.5018,0.03223517646908584,0.025720233909322272,2.546784156531277,2.017483853045227,4.564268009576503,0.6588900561684657,0.29028023453575763,0.2994954800765753,0.842903407810446,3.0073508051977935,44.378523844200934,47.38587464939873,47.15434350972723,0.06346513233001921,AR6 World GDP level and trajectory (unrebased),Fixed original NATO GDP share = 0.5018,IMAGE 3.0.1,SSP1-26,0.23153113967150318,2.5934888930349977,47.15434350972723,0.4138619121627958,0.23153113967150318,11.344020185593628,0.7412774429179216,0.4147006673666809
2029,SA1_AR6_fixed_split,SSP1-2.6,S3,"NATO→5%, nonNATO→3.5%",0.055,164.2941669202464,82.44281296057964,81.85135395966675,0.5018,0.03517969004118492,0.027258352042179364,2.900312606076575,2.2311330213616283,5.131445627438204,0.6221537481536524,0.27409570722853216,0.28279715825166013,0.7959074652762288,3.1925481305573493,43.625818657170015,46.81836678772736,46.46192352236958,0.06819007901391001,AR6 World GDP level and trajectory (unrebased),Fixed original NATO GDP share = 0.5018,IMAGE 3.0.1,SSP1-26,0.3564432653577825,2.5554057937303276,46.46192352236959,0.6371423368270217,0.3564432653577754,14.536568316150978,1.3784197797449433,0.7711439327244562
2030,SA1_AR6_fixed_split,SSP1-2.6,S3,"NATO→5%, nonNATO→3.5%",0.055,171.44027659999995,86.02873079787997,85.41154580211997,0.5018,0.03849999999998644,0.028992773986343784,3.3121061357172126,2.4763176432651144,5.788423778982327,0.5873419249771357,0.2587590298850318,0.26697360226233435,0.7513734734321051,3.399783964930906,42.86391273462459,46.263696699555496,45.77002821675297,0.0734870796644223,AR6 World GDP level and trajectory (unrebased),Fixed original NATO GDP share = 0.5018,IMAGE 3.0.1,SSP1-26,0.4936684828025264,2.517351551921414,45.77002821675298,0.882432413009492,0.4936684828025122,17.936352281081884,2.2608521927544354,1.2648124155269684
2031,SA1_AR6_fixed_split,SSP1-2.6,S3,"NATO→5%, nonNATO→3.5%",0.055,177.7089843520823,89.1743683478749,88.5346160042074,0.5018,0.041820309958787966,0.0307271959305082,3.7292997246872592,2.7204204925935875,6.449720217280847,0.5532170853428023,0.24372500962654928,0.2514623115194556,0.7077183243681919,3.568095419880656,41.74016579989023,45.308261219770884,44.687111982949375,0.07875154163549469,AR6 World GDP level and trajectory (unrebased),Fixed original NATO GDP share = 0.5018,IMAGE 3.0.1,SSP1-26,0.621149236821509,2.457791159062216,44.68711198294938,1.11030426081844,0.6211492368215019,21.50444770096254,3.3711564535728753,1.8859616523484704
2032,SA1_AR6_fixed_split,SSP1-2.6,S3,"NATO→5%, nonNATO→3.5%",0.055,184.20690718512637,92.43502602549641,91.77188115962996,0.5018,0.04476482353088705,0.032265314063365295,4.137837628104299,2.961048567801297,7.098886195905596,0.5207774535212345,0.22943342357928512,0.2367170243278338,0.6662190242125305,3.69693987594076,40.6344995989088,44.33143947484956,43.60491092949658,0.08339318370291439,AR6 World GDP level and trajectory (unrebased),Fixed original NATO GDP share = 0.5018,IMAGE 3.0.1,SSP1-26,0.7265285453529771,2.398270101122313,43.60491092949659,1.298669774818447,0.72652854535297,25.2013875769033,4.669826228391322,2.6124901977014403
2033,SA1_AR6_fixed_split,SSP1-2.6,S3,"NATO→5%, nonNATO→3.5%",0.055,190.94242634059682,95.81490953771149,95.12751680288534,0.5018,0.04711057859467799,0.033490660223439564,4.513895826318318,3.1858833431449707,7.699779169463289,0.4899462991174637,0.21585046744335812,0.2227028632352107,0.6267774134758466,3.772478308100277,39.55301104744752,43.325489355547795,42.52342505912923,0.0870729532248714,AR6 World GDP level and trajectory (unrebased),Fixed original NATO GDP share = 0.5018,IMAGE 3.0.1,SSP1-26,0.802064296418564,2.3387883782521084,42.52342505912924,1.4336899298481685,0.8020642964185569,28.973865885003576,6.103516158239491,3.4145544941199972
2034,SA1_AR6_fixed_split,SSP1-2.6,S3,"NATO→5%, nonNATO→3.5%",0.055,197.92422951976133,99.31837837301624,98.60585114674508,0.5018,0.04882476919383726,0.034386097646015426,4.849196900768717,3.3906704260004386,8.239867326769154,0.4606502187228109,0.2029438026541055,0.20938646305582312,0.5892995888084974,3.7956966863231543,38.495265767464474,42.29096245378763,41.44265437219176,0.08975195800925091,AR6 World GDP level and trajectory (unrebased),Fixed original NATO GDP share = 0.5018,IMAGE 3.0.1,SSP1-26,0.8483080815958672,2.279345990470547,41.44265437219176,1.5163506958526072,0.8483080815958672,32.76956257132673,7.619866854092098,4.2628625757158645
2035,SA1_AR6_fixed_split,SSP1-2.6,S3,"NATO→5%, nonNATO→3.5%",0.055,205.16132208938131,102.94995142445156,102.21137066492976,0.5018,0.049999999999972886,0.03499999999998584,5.147497571219787,3.5773979732710943,8.724895544490881,0.4328189962923145,0.19068249487004066,0.19673590740559746,0.5536957243844183,3.77630053232183,37.45698789693519,41.233288429257016,40.36259886578648,0.09158378281666135,AR6 World GDP level and trajectory (unrebased),Fixed original NATO GDP share = 0.5018,IMAGE 3.0.1,SSP1-26,0.8706895634705347,2.219942937618257,40.36259886578649,1.5563575947035733,0.8706895634705276,36.545863103648564,9.176224448795672,5.133552139186392
2025,SA1_AR6_fixed_split,SSP2-4.5,S0,Baseline,0.055,132.3421461836991,66.40928895498021,65.93285722871889,0.5018,0.027,0.022985547972701727,1.7930508017844657,1.515502852808012,3.308553654592478,0.9100880620821836,0.40094788749075233,0.41367639185553806,1.0,3.0110751838029945,51.73574633988782,54.74682152369081,54.74682152369081,0.055,AR6 World GDP level and trajectory (unrebased),Fixed original NATO GDP share = 0.5018,MESSAGE-GLOBIOM 1.0,SSP2-45,0.0,3.0110751838029945,54.74682152369081,0.0,0.0,3.0110751838029945,0.0,0.0
2026,SA1_AR6_fixed_split,SSP2-4.5,S0,Baseline,0.055,136.9984651539472,68.74582981425071,68.25263533969648,0.5018,0.027,0.022985547972701727,1.8561374049847692,1.5688242238639107,3.42496162884868,0.8836639841685245,0.3893065105078116,0.40166544734932935,0.9709653614693026,3.026515238572744,52.001034553658975,55.02754979223172,55.02754979223171,0.05499999999999999,AR6 World GDP level and trajectory (unrebased),Fixed original NATO GDP share = 0.5018,MESSAGE-GLOBIOM 1.0,SSP2-45,7.105427357601002e-15,3.026515238572744,55.02754979223172,0.0,0.0,6.037590422375739,0.0,0.0
2027,SA1_AR6_fixed_split,SSP2-4.5,S0,Baseline,0.055,141.81861180100074,71.16457940174217,70.65403239925857,0.5018,0.027,0.022985547972701727,1.9214436438470386,1.62402165117798,3.5454652950250187,0.857981088680002,0.37799166843944154,0.3899914039454555,0.9427451303086358,3.04194217370273,52.2660973481651,55.308039521867826,55.308039521867826,0.05499999999999999,AR6 World GDP level and trajectory (unrebased),Fixed original NATO GDP share = 0.5018,MESSAGE-GLOBIOM 1.0,SSP2-45,0.0,3.04194217370273,55.308039521867826,0.0,0.0,9.079532596078469,0.0,0.0
2028,SA1_AR6_fixed_split,SSP2-4.5,S0,Baseline,0.055,146.8083502290495,73.66843014493703,73.13992008411246,0.5018,0.027,0.022985547972701727,1.9890476139133,1.6811611418129375,3.6702087557262377,0.8330196434049916,0.3669946680735278,0.3786452924568144,0.9153176248671279,3.057355988916948,52.530934718663936,55.58829070758088,55.58829070758088,0.05499999999999999,AR6 World GDP level and trajectory (unrebased),Fixed original NATO GDP share = 0.5018,MESSAGE-GLOBIOM 1.0,SSP2-45,0.0,3.057355988916948,55.58829070758088,0.0,0.0,12.136888584995416,0.0,0.0
2029,SA1_AR6_fixed_split,SSP2-4.5,S0,Baseline,0.055,151.97364734621675,76.26037623833157,75.71327110788518,0.5018,0.027,0.022985547972701727,2.0590301584349526,1.7403110252204663,3.799341183655419,0.8087603972561511,0.35630702816180093,0.3676183623891596,0.8886616921507511,3.072756685004812,52.79554667871905,55.86830336372386,55.868303363723854,0.05499999999999999,AR6 World GDP level and trajectory (unrebased),Fixed original NATO GDP share = 0.5018,MESSAGE-GLOBIOM 1.0,SSP2-45,7.105427357601002e-15,3.072756685004812,55.86830336372386,0.0,0.0,15.209645270000228,0.0,0.0
2030,SA1_AR6_fixed_split,SSP2-4.5,S0,Baseline,0.055,157.32067999999987,78.94351722399993,78.37716277599993,0.5018,0.027,0.022985547972701727,2.1314749650479983,1.8015420349519986,3.933016999999997,0.7851845698105682,0.345920474811649,0.356902077186622,0.8627566963290897,3.088144261202649,53.059933215209156,56.14807747641181,56.14807747641181,0.05499999999999999,AR6 World GDP level and trajectory (unrebased),Fixed original NATO GDP share = 0.5018,MESSAGE-GLOBIOM 1.0,SSP2-45,0.0,3.088144261202649,56.14807747641181,0.0,0.0,18.297789531202877,0.0,0.0
2031,SA1_AR6_fixed_split,SSP2-4.5,S0,Baseline,0.055,161.48654563007247,81.03394859717037,80.4525970329021,0.5018,0.027,0.022985547972701727,2.1879166121236,1.8492470286282119,4.037163640751812,0.7646412808910803,0.33686993493802847,0.3475642185868547,0.8401838379702106,3.0869819774313627,53.03996306677524,56.12694504420661,56.12694504420659,0.054999999999999986,AR6 World GDP level and trajectory (unrebased),Fixed original NATO GDP share = 0.5018,MESSAGE-GLOBIOM 1.0,SSP2-45,1.4210854715202004e-14,3.0869819774313627,56.12694504420661,0.0,0.0,21.38477150863424,0.0,0.0
2032,SA1_AR6_fixed_split,SSP2-4.5,S0,Baseline,0.055,165.76272375337751,83.17973477944484,82.58298897393267,0.5018,0.027,0.022985547972701727,2.2458528390450105,1.898215254789427,4.144068093834438,0.7446365088291103,0.3280566437498878,0.3384711403768683,0.8182026991162393,3.0858243977429813,53.02007374303851,56.10589814078149,56.105898140781484,0.054999999999999986,AR6 World GDP level and trajectory (unrebased),Fixed original NATO GDP share = 0.5018,MESSAGE-GLOBIOM 1.0,SSP2-45,7.105427357601002e-15,3.0858243977429813,56.10589814078149,0.0,0.0,24.470595906377223,0.0,0.0
2033,SA1_AR6_fixed_split,SSP2-4.5,S0,Baseline,0.055,170.15213545456908,85.38234157110277,84.7697938834663,0.5018,0.027,0.022985547972701727,2.3053232224197746,1.9484801639444522,4.253803386364227,0.7251561112405603,0.3194743706864008,0.3296164142002547,0.7967977401895385,3.08467152163781,53.00026523541328,56.08493675705109,56.08493675705109,0.055,AR6 World GDP level and trajectory (unrebased),Fixed original NATO GDP share = 0.5018,MESSAGE-GLOBIOM 1.0,SSP2-45,0.0,3.08467152163781,56.08493675705109,0.0,0.0,27.555267428015032,0.0,0.0
2034,SA1_AR6_fixed_split,SSP2-4.5,S0,Baseline,0.055,174.65777916888334,87.64327358694567,87.01450558193767,0.5018,0.027,0.022985547972701727,2.366368386847533,2.0000760923745506,4.366444479222084,0.7061863179461751,0.31111704916509825,0.3209937808846251,0.7759538305892034,3.0835233492982477,52.98053754703354,56.06406089633179,56.064060896331775,0.054999999999999986,AR6 World GDP level and trajectory (unrebased),Fixed original NATO GDP share = 0.5018,MESSAGE-GLOBIOM 1.0,SSP2-45,1.4210854715202004e-14,3.0835233492982477,56.06406089633179,0.0,0.0,30.63879077731328,0.0,0.0
2035,SA1_AR6_fixed_split,SSP2-4.5,S0,Baseline,0.055,179.28273273038877,89.96407528410909,89.31865744627969,0.5018,0.027,0.022985547972701727,2.429030032670945,2.053038285588774,4.482068318259719,0.6877137211119276,0.3029787722381221,0.3125971459599672,0.7556562378573702,3.082379881428271,52.96089068999486,56.043270571423136,56.04327057142313,0.05499999999999997,AR6 World GDP level and trajectory (unrebased),Fixed original NATO GDP share = 0.5018,MESSAGE-GLOBIOM 1.0,SSP2-45,7.105427357601002e-15,3.082379881428271,56.043270571423136,0.0,0.0,33.72117065874155,0.0,0.0
2025,SA1_AR6_fixed_split,SSP2-4.5,S1,"NATO→3.5%, nonNATO holds",0.055,132.3421461836991,66.40928895498021,65.93285722871889,0.5018,0.027,0.022985547972701727,1.7930508017844657,1.515502852808012,3.308553654592478,0.9100880620821836,0.40094788749075233,0.41367639185553806,1.0,3.0110751838029945,51.73574633988782,54.74682152369081,54.74682152369081,0.055,AR6 World GDP level and trajectory (unrebased),Fixed original NATO GDP share = 0.5018,MESSAGE-GLOBIOM 1.0,SSP2-45,0.0,3.0110751838029945,54.74682152369081,0.0,0.0,3.0110751838029945,0.0,0.0
2026,SA1_AR6_fixed_split,SSP2-4.5,S1,"NATO→3.5%, nonNATO holds",0.055,136.9984651539472,68.74582981425071,68.25263533969648,0.5018,0.02740877593256891,0.022985547972701727,1.8842390456773133,1.5688242238639107,3.4530632695412242,0.8836639841685245,0.3893065105078116,0.40166544734932935,0.9709653614693026,3.05134764634879,51.99009440198142,55.04144204833021,55.02754979223171,0.05543727658278819,AR6 World GDP level and trajectory (unrebased),Fixed original NATO GDP share = 0.5018,MESSAGE-GLOBIOM 1.0,SSP2-45,0.013892256098500866,3.026515238572744,55.02754979223172,0.024832407776045784,0.01389225609849376,6.062422830151784,0.024832407776045784,0.01389225609849376
2027,SA1_AR6_fixed_split,SSP2-4.5,S1,"NATO→3.5%, nonNATO holds",0.055,141.81861180100074,71.16457940174217,70.65403239925857,0.5018,0.028005016140972137,0.022985547972701727,1.9929651948112828,1.62402165117798,3.6169868459892625,0.857981088680002,0.37799166843944154,0.3899914039454555,0.9427451303086358,3.1033063118631143,52.23906279778675,55.342369109649866,55.308039521867826,0.056074692171463277,AR6 World GDP level and trajectory (unrebased),Fixed original NATO GDP share = 0.5018,MESSAGE-GLOBIOM 1.0,SSP2-45,0.03432958778203954,3.04194217370273,55.308039521867826,0.06136413816038422,0.03432958778203954,9.165729142014898,0.08619654593643,0.0482218438805333
2028,SA1_AR6_fixed_split,SSP2-4.5,S1,"NATO→3.5%, nonNATO holds",0.055,146.8083502290495,73.66843014493703,73.13992008411246,0.5018,0.028820930945768986,0.022985547972701727,2.1231927380904367,1.6811611418129375,3.804353879903374,0.8330196434049916,0.3669946680735278,0.3786452924568144,0.9153176248671279,3.169101512423505,52.48170417334286,55.650805685766365,55.58829070758088,0.056946192842524404,AR6 World GDP level and trajectory (unrebased),Fixed original NATO GDP share = 0.5018,MESSAGE-GLOBIOM 1.0,SSP2-45,0.06251497818548302,3.057355988916948,55.58829070758088,0.11174552350655675,0.06251497818548302,12.334830654438404,0.19794206944298676,0.11073682206601632
2029,SA1_AR6_fixed_split,SSP2-4.5,S1,"NATO→3.5%, nonNATO holds",0.055,151.97364734621675,76.26037623833157,75.71327110788518,0.5018,0.029845109579542582,0.022985547972701727,2.275999285410151,1.7403110252204663,4.016310310630617,0.8087603972561511,0.35630702816180093,0.3676183623891596,0.8886616921507511,3.2482327223295937,52.718239053883664,55.96647177621326,55.868303363723854,0.0580389047091968,AR6 World GDP level and trajectory (unrebased),Fixed original NATO GDP share = 0.5018,MESSAGE-GLOBIOM 1.0,SSP2-45,0.09816841248940733,3.072756685004812,55.86830336372386,0.17547603732478168,0.09816841248940023,15.583063376767997,0.37341810676776843,0.20890523455541654
2030,SA1_AR6_fixed_split,SSP2-4.5,S1,"NATO→3.5%, nonNATO holds",0.055,157.32067999999987,78.94351722399993,78.37716277599993,0.5018,0.030999999999995285,0.022985547972701727,2.4472490339436255,1.8015420349519986,4.248791068895624,0.7851845698105682,0.345920474811649,0.356902077186622,0.8627566963290897,3.3360851876457946,52.95070049936358,56.28678568700937,56.14807747641181,0.05926942082279432,AR6 World GDP level and trajectory (unrebased),Fixed original NATO GDP share = 0.5018,MESSAGE-GLOBIOM 1.0,SSP2-45,0.13870821059756366,3.088144261202649,56.14807747641181,0.24794092644314558,0.13870821059756366,18.919148564413792,0.621359033210914,0.3476134451529802
2031,SA1_AR6_fixed_split,SSP2-4.5,S1,"NATO→3.5%, nonNATO holds",0.055,161.48654563007247,81.03394859717037,80.4525970329021,0.5018,0.03215489042044799,0.022985547972701727,2.605637737478228,1.8492470286282119,4.45488476610644,0.7646412808910803,0.33686993493802847,0.3475642185868547,0.8401838379702106,3.406388793777789,52.89924537845479,56.30563417223258,56.12694504420659,0.0604981871504729,AR6 World GDP level and trajectory (unrebased),Fixed original NATO GDP share = 0.5018,MESSAGE-GLOBIOM 1.0,SSP2-45,0.17868912802598658,3.0869819774313627,56.12694504420661,0.3194068163464263,0.17868912802597237,22.325537358191582,0.9407658495573403,0.5263025731789526
2032,SA1_AR6_fixed_split,SSP2-4.5,S1,"NATO→3.5%, nonNATO holds",0.055,165.76272375337751,83.17973477944484,82.58298897393267,0.5018,0.033179069054221584,0.022985547972701727,2.7598261641590374,1.898215254789427,4.658041418948464,0.7446365088291103,0.3280566437498878,0.3384711403768683,0.8182026991162393,3.4685477001871794,52.851461379024634,56.320009079211815,56.105898140781484,0.061586419407511236,AR6 World GDP level and trajectory (unrebased),Fixed original NATO GDP share = 0.5018,MESSAGE-GLOBIOM 1.0,SSP2-45,0.21411093843033058,3.0858243977429813,56.10589814078149,0.38272330244419805,0.21411093843032347,25.794085058378762,1.3234891520015384,0.740413511609276
2033,SA1_AR6_fixed_split,SSP2-4.5,S1,"NATO→3.5%, nonNATO holds",0.055,170.15213545456908,85.38234157110277,84.7697938834663,0.5018,0.03399498385901843,0.022985547972701727,2.902571323554837,1.9484801639444522,4.851051487499289,0.7251561112405603,0.3194743706864008,0.3296164142002547,0.7967977401895385,3.51776963210272,52.809459774159514,56.327229406262234,56.08493675705109,0.062452381719872566,AR6 World GDP level and trajectory (unrebased),Fixed original NATO GDP share = 0.5018,MESSAGE-GLOBIOM 1.0,SSP2-45,0.24229264921114435,3.08467152163781,56.08493675705109,0.43309811046490987,0.24229264921114435,29.311854690481482,1.7565872624664483,0.9827061608204204
2034,SA1_AR6_fixed_split,SSP2-4.5,S1,"NATO→3.5%, nonNATO holds",0.055,174.65777916888334,87.64327358694567,87.01450558193767,0.5018,0.034591224067421655,0.022985547972701727,3.0316881146483756,2.0000760923745506,5.031764207022926,0.7061863179461751,0.31111704916509825,0.3209937808846251,0.7759538305892034,3.553363038130876,52.77354523656882,56.3269082746997,56.064060896331775,0.06308464545580139,AR6 World GDP level and trajectory (unrebased),Fixed original NATO GDP share = 0.5018,MESSAGE-GLOBIOM 1.0,SSP2-45,0.2628473783679226,3.0835233492982477,56.06406089633179,0.46983968883262817,0.2628473783679084,32.86521772861236,2.2264269512990764,1.2455535391883288
2035,SA1_AR6_fixed_split,SSP2-4.5,S1,"NATO→3.5%, nonNATO holds",0.055,179.28273273038877,89.96407528410909,89.31865744627969,0.5018,0.03499999999999057,0.022985547972701727,3.14874263494297,2.053038285588774,5.2017809205317445,0.6877137211119276,0.3029787722381221,0.3125971459599672,0.7556562378573702,3.5773361132679145,52.74283304939418,56.32016916266209,56.04327057142313,0.06351785100176045,AR6 World GDP level and trajectory (unrebased),Fixed original NATO GDP share = 0.5018,MESSAGE-GLOBIOM 1.0,SSP2-45,0.276898591238961,3.082379881428271,56.043270571423136,0.49495623183964366,0.2768985912389539,36.44255384188027,2.72138318313872,1.5224521304272827
2025,SA1_AR6_fixed_split,SSP2-4.5,S2,"NATO→3.5%, nonNATO→3.5%",0.055,132.3421461836991,66.40928895498021,65.93285722871889,0.5018,0.027,0.022985547972701727,1.7930508017844657,1.515502852808012,3.308553654592478,0.9100880620821836,0.40094788749075233,0.41367639185553806,1.0,3.0110751838029945,51.73574633988782,54.74682152369081,54.74682152369081,0.055,AR6 World GDP level and trajectory (unrebased),Fixed original NATO GDP share = 0.5018,MESSAGE-GLOBIOM 1.0,SSP2-45,0.0,3.0110751838029945,54.74682152369081,0.0,0.0,3.0110751838029945,0.0,0.0
2026,SA1_AR6_fixed_split,SSP2-4.5,S2,"NATO→3.5%, nonNATO→3.5%",0.055,136.9984651539472,68.74582981425071,68.25263533969648,0.5018,0.02740877593256891,0.023599450326672138,1.8842390456773133,1.6107246773636346,3.494963723040948,0.8836639841685245,0.3893065105078116,0.40166544734932935,0.9709653614693026,3.0883735680268236,51.97378228264075,55.06215585066757,55.02754979223171,0.05608886031274746,AR6 World GDP level and trajectory (unrebased),Fixed original NATO GDP share = 0.5018,MESSAGE-GLOBIOM 1.0,SSP2-45,0.03460605843586251,3.026515238572744,55.02754979223172,0.06185832945407954,0.0346060584358554,6.099448751829819,0.06185832945407954,0.0346060584358554
2027,SA1_AR6_fixed_split,SSP2-4.5,S2,"NATO→3.5%, nonNATO→3.5%",0.055,141.81861180100074,71.16457940174217,70.65403239925857,0.5018,0.028005016140972137,0.024494887749248,1.9929651948112828,1.73066259265157,3.7236277874628527,0.857981088680002,0.37799166843944154,0.3899914039454555,0.9427451303086358,3.1948022229264854,52.1987534103952,55.39355563332168,55.308039521867826,0.05767461912130208,AR6 World GDP level and trajectory (unrebased),Fixed original NATO GDP share = 0.5018,MESSAGE-GLOBIOM 1.0,SSP2-45,0.08551611145385607,3.04194217370273,55.308039521867826,0.1528600492237553,0.08551611145385607,9.294250974756304,0.21471837867783483,0.12012216988971147
2028,SA1_AR6_fixed_split,SSP2-4.5,S2,"NATO→3.5%, nonNATO→3.5%",0.055,146.8083502290495,73.66843014493703,73.13992008411246,0.5018,0.028820930945768986,0.025720233909322272,2.1231927380904367,1.8811758526725104,4.004368590762947,0.8330196434049916,0.3669946680735278,0.3786452924568144,0.9153176248671279,3.335717695539499,52.40829984092114,55.74401753646064,55.58829070758088,0.059839922613358416,AR6 World GDP level and trajectory (unrebased),Fixed original NATO GDP share = 0.5018,MESSAGE-GLOBIOM 1.0,SSP2-45,0.1557268288797573,3.057355988916948,55.58829070758088,0.278361706622551,0.1557268288797573,12.629968670295803,0.49308008530038583,0.2758489987694688
2029,SA1_AR6_fixed_split,SSP2-4.5,S2,"NATO→3.5%, nonNATO→3.5%",0.055,151.97364734621675,76.26037623833157,75.71327110788518,0.5018,0.029845109579542582,0.027258352042179364,2.275999285410151,2.063818998123702,4.3398182835338535,0.8087603972561511,0.35630702816180093,0.3676183623891596,0.8886616921507511,3.5098731590103474,52.60297088947186,56.11284404848221,55.868303363723854,0.06255026310870596,AR6 World GDP level and trajectory (unrebased),Fixed original NATO GDP share = 0.5018,MESSAGE-GLOBIOM 1.0,SSP2-45,0.24454068475835555,3.072756685004812,55.86830336372386,0.4371164740055353,0.24454068475834845,16.13984182930615,0.9301965593059212,0.5203896835278172
2030,SA1_AR6_fixed_split,SSP2-4.5,S2,"NATO→3.5%, nonNATO→3.5%",0.055,157.32067999999987,78.94351722399993,78.37716277599993,0.5018,0.030999999999995285,0.028992773986343784,2.4472490339436255,2.2723713660554434,4.719620399999069,0.7851845698105682,0.345920474811649,0.356902077186622,0.8627566963290897,3.7057731134424508,52.787830993593026,56.49360410703548,56.14807747641181,0.06559633027521693,AR6 World GDP level and trajectory (unrebased),Fixed original NATO GDP share = 0.5018,MESSAGE-GLOBIOM 1.0,SSP2-45,0.3455266306236737,3.088144261202649,56.14807747641181,0.6176288522398017,0.3455266306236737,19.8456149427486,1.5478254115457228,0.865916314151491
2031,SA1_AR6_fixed_split,SSP2-4.5,S2,"NATO→3.5%, nonNATO→3.5%",0.055,161.48654563007247,81.03394859717037,80.4525970329021,0.5018,0.03215489042044799,0.0307271959305082,2.605637737478228,2.4720827121482056,5.077720449626433,0.7646412808910803,0.33686993493802847,0.3475642185868547,0.8401838379702106,3.882634668609188,52.68943076227033,56.57206543087951,56.12694504420659,0.06863165838187474,AR6 World GDP level and trajectory (unrebased),Fixed original NATO GDP share = 0.5018,MESSAGE-GLOBIOM 1.0,SSP2-45,0.44512038667291876,3.0869819774313627,56.12694504420661,0.7956526911778252,0.44512038667290454,23.72824961135779,2.343478102723548,1.3110367008243955
2032,SA1_AR6_fixed_split,SSP2-4.5,S2,"NATO→3.5%, nonNATO→3.5%",0.055,165.76272375337751,83.17973477944484,82.58298897393267,0.5018,0.033179069054221584,0.032265314063365295,2.7598261641590374,2.664566075535371,5.424392239694408,0.7446365088291103,0.3280566437498878,0.3384711403768683,0.8182026991162393,4.039200499885762,52.600054900835744,56.63925540072151,56.105898140781484,0.07131450566057951,AR6 World GDP level and trajectory (unrebased),Fixed original NATO GDP share = 0.5018,MESSAGE-GLOBIOM 1.0,SSP2-45,0.5333572599400256,3.0858243977429813,56.10589814078149,0.9533761021427809,0.5333572599400185,27.76745011124355,3.296854204866329,1.844393960764414
2033,SA1_AR6_fixed_split,SSP2-4.5,S2,"NATO→3.5%, nonNATO→3.5%",0.055,170.15213545456908,85.38234157110277,84.7697938834663,0.5018,0.03399498385901843,0.033490660223439564,2.902571323554837,2.8389963641621754,5.741567687717012,0.7251561112405603,0.3194743706864008,0.3296164142002547,0.7967977401895385,4.163532896849325,52.524962671508916,56.68849556835824,56.08493675705109,0.07344581744683447,AR6 World GDP level and trajectory (unrebased),Fixed original NATO GDP share = 0.5018,MESSAGE-GLOBIOM 1.0,SSP2-45,0.6035588113071526,3.08467152163781,56.08493675705109,1.0788613752115146,0.6035588113071526,31.930983008092877,4.375715580077843,2.4479527720715666
2034,SA1_AR6_fixed_split,SSP2-4.5,S2,"NATO→3.5%, nonNATO→3.5%",0.055,174.65777916888334,87.64327358694567,87.01450558193767,0.5018,0.034591224067421655,0.034386097646015426,3.0316881146483756,2.992089285560263,6.023777400208639,0.7061863179461751,0.31111704916509825,0.3209937808846251,0.7759538305892034,4.253909182380722,52.46491301917203,56.718822201552754,56.064060896331775,0.07499995622730449,AR6 World GDP level and trajectory (unrebased),Fixed original NATO GDP share = 0.5018,MESSAGE-GLOBIOM 1.0,SSP2-45,0.6547613052209798,3.0835233492982477,56.06406089633179,1.1703858330824746,0.6547613052209655,36.1848921904736,5.546101413160319,3.102714077292532
2035,SA1_AR6_fixed_split,SSP2-4.5,S2,"NATO→3.5%, nonNATO→3.5%",0.055,179.28273273038877,89.96407528410909,89.31865744627969,0.5018,0.03499999999999057,0.03499999999998584,3.14874263494297,3.1261530106185242,6.274895645561495,0.6877137211119276,0.3029787722381221,0.3125971459599672,0.7556562378573702,4.315331833998127,52.417702067534016,56.733033901532146,56.04327057142313,0.07606382978720949,AR6 World GDP level and trajectory (unrebased),Fixed original NATO GDP share = 0.5018,MESSAGE-GLOBIOM 1.0,SSP2-45,0.6897633301090167,3.082379881428271,56.043270571423136,1.2329519525698562,0.6897633301090096,40.50022402447173,6.779053365730174,3.7924774074015417
2025,SA1_AR6_fixed_split,SSP2-4.5,S3,"NATO→5%, nonNATO→3.5%",0.055,132.3421461836991,66.40928895498021,65.93285722871889,0.5018,0.027,0.022985547972701727,1.7930508017844657,1.515502852808012,3.308553654592478,0.9100880620821836,0.40094788749075233,0.41367639185553806,1.0,3.0110751838029945,51.73574633988782,54.74682152369081,54.74682152369081,0.055,AR6 World GDP level and trajectory (unrebased),Fixed original NATO GDP share = 0.5018,MESSAGE-GLOBIOM 1.0,SSP2-45,0.0,3.0110751838029945,54.74682152369081,0.0,0.0,3.0110751838029945,0.0,0.0
2026,SA1_AR6_fixed_split,SSP2-4.5,S3,"NATO→5%, nonNATO→3.5%",0.055,136.9984651539472,68.74582981425071,68.25263533969648,0.5018,0.02817523080613562,0.023599450326672138,1.9369296219758332,1.6107246773636346,3.5476542993394675,0.8836639841685245,0.3893065105078116,0.40166544734932935,0.9709653614693026,3.1349343326069095,51.95326949824533,55.08820383085224,55.02754979223171,0.056907543078236734,AR6 World GDP level and trajectory (unrebased),Fixed original NATO GDP share = 0.5018,MESSAGE-GLOBIOM 1.0,SSP2-45,0.06065403862052676,3.026515238572744,55.02754979223172,0.10841909403416539,0.06065403862051966,6.1460095164099044,0.10841909403416539,0.06065403862051966
2027,SA1_AR6_fixed_split,SSP2-4.5,S3,"NATO→5%, nonNATO→3.5%",0.055,141.81861180100074,71.16457940174217,70.65403239925857,0.5018,0.029889421405294894,0.024494887749248,2.1270681028692406,1.73066259265157,3.857730695520811,0.857981088680002,0.37799166843944154,0.3899914039454555,0.9427451303086358,3.3098599819772065,52.148063628435786,55.45792361041299,55.308039521867826,0.05968236397072275,AR6 World GDP level and trajectory (unrebased),Fixed original NATO GDP share = 0.5018,MESSAGE-GLOBIOM 1.0,SSP2-45,0.14988408854516422,3.04194217370273,55.308039521867826,0.2679178082744764,0.14988408854516422,9.455869498387111,0.3763369023086418,0.21053812716568387
2028,SA1_AR6_fixed_split,SSP2-4.5,S3,"NATO→5%, nonNATO→3.5%",0.055,146.8083502290495,73.66843014493703,73.13992008411246,0.5018,0.03223517646908584,0.025720233909322272,2.374714845922568,1.8811758526725104,4.255890698595079,0.8330196434049916,0.3669946680735278,0.3786452924568144,0.9153176248671279,3.5452405521142927,52.31599256844413,55.861233120558424,55.58829070758088,0.06346513233001921,AR6 World GDP level and trajectory (unrebased),Fixed original NATO GDP share = 0.5018,MESSAGE-GLOBIOM 1.0,SSP2-45,0.2729424129775424,3.057355988916948,55.58829070758088,0.4878845631973445,0.2729424129775424,13.001110050501403,0.8642214655059863,0.4834805401432263
2029,SA1_AR6_fixed_split,SSP2-4.5,S3,"NATO→5%, nonNATO→3.5%",0.055,151.97364734621675,76.26037623833157,75.71327110788518,0.5018,0.03517969004118492,0.027258352042179364,2.6828163984886486,2.063818998123702,4.7466353966123505,0.8087603972561511,0.35630702816180093,0.3676183623891596,0.8886616921507511,3.838890728994313,52.458019092905495,56.29690982189981,55.868303363723854,0.06819007901390998,AR6 World GDP level and trajectory (unrebased),Fixed original NATO GDP share = 0.5018,MESSAGE-GLOBIOM 1.0,SSP2-45,0.4286064581759561,3.072756685004812,55.86830336372386,0.766134043989501,0.428606458175949,16.840000779495718,1.6303555094954874,0.9120869983191753
2030,SA1_AR6_fixed_split,SSP2-4.5,S3,"NATO→5%, nonNATO→3.5%",0.055,157.32067999999987,78.94351722399993,78.37716277599993,0.5018,0.03849999999998644,0.028992773986343784,3.039325413122927,2.2723713660554434,5.31169677917837,0.7851845698105682,0.345920474811649,0.356902077186622,0.8627566963290897,4.170662350523349,52.583019651382564,56.753682001905915,56.14807747641181,0.07348707966442228,AR6 World GDP level and trajectory (unrebased),Fixed original NATO GDP share = 0.5018,MESSAGE-GLOBIOM 1.0,SSP2-45,0.6056045254941083,3.088144261202649,56.14807747641181,1.0825180893207,0.6056045254941083,21.010663130019065,2.7128735988161874,1.5176915238132835
2031,SA1_AR6_fixed_split,SSP2-4.5,S3,"NATO→5%, nonNATO→3.5%",0.055,161.48654563007247,81.03394859717037,80.4525970329021,0.5018,0.041820309958787966,0.0307271959305082,3.388864847518156,2.4720827121482056,5.860947559666362,0.7646412808910803,0.33686993493802847,0.3475642185868547,0.8401838379702106,4.481522449258738,52.42558509666948,56.90710754592822,56.12694504420659,0.07875154163549465,AR6 World GDP level and trajectory (unrebased),Fixed original NATO GDP share = 0.5018,MESSAGE-GLOBIOM 1.0,SSP2-45,0.7801625017216267,3.0869819774313627,56.12694504420661,1.394540471827375,0.7801625017216125,25.492185579277802,4.1074140706435625,2.297854025534896
2032,SA1_AR6_fixed_split,SSP2-4.5,S3,"NATO→5%, nonNATO→3.5%",0.055,165.76272375337751,83.17973477944484,82.58298897393267,0.5018,0.04476482353088705,0.032265314063365295,3.7235261487478364,2.664566075535371,6.388092224283207,0.7446365088291103,0.3280566437498878,0.3384711403768683,0.8182026991162393,4.756806691968634,52.28390671830972,57.04071341027836,56.105898140781484,0.08339318370291436,AR6 World GDP level and trajectory (unrebased),Fixed original NATO GDP share = 0.5018,MESSAGE-GLOBIOM 1.0,SSP2-45,0.9348152694968732,3.0858243977429813,56.10589814078149,1.6709822942256523,0.9348152694968661,30.248992271246436,5.778396364869215,3.232669295031762
2033,SA1_AR6_fixed_split,SSP2-4.5,S3,"NATO→5%, nonNATO→3.5%",0.055,170.15213545456908,85.38234157110277,84.7697938834663,0.5018,0.04711057859467799,0.033490660223439564,4.022411513183079,2.8389963641621754,6.861407877345254,0.7251561112405603,0.3194743706864008,0.3296164142002547,0.7967977401895385,4.975591853971032,52.16720243165809,57.14279428562912,56.08493675705109,0.08707295322487138,AR6 World GDP level and trajectory (unrebased),Fixed original NATO GDP share = 0.5018,MESSAGE-GLOBIOM 1.0,SSP2-45,1.0578575285780332,3.08467152163781,56.08493675705109,1.8909203323332222,1.0578575285780332,35.22458412521747,7.6693166972024365,4.290526823609795
2034,SA1_AR6_fixed_split,SSP2-4.5,S3,"NATO→5%, nonNATO→3.5%",0.055,174.65777916888334,87.64327358694567,87.01450558193767,0.5018,0.04882476919383726,0.034386097646015426,4.279162604274956,2.992089285560263,7.271251889835218,0.7061863179461751,0.31111704916509825,0.3209937808846251,0.7759538305892034,5.1348585989419,52.076802437050674,57.21166103599258,56.064060896331775,0.08975195800925087,AR6 World GDP level and trajectory (unrebased),Fixed original NATO GDP share = 0.5018,MESSAGE-GLOBIOM 1.0,SSP2-45,1.1476001396608027,3.0835233492982477,56.06406089633179,2.0513352496436523,1.1476001396607884,40.359442724159365,9.72065194684609,5.438126963270584
2035,SA1_AR6_fixed_split,SSP2-4.5,S3,"NATO→5%, nonNATO→3.5%",0.055,179.28273273038877,89.96407528410909,89.31865744627969,0.5018,0.049999999999972886,0.03499999999998584,4.498203764203015,3.1261530106185242,7.624356774821539,0.6877137211119276,0.3029787722381221,0.3125971459599672,0.7556562378573702,5.243374768697456,52.00884399140774,57.252218760105194,56.04327057142313,0.09158378281666131,AR6 World GDP level and trajectory (unrebased),Fixed original NATO GDP share = 0.5018,MESSAGE-GLOBIOM 1.0,SSP2-45,1.208948188682065,3.082379881428271,56.043270571423136,2.1609948872691853,1.208948188682058,45.60281749285682,11.881646834115275,6.647075151952642
2025,SA1_AR6_fixed_split,SSP3-7.0,S0,Baseline,0.055,131.57368822870808,66.02367675316572,65.55001147554236,0.5018,0.027,0.022985547972701727,1.7826392723354743,1.5067029333822277,3.289342205717702,1.1017398414242405,0.4853818881799102,0.5007908370110185,1.0,3.6239993601174825,62.26689809656402,65.8908974566815,65.8908974566815,0.055,AR6 World GDP level and trajectory (unrebased),Fixed original NATO GDP share = 0.5018,MIGRATION 1.0,SSP3-7.0_zeromig,0.0,3.6239993601174825,65.8908974566815,0.0,0.0,3.6239993601174825,0.0,0.0
2026,SA1_AR6_fixed_split,SSP3-7.0,S0,Baseline,0.055,134.8941946705815,67.6899068856978,67.2042877848837,0.5018,0.027,0.022985547972701727,1.8276274859138404,1.544727380850697,3.372354866764537,1.0922086149803605,0.481182816389949,0.4964584613547093,0.9913489318571261,3.6833150382511732,63.28604929358834,66.96936433183951,66.96936433183951,0.055,AR6 World GDP level and trajectory (unrebased),Fixed original NATO GDP share = 0.5018,MIGRATION 1.0,SSP3-7.0_zeromig,0.0,3.6833150382511732,66.96936433183951,0.0,0.0,7.307314398368655,0.0,0.0
2027,SA1_AR6_fixed_split,SSP3-7.0,S0,Baseline,0.055,138.29850026089372,69.39818743091647,68.90031282997725,0.5018,0.027,0.022985547972701727,1.8737510606347445,1.5837114458875985,3.4574625065223428,1.0827404333566648,0.4770115195906985,0.49215474243484764,0.9827550866790704,3.743534452626422,64.32072832239943,68.06426277502585,68.06426277502585,0.055,AR6 World GDP level and trajectory (unrebased),Fixed original NATO GDP share = 0.5018,MIGRATION 1.0,SSP3-7.0_zeromig,0.0,3.743534452626422,68.06426277502585,0.0,0.0,11.050848850995077,0.0,0.0
2028,SA1_AR6_fixed_split,SSP3-7.0,S0,Baseline,0.055,141.78871982682614,71.14957960910137,70.63914021772477,0.5018,0.027,0.022985547972701727,1.9210386494457368,1.6236793462249166,3.5447179956706534,1.0727564423047062,0.47261297807829716,0.4876165646839574,0.9736930643426066,3.802619066009119,65.33590940688396,69.13852847289307,69.13852847289309,0.055,AR6 World GDP level and trajectory (unrebased),Fixed original NATO GDP share = 0.5018,MIGRATION 1.0,SSP3-7.0_zeromig,-1.4210854715202004e-14,3.802619066009119,69.13852847289307,0.0,0.0,14.853467917004197,0.0,0.0
2029,SA1_AR6_fixed_split,SSP3-7.0,S0,Baseline,0.055,145.36702156715262,72.9451714223972,72.42185014475542,0.5018,0.027,0.022985547972701727,1.9695196284047243,1.6646559107740913,3.6341755391788153,1.062059045927474,0.4679001391149011,0.48275411178521543,0.9639835158856827,3.8597090058732157,66.3168183736398,70.17652737951302,70.17652737951302,0.05499999999999999,AR6 World GDP level and trajectory (unrebased),Fixed original NATO GDP share = 0.5018,MIGRATION 1.0,SSP3-7.0_zeromig,0.0,3.8597090058732157,70.17652737951302,0.0,0.0,18.713176922877413,0.0,0.0
2030,SA1_AR6_fixed_split,SSP3-7.0,S0,Baseline,0.055,149.0356283991709,74.78607833070396,74.24955006846693,0.5018,0.027,0.022985547972701727,2.0192241149290067,1.7066665950502655,3.7258907099792724,1.0510509955537957,0.4630504386006233,0.4777504525244526,0.953992000684192,3.9161011400483527,67.2857377699217,71.20183890997005,71.20183890997005,0.055,AR6 World GDP level and trajectory (unrebased),Fixed original NATO GDP share = 0.5018,MIGRATION 1.0,SSP3-7.0_zeromig,0.0,3.9161011400483527,71.20183890997005,0.0,0.0,22.629278062925763,0.0,0.0
2031,SA1_AR6_fixed_split,SSP3-7.0,S0,Baseline,0.055,151.81959450515436,76.18307252268646,75.6365219824679,0.5018,0.027,0.022985547972701727,2.0569429581125345,1.7385469045163247,3.795489862628859,1.0395201427003753,0.4579704125183472,0.47250915577289787,0.9435259610440949,3.9454881636177794,67.79066026579639,71.73614842941417,71.73614842941417,0.055,AR6 World GDP level and trajectory (unrebased),Fixed original NATO GDP share = 0.5018,MIGRATION 1.0,SSP3-7.0_zeromig,0.0,3.9454881636177794,71.73614842941417,0.0,0.0,26.574766226543545,0.0,0.0
2032,SA1_AR6_fixed_split,SSP3-7.0,S0,Baseline,0.055,154.65556473500078,77.60616238402339,77.04940235097739,0.5018,0.027,0.022985547972701727,2.0953663843686314,1.771022734006388,3.8663891183750194,1.028534169344675,0.45313043824275895,0.46751553152030684,0.9335544841648541,3.976713320231141,68.32716522942597,72.30387854965711,72.30387854965711,0.05499999999999999,AR6 World GDP level and trajectory (unrebased),Fixed original NATO GDP share = 0.5018,MIGRATION 1.0,SSP3-7.0_zeromig,0.0,3.976713320231141,72.30387854965711,0.0,0.0,30.551479546774686,0.0,0.0
2033,SA1_AR6_fixed_split,SSP3-7.0,S0,Baseline,0.055,157.54451051896345,79.05583537841586,78.48867514054758,0.5018,0.027,0.022985547972701727,2.1345075552172283,1.804105207756858,3.9386127629740866,1.017157036564737,0.448118134990059,0.46234410752942595,0.9232279693632921,4.006187686162773,68.83358842588764,72.83977611205042,72.83977611205042,0.05500000000000001,AR6 World GDP level and trajectory (unrebased),Fixed original NATO GDP share = 0.5018,MIGRATION 1.0,SSP3-7.0_zeromig,0.0,4.006187686162773,72.83977611205042,0.0,0.0,34.55766723293746,0.0,0.0
2034,SA1_AR6_fixed_split,SSP3-7.0,S0,Baseline,0.055,160.48742143348534,80.53258807532295,79.95483335816239,0.5018,0.027,0.022985547972701727,2.1743798780337196,1.8378056578034139,4.012185535837133,1.0058508440245673,0.44313708512970446,0.45720492910207605,0.9129658438459339,4.035660207604941,69.33997993066671,73.37564013827165,73.37564013827166,0.05500000000000001,AR6 World GDP level and trajectory (unrebased),Fixed original NATO GDP share = 0.5018,MIGRATION 1.0,SSP3-7.0_zeromig,-1.4210854715202004e-14,4.035660207604941,73.37564013827165,0.0,0.0,38.5933274405424,0.0,0.0
2035,SA1_AR6_fixed_split,SSP3-7.0,S0,Baseline,0.055,163.48530554016915,82.03692632005688,81.44837922011227,0.5018,0.027,0.022985547972701727,2.2149970106415355,1.872135627862693,4.087132638504229,0.9946707937697744,0.4382116084440265,0.4521230880771702,0.9028182120417322,4.065351465783354,69.85012973027763,73.91548119606098,73.91548119606098,0.055,AR6 World GDP level and trajectory (unrebased),Fixed original NATO GDP share = 0.5018,MIGRATION 1.0,SSP3-7.0_zeromig,0.0,4.065351465783354,73.91548119606098,0.0,0.0,42.658678906325754,0.0,0.0
2025,SA1_AR6_fixed_split,SSP3-7.0,S1,"NATO→3.5%, nonNATO holds",0.055,131.57368822870808,66.02367675316572,65.55001147554236,0.5018,0.027,0.022985547972701727,1.7826392723354743,1.5067029333822277,3.289342205717702,1.1017398414242405,0.4853818881799102,0.5007908370110185,1.0,3.6239993601174825,62.26689809656402,65.8908974566815,65.8908974566815,0.055,AR6 World GDP level and trajectory (unrebased),Fixed original NATO GDP share = 0.5018,MIGRATION 1.0,SSP3-7.0_zeromig,0.0,3.6239993601174825,65.8908974566815,0.0,0.0,3.6239993601174825,0.0,0.0
2026,SA1_AR6_fixed_split,SSP3-7.0,S1,"NATO→3.5%, nonNATO holds",0.055,134.8941946705815,67.6899068856978,67.2042877848837,0.5018,0.02740877593256891,0.022985547972701727,1.8552974907265443,1.544727380850697,3.400024871577241,1.0922086149803605,0.481182816389949,0.4964584613547093,0.9913489318571261,3.7135364558841566,63.27273496274304,66.9862714186272,66.96936433183951,0.05543727658278821,AR6 World GDP level and trajectory (unrebased),Fixed original NATO GDP share = 0.5018,MIGRATION 1.0,SSP3-7.0_zeromig,0.0169070867876826,3.6833150382511732,66.96936433183951,0.03022141763298336,0.0169070867876826,7.337535816001639,0.03022141763298336,0.0169070867876826
2027,SA1_AR6_fixed_split,SSP3-7.0,S1,"NATO→3.5%, nonNATO holds",0.055,138.29850026089372,69.39818743091647,68.90031282997725,0.5018,0.028005016140972137,0.022985547972701727,1.9434973591570253,1.5837114458875985,3.5272088050446238,1.0827404333566648,0.4770115195906985,0.49215474243484764,0.9827550866790704,3.81905159011346,64.28745853455548,68.10651012466894,68.06426277502585,0.056074692171463304,AR6 World GDP level and trajectory (unrebased),Fixed original NATO GDP share = 0.5018,MIGRATION 1.0,SSP3-7.0_zeromig,0.04224734964309107,3.743534452626422,68.06426277502585,0.07551713748703781,0.04224734964309107,11.156587406115099,0.10573855512002117,0.05915443643077367
2028,SA1_AR6_fixed_split,SSP3-7.0,S1,"NATO→3.5%, nonNATO holds",0.055,141.78871982682614,71.14957960910137,70.63914021772477,0.5018,0.028820930945768986,0.022985547972701727,2.0505971207344036,1.6236793462249166,3.67427646695932,1.0727564423047062,0.47261297807829716,0.4876165646839574,0.9736930643426066,3.9416037507391857,65.27467839193295,69.21628214267214,69.13852847289309,0.0569461928425244,AR6 World GDP level and trajectory (unrebased),Fixed original NATO GDP share = 0.5018,MIGRATION 1.0,SSP3-7.0_zeromig,0.07775366977905662,3.802619066009119,69.13852847289307,0.13898468473006664,0.07775366977907083,15.098191156854284,0.24472323985008781,0.1369081062098445
2029,SA1_AR6_fixed_split,SSP3-7.0,S1,"NATO→3.5%, nonNATO holds",0.055,145.36702156715262,72.9451714223972,72.42185014475542,0.5018,0.029845109579542582,0.022985547972701727,2.177056634399962,1.6646559107740913,3.8417125451740537,1.062059045927474,0.4679001391149011,0.48275411178521543,0.9639835158856827,4.080125560455163,66.21971177966313,70.29983734011829,70.17652737951302,0.058038904709196835,AR6 World GDP level and trajectory (unrebased),Fixed original NATO GDP share = 0.5018,MIGRATION 1.0,SSP3-7.0_zeromig,0.123309960605269,3.8597090058732157,70.17652737951302,0.2204165545819472,0.123309960605269,19.17831671730945,0.465139794432035,0.2602180668151135
2030,SA1_AR6_fixed_split,SSP3-7.0,S1,"NATO→3.5%, nonNATO holds",0.055,149.0356283991709,74.78607833070396,74.24955006846693,0.5018,0.030999999999995285,0.022985547972701727,2.3183684282514703,1.7066665950502655,4.025035023301736,1.0510509955537957,0.4630504386006233,0.4777504525244526,0.953992000684192,4.230517068380184,67.14721886443284,71.37773593281302,71.20183890997005,0.05926942082279434,AR6 World GDP level and trajectory (unrebased),Fixed original NATO GDP share = 0.5018,MIGRATION 1.0,SSP3-7.0_zeromig,0.1758970228429746,3.9161011400483527,71.20183890997005,0.3144159283318313,0.1758970228429746,23.40883378568963,0.7795557227638663,0.4361150896580881
2031,SA1_AR6_fixed_split,SSP3-7.0,S1,"NATO→3.5%, nonNATO holds",0.055,151.81959450515436,76.18307252268646,75.6365219824679,0.5018,0.03215489042044799,0.022985547972701727,2.449658348860025,1.7385469045163247,4.18820525337635,1.0395201427003753,0.4579704125183472,0.47250915577289787,0.9435259610440949,4.353723722648245,67.61080823629347,71.9645319589417,71.73614842941417,0.06049818715047292,AR6 World GDP level and trajectory (unrebased),Fixed original NATO GDP share = 0.5018,MIGRATION 1.0,SSP3-7.0_zeromig,0.22838352952753382,3.9454881636177794,71.73614842941417,0.4082355590304654,0.22838352952753382,27.762557508337878,1.1877912817943317,0.6644986191856219
2032,SA1_AR6_fixed_split,SSP3-7.0,S1,"NATO→3.5%, nonNATO holds",0.055,154.65556473500078,77.60616238402339,77.04940235097739,0.5018,0.033179069054221584,0.022985547972701727,2.5749002207726455,1.771022734006388,4.3459229547790335,1.028534169344675,0.45313043824275895,0.46751553152030684,0.9335544841648541,4.469930256329609,68.10987385198399,72.5798041083136,72.30387854965711,0.06158641940751124,AR6 World GDP level and trajectory (unrebased),Fixed original NATO GDP share = 0.5018,MIGRATION 1.0,SSP3-7.0_zeromig,0.27592555865648194,3.976713320231141,72.30387854965711,0.49321693609846795,0.27592555865648194,32.23248776466748,1.6810082178927996,0.9404241778421039
2033,SA1_AR6_fixed_split,SSP3-7.0,S1,"NATO→3.5%, nonNATO holds",0.055,157.54451051896345,79.05583537841586,78.48867514054758,0.5018,0.03399498385901843,0.022985547972701727,2.6875018476504655,1.804105207756858,4.491607055407323,1.017157036564737,0.448118134990059,0.46234410752942595,0.9232279693632921,4.568669721891378,68.58578165490232,73.1544513767937,72.83977611205042,0.062452381719872566,AR6 World GDP level and trajectory (unrebased),Fixed original NATO GDP share = 0.5018,MIGRATION 1.0,SSP3-7.0_zeromig,0.3146752647432862,4.006187686162773,72.83977611205042,0.5624820357286042,0.3146752647432862,36.801157486558864,2.243490253621404,1.25509944258539
2034,SA1_AR6_fixed_split,SSP3-7.0,S1,"NATO→3.5%, nonNATO holds",0.055,160.48742143348534,80.53258807532295,79.95483335816239,0.5018,0.034591224067421655,0.022985547972701727,2.785720798842865,1.8378056578034139,4.623526456646279,1.0058508440245673,0.44313708512970446,0.45720492910207605,0.9129658438459339,4.6505779887875764,69.06907209699884,73.71965008578641,73.37564013827166,0.06308464545580142,AR6 World GDP level and trajectory (unrebased),Fixed original NATO GDP share = 0.5018,MIGRATION 1.0,SSP3-7.0_zeromig,0.3440099475147491,4.035660207604941,73.37564013827165,0.6149177811826352,0.3440099475147633,41.45173547534644,2.858408034804039,1.5991093901001534
2035,SA1_AR6_fixed_split,SSP3-7.0,S1,"NATO→3.5%, nonNATO holds",0.055,163.48530554016915,82.03692632005688,81.44837922011227,0.5018,0.03499999999999057,0.022985547972701727,2.8712924212012174,1.872135627862693,4.74342804906391,0.9946707937697744,0.4382116084440265,0.4521230880771702,0.9028182120417322,4.718149342752212,69.56253346280184,74.28068280555405,73.91548119606098,0.06351785100176045,AR6 World GDP level and trajectory (unrebased),Fixed original NATO GDP share = 0.5018,MIGRATION 1.0,SSP3-7.0_zeromig,0.3652016094930701,4.065351465783354,73.91548119606098,0.652797876968858,0.3652016094930701,46.16988481809865,3.511205911772897,1.9643109995932235
2025,SA1_AR6_fixed_split,SSP3-7.0,S2,"NATO→3.5%, nonNATO→3.5%",0.055,131.57368822870808,66.02367675316572,65.55001147554236,0.5018,0.027,0.022985547972701727,1.7826392723354743,1.5067029333822277,3.289342205717702,1.1017398414242405,0.4853818881799102,0.5007908370110185,1.0,3.6239993601174825,62.26689809656402,65.8908974566815,65.8908974566815,0.055,AR6 World GDP level and trajectory (unrebased),Fixed original NATO GDP share = 0.5018,MIGRATION 1.0,SSP3-7.0_zeromig,0.0,3.6239993601174825,65.8908974566815,0.0,0.0,3.6239993601174825,0.0,0.0
2026,SA1_AR6_fixed_split,SSP3-7.0,S2,"NATO→3.5%, nonNATO→3.5%",0.055,134.8941946705815,67.6899068856978,67.2042877848837,0.5018,0.02740877593256891,0.023599450326672138,1.8552974907265443,1.585984251318742,3.4412817420452866,1.0922086149803605,0.481182816389949,0.4964584613547093,0.9913489318571261,3.7585975652364847,63.252882865615796,67.01148043085227,66.96936433183951,0.056088860312747485,AR6 World GDP level and trajectory (unrebased),Fixed original NATO GDP share = 0.5018,MIGRATION 1.0,SSP3-7.0_zeromig,0.04211609901275892,3.6833150382511732,66.96936433183951,0.07528252698531146,0.04211609901275892,7.382596925353967,0.07528252698531146,0.04211609901275892
2027,SA1_AR6_fixed_split,SSP3-7.0,S2,"NATO→3.5%, nonNATO→3.5%",0.055,138.29850026089372,69.39818743091647,68.90031282997725,0.5018,0.028005016140972137,0.024494887749248,1.9434973591570253,1.6877054286583646,3.63120278781539,1.0827404333566648,0.4770115195906985,0.49215474243484764,0.9827550866790704,3.9316500800851646,64.23785220680573,68.16950228689089,68.06426277502585,0.057674619121302104,AR6 World GDP level and trajectory (unrebased),Fixed original NATO GDP share = 0.5018,MIGRATION 1.0,SSP3-7.0_zeromig,0.10523951186503666,3.743534452626422,68.06426277502585,0.18811562745874255,0.10523951186503666,11.314247005439132,0.263398154444054,0.14735561087779558
2028,SA1_AR6_fixed_split,SSP3-7.0,S2,"NATO→3.5%, nonNATO→3.5%",0.055,141.78871982682614,71.14957960910137,70.63914021772477,0.5018,0.028820930945768986,0.025720233909322272,2.0505971207344036,1.8168552095532955,3.867452330287699,1.0727564423047062,0.47261297807829716,0.4876165646839574,0.9736930643426066,4.1488344026224775,65.18338097187248,69.33221537449496,69.13852847289309,0.059839922613358416,AR6 World GDP level and trajectory (unrebased),Fixed original NATO GDP share = 0.5018,MIGRATION 1.0,SSP3-7.0_zeromig,0.19368690160187896,3.802619066009119,69.13852847289307,0.34621533661335846,0.19368690160189317,15.463081408061608,0.6096134910574125,0.34104251247968875
2029,SA1_AR6_fixed_split,SSP3-7.0,S2,"NATO→3.5%, nonNATO→3.5%",0.055,145.36702156715262,72.9451714223972,72.42185014475542,0.5018,0.029845109579542582,0.027258352042179364,2.177056634399962,1.974100286791702,4.151156921191664,1.062059045927474,0.4679001391149011,0.48275411178521543,0.9639835158856827,4.408773759216048,66.07492271307616,70.48369647229221,70.17652737951302,0.06255026310870597,AR6 World GDP level and trajectory (unrebased),Fixed original NATO GDP share = 0.5018,MIGRATION 1.0,SSP3-7.0_zeromig,0.3071690927791906,3.8597090058732157,70.17652737951302,0.5490647533428326,0.3071690927791906,19.87185516727766,1.158678244400245,0.6482116052588793
2030,SA1_AR6_fixed_split,SSP3-7.0,S2,"NATO→3.5%, nonNATO→3.5%",0.055,149.0356283991709,74.78607833070396,74.24955006846693,0.5018,0.030999999999995285,0.028992773986343784,2.3183684282514703,2.1527004237227785,4.471068851974248,1.0510509955537957,0.4630504386006233,0.4777504525244526,0.953992000684192,4.6993213680571,66.94068270443532,71.64000407249242,71.20183890997005,0.06559633027521695,AR6 World GDP level and trajectory (unrebased),Fixed original NATO GDP share = 0.5018,MIGRATION 1.0,SSP3-7.0_zeromig,0.4381651625223668,3.9161011400483527,71.20183890997005,0.783220228008747,0.4381651625223668,24.571176535334757,1.941898472408992,1.0863767677812461
2031,SA1_AR6_fixed_split,SSP3-7.0,S2,"NATO→3.5%, nonNATO→3.5%",0.055,151.81959450515436,76.18307252268646,75.6365219824679,0.5018,0.03215489042044799,0.0307271959305082,2.449658348860025,2.3240982304574818,4.7737565793175065,1.0395201427003753,0.4579704125183472,0.47250915577289787,0.9435259610440949,4.96241612054899,67.34264305400153,72.30505917455052,71.73614842941417,0.06863165838187474,AR6 World GDP level and trajectory (unrebased),Fixed original NATO GDP share = 0.5018,MIGRATION 1.0,SSP3-7.0_zeromig,0.5689107451363498,3.9454881636177794,71.73614842941417,1.0169279569312102,0.5689107451363498,29.533592655883748,2.9588264293402022,1.655287512917596
2032,SA1_AR6_fixed_split,SSP3-7.0,S2,"NATO→3.5%, nonNATO→3.5%",0.055,154.65556473500078,77.60616238402339,77.04940235097739,0.5018,0.033179069054221584,0.032265314063365295,2.5749002207726455,2.4860231652488816,5.060923386021527,1.028534169344675,0.45313043824275895,0.46751553152030684,0.9335544841648541,5.205332630958691,67.78588539323131,72.99121802419,72.30387854965711,0.07131450566057951,AR6 World GDP level and trajectory (unrebased),Fixed original NATO GDP share = 0.5018,MIGRATION 1.0,SSP3-7.0_zeromig,0.6873394745328909,3.976713320231141,72.30387854965711,1.22861931072755,0.6873394745328909,34.73892528684244,4.187445740067752,2.342626987450487
2033,SA1_AR6_fixed_split,SSP3-7.0,S2,"NATO→3.5%, nonNATO→3.5%",0.055,157.54451051896345,79.05583537841586,78.48867514054758,0.5018,0.03399498385901843,0.033490660223439564,2.6875018476504655,2.628637550520007,5.316139398170472,1.017157036564737,0.448118134990059,0.46234410752942595,0.9232279693632921,5.407348596208123,68.21629375922431,73.62364235543244,72.83977611205042,0.0734458174468345,AR6 World GDP level and trajectory (unrebased),Fixed original NATO GDP share = 0.5018,MIGRATION 1.0,SSP3-7.0_zeromig,0.7838662433820218,4.006187686162773,72.83977611205042,1.4011609100453493,0.7838662433820218,40.14627388305056,5.5886066501131015,3.1264932308325086
2034,SA1_AR6_fixed_split,SSP3-7.0,S2,"NATO→3.5%, nonNATO→3.5%",0.055,160.48742143348534,80.53258807532295,79.95483335816239,0.5018,0.034591224067421655,0.034386097646015426,2.785720798842865,2.7493347071246634,5.535055505967529,1.0058508440245673,0.44313708512970446,0.45720492910207605,0.9129658438459339,5.567440252400267,68.66513977107158,74.23258002347185,73.37564013827166,0.0749999562273045,AR6 World GDP level and trajectory (unrebased),Fixed original NATO GDP share = 0.5018,MIGRATION 1.0,SSP3-7.0_zeromig,0.856939885200191,4.035660207604941,73.37564013827165,1.531780044795326,0.8569398852002053,45.71371413545083,7.120386694908428,3.983433116032714
2035,SA1_AR6_fixed_split,SSP3-7.0,S2,"NATO→3.5%, nonNATO→3.5%",0.055,163.48530554016915,82.03692632005688,81.44837922011227,0.5018,0.03499999999999057,0.03499999999998584,2.8712924212012174,2.8506932727027765,5.721985693903994,0.9946707937697744,0.4382116084440265,0.4521230880771702,0.9028182120417322,5.691492052094779,69.13371814330127,74.82521019539604,73.91548119606098,0.07606382978720953,AR6 World GDP level and trajectory (unrebased),Fixed original NATO GDP share = 0.5018,MIGRATION 1.0,SSP3-7.0_zeromig,0.9097289993350586,4.065351465783354,73.91548119606098,1.6261405863114256,0.9097289993350586,51.40520618754561,8.746527281219853,4.8931621153677725
2025,SA1_AR6_fixed_split,SSP3-7.0,S3,"NATO→5%, nonNATO→3.5%",0.055,131.57368822870808,66.02367675316572,65.55001147554236,0.5018,0.027,0.022985547972701727,1.7826392723354743,1.5067029333822277,3.289342205717702,1.1017398414242405,0.4853818881799102,0.5007908370110185,1.0,3.6239993601174825,62.26689809656402,65.8908974566815,65.8908974566815,0.055,AR6 World GDP level and trajectory (unrebased),Fixed original NATO GDP share = 0.5018,MIGRATION 1.0,SSP3-7.0_zeromig,0.0,3.6239993601174825,65.8908974566815,0.0,0.0,3.6239993601174825,0.0,0.0
2026,SA1_AR6_fixed_split,SSP3-7.0,S3,"NATO→5%, nonNATO→3.5%",0.055,134.8941946705815,67.6899068856978,67.2042877848837,0.5018,0.02817523080613562,0.023599450326672138,1.907178749750364,1.585984251318742,3.493163001069106,1.0922086149803605,0.481182816389949,0.4964584613547093,0.9913489318571261,3.815262723298328,63.22791849528086,67.04318121857919,66.96936433183951,0.05690754307823674,AR6 World GDP level and trajectory (unrebased),Fixed original NATO GDP share = 0.5018,MIGRATION 1.0,SSP3-7.0_zeromig,0.07381688673967801,3.6833150382511732,66.96936433183951,0.13194768504715482,0.07381688673967801,7.4392620834158105,0.13194768504715482,0.07381688673967801
2027,SA1_AR6_fixed_split,SSP3-7.0,S3,"NATO→5%, nonNATO→3.5%",0.055,138.29850026089372,69.39818743091647,68.90031282997725,0.5018,0.029889421405294894,0.024494887749248,2.074271668886302,1.6877054286583646,3.7619770975446665,1.0827404333566648,0.4770115195906985,0.49215474243484764,0.9827550866790704,4.07324471287336,64.17547135459833,68.24871606747169,68.06426277502585,0.05968236397072276,AR6 World GDP level and trajectory (unrebased),Fixed original NATO GDP share = 0.5018,MIGRATION 1.0,SSP3-7.0_zeromig,0.18445329244583775,3.743534452626422,68.06426277502585,0.32971026024693817,0.18445329244583775,11.51250679628917,0.461657945294093,0.25827017918551576
2028,SA1_AR6_fixed_split,SSP3-7.0,S3,"NATO→5%, nonNATO→3.5%",0.055,141.78871982682614,71.14957960910137,70.63914021772477,0.5018,0.03223517646908584,0.025720233909322272,2.2935192544006537,1.8168552095532955,4.110374463953949,1.0727564423047062,0.47261297807829716,0.4876165646839574,0.9736930643426066,4.409430686491352,65.06857281883934,69.47800350533069,69.13852847289309,0.06346513233001923,AR6 World GDP level and trajectory (unrebased),Fixed original NATO GDP share = 0.5018,MIGRATION 1.0,SSP3-7.0_zeromig,0.3394750324376048,3.802619066009119,69.13852847289307,0.6068116204822331,0.339475032437619,15.921937482780523,1.0684695657763261,0.5977452116231348
2029,SA1_AR6_fixed_split,SSP3-7.0,S3,"NATO→5%, nonNATO→3.5%",0.055,145.36702156715262,72.9451714223972,72.42185014475542,0.5018,0.03517969004118492,0.027258352042179364,2.5661885206410338,1.974100286791702,4.540288807432736,1.062059045927474,0.4679001391149011,0.48275411178521543,0.9639835158856827,4.8220547990572005,65.89284784936993,70.71490264842713,70.17652737951302,0.06819007901391001,AR6 World GDP level and trajectory (unrebased),Fixed original NATO GDP share = 0.5018,MIGRATION 1.0,SSP3-7.0_zeromig,0.538375268914109,3.8597090058732157,70.17652737951302,0.9623457931839847,0.538375268914109,20.743992281837723,2.030815358960311,1.1361204805372438
2030,SA1_AR6_fixed_split,SSP3-7.0,S3,"NATO→5%, nonNATO→3.5%",0.055,149.0356283991709,74.78607833070396,74.24955006846693,0.5018,0.03849999999998644,0.028992773986343784,2.8792640157310885,2.1527004237227785,5.031964439453867,1.0510509955537957,0.4630504386006233,0.4777504525244526,0.953992000684192,5.288851233679285,66.68095975664373,71.96981099032301,71.20183890997005,0.07348707966442233,AR6 World GDP level and trajectory (unrebased),Fixed original NATO GDP share = 0.5018,MIGRATION 1.0,SSP3-7.0_zeromig,0.7679720803529619,3.9161011400483527,71.20183890997005,1.3727500936309323,0.7679720803529619,26.03284351551701,3.403565452591243,1.9040925608902057
2031,SA1_AR6_fixed_split,SSP3-7.0,S3,"NATO→5%, nonNATO→3.5%",0.055,151.81959450515436,76.18307252268646,75.6365219824679,0.5018,0.041820309958787966,0.0307271959305082,3.1859997065115704,2.3240982304574818,5.510097936969052,1.0395201427003753,0.4579704125183472,0.47250915577289787,0.9435259610440949,5.727857793731112,67.00542049868352,72.73327829241464,71.73614842941417,0.07875154163549467,AR6 World GDP level and trajectory (unrebased),Fixed original NATO GDP share = 0.5018,MIGRATION 1.0,SSP3-7.0_zeromig,0.9971298630004668,3.9454881636177794,71.73614842941417,1.7823696301133327,0.9971298630004668,31.76070130924812,5.185935082704576,2.9012224238906725
2032,SA1_AR6_fixed_split,SSP3-7.0,S3,"NATO→5%, nonNATO→3.5%",0.055,154.65556473500078,77.60616238402339,77.04940235097739,0.5018,0.04476482353088705,0.032265314063365295,3.474026164030172,2.4860231652488816,5.9600493292790535,1.028534169344675,0.45313043824275895,0.46751553152030684,0.9335544841648541,6.130114386143319,67.3784640605276,73.50857844667092,72.30387854965711,0.08339318370291435,AR6 World GDP level and trajectory (unrebased),Fixed original NATO GDP share = 0.5018,MIGRATION 1.0,SSP3-7.0_zeromig,1.2046998970138105,3.976713320231141,72.30387854965711,2.153401065912178,1.2046998970138105,37.89081569539144,7.339336148616754,4.105922320904483
2033,SA1_AR6_fixed_split,SSP3-7.0,S3,"NATO→5%, nonNATO→3.5%",0.055,157.54451051896345,79.05583537841586,78.48867514054758,0.5018,0.04711057859467799,0.033490660223439564,3.7243661459627853,2.628637550520007,6.3530036964827925,1.017157036564737,0.448118134990059,0.46234410752942595,0.9232279693632921,6.462002413199258,67.75165606362681,74.21365847682607,72.83977611205042,0.08707295322487141,AR6 World GDP level and trajectory (unrebased),Fixed original NATO GDP share = 0.5018,MIGRATION 1.0,SSP3-7.0_zeromig,1.3738823647756533,4.006187686162773,72.83977611205042,2.4558147270364845,1.3738823647756533,44.3528181085907,9.795150875653238,5.479804685680136
2034,SA1_AR6_fixed_split,SSP3-7.0,S3,"NATO→5%, nonNATO→3.5%",0.055,160.48742143348534,80.53258807532295,79.95483335816239,0.5018,0.04882476919383726,0.034386097646015426,3.931985025360014,2.7493347071246634,6.681319732484678,1.0058508440245673,0.44313708512970446,0.45720492910207605,0.9129658438459339,6.7204110921177085,68.15718758294432,74.87759867506203,73.37564013827166,0.0897519580092509,AR6 World GDP level and trajectory (unrebased),Fixed original NATO GDP share = 0.5018,MIGRATION 1.0,SSP3-7.0_zeromig,1.5019585367903687,4.035660207604941,73.37564013827165,2.684750884512767,1.501958536790383,51.073229200708404,12.479901760166005,6.981763222470519
2035,SA1_AR6_fixed_split,SSP3-7.0,S3,"NATO→5%, nonNATO→3.5%",0.055,163.48530554016915,82.03692632005688,81.44837922011227,0.5018,0.049999999999972886,0.03499999999998584,4.1018463160006196,2.8506932727027765,6.952539588703396,0.9946707937697744,0.4382116084440265,0.4521230880771702,0.9028182120417322,6.915488071411388,68.59447514178416,75.50996321319555,73.91548119606098,0.09158378281666134,AR6 World GDP level and trajectory (unrebased),Fixed original NATO GDP share = 0.5018,MIGRATION 1.0,SSP3-7.0_zeromig,1.5944820171345668,4.065351465783354,73.91548119606098,2.850136605628034,1.5944820171345668,57.98871727211979,15.330038365794039,8.576245239605086
2025,SA1_AR6_fixed_split,SSP5-8.5,S0,Baseline,0.055,144.2051385147961,72.36213850672468,71.84300000807141,0.5018,0.027,0.022985547972701727,1.9537777396815663,1.651350723188336,3.605128462869902,0.9854524668689925,0.43415038750172397,0.4479329394859057,1.0,3.552682737114764,61.041548846790036,64.5942315839048,64.5942315839048,0.05499999999999999,AR6 World GDP level and trajectory (unrebased),Fixed original NATO GDP share = 0.5018,MIGRATION 1.0,SSP5-8.5_zeromig,0.0,3.552682737114764,64.5942315839048,0.0,0.0,3.552682737114764,0.0,0.0
2026,SA1_AR6_fixed_split,SSP5-8.5,S0,Baseline,0.055,151.357011624834,75.95094843334171,75.4060631914923,0.5018,0.027,0.022985547972701727,2.050675607700226,1.733249682920624,3.78392529062085,0.956299473283868,0.4213067609572286,0.4346815787653946,0.9704166415273685,3.618565762366226,62.173539007928795,65.79210477029503,65.79210477029503,0.05499999999999999,AR6 World GDP level and trajectory (unrebased),Fixed original NATO GDP share = 0.5018,MIGRATION 1.0,SSP5-8.5_zeromig,0.0,3.618565762366226,65.79210477029503,0.0,0.0,7.17124849948099,0.0,0.0
2027,SA1_AR6_fixed_split,SSP5-8.5,S0,Baseline,0.055,158.86358283723416,79.7177458677241,79.14583696951006,0.5018,0.027,0.022985547972701727,2.1523791384285507,1.8192104325023033,3.971589570930854,0.9278858000658762,0.40878884898007134,0.42176627275721645,0.941583517482057,3.6851815665564653,63.31811964356109,67.00330121011756,67.00330121011756,0.05499999999999999,AR6 World GDP level and trajectory (unrebased),Fixed original NATO GDP share = 0.5018,MIGRATION 1.0,SSP5-8.5_zeromig,0.0,3.6851815665564653,67.00330121011756,0.0,0.0,10.856430066037454,0.0,0.0
2028,SA1_AR6_fixed_split,SSP5-8.5,S0,Baseline,0.055,166.7424434517702,83.67135812409829,83.07108532767192,0.5018,0.027,0.022985547972701727,2.2591266693506538,1.9094344169436015,4.168561086294256,0.9003108417151483,0.39664044075562477,0.40923220077961286,0.913601489654434,3.7530007403425945,64.48337635679547,68.23637709713807,68.23637709713807,0.05500000000000001,AR6 World GDP level and trajectory (unrebased),Fixed original NATO GDP share = 0.5018,MIGRATION 1.0,SSP5-8.5_zeromig,0.0,3.7530007403425945,68.23637709713807,0.0,0.0,14.60943080638005,0.0,0.0
2029,SA1_AR6_fixed_split,SSP5-8.5,S0,Baseline,0.055,175.0120572110772,87.82105030851855,87.19100690255866,0.5018,0.027,0.022985547972701727,2.3711683583300007,2.0041330719469292,4.37530143027693,0.8729878360329933,0.3846030326578922,0.39681265274226973,0.885875133893241,3.819584927609518,65.62741375619991,69.44699868380943,69.44699868380943,0.05499999999999999,AR6 World GDP level and trajectory (unrebased),Fixed original NATO GDP share = 0.5018,MIGRATION 1.0,SSP5-8.5_zeromig,0.0,3.819584927609518,69.44699868380943,0.0,0.0,18.429015733989566,0.0,0.0
2030,SA1_AR6_fixed_split,SSP5-8.5,S0,Baseline,0.055,183.69180356957398,92.17654703121222,91.51525653836175,0.5018,0.027,0.022985547972701727,2.48876676984273,2.1035283193966197,4.59229508923935,0.8461594780801066,0.37278354628703997,0.38461794458186666,0.8586507279935566,3.885814015900605,66.76534990956493,70.65116392546554,70.65116392546554,0.05500000000000001,AR6 World GDP level and trajectory (unrebased),Fixed original NATO GDP share = 0.5018,MIGRATION 1.0,SSP5-8.5_zeromig,0.0,3.885814015900605,70.65116392546554,0.0,0.0,22.314829749890173,0.0,0.0
2031,SA1_AR6_fixed_split,SSP5-8.5,S0,Baseline,0.055,192.3472811262712,96.5198656691629,95.82741545710832,0.5018,0.027,0.022985547972701727,2.6060363730673983,2.2026456550893823,4.808682028156781,0.8257690982539551,0.36380037195803616,0.3753495901154341,0.8379593395078831,3.9708610221810248,68.22661210838307,72.19747313056409,72.19747313056408,0.05499999999999999,AR6 World GDP level and trajectory (unrebased),Fixed original NATO GDP share = 0.5018,MIGRATION 1.0,SSP5-8.5_zeromig,1.4210854715202004e-14,3.9708610221810248,72.19747313056409,0.0,0.0,26.2856907720712,0.0,0.0
2032,SA1_AR6_fixed_split,SSP5-8.5,S0,Baseline,0.055,201.41060100515517,101.06783958438687,100.3427614207683,0.5018,0.027,0.022985547972701727,2.7288316687784455,2.306433356350434,5.035265025128879,0.8053798260092528,0.354817685584496,0.36608173909511493,0.8172690749540954,4.055300869848773,69.67744221831074,73.73274308815952,73.73274308815951,0.05499999999999999,AR6 World GDP level and trajectory (unrebased),Fixed original NATO GDP share = 0.5018,MIGRATION 1.0,SSP5-8.5_zeromig,1.4210854715202004e-14,4.055300869848773,73.73274308815952,0.0,0.0,30.34099164191997,0.0,0.0
2033,SA1_AR6_fixed_split,SSP5-8.5,S0,Baseline,0.055,210.9009805583224,105.83011204416619,105.07086851415622,0.5018,0.027,0.022985547972701727,2.857413025192487,2.415111488765573,5.27252451395806,0.7844164704248574,0.3455820813759861,0.3565529411022079,0.7959962522770151,4.135855069467518,71.06150982994191,75.19736489940944,75.19736489940942,0.05499999999999999,AR6 World GDP level and trajectory (unrebased),Fixed original NATO GDP share = 0.5018,MIGRATION 1.0,SSP5-8.5_zeromig,1.4210854715202004e-14,4.135855069467518,75.19736489940944,0.0,0.0,34.47684671138749,0.0,0.0
2034,SA1_AR6_fixed_split,SSP5-8.5,S0,Baseline,0.055,220.8385426511057,110.81678070232485,110.02176194878086,0.5018,0.027,0.022985547972701727,2.992053078962771,2.528910487314872,5.520963566277643,0.7633952115924943,0.33632096734494504,0.3469978234511338,0.7746646715675443,4.214677149872974,72.4158164841811,76.63049363405406,76.63049363405406,0.055,AR6 World GDP level and trajectory (unrebased),Fixed original NATO GDP share = 0.5018,MIGRATION 1.0,SSP5-8.5_zeromig,0.0,4.214677149872974,76.63049363405406,0.0,0.0,38.691523861260464,0.0,0.0
2035,SA1_AR6_fixed_split,SSP5-8.5,S0,Baseline,0.055,231.244358329465,116.03841900972554,115.20593931973946,0.5018,0.027,0.022985547972701727,3.1330373132625895,2.6480716449740354,5.781108958236625,0.742429659185252,0.32708439530539074,0.3374680269023873,0.7533896196374855,4.2920667535764245,73.74551058417676,78.03757733775318,78.03757733775319,0.055,AR6 World GDP level and trajectory (unrebased),Fixed original NATO GDP share = 0.5018,MIGRATION 1.0,SSP5-8.5_zeromig,-1.4210854715202004e-14,4.2920667535764245,78.03757733775318,0.0,0.0,42.983590614836885,0.0,0.0
2025,SA1_AR6_fixed_split,SSP5-8.5,S1,"NATO→3.5%, nonNATO holds",0.055,144.2051385147961,72.36213850672468,71.84300000807141,0.5018,0.027,0.022985547972701727,1.9537777396815663,1.651350723188336,3.605128462869902,0.9854524668689925,0.43415038750172397,0.4479329394859057,1.0,3.552682737114764,61.041548846790036,64.5942315839048,64.5942315839048,0.05499999999999999,AR6 World GDP level and trajectory (unrebased),Fixed original NATO GDP share = 0.5018,MIGRATION 1.0,SSP5-8.5_zeromig,0.0,3.552682737114764,64.5942315839048,0.0,0.0,3.552682737114764,0.0,0.0
2026,SA1_AR6_fixed_split,SSP5-8.5,S1,"NATO→3.5%, nonNATO holds",0.055,151.357011624834,75.95094843334171,75.4060631914923,0.5018,0.02740877593256891,0.022985547972701727,2.0817225274755584,1.733249682920624,3.8149722103961823,0.956299473283868,0.4213067609572286,0.4346815787653946,0.9704166415273685,3.6482559153944627,62.160458730720556,65.80871464611502,65.79210477029503,0.05543727658278819,AR6 World GDP level and trajectory (unrebased),Fixed original NATO GDP share = 0.5018,MIGRATION 1.0,SSP5-8.5_zeromig,0.016609875819995068,3.618565762366226,65.79210477029503,0.029690153028236743,0.016609875819995068,7.200938652509226,0.029690153028236743,0.016609875819995068
2027,SA1_AR6_fixed_split,SSP5-8.5,S1,"NATO→3.5%, nonNATO holds",0.055,158.86358283723416,79.7177458677241,79.14583696951006,0.5018,0.028005016140972137,0.022985547972701727,2.2324967597475283,1.8192104325023033,4.051707192249832,0.9278858000658762,0.40878884898007134,0.42176627275721645,0.941583517482057,3.7595215697134,63.285368453359084,67.04489002307248,67.00330121011756,0.05607469217146329,AR6 World GDP level and trajectory (unrebased),Fixed original NATO GDP share = 0.5018,MIGRATION 1.0,SSP5-8.5_zeromig,0.041588812954927334,3.6851815665564653,67.00330121011756,0.07434000315693456,0.041588812954927334,10.960460222222626,0.10403015618517131,0.0581986887749224
2028,SA1_AR6_fixed_split,SSP5-8.5,S1,"NATO→3.5%, nonNATO holds",0.055,166.7424434517702,83.67135812409829,83.07108532767192,0.5018,0.028820930945768986,0.022985547972701727,2.4114864346333436,1.9094344169436015,4.320920851576945,0.9003108417151483,0.39664044075562477,0.40923220077961286,0.913601489654434,3.890171888867775,64.42294431234033,68.3131162012081,68.23637709713807,0.056946192842524404,AR6 World GDP level and trajectory (unrebased),Fixed original NATO GDP share = 0.5018,MIGRATION 1.0,SSP5-8.5_zeromig,0.07673910407002893,3.7530007403425945,68.23637709713807,0.13717114852518053,0.07673910407002893,14.850632111090402,0.24120130471035184,0.13493779284495133
2029,SA1_AR6_fixed_split,SSP5-8.5,S1,"NATO→3.5%, nonNATO holds",0.055,175.0120572110772,87.82105030851855,87.19100690255866,0.5018,0.029845109579542582,0.022985547972701727,2.6210288698482582,2.0041330719469292,4.625161941795188,0.8729878360329933,0.3846030326578922,0.39681265274226973,0.885875133893241,4.037710114869939,65.53131664572852,69.56902676059846,69.44699868380943,0.05803890470919684,AR6 World GDP level and trajectory (unrebased),Fixed original NATO GDP share = 0.5018,MIGRATION 1.0,SSP5-8.5_zeromig,0.12202807678903582,3.819584927609518,69.44699868380943,0.21812518726042107,0.12202807678903582,18.88834222596034,0.4593264919707729,0.25696586963398715
2030,SA1_AR6_fixed_split,SSP5-8.5,S1,"NATO→3.5%, nonNATO holds",0.055,183.69180356957398,92.17654703121222,91.51525653836175,0.5018,0.030999999999995285,0.022985547972701727,2.8574729579671443,2.1035283193966197,4.9610012773637635,0.8461594780801066,0.37278354628703997,0.38461794458186666,0.8586507279935566,4.197798251608864,66.62790230921794,70.8257005608268,70.65116392546554,0.05926942082279433,AR6 World GDP level and trajectory (unrebased),Fixed original NATO GDP share = 0.5018,MIGRATION 1.0,SSP5-8.5_zeromig,0.17453663536126385,3.885814015900605,70.65116392546554,0.31198423570825895,0.17453663536126385,23.086140477569202,0.7713107276790319,0.431502504995251
2031,SA1_AR6_fixed_split,SSP5-8.5,S1,"NATO→3.5%, nonNATO holds",0.055,192.3472811262712,96.5198656691629,95.82741545710832,0.5018,0.03215489042044799,0.022985547972701727,3.103585703988293,2.2026456550893823,5.306231359077675,0.8257690982539551,0.36380037195803616,0.3753495901154341,0.8379593395078831,4.38172188451243,68.04560347672655,72.42732536123899,72.19747313056408,0.06049818715047293,AR6 World GDP level and trajectory (unrebased),Fixed original NATO GDP share = 0.5018,MIGRATION 1.0,SSP5-8.5_zeromig,0.2298522306749078,3.9708610221810248,72.19747313056409,0.4108608623314054,0.22985223067489358,27.467862362081632,1.1821715900104373,0.6613547356701446
2032,SA1_AR6_fixed_split,SSP5-8.5,S1,"NATO→3.5%, nonNATO holds",0.055,201.41060100515517,101.06783958438687,100.3427614207683,0.5018,0.033179069054221584,0.022985547972701727,3.353336828731362,2.306433356350434,5.659770185081795,0.8053798260092528,0.354817685584496,0.36608173909511493,0.8172690749540954,4.558264726913533,69.45585674282067,74.0141214697342,73.73274308815951,0.06158641940751124,AR6 World GDP level and trajectory (unrebased),Fixed original NATO GDP share = 0.5018,MIGRATION 1.0,SSP5-8.5_zeromig,0.2813783815746973,4.055300869848773,73.73274308815952,0.5029638570647599,0.2813783815746831,32.02612708899517,1.6851354470751971,0.9427331172448277
2033,SA1_AR6_fixed_split,SSP5-8.5,S1,"NATO→3.5%, nonNATO holds",0.055,210.9009805583224,105.83011204416619,105.07086851415622,0.5018,0.03399498385901843,0.022985547972701727,3.5976929507395417,2.415111488765573,6.012804439505114,0.7844164704248574,0.3455820813759861,0.3565529411022079,0.7959962522770151,4.716542835791515,70.80568235247048,75.522225188262,75.19736489940942,0.062452381719872586,AR6 World GDP level and trajectory (unrebased),Fixed original NATO GDP share = 0.5018,MIGRATION 1.0,SSP5-8.5_zeromig,0.3248602888525767,4.135855069467518,75.19736489940944,0.5806877663239964,0.32486028885256246,36.74266992478668,2.2658232133991936,1.2675934060973901
2034,SA1_AR6_fixed_split,SSP5-8.5,S1,"NATO→3.5%, nonNATO holds",0.055,220.8385426511057,110.81678070232485,110.02176194878086,0.5018,0.034591224067421655,0.022985547972701727,3.8332880917044467,2.528910487314872,6.362198579019319,0.7633952115924943,0.33632096734494504,0.3469978234511338,0.7746646715675443,4.85687193042392,72.13289151093136,76.98976344135528,76.63049363405406,0.06308464545580142,AR6 World GDP level and trajectory (unrebased),Fixed original NATO GDP share = 0.5018,MIGRATION 1.0,SSP5-8.5_zeromig,0.35926980730121727,4.214677149872974,76.63049363405406,0.6421947805509465,0.35926980730121727,41.5995418552106,2.90801799395014,1.6268632133986074
2035,SA1_AR6_fixed_split,SSP5-8.5,S1,"NATO→3.5%, nonNATO holds",0.055,231.244358329465,116.03841900972554,115.20593931973946,0.5018,0.03499999999999057,0.022985547972701727,4.0613446653393,2.6480716449740354,6.709416310313335,0.742429659185252,0.32708439530539074,0.3374680269023873,0.7533896196374855,4.9812696645979,73.44187573526519,78.42314539986309,78.03757733775319,0.06351785100176047,AR6 World GDP level and trajectory (unrebased),Fixed original NATO GDP share = 0.5018,MIGRATION 1.0,SSP5-8.5_zeromig,0.3855680621098969,4.2920667535764245,78.03757733775318,0.6892029110214759,0.3855680621099111,46.580811519808506,3.597220904971616,2.0124312755085185
2025,SA1_AR6_fixed_split,SSP5-8.5,S2,"NATO→3.5%, nonNATO→3.5%",0.055,144.2051385147961,72.36213850672468,71.84300000807141,0.5018,0.027,0.022985547972701727,1.9537777396815663,1.651350723188336,3.605128462869902,0.9854524668689925,0.43415038750172397,0.4479329394859057,1.0,3.552682737114764,61.041548846790036,64.5942315839048,64.5942315839048,0.05499999999999999,AR6 World GDP level and trajectory (unrebased),Fixed original NATO GDP share = 0.5018,MIGRATION 1.0,SSP5-8.5_zeromig,0.0,3.552682737114764,64.5942315839048,0.0,0.0,3.552682737114764,0.0,0.0
2026,SA1_AR6_fixed_split,SSP5-8.5,S2,"NATO→3.5%, nonNATO→3.5%",0.055,151.357011624834,75.95094843334171,75.4060631914923,0.5018,0.02740877593256891,0.023599450326672138,2.0817225274755584,1.7795416426175228,3.861264170093081,0.956299473283868,0.4213067609572286,0.4346815787653946,0.9704166415273685,3.692524892069885,62.14095561512229,65.83348050719218,65.79210477029503,0.056088860312747464,AR6 World GDP level and trajectory (unrebased),Fixed original NATO GDP share = 0.5018,MIGRATION 1.0,SSP5-8.5_zeromig,0.04137573689715168,3.618565762366226,65.79210477029503,0.07395912970365925,0.04137573689715168,7.245207629184649,0.07395912970365925,0.04137573689715168
2027,SA1_AR6_fixed_split,SSP5-8.5,S2,"NATO→3.5%, nonNATO→3.5%",0.055,158.86358283723416,79.7177458677241,79.14583696951006,0.5018,0.028005016140972137,0.024494887749248,2.2324967597475283,1.9386683923884314,4.171165152135959,0.9278858000658762,0.40878884898007134,0.42176627275721645,0.941583517482057,3.8703649143965766,63.23653537143573,67.10690028583231,67.00330121011756,0.05767461912130208,AR6 World GDP level and trajectory (unrebased),Fixed original NATO GDP share = 0.5018,MIGRATION 1.0,SSP5-8.5_zeromig,0.10359907571475446,3.6851815665564653,67.00330121011756,0.18518334784011126,0.10359907571475446,11.115572543581226,0.2591424775437705,0.14497481261190615
2028,SA1_AR6_fixed_split,SSP5-8.5,S2,"NATO→3.5%, nonNATO→3.5%",0.055,166.7424434517702,83.67135812409829,83.07108532767192,0.5018,0.028820930945768986,0.025720233909322272,2.4114864346333436,2.136607745728991,4.548094180362335,0.9003108417151483,0.39664044075562477,0.40923220077961286,0.913601489654434,4.0946984997217815,64.33283818308297,68.42753668280476,68.23637709713807,0.05983992261335842,AR6 World GDP level and trajectory (unrebased),Fixed original NATO GDP share = 0.5018,MIGRATION 1.0,SSP5-8.5_zeromig,0.19115958566668212,3.7530007403425945,68.23637709713807,0.341697759379187,0.19115958566668212,15.210271043303006,0.6008402369229575,0.33613439827858826
2029,SA1_AR6_fixed_split,SSP5-8.5,S2,"NATO→3.5%, nonNATO→3.5%",0.055,175.0120572110772,87.82105030851855,87.19100690255866,0.5018,0.029845109579542582,0.027258352042179364,2.6210288698482582,2.3766831610620347,4.997712030910293,0.8729878360329933,0.3846030326578922,0.39681265274226973,0.885875133893241,4.362941810980433,65.3880327516379,69.75097456261832,69.44699868380943,0.06255026310870597,AR6 World GDP level and trajectory (unrebased),Fixed original NATO GDP share = 0.5018,MIGRATION 1.0,SSP5-8.5_zeromig,0.30397587880889887,3.819584927609518,69.44699868380943,0.5433568833709153,0.30397587880889887,19.57321285428344,1.1441971202938728,0.6401102770874871
2030,SA1_AR6_fixed_split,SSP5-8.5,S2,"NATO→3.5%, nonNATO→3.5%",0.055,183.69180356957398,92.17654703121222,91.51525653836175,0.5018,0.030999999999995285,0.028992773986343784,2.8574729579671443,2.6532811491189925,5.510754107086137,0.8461594780801066,0.37278354628703997,0.38461794458186666,0.8586507279935566,4.66297681907981,66.42296349977269,71.08594031885251,70.65116392546554,0.06559633027521694,AR6 World GDP level and trajectory (unrebased),Fixed original NATO GDP share = 0.5018,MIGRATION 1.0,SSP5-8.5_zeromig,0.4347763933869686,3.885814015900605,70.65116392546554,0.7771628031792046,0.4347763933869686,24.23618967336325,1.9213599234730774,1.0748866704744557
2031,SA1_AR6_fixed_split,SSP5-8.5,S2,"NATO→3.5%, nonNATO→3.5%",0.055,192.3472811262712,96.5198656691629,95.82741545710832,0.5018,0.03215489042044799,0.0307271959305082,3.103585703988293,2.944507770264777,6.04809347425307,0.8257690982539551,0.36380037195803616,0.3753495901154341,0.8379593395078831,4.994328694389588,67.77571376328417,72.77004245767377,72.19747313056408,0.06863165838187477,AR6 World GDP level and trajectory (unrebased),Fixed original NATO GDP share = 0.5018,MIGRATION 1.0,SSP5-8.5_zeromig,0.5725693271096901,3.9708610221810248,72.19747313056409,1.0234676722085632,0.5725693271096759,29.230518367752836,2.9448275956816405,1.6474559975841316
2032,SA1_AR6_fixed_split,SSP5-8.5,S2,"NATO→3.5%, nonNATO→3.5%",0.055,201.41060100515517,101.06783958438687,100.3427614207683,0.5018,0.033179069054221584,0.032265314063365295,3.353336828731362,3.237590711226424,6.590927539957786,0.8053798260092528,0.354817685584496,0.36608173909511493,0.8172690749540954,5.308200075370794,69.12546564524858,74.43366572061937,73.73274308815951,0.07131450566057952,AR6 World GDP level and trajectory (unrebased),Fixed original NATO GDP share = 0.5018,MIGRATION 1.0,SSP5-8.5_zeromig,0.7009226324598643,4.055300869848773,73.73274308815952,1.252899205522021,0.7009226324598501,34.538718443123635,4.197726801203661,2.3483786300439817
2033,SA1_AR6_fixed_split,SSP5-8.5,S2,"NATO→3.5%, nonNATO→3.5%",0.055,210.9009805583224,105.83011204416619,105.07086851415622,0.5018,0.03399498385901843,0.033490660223439564,3.5976929507395417,3.5188927567893002,7.1165857075288415,0.7844164704248574,0.3455820813759861,0.3565529411022079,0.7959962522770151,5.58236704217576,70.42423532448302,76.00660236665878,75.19736489940942,0.07344581744683451,AR6 World GDP level and trajectory (unrebased),Fixed original NATO GDP share = 0.5018,MIGRATION 1.0,SSP5-8.5_zeromig,0.8092374672493605,4.135855069467518,75.19736489940944,1.446511972708242,0.8092374672493463,40.12108548529939,5.644238773911903,3.157616097293328
2034,SA1_AR6_fixed_split,SSP5-8.5,S2,"NATO→3.5%, nonNATO→3.5%",0.055,220.8385426511057,110.81678070232485,110.02176194878086,0.5018,0.034591224067421655,0.034386097646015426,3.8332880917044467,3.7832190495574434,7.61650714126189,0.7633952115924943,0.33632096734494504,0.3469978234511338,0.7746646715675443,5.814405080699364,71.7110412419289,77.52544632262826,76.63049363405406,0.0749999562273045,AR6 World GDP level and trajectory (unrebased),Fixed original NATO GDP share = 0.5018,MIGRATION 1.0,SSP5-8.5_zeromig,0.8949526885741932,4.214677149872974,76.63049363405406,1.5997279308263908,0.8949526885741932,45.935490565998755,7.243966704738295,4.052568785867521
2035,SA1_AR6_fixed_split,SSP5-8.5,S2,"NATO→3.5%, nonNATO→3.5%",0.055,231.244358329465,116.03841900972554,115.20593931973946,0.5018,0.03499999999999057,0.03499999999998584,4.0613446653393,4.03220787618925,8.093552541528549,0.742429659185252,0.32708439530539074,0.3374680269023873,0.7533896196374855,6.008893455004971,72.98914637305789,78.99803982806286,78.03757733775319,0.07606382978720952,AR6 World GDP level and trajectory (unrebased),Fixed original NATO GDP share = 0.5018,MIGRATION 1.0,SSP5-8.5_zeromig,0.9604624903096664,4.2920667535764245,78.03757733775318,1.7168267014285465,0.9604624903096806,51.94438402100373,8.960793406166841,5.013031276177202
2025,SA1_AR6_fixed_split,SSP5-8.5,S3,"NATO→5%, nonNATO→3.5%",0.055,144.2051385147961,72.36213850672468,71.84300000807141,0.5018,0.027,0.022985547972701727,1.9537777396815663,1.651350723188336,3.605128462869902,0.9854524668689925,0.43415038750172397,0.4479329394859057,1.0,3.552682737114764,61.041548846790036,64.5942315839048,64.5942315839048,0.05499999999999999,AR6 World GDP level and trajectory (unrebased),Fixed original NATO GDP share = 0.5018,MIGRATION 1.0,SSP5-8.5_zeromig,0.0,3.552682737114764,64.5942315839048,0.0,0.0,3.552682737114764,0.0,0.0
2026,SA1_AR6_fixed_split,SSP5-8.5,S3,"NATO→5%, nonNATO→3.5%",0.055,151.357011624834,75.95094843334171,75.4060631914923,0.5018,0.02817523080613562,0.023599450326672138,2.139935502054307,1.7795416426175228,3.9194771446718297,0.956299473283868,0.4213067609572286,0.4346815787653946,0.9704166415273685,3.7481939289978294,62.11643009535683,65.86462402435467,65.79210477029503,0.056907543078236734,AR6 World GDP level and trajectory (unrebased),Fixed original NATO GDP share = 0.5018,MIGRATION 1.0,SSP5-8.5_zeromig,0.07251925405964244,3.618565762366226,65.79210477029503,0.12962816663160348,0.07251925405964244,7.300876666112593,0.12962816663160348,0.07251925405964244
2027,SA1_AR6_fixed_split,SSP5-8.5,S3,"NATO→5%, nonNATO→3.5%",0.055,158.86358283723416,79.7177458677241,79.14583696951006,0.5018,0.029889421405294894,0.024494887749248,2.3827172997206114,1.9386683923884314,4.321385692109043,0.9278858000658762,0.40878884898007134,0.42176627275721645,0.941583517482057,4.00975242031583,63.17512688980697,67.1848793101228,67.00330121011756,0.05968236397072276,AR6 World GDP level and trajectory (unrebased),Fixed original NATO GDP share = 0.5018,MIGRATION 1.0,SSP5-8.5_zeromig,0.18157810000523966,3.6851815665564653,67.00330121011756,0.32457085375936456,0.18157810000523966,11.310629086428424,0.45419902039096804,0.2540973540648821
2028,SA1_AR6_fixed_split,SSP5-8.5,S3,"NATO→5%, nonNATO→3.5%",0.055,166.7424434517702,83.67135812409829,83.07108532767192,0.5018,0.03223517646908584,0.025720233909322272,2.6971609945383874,2.136607745728991,4.833768740267379,0.9003108417151483,0.39664044075562477,0.40923220077961286,0.913601489654434,4.351894403206496,64.21952809972956,68.57142250293606,68.23637709713807,0.06346513233001924,AR6 World GDP level and trajectory (unrebased),Fixed original NATO GDP share = 0.5018,MIGRATION 1.0,SSP5-8.5_zeromig,0.3350454057979846,3.7530007403425945,68.23637709713807,0.5988936628639019,0.3350454057979846,15.66252348963492,1.05309268325487,0.5891427598628667
2029,SA1_AR6_fixed_split,SSP5-8.5,S3,"NATO→5%, nonNATO→3.5%",0.055,175.0120572110772,87.82105030851855,87.19100690255866,0.5018,0.03517969004118492,0.027258352042179364,3.08951732894499,2.3766831610620347,5.466200490007025,0.8729878360329933,0.3846030326578922,0.39681265274226973,0.885875133893241,4.77192653709372,65.20785066950407,69.97977720659779,69.44699868380943,0.06819007901390998,AR6 World GDP level and trajectory (unrebased),Fixed original NATO GDP share = 0.5018,MIGRATION 1.0,SSP5-8.5_zeromig,0.5327785227883624,3.819584927609518,69.44699868380943,0.9523416094842023,0.5327785227883624,20.43445002672864,2.0054342927390723,1.121921282651229
2030,SA1_AR6_fixed_split,SSP5-8.5,S3,"NATO→5%, nonNATO→3.5%",0.055,183.69180356957398,92.17654703121222,91.51525653836175,0.5018,0.03849999999998644,0.028992773986343784,3.5487970607004207,2.6532811491189925,6.202078209819414,0.8461594780801066,0.37278354628703997,0.38461794458186666,0.8586507279935566,5.247947261032797,66.16524924912208,71.41319651015488,70.65116392546554,0.07348707966442232,AR6 World GDP level and trajectory (unrebased),Fixed original NATO GDP share = 0.5018,MIGRATION 1.0,SSP5-8.5_zeromig,0.7620325846893365,3.885814015900605,70.65116392546554,1.362133245132192,0.7620325846893365,25.682397287761436,3.367567537871264,1.8839538673405656
2031,SA1_AR6_fixed_split,SSP5-8.5,S3,"NATO→5%, nonNATO→3.5%",0.055,192.3472811262712,96.5198656691629,95.82741545710832,0.5018,0.041820309958787966,0.0307271959305082,4.03649069946497,2.944507770264777,6.980998469729747,0.8257690982539551,0.36380037195803616,0.3753495901154341,0.8379593395078831,5.764692811260973,67.43632257892826,73.20101539018923,72.19747313056408,0.07875154163549468,AR6 World GDP level and trajectory (unrebased),Fixed original NATO GDP share = 0.5018,MIGRATION 1.0,SSP5-8.5_zeromig,1.0035422596251493,3.9708610221810248,72.19747313056409,1.7938317890799484,1.003542259625135,31.44709009902241,5.161399326951212,2.8874961269657007
2032,SA1_AR6_fixed_split,SSP5-8.5,S3,"NATO→5%, nonNATO→3.5%",0.055,201.41060100515517,101.06783958438687,100.3427614207683,0.5018,0.04476482353088705,0.032265314063365295,4.524284003643079,3.237590711226424,7.761874714869503,0.8053798260092528,0.354817685584496,0.36608173909511493,0.8172690749540954,6.2512573073672195,68.70999287870471,74.96125018607194,73.73274308815951,0.08339318370291435,AR6 World GDP level and trajectory (unrebased),Fixed original NATO GDP share = 0.5018,MIGRATION 1.0,SSP5-8.5_zeromig,1.228507097912427,4.055300869848773,73.73274308815952,2.195956437518446,1.2285070979124129,37.69834740638963,7.357355764469659,4.1160032248781135
2033,SA1_AR6_fixed_split,SSP5-8.5,S3,"NATO→5%, nonNATO→3.5%",0.055,210.9009805583224,105.83011204416619,105.07086851415622,0.5018,0.04711057859467799,0.033490660223439564,4.985717811140269,3.5188927567893002,8.50461056792957,0.7844164704248574,0.3455820813759861,0.3565529411022079,0.7959962522770151,6.671156604033255,69.94455880422413,76.61571540825739,75.19736489940942,0.08707295322487141,AR6 World GDP level and trajectory (unrebased),Fixed original NATO GDP share = 0.5018,MIGRATION 1.0,SSP5-8.5_zeromig,1.4183505088479649,4.135855069467518,75.19736489940944,2.535301534565737,1.4183505088479507,44.36950401042289,9.892657299035395,5.534353733726064
2034,SA1_AR6_fixed_split,SSP5-8.5,S3,"NATO→5%, nonNATO→3.5%",0.055,220.8385426511057,110.81678070232485,110.02176194878086,0.5018,0.04882476919383726,0.034386097646015426,5.41060374059509,3.7832190495574434,9.193822790152534,0.7633952115924943,0.33632096734494504,0.3469978234511338,0.7746646715675443,7.018520294232391,71.18055691708568,78.19907721131807,76.63049363405406,0.08975195800925094,AR6 World GDP level and trajectory (unrebased),Fixed original NATO GDP share = 0.5018,MIGRATION 1.0,SSP5-8.5_zeromig,1.5685835772640075,4.214677149872974,76.63049363405406,2.8038431443594174,1.5685835772640075,51.388024304655275,12.696500443394813,7.102937310990072
2035,SA1_AR6_fixed_split,SSP5-8.5,S3,"NATO→5%, nonNATO→3.5%",0.055,231.244358329465,116.03841900972554,115.20593931973946,0.5018,0.049999999999972886,0.03499999999998584,5.801920950483131,4.03220787618925,9.83412882667238,0.742429659185252,0.32708439530539074,0.3374680269023873,0.7533896196374855,7.301148913170238,72.4198310313487,79.72097994451894,78.03757733775319,0.09158378281666134,AR6 World GDP level and trajectory (unrebased),Fixed original NATO GDP share = 0.5018,MIGRATION 1.0,SSP5-8.5_zeromig,1.6834026067657533,4.2920667535764245,78.03757733775318,3.009082159593813,1.6834026067657675,58.68917321782551,15.705582602988626,8.78633991775584
2025,SA1_AR6_fixed_split,SSP1-1.9,S0,Baseline,0.07,138.56683200039697,69.53283629779921,69.03399570259776,0.5018,0.027,0.022985547972701727,1.8773865800405787,1.5867842199693458,3.4641708000099243,0.7414823224972067,0.25259287909245504,0.26481511517757383,1.0,2.5686214103183653,34.12597016565828,36.694591575976645,36.694591575976645,0.07,AR6 World GDP level and trajectory (unrebased),Fixed original NATO GDP share = 0.5018,IMAGE 3.0.1,SSP1-19,0.0,2.5686214103183653,36.694591575976645,0.0,0.0,2.5686214103183653,0.0,0.0
2026,SA1_AR6_fixed_split,SSP1-1.9,S0,Baseline,0.07,144.59391012503605,72.55722410074308,72.03668602429296,0.5018,0.027,0.022985547972701727,1.9590450507200632,1.655802702405838,3.6148477531259013,0.6728161794391307,0.2292011160726709,0.24029149265683242,0.9073934185958498,2.432128054512295,32.31255843852049,34.74468649303279,34.74468649303279,0.07,AR6 World GDP level and trajectory (unrebased),Fixed original NATO GDP share = 0.5018,IMAGE 3.0.1,SSP1-19,0.0,2.432128054512295,34.74468649303279,0.0,0.0,5.00074946483066,0.0,0.0
2027,SA1_AR6_fixed_split,SSP1-1.9,S0,Baseline,0.07,150.8831409610859,75.71316013427291,75.16998082681299,0.5018,0.027,0.022985547972701727,2.0442553236253684,1.727823200401779,3.7720785240271475,0.6086181105697464,0.2073314442600235,0.2173636109177666,0.820812704637391,2.29575530421412,30.500749041701887,32.796504345916006,32.796504345916006,0.06999999999999998,AR6 World GDP level and trajectory (unrebased),Fixed original NATO GDP share = 0.5018,IMAGE 3.0.1,SSP1-19,0.0,2.29575530421412,32.796504345916006,0.0,0.0,7.29650476904478,0.0,0.0
2028,SA1_AR6_fixed_split,SSP1-1.9,S0,Baseline,0.07,157.44592705596344,79.00636619668245,78.43956085928099,0.5018,0.027,0.022985547972701727,2.133171887310426,1.8029762890886598,3.9361481763990858,0.5486336038906208,0.18689716176493676,0.19594057281807886,0.7399146105640133,2.1595031594653253,28.69054197575361,30.850045135218934,30.850045135218938,0.06999999999999999,AR6 World GDP level and trajectory (unrebased),Fixed original NATO GDP share = 0.5018,IMAGE 3.0.1,SSP1-19,-3.552713678800501e-15,2.1595031594653253,30.850045135218934,0.0,0.0,9.456007928510106,0.0,0.0
2029,SA1_AR6_fixed_split,SSP1-1.9,S0,Baseline,0.07,164.2941669202464,82.44281296057964,81.85135395966675,0.5018,0.027,0.022985547972701727,2.2259559499356505,1.8813982230705095,4.10735417300616,0.4926216577388638,0.16781616911983274,0.17593630633530852,0.6643741095266902,2.0233716216269344,26.881937258757844,28.90530888038478,28.90530888038478,0.06999999999999999,AR6 World GDP level and trajectory (unrebased),Fixed original NATO GDP share = 0.5018,IMAGE 3.0.1,SSP1-19,0.0,2.0233716216269344,28.90530888038478,0.0,0.0,11.47937955013704,0.0,0.0
2030,SA1_AR6_fixed_split,SSP1-1.9,S0,Baseline,0.07,171.44027659999995,86.02873079787997,85.41154580211997,0.5018,0.027,0.022985547972701727,2.3227757315427593,1.9632311834572393,4.286006914999999,0.4403540933920231,0.15001073511156832,0.1572693190685797,0.5938834683326951,1.8873606893267663,25.07493487248418,26.962295561810947,26.962295561810947,0.06999999999999999,AR6 World GDP level and trajectory (unrebased),Fixed original NATO GDP share = 0.5018,IMAGE 3.0.1,SSP1-19,0.0,1.8873606893267663,26.962295561810947,0.0,0.0,13.366740239463807,0.0,0.0
2031,SA1_AR6_fixed_split,SSP1-1.9,S0,Baseline,0.07,177.7089843520823,89.1743683478749,88.5346160042074,0.5018,0.027,0.022985547972701727,2.4077079453926222,2.035016663409435,4.442724608802058,0.4041433051235308,0.13767519185526875,0.14433689468697528,0.5450477952898914,1.795497407154909,23.854465552200935,25.649962959355843,25.64996295935584,0.07,AR6 World GDP level and trajectory (unrebased),Fixed original NATO GDP share = 0.5018,IMAGE 3.0.1,SSP1-19,3.552713678800501e-15,1.795497407154909,25.649962959355843,0.0,0.0,15.162237646618715,0.0,0.0
2032,SA1_AR6_fixed_split,SSP1-1.9,S0,Baseline,0.07,184.20690718512637,92.43502602549641,91.77188115962996,0.5018,0.027,0.022985547972701727,2.495745702688403,2.1094269769397562,4.60517267962816,0.3699582940105164,0.126029748509077,0.132127962146613,0.49894418624108205,1.7037218281790723,22.635161431521954,24.338883259701028,24.338883259701028,0.07,AR6 World GDP level and trajectory (unrebased),Fixed original NATO GDP share = 0.5018,IMAGE 3.0.1,SSP1-19,0.0,1.7037218281790723,24.338883259701028,0.0,0.0,16.865959474797787,0.0,0.0
2033,SA1_AR6_fixed_split,SSP1-1.9,S0,Baseline,0.07,190.94242634059682,95.81490953771149,95.12751680288534,0.5018,0.027,0.022985547972701727,2.5870025575182103,2.1865581009967103,4.773560658514921,0.33770052757589775,0.11504083906431682,0.12060733127710635,0.45543975537888826,1.6120339527960386,21.4170225157188,23.02905646851484,23.02905646851484,0.06999999999999999,AR6 World GDP level and trajectory (unrebased),Fixed original NATO GDP share = 0.5018,IMAGE 3.0.1,SSP1-19,0.0,1.6120339527960386,23.02905646851484,0.0,0.0,18.477993427593827,0.0,0.0
2034,SA1_AR6_fixed_split,SSP1-1.9,S0,Baseline,0.07,197.92422951976133,99.31837837301624,98.60585114674508,0.5018,0.027,0.022985547972701727,2.6815962160714384,2.2665095219225946,4.948105737994033,0.3072759275225436,0.10467641487031705,0.10974140268662272,0.41440762402491554,1.5204337801217367,20.20004879304593,21.720482573167665,21.72048257316767,0.07,AR6 World GDP level and trajectory (unrebased),Fixed original NATO GDP share = 0.5018,IMAGE 3.0.1,SSP1-19,-3.552713678800501e-15,1.5204337801217367,21.720482573167665,0.0,0.0,19.99842720771556,0.0,0.0
2035,SA1_AR6_fixed_split,SSP1-1.9,S0,Baseline,0.07,205.16132208938131,102.94995142445156,102.21137066492976,0.5018,0.027,0.022985547972701727,2.779648688460192,2.349384363774341,5.129033052234533,0.2785946781168913,0.09490587935850145,0.0994980993274612,0.3757266622063547,1.4289213122381763,18.984240291164344,20.41316160340252,20.41316160340252,0.06999999999999999,AR6 World GDP level and trajectory (unrebased),Fixed original NATO GDP share = 0.5018,IMAGE 3.0.1,SSP1-19,0.0,1.4289213122381763,20.41316160340252,0.0,0.0,21.42734851995374,0.0,0.0
2025,SA1_AR6_fixed_split,SSP1-1.9,S1,"NATO→3.5%, nonNATO holds",0.07,138.56683200039697,69.53283629779921,69.03399570259776,0.5018,0.027,0.022985547972701727,1.8773865800405787,1.5867842199693458,3.4641708000099243,0.7414823224972067,0.25259287909245504,0.26481511517757383,1.0,2.5686214103183653,34.12597016565828,36.694591575976645,36.694591575976645,0.07,AR6 World GDP level and trajectory (unrebased),Fixed original NATO GDP share = 0.5018,IMAGE 3.0.1,SSP1-19,0.0,2.5686214103183653,36.694591575976645,0.0,0.0,2.5686214103183653,0.0,0.0
2026,SA1_AR6_fixed_split,SSP1-1.9,S1,"NATO→3.5%, nonNATO holds",0.07,144.59391012503605,72.55722410074308,72.03668602429296,0.5018,0.02740877593256891,0.022985547972701727,1.988704697666456,1.655802702405838,3.644507400072294,0.6728161794391307,0.2292011160726709,0.24029149265683242,0.9073934185958498,2.4520835448542804,32.30576041433805,34.757843959192336,34.74468649303279,0.07054763085228084,AR6 World GDP level and trajectory (unrebased),Fixed original NATO GDP share = 0.5018,IMAGE 3.0.1,SSP1-19,0.013157466159547937,2.432128054512295,34.74468649303279,0.019955490341985183,0.013157466159547937,5.020704955172645,0.019955490341985183,0.013157466159547937
2027,SA1_AR6_fixed_split,SSP1-1.9,S1,"NATO→3.5%, nonNATO holds",0.07,150.8831409610859,75.71316013427291,75.16998082681299,0.5018,0.028005016140972137,0.022985547972701727,2.120348271644321,1.727823200401779,3.8481714720461,0.6086181105697464,0.2073314442600235,0.2173636109177666,0.820812704637391,2.342066850465097,30.484972580891114,32.82703943135621,32.796504345916006,0.07134566171775963,AR6 World GDP level and trajectory (unrebased),Fixed original NATO GDP share = 0.5018,IMAGE 3.0.1,SSP1-19,0.030535085440206444,2.29575530421412,32.796504345916006,0.04631154625097711,0.030535085440206444,7.362771805637743,0.06626703659296229,0.04369255159975438
2028,SA1_AR6_fixed_split,SSP1-1.9,S1,"NATO→3.5%, nonNATO holds",0.07,157.44592705596344,79.00636619668245,78.43956085928099,0.5018,0.028820930945768986,0.022985547972701727,2.277037024430722,1.8029762890886598,4.080013313519382,0.5486336038906208,0.18689716176493676,0.19594057281807886,0.7399146105640133,2.238432408117852,28.663653989948905,30.902086398066757,30.850045135218938,0.07243628728764051,AR6 World GDP level and trajectory (unrebased),Fixed original NATO GDP share = 0.5018,IMAGE 3.0.1,SSP1-19,0.05204126284781907,2.1595031594653253,30.850045135218934,0.0789292486525266,0.05204126284782262,9.601204213755594,0.1451962852454889,0.095733814447577
2029,SA1_AR6_fixed_split,SSP1-1.9,S1,"NATO→3.5%, nonNATO holds",0.07,164.2941669202464,82.44281296057964,81.85135395966675,0.5018,0.029845109579542582,0.022985547972701727,2.4605147868542327,1.8813982230705095,4.341913009924742,0.4926216577388638,0.16781616911983274,0.17593630633530852,0.6643741095266902,2.138920384707066,26.842574493312966,28.981494878020033,28.90530888038478,0.0738029695745354,AR6 World GDP level and trajectory (unrebased),Fixed original NATO GDP share = 0.5018,IMAGE 3.0.1,SSP1-19,0.07618599763525324,2.0233716216269344,28.90530888038478,0.11554876308013151,0.07618599763525324,11.74012459846266,0.2607450483256204,0.17191981208283025
2030,SA1_AR6_fixed_split,SSP1-1.9,S1,"NATO→3.5%, nonNATO holds",0.07,171.44027659999995,86.02873079787997,85.41154580211997,0.5018,0.030999999999995285,0.022985547972701727,2.6668906547338733,1.9632311834572393,4.630121838191113,0.4403540933920231,0.15001073511156832,0.1572693190685797,0.5938834683326951,2.038893104351255,25.02331393989342,27.062207044244676,26.962295561810947,0.07534097647755846,AR6 World GDP level and trajectory (unrebased),Fixed original NATO GDP share = 0.5018,IMAGE 3.0.1,SSP1-19,0.09991148243372905,1.8873606893267663,26.962295561810947,0.15153241502448878,0.09991148243372905,13.779017702813915,0.4122774633501092,0.2718312945165593
2031,SA1_AR6_fixed_split,SSP1-1.9,S1,"NATO→3.5%, nonNATO holds",0.07,177.7089843520823,89.1743683478749,88.5346160042074,0.5018,0.03215489042044799,0.022985547972701727,2.867392042538583,2.035016663409435,4.902408705948018,0.4041433051235308,0.13767519185526875,0.14433689468697528,0.5450477952898914,1.9812756574882036,23.79117845593355,25.772454113421755,25.64996295935584,0.07687570802411077,AR6 World GDP level and trajectory (unrebased),Fixed original NATO GDP share = 0.5018,IMAGE 3.0.1,SSP1-19,0.12249115406591571,1.795497407154909,25.649962959355843,0.18577825033329454,0.12249115406591216,15.76029336030212,0.5980557136834037,0.39432244858247145
2032,SA1_AR6_fixed_split,SSP1-1.9,S1,"NATO→3.5%, nonNATO holds",0.07,184.20690718512637,92.43502602549641,91.77188115962996,0.5018,0.033179069054221584,0.022985547972701727,3.066908111528715,2.1094269769397562,5.176335088468472,0.3699582940105164,0.126029748509077,0.132127962146613,0.49894418624108205,1.915028098556571,22.563177976777972,24.478206075334544,24.338883259701028,0.07823400508447588,AR6 World GDP level and trajectory (unrebased),Fixed original NATO GDP share = 0.5018,IMAGE 3.0.1,SSP1-19,0.13932281563351623,1.7037218281790723,24.338883259701028,0.21130627037749883,0.13932281563351623,17.67532145885869,0.8093619840609025,0.5336452642159877
2033,SA1_AR6_fixed_split,SSP1-1.9,S1,"NATO→3.5%, nonNATO holds",0.07,190.94242634059682,95.81490953771149,95.12751680288534,0.5018,0.03399498385901843,0.022985547972701727,3.2572263031878133,2.1865581009967103,5.443784404184523,0.33770052757589775,0.11504083906431682,0.12060733127710635,0.45543975537888826,1.8383688653025576,21.339919413656137,23.178288278958696,23.02905646851484,0.07931426355463156,AR6 World GDP level and trajectory (unrebased),Fixed original NATO GDP share = 0.5018,IMAGE 3.0.1,SSP1-19,0.14923181044385814,1.6120339527960386,23.02905646851484,0.22633491250651905,0.14923181044385814,19.51369032416125,1.0356968965674216,0.6828770746598458
2034,SA1_AR6_fixed_split,SSP1-1.9,S1,"NATO→3.5%, nonNATO holds",0.07,197.92422951976133,99.31837837301624,98.60585114674508,0.5018,0.034591224067421655,0.022985547972701727,3.43554428031397,2.2665095219225946,5.7020538022365646,0.3072759275225436,0.10467641487031705,0.10974140268662272,0.41440762402491554,1.7521038708656869,20.121128212682606,21.87323208354829,21.72048257316767,0.08010265077302006,AR6 World GDP level and trajectory (unrebased),Fixed original NATO GDP share = 0.5018,IMAGE 3.0.1,SSP1-19,0.15274951038062312,1.5204337801217367,21.720482573167665,0.23167009074395017,0.15274951038062667,21.265794195026935,1.2673669873113718,0.8356265850404725
2035,SA1_AR6_fixed_split,SSP1-1.9,S1,"NATO→3.5%, nonNATO holds",0.07,205.16132208938131,102.94995142445156,102.21137066492976,0.5018,0.03499999999999057,0.022985547972701727,3.603248299854834,2.349384363774341,5.952632663629175,0.2785946781168913,0.09490587935850145,0.0994980993274612,0.3757266622063547,1.6583717808718634,18.906075845805617,20.56444762667748,20.41316160340252,0.08064266110996925,AR6 World GDP level and trajectory (unrebased),Fixed original NATO GDP share = 0.5018,IMAGE 3.0.1,SSP1-19,0.15128602327495955,1.4289213122381763,20.41316160340252,0.22945046863368712,0.15128602327495955,22.9241659758988,1.4968174559450589,0.986912608315432
2025,SA1_AR6_fixed_split,SSP1-1.9,S2,"NATO→3.5%, nonNATO→3.5%",0.07,138.56683200039697,69.53283629779921,69.03399570259776,0.5018,0.027,0.022985547972701727,1.8773865800405787,1.5867842199693458,3.4641708000099243,0.7414823224972067,0.25259287909245504,0.26481511517757383,1.0,2.5686214103183653,34.12597016565828,36.694591575976645,36.694591575976645,0.07,AR6 World GDP level and trajectory (unrebased),Fixed original NATO GDP share = 0.5018,IMAGE 3.0.1,SSP1-19,0.0,2.5686214103183653,36.694591575976645,0.0,0.0,2.5686214103183653,0.0,0.0
2026,SA1_AR6_fixed_split,SSP1-1.9,S2,"NATO→3.5%, nonNATO→3.5%",0.07,144.59391012503605,72.55722410074308,72.03668602429296,0.5018,0.02740877593256891,0.023599450326672138,1.988704697666456,1.7000261935283787,3.688730891194835,0.6728161794391307,0.2292011160726709,0.24029149265683242,0.9073934185958498,2.481837825192809,32.29562434081614,34.777462166008945,34.74468649303279,0.07136339659707906,AR6 World GDP level and trajectory (unrebased),Fixed original NATO GDP share = 0.5018,IMAGE 3.0.1,SSP1-19,0.032775672976157466,2.432128054512295,34.74468649303279,0.04970977068051363,0.032775672976157466,5.050459235511174,0.04970977068051363,0.032775672976157466
2027,SA1_AR6_fixed_split,SSP1-1.9,S2,"NATO→3.5%, nonNATO→3.5%",0.07,150.8831409610859,75.71316013427291,75.16998082681299,0.5018,0.028005016140972137,0.024494887749248,2.120348271644321,1.8412802424659085,3.9616285141102296,0.6086181105697464,0.2073314442600235,0.2173636109177666,0.820812704637391,2.4111188610369996,30.461449368498485,32.87256822953548,32.796504345916006,0.07334744411209854,AR6 World GDP level and trajectory (unrebased),Fixed original NATO GDP share = 0.5018,IMAGE 3.0.1,SSP1-19,0.0760638836194758,2.29575530421412,32.796504345916006,0.11536355682287969,0.0760638836194758,7.461578096548173,0.16507332750339332,0.10883955659563327
2028,SA1_AR6_fixed_split,SSP1-1.9,S2,"NATO→3.5%, nonNATO→3.5%",0.07,157.44592705596344,79.00636619668245,78.43956085928099,0.5018,0.028820930945768986,0.025720233909322272,2.277037024430722,2.017483853045227,4.294520877475948,0.5486336038906208,0.18689716176493676,0.19594057281807886,0.7399146105640133,2.3561184659931405,28.623563135068313,30.979681601061454,30.850045135218938,0.0760536695093862,AR6 World GDP level and trajectory (unrebased),Fixed original NATO GDP share = 0.5018,IMAGE 3.0.1,SSP1-19,0.1296364658425162,2.1595031594653253,30.850045135218934,0.19661530652781511,0.12963646584251975,9.817696562541315,0.36168863403120843,0.23847602243815302
2029,SA1_AR6_fixed_split,SSP1-1.9,S2,"NATO→3.5%, nonNATO→3.5%",0.07,164.2941669202464,82.44281296057964,81.85135395966675,0.5018,0.029845109579542582,0.027258352042179364,2.4605147868542327,2.2311330213616283,4.691647808215861,0.4926216577388638,0.16781616911983274,0.17593630633530852,0.6643741095266902,2.311207320810204,26.783883339255855,29.09509066006606,28.90530888038478,0.0794363333599235,AR6 World GDP level and trajectory (unrebased),Fixed original NATO GDP share = 0.5018,IMAGE 3.0.1,SSP1-19,0.18978177968127952,2.0233716216269344,28.90530888038478,0.2878356991832698,0.18978177968127952,12.12890388335152,0.6495243332144782,0.42825780211943254
2030,SA1_AR6_fixed_split,SSP1-1.9,S2,"NATO→3.5%, nonNATO→3.5%",0.07,171.44027659999995,86.02873079787997,85.41154580211997,0.5018,0.030999999999995285,0.028992773986343784,2.6668906547338733,2.4763176432651144,5.143208297998988,0.4403540933920231,0.15001073511156832,0.1572693190685797,0.5938834683326951,2.2648328271916744,24.946345462881848,27.211178290073523,26.962295561810947,0.08323170731705772,AR6 World GDP level and trajectory (unrebased),Fixed original NATO GDP share = 0.5018,IMAGE 3.0.1,SSP1-19,0.24888272826257563,1.8873606893267663,26.962295561810947,0.3774721378649082,0.24888272826257563,14.393736710543193,1.0269964710793864,0.6771405303820082
2031,SA1_AR6_fixed_split,SSP1-1.9,S2,"NATO→3.5%, nonNATO→3.5%",0.07,177.7089843520823,89.1743683478749,88.5346160042074,0.5018,0.03215489042044799,0.0307271959305082,2.867392042538583,2.7204204925935875,5.587812535132171,0.4041433051235308,0.13767519185526875,0.14433689468697528,0.5450477952898914,2.258277026359011,23.696815352252283,25.955092378611294,25.64996295935584,0.08700708875996836,AR6 World GDP level and trajectory (unrebased),Fixed original NATO GDP share = 0.5018,IMAGE 3.0.1,SSP1-19,0.30512941925545434,1.795497407154909,25.649962959355843,0.46277961920410204,0.3051294192554508,16.652013736902205,1.4897760902834885,0.982269949637459
2032,SA1_AR6_fixed_split,SSP1-1.9,S2,"NATO→3.5%, nonNATO→3.5%",0.07,184.20690718512637,92.43502602549641,91.77188115962996,0.5018,0.033179069054221584,0.032265314063365295,3.066908111528715,2.961048567801297,6.027956679330012,0.3699582940105164,0.126029748509077,0.132127962146613,0.49894418624108205,2.2300925694542286,22.455848321856795,24.685940891311024,24.338883259701028,0.09033856879399635,AR6 World GDP level and trajectory (unrebased),Fixed original NATO GDP share = 0.5018,IMAGE 3.0.1,SSP1-19,0.3470576316099958,1.7037218281790723,24.338883259701028,0.5263707412751564,0.3470576316099958,18.882106306356434,2.016146831558645,1.3293275812474548
2033,SA1_AR6_fixed_split,SSP1-1.9,S2,"NATO→3.5%, nonNATO→3.5%",0.07,190.94242634059682,95.81490953771149,95.12751680288534,0.5018,0.03399498385901843,0.033490660223439564,3.2572263031878133,3.1858833431449707,6.443109646332784,0.33770052757589775,0.11504083906431682,0.12060733127710635,0.45543975537888826,2.1758415267959372,21.224956199301253,23.400797726097192,23.02905646851484,0.09298151081274383,AR6 World GDP level and trajectory (unrebased),Fixed original NATO GDP share = 0.5018,IMAGE 3.0.1,SSP1-19,0.37174125758235377,1.6120339527960386,23.02905646851484,0.5638075739998987,0.37174125758235377,21.05794783315237,2.5799544055585435,1.7010688388298085
2034,SA1_AR6_fixed_split,SSP1-1.9,S2,"NATO→3.5%, nonNATO→3.5%",0.07,197.92422951976133,99.31837837301624,98.60585114674508,0.5018,0.034591224067421655,0.034386097646015426,3.43554428031397,3.3906704260004386,6.826214706314408,0.3072759275225436,0.10467641487031705,0.10974140268662272,0.41440762402491554,2.0975314553507873,20.003455079506363,22.10098653485715,21.72048257316767,0.0949066889861505,AR6 World GDP level and trajectory (unrebased),Fixed original NATO GDP share = 0.5018,IMAGE 3.0.1,SSP1-19,0.380503961689481,1.5204337801217367,21.720482573167665,0.5770976752290506,0.3805039616894845,23.15547928850316,3.157052080787594,2.081572800519293
2035,SA1_AR6_fixed_split,SSP1-1.9,S2,"NATO→3.5%, nonNATO→3.5%",0.07,205.16132208938131,102.94995142445156,102.21137066492976,0.5018,0.03499999999999057,0.03499999999998584,3.603248299854834,3.5773979732710943,7.180646273125928,0.2785946781168913,0.09490587935850145,0.0994980993274612,0.3757266622063547,2.0004898371327733,18.78953013433212,20.790019971464893,20.41316160340252,0.09622356495465242,AR6 World GDP level and trajectory (unrebased),Fixed original NATO GDP share = 0.5018,IMAGE 3.0.1,SSP1-19,0.37685836806237205,1.4289213122381763,20.41316160340252,0.571568524894597,0.37685836806237205,25.15596912563593,3.728620605682191,2.458431168581665
2025,SA1_AR6_fixed_split,SSP1-1.9,S3,"NATO→5%, nonNATO→3.5%",0.07,138.56683200039697,69.53283629779921,69.03399570259776,0.5018,0.027,0.022985547972701727,1.8773865800405787,1.5867842199693458,3.4641708000099243,0.7414823224972067,0.25259287909245504,0.26481511517757383,1.0,2.5686214103183653,34.12597016565828,36.694591575976645,36.694591575976645,0.07,AR6 World GDP level and trajectory (unrebased),Fixed original NATO GDP share = 0.5018,IMAGE 3.0.1,SSP1-19,0.0,2.5686214103183653,36.694591575976645,0.0,0.0,2.5686214103183653,0.0,0.0
2026,SA1_AR6_fixed_split,SSP1-1.9,S3,"NATO→5%, nonNATO→3.5%",0.07,144.59391012503605,72.55722410074308,72.03668602429296,0.5018,0.02817523080613562,0.023599450326672138,2.0443165356909425,1.7000261935283787,3.744342729219321,0.6728161794391307,0.2292011160726709,0.24029149265683242,0.9073934185958498,2.519254369584031,32.28287804547408,34.80213241505811,34.74468649303279,0.07238793127785485,AR6 World GDP level and trajectory (unrebased),Fixed original NATO GDP share = 0.5018,IMAGE 3.0.1,SSP1-19,0.05744592202532317,2.432128054512295,34.74468649303279,0.08712631507173585,0.05744592202532317,5.087875779902396,0.08712631507173585,0.05744592202532317
2027,SA1_AR6_fixed_split,SSP1-1.9,S3,"NATO→5%, nonNATO→3.5%",0.07,150.8831409610859,75.71316013427291,75.16998082681299,0.5018,0.029889421405294894,0.024494887749248,2.263022549179857,1.8412802424659085,4.1043027916457655,0.6086181105697464,0.2073314442600235,0.2173636109177666,0.820812704637391,2.4979530102575813,30.431868504478285,32.92982151473586,32.796504345916006,0.0758568645487424,AR6 World GDP level and trajectory (unrebased),Fixed original NATO GDP share = 0.5018,IMAGE 3.0.1,SSP1-19,0.13331716881985756,2.29575530421412,32.796504345916006,0.20219770604346143,0.13331716881985756,7.585828790159978,0.2893240211151973,0.19076309084518073
2028,SA1_AR6_fixed_split,SSP1-1.9,S3,"NATO→5%, nonNATO→3.5%",0.07,157.44592705596344,79.00636619668245,78.43956085928099,0.5018,0.03223517646908584,0.025720233909322272,2.546784156531277,2.017483853045227,4.564268009576503,0.5486336038906208,0.18689716176493676,0.19594057281807886,0.7399146105640133,2.5041108072166276,28.573148161684486,31.077258968901113,30.850045135218938,0.08057695209614468,AR6 World GDP level and trajectory (unrebased),Fixed original NATO GDP share = 0.5018,IMAGE 3.0.1,SSP1-19,0.22721383368217474,2.1595031594653253,30.850045135218934,0.34460764775130226,0.2272138336821783,10.089939597376606,0.6339316688664995,0.417976924527359
2029,SA1_AR6_fixed_split,SSP1-1.9,S3,"NATO→5%, nonNATO→3.5%",0.07,164.2941669202464,82.44281296057964,81.85135395966675,0.5018,0.03517969004118492,0.027258352042179364,2.900312606076575,2.2311330213616283,5.131445627438204,0.4926216577388638,0.16781616911983274,0.17593630633530852,0.6643741095266902,2.527861251585452,26.710078154046702,29.237939405632154,28.90530888038478,0.08645825605269931,AR6 World GDP level and trajectory (unrebased),Fixed original NATO GDP share = 0.5018,IMAGE 3.0.1,SSP1-19,0.33263052524737446,2.0233716216269344,28.90530888038478,0.5044896299585178,0.33263052524737446,12.617800848962057,1.1384212988250173,0.7506074497747335
2030,SA1_AR6_fixed_split,SSP1-1.9,S3,"NATO→5%, nonNATO→3.5%",0.07,171.44027659999995,86.02873079787997,85.41154580211997,0.5018,0.03849999999998644,0.028992773986343784,3.3121061357172126,2.4763176432651144,5.788423778982327,0.4403540933920231,0.15001073511156832,0.1572693190685797,0.5938834683326951,2.548956105362591,24.849556214274177,27.39851231963677,26.962295561810947,0.09303264628480323,AR6 World GDP level and trajectory (unrebased),Fixed original NATO GDP share = 0.5018,IMAGE 3.0.1,SSP1-19,0.4362167578258216,1.8873606893267663,26.962295561810947,0.6615954160358248,0.4362167578258216,15.166756954324649,1.8000167148608421,1.186824207600555
2031,SA1_AR6_fixed_split,SSP1-1.9,S3,"NATO→5%, nonNATO→3.5%",0.07,177.7089843520823,89.1743683478749,88.5346160042074,0.5018,0.041820309958787966,0.0307271959305082,3.7292997246872592,2.7204204925935875,6.449720217280847,0.4041433051235308,0.13767519185526875,0.14433689468697528,0.5450477952898914,2.6066112457339385,23.578152046750933,26.18476329248487,25.64996295935584,0.09954687069796984,AR6 World GDP level and trajectory (unrebased),Fixed original NATO GDP share = 0.5018,IMAGE 3.0.1,SSP1-19,0.5348003331290307,1.795497407154909,25.649962959355843,0.8111138385790295,0.5348003331290272,17.773368200058588,2.611130553439872,1.7216245407295823
2032,SA1_AR6_fixed_split,SSP1-1.9,S3,"NATO→5%, nonNATO→3.5%",0.07,184.20690718512637,92.43502602549641,91.77188115962996,0.5018,0.04476482353088705,0.032265314063365295,4.137837628104299,2.961048567801297,7.098886195905596,0.3699582940105164,0.126029748509077,0.132127962146613,0.49894418624108205,2.6262918264120385,22.320879344211825,24.947171170623864,24.338883259701028,0.10527413342578039,AR6 World GDP level and trajectory (unrebased),Fixed original NATO GDP share = 0.5018,IMAGE 3.0.1,SSP1-19,0.6082879109228365,1.7037218281790723,24.338883259701028,0.9225699982329663,0.6082879109228365,20.399660026470627,3.5337005516728377,2.329912451652419
2033,SA1_AR6_fixed_split,SSP1-1.9,S3,"NATO→5%, nonNATO→3.5%",0.07,190.94242634059682,95.81490953771149,95.12751680288534,0.5018,0.04711057859467799,0.033490660223439564,4.513895826318318,3.1858833431449707,7.699779169463289,0.33770052757589775,0.11504083906431682,0.12060733127710635,0.45543975537888826,2.6002194877456604,21.080387882933763,23.680607370679425,23.02905646851484,0.10980374983815532,AR6 World GDP level and trajectory (unrebased),Fixed original NATO GDP share = 0.5018,IMAGE 3.0.1,SSP1-19,0.6515509021645869,1.6120339527960386,23.02905646851484,0.9881855349496218,0.6515509021645869,22.999879514216286,4.52188608662246,2.9814633538170057
2034,SA1_AR6_fixed_split,SSP1-1.9,S3,"NATO→5%, nonNATO→3.5%",0.07,197.92422951976133,99.31837837301624,98.60585114674508,0.5018,0.04882476919383726,0.034386097646015426,4.849196900768717,3.3906704260004386,8.239867326769154,0.3072759275225436,0.10467641487031705,0.10974140268662272,0.41440762402491554,2.531912875495694,19.855478991325132,22.387391866820828,21.72048257316767,0.11309548207123261,AR6 World GDP level and trajectory (unrebased),Fixed original NATO GDP share = 0.5018,IMAGE 3.0.1,SSP1-19,0.6669092936531591,1.5204337801217367,21.720482573167665,1.0114790953739572,0.6669092936531626,25.53179238971198,5.533365181996417,3.6483726474701683
2035,SA1_AR6_fixed_split,SSP1-1.9,S3,"NATO→5%, nonNATO→3.5%",0.07,205.16132208938131,102.94995142445156,102.21137066492976,0.5018,0.049999999999972886,0.03499999999998584,5.147497571219787,3.5773979732710943,8.724895544490881,0.2785946781168913,0.09490587935850145,0.0994980993274612,0.3757266622063547,2.4307094658209363,18.642971799284503,21.07368126510544,20.41316160340252,0.11534337239150488,AR6 World GDP level and trajectory (unrebased),Fixed original NATO GDP share = 0.5018,IMAGE 3.0.1,SSP1-19,0.6605196617029172,1.4289213122381763,20.41316160340252,1.00178815358276,0.6605196617029172,27.962501855532917,6.535153335579177,4.3088923091730855
2025,SA1_AR6_fixed_split,SSP1-2.6,S0,Baseline,0.07,138.56683200039697,69.53283629779921,69.03399570259776,0.5018,0.027,0.022985547972701727,1.8773865800405787,1.5867842199693458,3.4641708000099243,0.9948795276468906,0.33891500392366597,0.3553141170167466,1.0,3.4464326092020245,45.78831895082689,49.23475156002892,49.23475156002892,0.07,AR6 World GDP level and trajectory (unrebased),Fixed original NATO GDP share = 0.5018,IMAGE 3.0.1,SSP1-26,0.0,3.4464326092020245,49.23475156002892,0.0,0.0,3.4464326092020245,0.0,0.0
2026,SA1_AR6_fixed_split,SSP1-2.6,S0,Baseline,0.07,144.59391012503605,72.55722410074308,72.03668602429296,0.5018,0.027,0.022985547972701727,1.9590450507200632,1.655802702405838,3.6148477531259013,0.9399712682134423,0.32020999246831544,0.33570402436194363,0.9448091372798489,3.397853026904266,45.14290450029952,48.54075752720379,48.54075752720379,0.07000000000000002,AR6 World GDP level and trajectory (unrebased),Fixed original NATO GDP share = 0.5018,IMAGE 3.0.1,SSP1-26,0.0,3.397853026904266,48.54075752720379,0.0,0.0,6.8442856361062905,0.0,0.0
2027,SA1_AR6_fixed_split,SSP1-2.6,S0,Baseline,0.07,150.8831409610859,75.71316013427291,75.16998082681299,0.5018,0.027,0.022985547972701727,2.0442553236253684,1.727823200401779,3.7720785240271475,0.8879216461675213,0.3024788025405841,0.31711487363125757,0.8924916248579884,3.349310172527339,44.49797800643464,47.84728817896198,47.847288178961975,0.07,AR6 World GDP level and trajectory (unrebased),Fixed original NATO GDP share = 0.5018,IMAGE 3.0.1,SSP1-26,7.105427357601002e-15,3.349310172527339,47.84728817896198,0.0,0.0,10.19359580863363,0.0,0.0
2028,SA1_AR6_fixed_split,SSP1-2.6,S0,Baseline,0.07,157.44592705596344,79.00636619668245,78.43956085928099,0.5018,0.027,0.022985547972701727,2.133171887310426,1.8029762890886598,3.9361481763990858,0.838587344214411,0.28567261176534875,0.2994954800765753,0.842903407810446,3.300804045680906,43.85353946404632,47.15434350972723,47.15434350972723,0.07,AR6 World GDP level and trajectory (unrebased),Fixed original NATO GDP share = 0.5018,IMAGE 3.0.1,SSP1-26,0.0,3.300804045680906,47.15434350972723,0.0,0.0,13.494399854314535,0.0,0.0
2029,SA1_AR6_fixed_split,SSP1-2.6,S0,Baseline,0.07,164.2941669202464,82.44281296057964,81.85135395966675,0.5018,0.027,0.022985547972701727,2.2259559499356505,1.8813982230705095,4.10735417300616,0.7918320431046485,0.26974498171696815,0.28279715825166013,0.7959074652762288,3.2523346465658713,43.20958887580372,46.46192352236959,46.46192352236958,0.07,AR6 World GDP level and trajectory (unrebased),Fixed original NATO GDP share = 0.5018,IMAGE 3.0.1,SSP1-26,7.105427357601002e-15,3.2523346465658713,46.46192352236959,0.0,0.0,16.746734500880407,0.0,0.0
2030,SA1_AR6_fixed_split,SSP1-2.6,S0,Baseline,0.07,171.44027659999995,86.02873079787997,85.41154580211997,0.5018,0.027,0.022985547972701727,2.3227757315427593,1.9632311834572393,4.286006914999999,0.7475260863345362,0.25465174369638044,0.26697360226233435,0.7513734734321051,3.2039019751727085,42.566126241580264,45.77002821675297,45.77002821675297,0.07,AR6 World GDP level and trajectory (unrebased),Fixed original NATO GDP share = 0.5018,IMAGE 3.0.1,SSP1-26,0.0,3.2039019751727085,45.77002821675297,0.0,0.0,19.950636476053116,0.0,0.0
2031,SA1_AR6_fixed_split,SSP1-2.6,S0,Baseline,0.07,177.7089843520823,89.1743683478749,88.5346160042074,0.5018,0.027,0.022985547972701727,2.4077079453926222,2.035016663409435,4.442724608802058,0.7040944722544756,0.23985635868009608,0.2514623115194556,0.7077183243681919,3.1280978388064566,41.55901414414292,44.687111982949375,44.687111982949375,0.07,AR6 World GDP level and trajectory (unrebased),Fixed original NATO GDP share = 0.5018,IMAGE 3.0.1,SSP1-26,0.0,3.1280978388064566,44.687111982949375,0.0,0.0,23.078734314859574,0.0,0.0
2032,SA1_AR6_fixed_split,SSP1-2.6,S0,Baseline,0.07,184.20690718512637,92.43502602549641,91.77188115962996,0.5018,0.027,0.022985547972701727,2.495745702688403,2.1094269769397562,4.60517267962816,0.6628076681179348,0.2257916232050107,0.2367170243278338,0.6662190242125305,3.052343765064762,40.55256716443182,43.60491092949658,43.60491092949658,0.07000000000000002,AR6 World GDP level and trajectory (unrebased),Fixed original NATO GDP share = 0.5018,IMAGE 3.0.1,SSP1-26,0.0,3.052343765064762,43.60491092949658,0.0,0.0,26.131078079924333,0.0,0.0
2033,SA1_AR6_fixed_split,SSP1-2.6,S0,Baseline,0.07,190.94242634059682,95.81490953771149,95.12751680288534,0.5018,0.027,0.022985547972701727,2.5870025575182103,2.1865581009967103,4.773560658514921,0.6235680170585901,0.21242426954743177,0.2227028632352107,0.6267774134758466,2.976639754139047,39.54678530499019,42.52342505912924,42.52342505912923,0.07,AR6 World GDP level and trajectory (unrebased),Fixed original NATO GDP share = 0.5018,IMAGE 3.0.1,SSP1-26,7.105427357601002e-15,2.976639754139047,42.52342505912924,0.0,0.0,29.10771783406338,0.0,0.0
2034,SA1_AR6_fixed_split,SSP1-2.6,S0,Baseline,0.07,197.92422951976133,99.31837837301624,98.60585114674508,0.5018,0.027,0.022985547972701727,2.6815962160714384,2.2665095219225946,4.948105737994033,0.5862820965563048,0.19972247245324665,0.20938646305582312,0.5892995888084974,2.9009858060534235,38.541668566138334,41.442654372191754,41.44265437219176,0.07000000000000002,AR6 World GDP level and trajectory (unrebased),Fixed original NATO GDP share = 0.5018,IMAGE 3.0.1,SSP1-26,-7.105427357601002e-15,2.9009858060534235,41.442654372191754,0.0,0.0,32.008703640116806,0.0,0.0
2035,SA1_AR6_fixed_split,SSP1-2.6,S0,Baseline,0.07,205.16132208938131,102.94995142445156,102.21137066492976,0.5018,0.027,0.022985547972701727,2.779648688460192,2.349384363774341,5.129033052234533,0.5508605407356729,0.1876557886022622,0.19673590740559746,0.5536957243844183,2.8253819206050537,37.53721694518143,40.36259886578648,40.36259886578648,0.07,AR6 World GDP level and trajectory (unrebased),Fixed original NATO GDP share = 0.5018,IMAGE 3.0.1,SSP1-26,0.0,2.8253819206050537,40.36259886578648,0.0,0.0,34.83408556072186,0.0,0.0
2025,SA1_AR6_fixed_split,SSP1-2.6,S1,"NATO→3.5%, nonNATO holds",0.07,138.56683200039697,69.53283629779921,69.03399570259776,0.5018,0.027,0.022985547972701727,1.8773865800405787,1.5867842199693458,3.4641708000099243,0.9948795276468906,0.33891500392366597,0.3553141170167466,1.0,3.4464326092020245,45.78831895082689,49.23475156002892,49.23475156002892,0.07,AR6 World GDP level and trajectory (unrebased),Fixed original NATO GDP share = 0.5018,IMAGE 3.0.1,SSP1-26,0.0,3.4464326092020245,49.23475156002892,0.0,0.0,3.4464326092020245,0.0,0.0
2026,SA1_AR6_fixed_split,SSP1-2.6,S1,"NATO→3.5%, nonNATO holds",0.07,144.59391012503605,72.55722410074308,72.03668602429296,0.5018,0.02740877593256891,0.022985547972701727,1.988704697666456,1.655802702405838,3.644507400072294,0.9399712682134423,0.32020999246831544,0.33570402436194363,0.9448091372798489,3.4257322428592296,45.1334071849742,48.55913942783343,48.54075752720379,0.07054763085228086,AR6 World GDP level and trajectory (unrebased),Fixed original NATO GDP share = 0.5018,IMAGE 3.0.1,SSP1-26,0.018381900629641734,3.397853026904266,48.54075752720379,0.027879215954963676,0.018381900629641734,6.872164852061254,0.027879215954963676,0.018381900629641734
2027,SA1_AR6_fixed_split,SSP1-2.6,S1,"NATO→3.5%, nonNATO holds",0.07,150.8831409610859,75.71316013427291,75.16998082681299,0.5018,0.028005016140972137,0.022985547972701727,2.120348271644321,1.727823200401779,3.8481714720461,0.8879216461675213,0.3024788025405841,0.31711487363125757,0.8924916248579884,3.416874748194067,44.474961502636084,47.89183625083015,47.847288178961975,0.07134566171775966,AR6 World GDP level and trajectory (unrebased),Fixed original NATO GDP share = 0.5018,IMAGE 3.0.1,SSP1-26,0.044548071868177885,3.349310172527339,47.84728817896198,0.06756457566672802,0.04454807186817078,10.289039600255322,0.0954437916216917,0.06292997249781251
2028,SA1_AR6_fixed_split,SSP1-2.6,S1,"NATO→3.5%, nonNATO holds",0.07,157.44592705596344,79.00636619668245,78.43956085928099,0.5018,0.028820930945768986,0.022985547972701727,2.277037024430722,1.8029762890886598,4.080013313519382,0.838587344214411,0.28567261176534875,0.2994954800765753,0.842903407810446,3.4214475289436574,43.81244113458319,47.23388866352685,47.15434350972723,0.07243628728764052,AR6 World GDP level and trajectory (unrebased),Fixed original NATO GDP share = 0.5018,IMAGE 3.0.1,SSP1-26,0.07954515379962146,3.300804045680906,47.15434350972723,0.12064348326275143,0.07954515379962146,13.71048712919898,0.21608727488444313,0.14247512629743397
2029,SA1_AR6_fixed_split,SSP1-2.6,S1,"NATO→3.5%, nonNATO holds",0.07,164.2941669202464,82.44281296057964,81.85135395966675,0.5018,0.029845109579542582,0.022985547972701727,2.4605147868542327,1.8813982230705095,4.341913009924742,0.7918320431046485,0.26974498171696815,0.28279715825166013,0.7959074652762288,3.438065849631362,43.14631780662756,46.58438365625892,46.46192352236958,0.07380296957453542,AR6 World GDP level and trajectory (unrebased),Fixed original NATO GDP share = 0.5018,IMAGE 3.0.1,SSP1-26,0.12246013388934074,3.2523346465658713,46.46192352236959,0.18573120306549074,0.12246013388933363,17.14855297883034,0.40181847794993386,0.2649352601867676
2030,SA1_AR6_fixed_split,SSP1-2.6,S1,"NATO→3.5%, nonNATO holds",0.07,171.44027659999995,86.02873079787997,85.41154580211997,0.5018,0.030999999999995285,0.022985547972701727,2.6668906547338733,1.9632311834572393,4.630121838191113,0.7475260863345362,0.25465174369638044,0.26697360226233435,0.7513734734321051,3.4611368569550716,42.478496776357694,45.939633633312766,45.77002821675297,0.07534097647755848,AR6 World GDP level and trajectory (unrebased),Fixed original NATO GDP share = 0.5018,IMAGE 3.0.1,SSP1-26,0.1696054165597971,3.2039019751727085,45.77002821675297,0.2572348817823631,0.1696054165597971,20.609689835785414,0.659053359732297,0.4345406767465647
2031,SA1_AR6_fixed_split,SSP1-2.6,S1,"NATO→3.5%, nonNATO holds",0.07,177.7089843520823,89.1743683478749,88.5346160042074,0.5018,0.03215489042044799,0.022985547972701727,2.867392042538583,2.035016663409435,4.902408705948018,0.7040944722544756,0.23985635868009608,0.2514623115194556,0.7077183243681919,3.4517588705902162,41.448755990458345,44.90051486104856,44.687111982949375,0.07687570802411078,AR6 World GDP level and trajectory (unrebased),Fixed original NATO GDP share = 0.5018,IMAGE 3.0.1,SSP1-26,0.21340287809918834,3.1280978388064566,44.687111982949375,0.3236610317837596,0.21340287809918834,24.06144870637563,0.9827143915160566,0.6479435548457531
2032,SA1_AR6_fixed_split,SSP1-2.6,S1,"NATO→3.5%, nonNATO holds",0.07,184.20690718512637,92.43502602549641,91.77188115962996,0.5018,0.033179069054221584,0.022985547972701727,3.066908111528715,2.1094269769397562,5.176335088468472,0.6628076681179348,0.2257916232050107,0.2367170243278338,0.6662190242125305,3.430914589384831,40.423603477026084,43.85451806641092,43.60491092949658,0.07823400508447588,AR6 World GDP level and trajectory (unrebased),Fixed original NATO GDP share = 0.5018,IMAGE 3.0.1,SSP1-26,0.24960713691433511,3.052343765064762,43.60491092949658,0.3785708243200694,0.24960713691433511,27.49236329576046,1.361285215836126,0.8975506917600882
2033,SA1_AR6_fixed_split,SSP1-2.6,S1,"NATO→3.5%, nonNATO holds",0.07,190.94242634059682,95.81490953771149,95.12751680288534,0.5018,0.03399498385901843,0.022985547972701727,3.2572263031878133,2.1865581009967103,5.443784404184523,0.6235680170585901,0.21242426954743177,0.2227028632352107,0.6267774134758466,3.3945698462118217,39.40441351538298,42.7989833615948,42.52342505912923,0.07931426355463157,AR6 World GDP level and trajectory (unrebased),Fixed original NATO GDP share = 0.5018,IMAGE 3.0.1,SSP1-26,0.2755583024655692,2.976639754139047,42.52342505912924,0.4179300920727749,0.2755583024655621,30.886933141972282,1.7792153079089008,1.1731089942256503
2034,SA1_AR6_fixed_split,SSP1-2.6,S1,"NATO→3.5%, nonNATO holds",0.07,197.92422951976133,99.31837837301624,98.60585114674508,0.5018,0.034591224067421655,0.022985547972701727,3.43554428031397,2.2665095219225946,5.7020538022365646,0.5862820965563048,0.19972247245324665,0.20938646305582312,0.5892995888084974,3.3430120578521025,38.39108819464647,41.73410025249857,41.44265437219176,0.08010265077302009,AR6 World GDP level and trajectory (unrebased),Fixed original NATO GDP share = 0.5018,IMAGE 3.0.1,SSP1-26,0.29144588030681007,2.9009858060534235,41.442654372191754,0.44202625179867905,0.2914458803068172,34.229945199824385,2.22124155970758,1.4645548745324675
2035,SA1_AR6_fixed_split,SSP1-2.6,S1,"NATO→3.5%, nonNATO holds",0.07,205.16132208938131,102.94995142445156,102.21137066492976,0.5018,0.03499999999999057,0.022985547972701727,3.603248299854834,2.349384363774341,5.952632663629175,0.5508605407356729,0.1876557886022622,0.19673590740559746,0.5536957243844183,3.2790704478875963,37.38266371061265,40.661734158500245,40.36259886578648,0.08064266110996926,AR6 World GDP level and trajectory (unrebased),Fixed original NATO GDP share = 0.5018,IMAGE 3.0.1,SSP1-26,0.29913529271376404,2.8253819206050537,40.36259886578648,0.4536885272825426,0.29913529271376404,37.50901564771198,2.6749300869901225,1.7636901672462315
2025,SA1_AR6_fixed_split,SSP1-2.6,S2,"NATO→3.5%, nonNATO→3.5%",0.07,138.56683200039697,69.53283629779921,69.03399570259776,0.5018,0.027,0.022985547972701727,1.8773865800405787,1.5867842199693458,3.4641708000099243,0.9948795276468906,0.33891500392366597,0.3553141170167466,1.0,3.4464326092020245,45.78831895082689,49.23475156002892,49.23475156002892,0.07,AR6 World GDP level and trajectory (unrebased),Fixed original NATO GDP share = 0.5018,IMAGE 3.0.1,SSP1-26,0.0,3.4464326092020245,49.23475156002892,0.0,0.0,3.4464326092020245,0.0,0.0
2026,SA1_AR6_fixed_split,SSP1-2.6,S2,"NATO→3.5%, nonNATO→3.5%",0.07,144.59391012503605,72.55722410074308,72.03668602429296,0.5018,0.02740877593256891,0.023599450326672138,1.988704697666456,1.7000261935283787,3.688730891194835,0.9399712682134423,0.32020999246831544,0.33570402436194363,0.9448091372798489,3.46730105389451,45.11924638121493,48.58654743510944,48.54075752720379,0.07136339659707908,AR6 World GDP level and trajectory (unrebased),Fixed original NATO GDP share = 0.5018,IMAGE 3.0.1,SSP1-26,0.045789907905650296,3.397853026904266,48.54075752720379,0.06944802699024422,0.045789907905650296,6.913733663096535,0.06944802699024422,0.045789907905650296
2027,SA1_AR6_fixed_split,SSP1-2.6,S2,"NATO→3.5%, nonNATO→3.5%",0.07,150.8831409610859,75.71316013427291,75.16998082681299,0.5018,0.028005016140972137,0.024494887749248,2.120348271644321,1.8412802424659085,3.9616285141102296,0.8879216461675213,0.3024788025405841,0.31711487363125757,0.8924916248579884,3.5176157117529465,44.440643152412726,47.95825886416567,47.847288178961975,0.07334744411209855,AR6 World GDP level and trajectory (unrebased),Fixed original NATO GDP share = 0.5018,IMAGE 3.0.1,SSP1-26,0.11097068520369646,3.349310172527339,47.84728817896198,0.16830553922560743,0.11097068520368936,10.431349374849482,0.23775356621585164,0.15676059310933965
2028,SA1_AR6_fixed_split,SSP1-2.6,S2,"NATO→3.5%, nonNATO→3.5%",0.07,157.44592705596344,79.00636619668245,78.43956085928099,0.5018,0.028820930945768986,0.025720233909322272,2.277037024430722,2.017483853045227,4.294520877475948,0.838587344214411,0.28567261176534875,0.2994954800765753,0.842903407810446,3.6013308573158973,43.75116219854429,47.352493055860194,47.15434350972723,0.07605366950938622,AR6 World GDP level and trajectory (unrebased),Fixed original NATO GDP share = 0.5018,IMAGE 3.0.1,SSP1-26,0.1981495461329672,3.300804045680906,47.15434350972723,0.3005268116349913,0.1981495461329672,14.03268023216538,0.5382803778508429,0.35491013924230685
2029,SA1_AR6_fixed_split,SSP1-2.6,S2,"NATO→3.5%, nonNATO→3.5%",0.07,164.2941669202464,82.44281296057964,81.85135395966675,0.5018,0.029845109579542582,0.027258352042179364,2.4605147868542327,2.2311330213616283,4.691647808215861,0.7918320431046485,0.26974498171696815,0.28279715825166013,0.7959074652762288,3.714997069507011,43.05197859985674,46.76697566936375,46.46192352236958,0.07943633335992352,AR6 World GDP level and trajectory (unrebased),Fixed original NATO GDP share = 0.5018,IMAGE 3.0.1,SSP1-26,0.3050521469941714,3.2523346465658713,46.46192352236959,0.4626624229411398,0.3050521469941643,17.74767730167239,1.0009428007919827,0.6599622862364711
2030,SA1_AR6_fixed_split,SSP1-2.6,S2,"NATO→3.5%, nonNATO→3.5%",0.07,171.44027659999995,86.02873079787997,85.41154580211997,0.5018,0.030999999999995285,0.028992773986343784,2.6668906547338733,2.4763176432651144,5.143208297998988,0.7475260863345362,0.25465174369638044,0.26697360226233435,0.7513734734321051,3.8446823702064945,42.34783841470062,46.19252078490711,45.77002821675297,0.08323170731705773,AR6 World GDP level and trajectory (unrebased),Fixed original NATO GDP share = 0.5018,IMAGE 3.0.1,SSP1-26,0.4224925681541407,3.2039019751727085,45.77002821675297,0.640780395033786,0.4224925681541407,21.592359671878885,1.6417231958257688,1.0824548543906118
2031,SA1_AR6_fixed_split,SSP1-2.6,S2,"NATO→3.5%, nonNATO→3.5%",0.07,177.7089843520823,89.1743683478749,88.5346160042074,0.5018,0.03215489042044799,0.0307271959305082,2.867392042538583,2.7204204925935875,5.587812535132171,0.7040944722544756,0.23985635868009608,0.2514623115194556,0.7077183243681919,3.9343479179808294,41.28435752376483,45.21870544174566,44.687111982949375,0.08700708875996836,AR6 World GDP level and trajectory (unrebased),Fixed original NATO GDP share = 0.5018,IMAGE 3.0.1,SSP1-26,0.5315934587962872,3.1280978388064566,44.687111982949375,0.8062500791743727,0.5315934587962872,25.526707589859715,2.4479732750001415,1.614048313186899
2032,SA1_AR6_fixed_split,SSP1-2.6,S2,"NATO→3.5%, nonNATO→3.5%",0.07,184.20690718512637,92.43502602549641,91.77188115962996,0.5018,0.033179069054221584,0.032265314063365295,3.066908111528715,2.961048567801297,6.027956679330012,0.6628076681179348,0.2257916232050107,0.2367170243278338,0.6662190242125305,3.995375910142655,40.23131445566902,44.22669036581168,43.60491092949658,0.09033856879399638,AR6 World GDP level and trajectory (unrebased),Fixed original NATO GDP share = 0.5018,IMAGE 3.0.1,SSP1-26,0.6217794363150944,3.052343765064762,43.60491092949658,0.9430321450778933,0.6217794363150944,29.522083500002367,3.391005420078035,2.2358277495019934
2033,SA1_AR6_fixed_split,SSP1-2.6,S2,"NATO→3.5%, nonNATO→3.5%",0.07,190.94242634059682,95.81490953771149,95.12751680288534,0.5018,0.03399498385901843,0.033490660223439564,3.2572263031878133,3.1858833431449707,6.443109646332784,0.6235680170585901,0.21242426954743177,0.2227028632352107,0.6267774134758466,4.017717105854808,39.19213258077932,43.20984968663413,42.52342505912923,0.09298151081274385,AR6 World GDP level and trajectory (unrebased),Fixed original NATO GDP share = 0.5018,IMAGE 3.0.1,SSP1-26,0.6864246275048984,2.976639754139047,42.52342505912924,1.041077351715761,0.6864246275048913,33.539800605857174,4.432082771793796,2.9222523770068847
2034,SA1_AR6_fixed_split,SSP1-2.6,S2,"NATO→3.5%, nonNATO→3.5%",0.07,197.92422951976133,99.31837837301624,98.60585114674508,0.5018,0.034591224067421655,0.034386097646015426,3.43554428031397,3.3906704260004386,6.826214706314408,0.5862820965563048,0.19972247245324665,0.20938646305582312,0.5892995888084974,4.002087469561491,38.16656799944877,42.16865546901026,41.44265437219176,0.09490668898615051,AR6 World GDP level and trajectory (unrebased),Fixed original NATO GDP share = 0.5018,IMAGE 3.0.1,SSP1-26,0.7260010968185,2.9009858060534235,41.442654372191754,1.101101663508068,0.7260010968185071,37.54188807541867,5.533184435301864,3.648253473825392
2035,SA1_AR6_fixed_split,SSP1-2.6,S2,"NATO→3.5%, nonNATO→3.5%",0.07,205.16132208938131,102.94995142445156,102.21137066492976,0.5018,0.03499999999999057,0.03499999999998584,3.603248299854834,3.5773979732710943,7.180646273125928,0.5508605407356729,0.1876557886022622,0.19673590740559746,0.5536957243844183,3.955534688845743,37.15221984830823,41.10775453715397,40.36259886578648,0.09622356495465242,AR6 World GDP level and trajectory (unrebased),Fixed original NATO GDP share = 0.5018,IMAGE 3.0.1,SSP1-26,0.7451556713674918,2.8253819206050537,40.36259886578648,1.1301527682406896,0.7451556713674918,41.497422764264414,6.663337203542554,4.393409145192884
2025,SA1_AR6_fixed_split,SSP1-2.6,S3,"NATO→5%, nonNATO→3.5%",0.07,138.56683200039697,69.53283629779921,69.03399570259776,0.5018,0.027,0.022985547972701727,1.8773865800405787,1.5867842199693458,3.4641708000099243,0.9948795276468906,0.33891500392366597,0.3553141170167466,1.0,3.4464326092020245,45.78831895082689,49.23475156002892,49.23475156002892,0.07,AR6 World GDP level and trajectory (unrebased),Fixed original NATO GDP share = 0.5018,IMAGE 3.0.1,SSP1-26,0.0,3.4464326092020245,49.23475156002892,0.0,0.0,3.4464326092020245,0.0,0.0
2026,SA1_AR6_fixed_split,SSP1-2.6,S3,"NATO→5%, nonNATO→3.5%",0.07,144.59391012503605,72.55722410074308,72.03668602429296,0.5018,0.02817523080613562,0.023599450326672138,2.0443165356909425,1.7000261935283787,3.744342729219321,0.9399712682134423,0.32020999246831544,0.33570402436194363,0.9448091372798489,3.519574583810067,45.101438914979965,48.621013498790035,48.54075752720379,0.07238793127785487,AR6 World GDP level and trajectory (unrebased),Fixed original NATO GDP share = 0.5018,IMAGE 3.0.1,SSP1-26,0.0802559715862472,3.397853026904266,48.54075752720379,0.121721556905801,0.0802559715862472,6.966007193012091,0.121721556905801,0.0802559715862472
2027,SA1_AR6_fixed_split,SSP1-2.6,S3,"NATO→5%, nonNATO→3.5%",0.07,150.8831409610859,75.71316013427291,75.16998082681299,0.5018,0.029889421405294894,0.024494887749248,2.263022549179857,1.8412802424659085,4.1043027916457655,0.8879216461675213,0.3024788025405841,0.31711487363125757,0.8924916248579884,3.6442992911280614,44.397487207790434,48.0417864989185,47.847288178961975,0.0758568645487424,AR6 World GDP level and trajectory (unrebased),Fixed original NATO GDP share = 0.5018,IMAGE 3.0.1,SSP1-26,0.1944983199565229,3.349310172527339,47.84728817896198,0.2949891186007223,0.19449831995651579,10.610306484140153,0.4167106755065233,0.274754291542763
2028,SA1_AR6_fixed_split,SSP1-2.6,S3,"NATO→5%, nonNATO→3.5%",0.07,157.44592705596344,79.00636619668245,78.43956085928099,0.5018,0.03223517646908584,0.025720233909322272,2.546784156531277,2.017483853045227,4.564268009576503,0.838587344214411,0.28567261176534875,0.2994954800765753,0.842903407810446,3.8275373884335555,43.67410283080091,47.50164021923447,47.15434350972723,0.08057695209614468,AR6 World GDP level and trajectory (unrebased),Fixed original NATO GDP share = 0.5018,IMAGE 3.0.1,SSP1-26,0.34729670950724056,3.300804045680906,47.15434350972723,0.5267333427526495,0.34729670950724056,14.437843872573708,0.9434440182591728,0.6220510010500035
2029,SA1_AR6_fixed_split,SSP1-2.6,S3,"NATO→5%, nonNATO→3.5%",0.07,164.2941669202464,82.44281296057964,81.85135395966675,0.5018,0.03517969004118492,0.027258352042179364,2.900312606076575,2.2311330213616283,5.131445627438204,0.7918320431046485,0.26974498171696815,0.28279715825166013,0.7959074652762288,4.063243075254808,42.93334534515144,46.99658842040625,46.46192352236958,0.08645825605269933,AR6 World GDP level and trajectory (unrebased),Fixed original NATO GDP share = 0.5018,IMAGE 3.0.1,SSP1-26,0.5346648980366666,3.2523346465658713,46.46192352236959,0.8109084286889363,0.5346648980366595,18.501086947828515,1.754352446948109,1.156715899086663
2030,SA1_AR6_fixed_split,SSP1-2.6,S3,"NATO→5%, nonNATO→3.5%",0.07,171.44027659999995,86.02873079787997,85.41154580211997,0.5018,0.03849999999998644,0.028992773986343784,3.3121061357172126,2.4763176432651144,5.788423778982327,0.7475260863345362,0.25465174369638044,0.26697360226233435,0.7513734734321051,4.326997773548426,42.183533167408314,46.51053094095674,45.77002821675297,0.09303264628480325,AR6 World GDP level and trajectory (unrebased),Fixed original NATO GDP share = 0.5018,IMAGE 3.0.1,SSP1-26,0.7405027242037718,3.2039019751727085,45.77002821675297,1.1230957983757173,0.7405027242037718,22.828084721376943,2.8774482453238264,1.897218623290435
2031,SA1_AR6_fixed_split,SSP1-2.6,S3,"NATO→5%, nonNATO→3.5%",0.07,177.7089843520823,89.1743683478749,88.5346160042074,0.5018,0.041820309958787966,0.0307271959305082,3.7292997246872592,2.7204204925935875,6.449720217280847,0.7040944722544756,0.23985635868009608,0.2514623115194556,0.7077183243681919,4.541212352575379,41.077623485606246,45.618835838181624,44.687111982949375,0.09954687069796986,AR6 World GDP level and trajectory (unrebased),Fixed original NATO GDP share = 0.5018,IMAGE 3.0.1,SSP1-26,0.9317238552322493,3.1280978388064566,44.687111982949375,1.4131145137689227,0.9317238552322493,27.36929707395232,4.290562759092749,2.828942478522684
2032,SA1_AR6_fixed_split,SSP1-2.6,S3,"NATO→5%, nonNATO→3.5%",0.07,184.20690718512637,92.43502602549641,91.77188115962996,0.5018,0.04476482353088705,0.032265314063365295,4.137837628104299,2.961048567801297,7.098886195905596,0.6628076681179348,0.2257916232050107,0.2367170243278338,0.6662190242125305,4.7051962057427845,39.98950754178326,44.69470374752605,43.60491092949658,0.1052741334257804,AR6 World GDP level and trajectory (unrebased),Fixed original NATO GDP share = 0.5018,IMAGE 3.0.1,SSP1-26,1.0897928180294656,3.052343765064762,43.60491092949658,1.6528524406780227,1.0897928180294656,32.074493279695105,5.943415199770772,3.91873529655215
2033,SA1_AR6_fixed_split,SSP1-2.6,S3,"NATO→5%, nonNATO→3.5%",0.07,190.94242634059682,95.81490953771149,95.12751680288534,0.5018,0.04711057859467799,0.033490660223439564,4.513895826318318,3.1858833431449707,7.699779169463289,0.6235680170585901,0.21242426954743177,0.2227028632352107,0.6267774134758466,4.801336028491261,38.925185475265806,43.72652150375707,42.52342505912923,0.10980374983815533,AR6 World GDP level and trajectory (unrebased),Fixed original NATO GDP share = 0.5018,IMAGE 3.0.1,SSP1-26,1.203096444627839,2.976639754139047,42.52342505912924,1.8246962743522142,1.2030964446278318,36.87582930818637,7.7681114741229855,5.121831741179982
2034,SA1_AR6_fixed_split,SSP1-2.6,S3,"NATO→5%, nonNATO→3.5%",0.07,197.92422951976133,99.31837837301624,98.60585114674508,0.5018,0.04882476919383726,0.034386097646015426,4.849196900768717,3.3906704260004386,8.239867326769154,0.5862820965563048,0.19972247245324665,0.20938646305582312,0.5892995888084974,4.8308866916840145,37.884229802901544,42.71511649458556,41.44265437219176,0.11309548207123264,AR6 World GDP level and trajectory (unrebased),Fixed original NATO GDP share = 0.5018,IMAGE 3.0.1,SSP1-26,1.2724621223937973,2.9009858060534235,41.442654372191754,1.929900885630591,1.2724621223938044,41.70671599987038,9.698012359753577,6.394293863573786
2035,SA1_AR6_fixed_split,SSP1-2.6,S3,"NATO→5%, nonNATO→3.5%",0.07,205.16132208938131,102.94995142445156,102.21137066492976,0.5018,0.049999999999972886,0.03499999999998584,5.147497571219787,3.5773979732710943,8.724895544490881,0.5508605407356729,0.1876557886022622,0.19673590740559746,0.5536957243844183,4.80620067750051,36.86243253349176,41.668633210992276,40.36259886578648,0.1153433723915049,AR6 World GDP level and trajectory (unrebased),Fixed original NATO GDP share = 0.5018,IMAGE 3.0.1,SSP1-26,1.306034345205795,2.8253819206050537,40.36259886578648,1.9808187568954567,1.306034345205795,46.51291667737089,11.678831116649034,7.700328208779581
2025,SA1_AR6_fixed_split,SSP2-4.5,S0,Baseline,0.07,132.3421461836991,66.40928895498021,65.93285722871889,0.5018,0.027,0.022985547972701727,1.7930508017844657,1.515502852808012,3.308553654592478,1.1582938971955066,0.39458363530835944,0.41367639185553806,1.0,3.832277506658357,50.914544017032455,54.74682152369081,54.74682152369081,0.07,AR6 World GDP level and trajectory (unrebased),Fixed original NATO GDP share = 0.5018,MESSAGE-GLOBIOM 1.0,SSP2-45,0.0,3.832277506658357,54.74682152369081,0.0,0.0,3.832277506658357,0.0,0.0
2026,SA1_AR6_fixed_split,SSP2-4.5,S0,Baseline,0.07,136.9984651539472,68.74582981425071,68.25263533969648,0.5018,0.027,0.022985547972701727,1.8561374049847692,1.5688242238639107,3.42496162884868,1.1246632525781222,0.38312704208705267,0.40166544734932935,0.9709653614693026,3.8519284854562197,51.1756213067755,55.02754979223172,55.02754979223171,0.06999999999999999,AR6 World GDP level and trajectory (unrebased),Fixed original NATO GDP share = 0.5018,MESSAGE-GLOBIOM 1.0,SSP2-45,7.105427357601002e-15,3.8519284854562197,55.02754979223172,0.0,0.0,7.684205992114577,0.0,0.0
2027,SA1_AR6_fixed_split,SSP2-4.5,S0,Baseline,0.07,141.81861180100074,71.16457940174217,70.65403239925857,0.5018,0.027,0.022985547972701727,1.9214436438470386,1.62402165117798,3.5454652950250187,1.0919759310472754,0.37199180068643456,0.3899914039454555,0.9427451303086358,3.8715627665307477,51.43647675533708,55.30803952186783,55.308039521867826,0.06999999999999999,AR6 World GDP level and trajectory (unrebased),Fixed original NATO GDP share = 0.5018,MESSAGE-GLOBIOM 1.0,SSP2-45,7.105427357601002e-15,3.8715627665307477,55.30803952186783,0.0,0.0,11.555768758645325,0.0,0.0
2028,SA1_AR6_fixed_split,SSP2-4.5,S0,Baseline,0.07,146.8083502290495,73.66843014493703,73.13992008411246,0.5018,0.027,0.022985547972701727,1.9890476139133,1.6811611418129375,3.6702087557262377,1.0602068188790803,0.36116935588188454,0.3786452924568144,0.9153176248671279,3.891180349530662,51.697110358050224,55.58829070758089,55.58829070758088,0.06999999999999999,AR6 World GDP level and trajectory (unrebased),Fixed original NATO GDP share = 0.5018,MESSAGE-GLOBIOM 1.0,SSP2-45,7.105427357601002e-15,3.891180349530662,55.58829070758089,0.0,0.0,15.446949108175986,0.0,0.0
2029,SA1_AR6_fixed_split,SSP2-4.5,S0,Baseline,0.07,151.97364734621675,76.26037623833157,75.71327110788518,0.5018,0.027,0.022985547972701727,2.0590301584349526,1.7403110252204663,3.799341183655419,1.029331414689647,0.35065136104812156,0.3676183623891596,0.8886616921507511,3.9107812354606706,51.95752212826319,55.86830336372386,55.868303363723854,0.07,AR6 World GDP level and trajectory (unrebased),Fixed original NATO GDP share = 0.5018,MESSAGE-GLOBIOM 1.0,SSP2-45,7.105427357601002e-15,3.9107812354606706,55.86830336372386,0.0,0.0,19.357730343636657,0.0,0.0
2030,SA1_AR6_fixed_split,SSP2-4.5,S0,Baseline,0.07,157.32067999999987,78.94351722399993,78.37716277599993,0.5018,0.027,0.022985547972701727,2.1314749650479983,1.8015420349519986,3.933016999999997,0.9993258161225415,0.34042967362416254,0.356902077186622,0.8627566963290897,3.9303654233488263,52.21771205306298,56.14807747641181,56.14807747641181,0.06999999999999999,AR6 World GDP level and trajectory (unrebased),Fixed original NATO GDP share = 0.5018,MESSAGE-GLOBIOM 1.0,SSP2-45,0.0,3.9303654233488263,56.14807747641181,0.0,0.0,23.288095766985485,0.0,0.0
2031,SA1_AR6_fixed_split,SSP2-4.5,S0,Baseline,0.07,161.48654563007247,81.03394859717037,80.4525970329021,0.5018,0.027,0.022985547972701727,2.1879166121236,1.8492470286282119,4.037163640751812,0.9731798120431933,0.3315227931136153,0.3475642185868547,0.8401838379702106,3.9288861530944623,52.19805889111215,56.12694504420661,56.12694504420659,0.06999999999999999,AR6 World GDP level and trajectory (unrebased),Fixed original NATO GDP share = 0.5018,MESSAGE-GLOBIOM 1.0,SSP2-45,1.4210854715202004e-14,3.9288861530944623,56.12694504420661,0.0,0.0,27.216981920079945,0.0,0.0
2032,SA1_AR6_fixed_split,SSP2-4.5,S0,Baseline,0.07,165.76272375337751,83.17973477944484,82.58298897393267,0.5018,0.027,0.022985547972701727,2.2458528390450105,1.898215254789427,4.144068093834438,0.9477191930552313,0.3228493954363975,0.3384711403768683,0.8182026991162393,3.927412869854704,52.178485270926785,56.10589814078149,56.105898140781484,0.06999999999999999,AR6 World GDP level and trajectory (unrebased),Fixed original NATO GDP share = 0.5018,MESSAGE-GLOBIOM 1.0,SSP2-45,7.105427357601002e-15,3.927412869854704,56.10589814078149,0.0,0.0,31.14439478993465,0.0,0.0
2033,SA1_AR6_fixed_split,SSP2-4.5,S0,Baseline,0.07,170.15213545456908,85.38234157110277,84.7697938834663,0.5018,0.027,0.022985547972701727,2.3053232224197746,1.9484801639444522,4.253803386364227,0.9229259597607133,0.3144033489294738,0.3296164142002547,0.7967977401895385,3.925945572993577,52.15899118405752,56.084936757051096,56.08493675705109,0.07,AR6 World GDP level and trajectory (unrebased),Fixed original NATO GDP share = 0.5018,MESSAGE-GLOBIOM 1.0,SSP2-45,7.105427357601002e-15,3.925945572993577,56.084936757051096,0.0,0.0,35.07034036292823,0.0,0.0
2034,SA1_AR6_fixed_split,SSP2-4.5,S0,Baseline,0.07,174.65777916888334,87.64327358694567,87.01450558193767,0.5018,0.027,0.022985547972701727,2.366368386847533,2.0000760923745506,4.366444479222084,0.8987825864769503,0.30617868330533476,0.3209937808846251,0.7759538305892034,3.9244842627432246,52.13957663358856,56.06406089633179,56.064060896331775,0.06999999999999999,AR6 World GDP level and trajectory (unrebased),Fixed original NATO GDP share = 0.5018,MESSAGE-GLOBIOM 1.0,SSP2-45,1.4210854715202004e-14,3.9244842627432246,56.06406089633179,0.0,0.0,38.99482462567145,0.0,0.0
2035,SA1_AR6_fixed_split,SSP2-4.5,S0,Baseline,0.07,179.28273273038877,89.96407528410909,89.31865744627969,0.5018,0.027,0.022985547972701727,2.429030032670945,2.053038285588774,4.482068318259719,0.8752720086879081,0.2981695853771995,0.3125971459599672,0.7556562378573702,3.9230289399996185,52.12024163142352,56.043270571423136,56.04327057142313,0.06999999999999998,AR6 World GDP level and trajectory (unrebased),Fixed original NATO GDP share = 0.5018,MESSAGE-GLOBIOM 1.0,SSP2-45,7.105427357601002e-15,3.9230289399996185,56.043270571423136,0.0,0.0,42.91785356567107,0.0,0.0
2025,SA1_AR6_fixed_split,SSP2-4.5,S1,"NATO→3.5%, nonNATO holds",0.07,132.3421461836991,66.40928895498021,65.93285722871889,0.5018,0.027,0.022985547972701727,1.7930508017844657,1.515502852808012,3.308553654592478,1.1582938971955066,0.39458363530835944,0.41367639185553806,1.0,3.832277506658357,50.914544017032455,54.74682152369081,54.74682152369081,0.07,AR6 World GDP level and trajectory (unrebased),Fixed original NATO GDP share = 0.5018,MESSAGE-GLOBIOM 1.0,SSP2-45,0.0,3.832277506658357,54.74682152369081,0.0,0.0,3.832277506658357,0.0,0.0
2026,SA1_AR6_fixed_split,SSP2-4.5,S1,"NATO→3.5%, nonNATO holds",0.07,136.9984651539472,68.74582981425071,68.25263533969648,0.5018,0.02740877593256891,0.022985547972701727,1.8842390456773133,1.5688242238639107,3.4530632695412242,1.1246632525781222,0.38312704208705267,0.40166544734932935,0.9709653614693026,3.883533368080278,51.16485480829917,55.04838817637945,55.02754979223171,0.07054763085228083,AR6 World GDP level and trajectory (unrebased),Fixed original NATO GDP share = 0.5018,MESSAGE-GLOBIOM 1.0,SSP2-45,0.020838384147737088,3.8519284854562197,55.02754979223172,0.03160488262405847,0.020838384147729982,7.715810874738635,0.03160488262405847,0.020838384147729982
2027,SA1_AR6_fixed_split,SSP2-4.5,S1,"NATO→3.5%, nonNATO holds",0.07,141.81861180100074,71.16457940174217,70.65403239925857,0.5018,0.028005016140972137,0.022985547972701727,1.9929651948112828,1.62402165117798,3.6169868459892625,1.0919759310472754,0.37199180068643456,0.3899914039454555,0.9427451303086358,3.949662578734873,51.40987132480601,55.359533903540886,55.308039521867826,0.07134566171775962,AR6 World GDP level and trajectory (unrebased),Fixed original NATO GDP share = 0.5018,MESSAGE-GLOBIOM 1.0,SSP2-45,0.05149438167305931,3.8715627665307477,55.30803952186783,0.07809981220412521,0.0514943816730522,11.665473453473508,0.10970469482818368,0.07233276582078219
2028,SA1_AR6_fixed_split,SSP2-4.5,S1,"NATO→3.5%, nonNATO holds",0.07,146.8083502290495,73.66843014493703,73.13992008411246,0.5018,0.028820930945768986,0.022985547972701727,2.1231927380904367,1.6811611418129375,3.804353879903374,1.0602068188790803,0.36116935588188454,0.3786452924568144,0.9153176248671279,4.033401924902643,51.64866124995647,55.68206317485911,55.58829070758088,0.07243628728764051,AR6 World GDP level and trajectory (unrebased),Fixed original NATO GDP share = 0.5018,MESSAGE-GLOBIOM 1.0,SSP2-45,0.09377246727822808,3.891180349530662,55.58829070758089,0.14222157537198088,0.09377246727822097,15.698875378376151,0.25192627020016456,0.16610523309900316
2029,SA1_AR6_fixed_split,SSP2-4.5,S1,"NATO→3.5%, nonNATO holds",0.07,151.97364734621675,76.26037623833157,75.71327110788518,0.5018,0.029845109579542582,0.022985547972701727,2.275999285410151,1.7403110252204663,4.016310310630617,1.029331414689647,0.35065136104812156,0.3676183623891596,0.8886616921507511,4.134114373874029,51.88144160858392,56.01555598245795,55.868303363723854,0.07380296957453542,AR6 World GDP level and trajectory (unrebased),Fixed original NATO GDP share = 0.5018,MESSAGE-GLOBIOM 1.0,SSP2-45,0.14725261873409323,3.9107812354606706,55.86830336372386,0.22333313841335833,0.14725261873408613,19.832989752250178,0.4752594086135229,0.3133578518330893
2030,SA1_AR6_fixed_split,SSP2-4.5,S1,"NATO→3.5%, nonNATO holds",0.07,157.32067999999987,78.94351722399993,78.37716277599993,0.5018,0.030999999999995285,0.022985547972701727,2.4472490339436255,1.8015420349519986,4.248791068895624,0.9993258161225415,0.34042967362416254,0.356902077186622,0.8627566963290897,4.245926602458285,52.11021318984987,56.356139792308156,56.14807747641181,0.07534097647755846,AR6 World GDP level and trajectory (unrebased),Fixed original NATO GDP share = 0.5018,MESSAGE-GLOBIOM 1.0,SSP2-45,0.20806231589634905,3.9303654233488263,56.14807747641181,0.3155611791094586,0.20806231589634905,24.078916354708465,0.7908205877229815,0.5214201677294383
2031,SA1_AR6_fixed_split,SSP2-4.5,S1,"NATO→3.5%, nonNATO holds",0.07,161.48654563007247,81.03394859717037,80.4525970329021,0.5018,0.03215489042044799,0.022985547972701727,2.605637737478228,1.8492470286282119,4.45488476610644,0.9731798120431933,0.3315227931136153,0.3475642185868547,0.8401838379702106,4.335403919353551,52.05957481689202,56.39497873624557,56.12694504420659,0.0768757080241108,AR6 World GDP level and trajectory (unrebased),Fixed original NATO GDP share = 0.5018,MESSAGE-GLOBIOM 1.0,SSP2-45,0.2680336920389763,3.9288861530944623,56.12694504420661,0.40651776625908864,0.2680336920389621,28.414320274062014,1.1973383539820701,0.7894538597684004
2032,SA1_AR6_fixed_split,SSP2-4.5,S1,"NATO→3.5%, nonNATO holds",0.07,165.76272375337751,83.17973477944484,82.58298897393267,0.5018,0.033179069054221584,0.022985547972701727,2.7598261641590374,1.898215254789427,4.658041418948464,0.9477191930552313,0.3228493954363975,0.3384711403768683,0.8182026991162393,4.414515254783684,52.01254929364329,56.42706454842697,56.105898140781484,0.07823400508447587,AR6 World GDP level and trajectory (unrebased),Fixed original NATO GDP share = 0.5018,MESSAGE-GLOBIOM 1.0,SSP2-45,0.3211664076454852,3.927412869854704,56.10589814078149,0.4871023849289795,0.3211664076454781,32.8288355288457,1.6844407389110496,1.1106202674138785
2033,SA1_AR6_fixed_split,SSP2-4.5,S1,"NATO→3.5%, nonNATO holds",0.07,170.15213545456908,85.38234157110277,84.7697938834663,0.5018,0.03399498385901843,0.022985547972701727,2.902571323554837,1.9484801639444522,4.851051487499289,0.9229259597607133,0.3144033489294738,0.3296164142002547,0.7967977401895385,4.477161349948918,51.97121438091889,56.4483757308678,56.08493675705109,0.07931426355463157,AR6 World GDP level and trajectory (unrebased),Fixed original NATO GDP share = 0.5018,MESSAGE-GLOBIOM 1.0,SSP2-45,0.363438973816713,3.925945572993577,56.084936757051096,0.5512157769553405,0.36343897381670587,37.305996878794616,2.23565651586639,1.4740592412305844
2034,SA1_AR6_fixed_split,SSP2-4.5,S1,"NATO→3.5%, nonNATO holds",0.07,174.65777916888334,87.64327358694567,87.01450558193767,0.5018,0.034591224067421655,0.022985547972701727,3.0316881146483756,2.0000760923745506,5.031764207022926,0.8987825864769503,0.30617868330533476,0.3209937808846251,0.7759538305892034,4.5224620485302065,51.935869915353436,56.458331963883644,56.064060896331775,0.08010265077302005,AR6 World GDP level and trajectory (unrebased),Fixed original NATO GDP share = 0.5018,MESSAGE-GLOBIOM 1.0,SSP2-45,0.3942710675518697,3.9244842627432246,56.06406089633179,0.5979777857869819,0.3942710675518555,41.828458927324824,2.833634301653372,1.8683303087824399
2035,SA1_AR6_fixed_split,SSP2-4.5,S1,"NATO→3.5%, nonNATO holds",0.07,179.28273273038877,89.96407528410909,89.31865744627969,0.5018,0.03499999999999057,0.022985547972701727,3.14874263494297,2.053038285588774,5.2017809205317445,0.8752720086879081,0.2981695853771995,0.3125971459599672,0.7556562378573702,4.552973235068255,51.90564522321332,56.45861845828158,56.04327057142313,0.08064266110996925,AR6 World GDP level and trajectory (unrebased),Fixed original NATO GDP share = 0.5018,MESSAGE-GLOBIOM 1.0,SSP2-45,0.4153478868584486,3.9230289399996185,56.043270571423136,0.6299442950686367,0.4153478868584415,46.38143216239308,3.4635785967220087,2.2836781956408814
2025,SA1_AR6_fixed_split,SSP2-4.5,S2,"NATO→3.5%, nonNATO→3.5%",0.07,132.3421461836991,66.40928895498021,65.93285722871889,0.5018,0.027,0.022985547972701727,1.7930508017844657,1.515502852808012,3.308553654592478,1.1582938971955066,0.39458363530835944,0.41367639185553806,1.0,3.832277506658357,50.914544017032455,54.74682152369081,54.74682152369081,0.07,AR6 World GDP level and trajectory (unrebased),Fixed original NATO GDP share = 0.5018,MESSAGE-GLOBIOM 1.0,SSP2-45,0.0,3.832277506658357,54.74682152369081,0.0,0.0,3.832277506658357,0.0,0.0
2026,SA1_AR6_fixed_split,SSP2-4.5,S2,"NATO→3.5%, nonNATO→3.5%",0.07,136.9984651539472,68.74582981425071,68.25263533969648,0.5018,0.02740877593256891,0.023599450326672138,1.8842390456773133,1.6107246773636346,3.494963723040948,1.1246632525781222,0.38312704208705267,0.40166544734932935,0.9709653614693026,3.9306572683977756,51.14880161148772,55.07945887988549,55.02754979223171,0.07136339659707905,AR6 World GDP level and trajectory (unrebased),Fixed original NATO GDP share = 0.5018,MESSAGE-GLOBIOM 1.0,SSP2-45,0.051909087653783104,3.8519284854562197,55.02754979223172,0.07872878294155594,0.051909087653776,7.762934775056133,0.07872878294155594,0.051909087653776
2027,SA1_AR6_fixed_split,SSP2-4.5,S2,"NATO→3.5%, nonNATO→3.5%",0.07,141.81861180100074,71.16457940174217,70.65403239925857,0.5018,0.028005016140972137,0.024494887749248,1.9929651948112828,1.73066259265157,3.7236277874628527,1.0919759310472754,0.37199180068643456,0.3899914039454555,0.9427451303086358,4.066111920088255,51.37020176896036,55.43631368904861,55.308039521867826,0.07334744411209851,AR6 World GDP level and trajectory (unrebased),Fixed original NATO GDP share = 0.5018,MESSAGE-GLOBIOM 1.0,SSP2-45,0.1282741671807841,3.8715627665307477,55.30803952186783,0.19454915355750702,0.128274167180777,11.829046695144388,0.27327793649906296,0.180183254834553
2028,SA1_AR6_fixed_split,SSP2-4.5,S2,"NATO→3.5%, nonNATO→3.5%",0.07,146.8083502290495,73.66843014493703,73.13992008411246,0.5018,0.028820930945768986,0.025720233909322272,2.1231927380904367,1.8811758526725104,4.004368590762947,1.0602068188790803,0.36116935588188454,0.3786452924568144,0.9153176248671279,4.2454588852320905,51.576422065668424,55.821880950900514,55.58829070758088,0.07605366950938623,AR6 World GDP level and trajectory (unrebased),Fixed original NATO GDP share = 0.5018,MESSAGE-GLOBIOM 1.0,SSP2-45,0.2335902433196324,3.891180349530662,55.58829070758089,0.3542785357014284,0.2335902433196253,16.074505580376478,0.6275564722004914,0.4137734981541783
2029,SA1_AR6_fixed_split,SSP2-4.5,S2,"NATO→3.5%, nonNATO→3.5%",0.07,151.97364734621675,76.26037623833157,75.71327110788518,0.5018,0.029845109579542582,0.027258352042179364,2.275999285410151,2.063818998123702,4.3398182835338535,1.029331414689647,0.35065136104812156,0.3676183623891596,0.8886616921507511,4.467111293285897,51.76800309757549,56.23511439086138,55.868303363723854,0.07943633335992352,AR6 World GDP level and trajectory (unrebased),Fixed original NATO GDP share = 0.5018,MESSAGE-GLOBIOM 1.0,SSP2-45,0.3668110271375298,3.9107812354606706,55.86830336372386,0.5563300578252264,0.36681102713752267,20.541616873662374,1.1838865300257178,0.780584525291701
2030,SA1_AR6_fixed_split,SSP2-4.5,S2,"NATO→3.5%, nonNATO→3.5%",0.07,157.32067999999987,78.94351722399993,78.37716277599993,0.5018,0.030999999999995285,0.028992773986343784,2.4472490339436255,2.2723713660554434,4.719620399999069,0.9993258161225415,0.34042967362416254,0.356902077186622,0.8627566963290897,4.716438508017665,51.949928914329654,56.66636742234732,56.14807747641181,0.0832317073170577,AR6 World GDP level and trajectory (unrebased),Fixed original NATO GDP share = 0.5018,MESSAGE-GLOBIOM 1.0,SSP2-45,0.5182899459355141,3.9303654233488263,56.14807747641181,0.7860730846688391,0.5182899459355141,25.25805538168004,1.9699596146945568,1.298874471227215
2031,SA1_AR6_fixed_split,SSP2-4.5,S2,"NATO→3.5%, nonNATO→3.5%",0.07,161.48654563007247,81.03394859717037,80.4525970329021,0.5018,0.03215489042044799,0.0307271959305082,2.605637737478228,2.4720827121482056,5.077720449626433,0.9731798120431933,0.3315227931136153,0.3475642185868547,0.8401838379702106,4.941535032775331,51.85309059144063,56.79462562421597,56.12694504420659,0.08700708875996833,AR6 World GDP level and trajectory (unrebased),Fixed original NATO GDP share = 0.5018,MESSAGE-GLOBIOM 1.0,SSP2-45,0.6676805800093746,3.9288861530944623,56.12694504420661,1.0126488796808686,0.6676805800093604,30.199590414455372,2.9826084943754254,1.9665550512365755
2032,SA1_AR6_fixed_split,SSP2-4.5,S2,"NATO→3.5%, nonNATO→3.5%",0.07,165.76272375337751,83.17973477944484,82.58298897393267,0.5018,0.033179069054221584,0.032265314063365295,2.7598261641590374,2.664566075535371,5.424392239694408,0.9477191930552313,0.3228493954363975,0.3384711403768683,0.8182026991162393,5.140800636218244,51.765133394473274,56.90593403069152,56.105898140781484,0.09033856879399635,AR6 World GDP level and trajectory (unrebased),Fixed original NATO GDP share = 0.5018,MESSAGE-GLOBIOM 1.0,SSP2-45,0.8000358899100348,3.927412869854704,56.10589814078149,1.2133877663635397,0.8000358899100277,35.34039105067362,4.195996260738966,2.766590941146603
2033,SA1_AR6_fixed_split,SSP2-4.5,S2,"NATO→3.5%, nonNATO→3.5%",0.07,170.15213545456908,85.38234157110277,84.7697938834663,0.5018,0.03399498385901843,0.033490660223439564,2.902571323554837,2.8389963641621754,5.741567687717012,0.9229259597607133,0.3144033489294738,0.3296164142002547,0.7967977401895385,5.299041868717323,51.69123310529449,56.99027497401181,56.08493675705109,0.09298151081274382,AR6 World GDP level and trajectory (unrebased),Fixed original NATO GDP share = 0.5018,MESSAGE-GLOBIOM 1.0,SSP2-45,0.9053382169607218,3.925945572993577,56.084936757051096,1.3730962957237458,0.9053382169607147,40.63943291939094,5.569092556462711,3.671929158107318
2034,SA1_AR6_fixed_split,SSP2-4.5,S2,"NATO→3.5%, nonNATO→3.5%",0.07,174.65777916888334,87.64327358694567,87.01450558193767,0.5018,0.034591224067421655,0.034386097646015426,3.0316881146483756,2.992089285560263,6.023777400208639,0.8987825864769503,0.30617868330533476,0.3209937808846251,0.7759538305892034,5.41406623212092,51.63213662204231,57.04620285416323,56.064060896331775,0.0949066889861505,AR6 World GDP level and trajectory (unrebased),Fixed original NATO GDP share = 0.5018,MESSAGE-GLOBIOM 1.0,SSP2-45,0.9821419578314519,3.9244842627432246,56.06406089633179,1.4895819693776953,0.9821419578314377,46.05349915151186,7.058674525840406,4.6540711159387556
2035,SA1_AR6_fixed_split,SSP2-4.5,S2,"NATO→3.5%, nonNATO→3.5%",0.07,179.28273273038877,89.96407528410909,89.31865744627969,0.5018,0.03499999999999057,0.03499999999998584,3.14874263494297,3.1261530106185242,6.274895645561495,0.8752720086879081,0.2981695853771995,0.3125971459599672,0.7556562378573702,5.492240515997618,51.58567505058903,57.07791556658665,56.04327057142313,0.09622356495465244,AR6 World GDP level and trajectory (unrebased),Fixed original NATO GDP share = 0.5018,MESSAGE-GLOBIOM 1.0,SSP2-45,1.034644995163518,3.9230289399996185,56.043270571423136,1.5692115759979992,1.0346449951635108,51.54573966750947,8.627886101838406,5.688716111102266
2025,SA1_AR6_fixed_split,SSP2-4.5,S3,"NATO→5%, nonNATO→3.5%",0.07,132.3421461836991,66.40928895498021,65.93285722871889,0.5018,0.027,0.022985547972701727,1.7930508017844657,1.515502852808012,3.308553654592478,1.1582938971955066,0.39458363530835944,0.41367639185553806,1.0,3.832277506658357,50.914544017032455,54.74682152369081,54.74682152369081,0.07,AR6 World GDP level and trajectory (unrebased),Fixed original NATO GDP share = 0.5018,MESSAGE-GLOBIOM 1.0,SSP2-45,0.0,3.832277506658357,54.74682152369081,0.0,0.0,3.832277506658357,0.0,0.0
2026,SA1_AR6_fixed_split,SSP2-4.5,S3,"NATO→5%, nonNATO→3.5%",0.07,136.9984651539472,68.74582981425071,68.25263533969648,0.5018,0.02817523080613562,0.023599450326672138,1.9369296219758332,1.6107246773636346,3.5476542993394675,1.1246632525781222,0.38312704208705267,0.40166544734932935,0.9709653614693026,3.9899164233178848,51.12861442684461,55.11853085016249,55.02754979223171,0.07238793127785484,AR6 World GDP level and trajectory (unrebased),Fixed original NATO GDP share = 0.5018,MESSAGE-GLOBIOM 1.0,SSP2-45,0.09098105793078304,3.8519284854562197,55.02754979223172,0.13798793786166508,0.09098105793077593,7.822193929976242,0.13798793786166508,0.09098105793077593
2027,SA1_AR6_fixed_split,SSP2-4.5,S3,"NATO→5%, nonNATO→3.5%",0.07,141.81861180100074,71.16457940174217,70.65403239925857,0.5018,0.029889421405294894,0.024494887749248,2.1270681028692406,1.73066259265157,3.857730695520811,1.0919759310472754,0.37199180068643456,0.3899914039454555,0.9427451303086358,4.212549067970991,51.32031658671458,55.53286565468557,55.308039521867826,0.07585686454874237,AR6 World GDP level and trajectory (unrebased),Fixed original NATO GDP share = 0.5018,MESSAGE-GLOBIOM 1.0,SSP2-45,0.22482613281774633,3.8715627665307477,55.30803952186783,0.340986301440243,0.22482613281773922,12.034742997947232,0.4789742393019081,0.31580719074851515
2028,SA1_AR6_fixed_split,SSP2-4.5,S3,"NATO→5%, nonNATO→3.5%",0.07,146.8083502290495,73.66843014493703,73.13992008411246,0.5018,0.03223517646908584,0.025720233909322272,2.374714845922568,1.8811758526725104,4.255890698595079,1.0602068188790803,0.36116935588188454,0.3786452924568144,0.9153176248671279,4.512124339054555,51.48557998799264,55.99770432704719,55.58829070758088,0.08057695209614468,AR6 World GDP level and trajectory (unrebased),Fixed original NATO GDP share = 0.5018,MESSAGE-GLOBIOM 1.0,SSP2-45,0.4094136194663065,3.891180349530662,55.58829070758089,0.6209439895238931,0.4094136194662994,16.546867337001785,1.0999182288258011,0.7252208102148145
2029,SA1_AR6_fixed_split,SSP2-4.5,S3,"NATO→5%, nonNATO→3.5%",0.07,151.97364734621675,76.26037623833157,75.71327110788518,0.5018,0.03517969004118492,0.027258352042179364,2.6828163984886486,2.063818998123702,4.7466353966123505,1.029331414689647,0.35065136104812156,0.3676183623891596,0.8886616921507511,4.885860927810945,51.62535212317684,56.511213050987784,55.868303363723854,0.0864582560526993,AR6 World GDP level and trajectory (unrebased),Fixed original NATO GDP share = 0.5018,MESSAGE-GLOBIOM 1.0,SSP2-45,0.6429096872639306,3.9107812354606706,55.86830336372386,0.975079692350274,0.6429096872639235,21.43272826481273,2.074997921176075,1.368130497478738
2030,SA1_AR6_fixed_split,SSP2-4.5,S3,"NATO→5%, nonNATO→3.5%",0.07,157.32067999999987,78.94351722399993,78.37716277599993,0.5018,0.03849999999998644,0.028992773986343784,3.039325413122927,2.2723713660554434,5.31169677917837,0.9993258161225415,0.34042967362416254,0.356902077186622,0.8627566963290897,5.308115718847899,51.748368545805064,57.056484264652966,56.14807747641181,0.0930326462848032,AR6 World GDP level and trajectory (unrebased),Fixed original NATO GDP share = 0.5018,MESSAGE-GLOBIOM 1.0,SSP2-45,0.9084067882411588,3.9303654233488263,56.14807747641181,1.377750295499073,0.9084067882411588,26.740843983660632,3.452748216675148,2.276537285719897
2031,SA1_AR6_fixed_split,SSP2-4.5,S3,"NATO→5%, nonNATO→3.5%",0.07,161.48654563007247,81.03394859717037,80.4525970329021,0.5018,0.041820309958787966,0.0307271959305082,3.388864847518156,2.4720827121482056,5.860947559666362,0.9731798120431933,0.3315227931136153,0.3475642185868547,0.8401838379702106,5.703755844511122,51.5934329522779,57.29718879678902,56.12694504420659,0.09954687069796982,AR6 World GDP level and trajectory (unrebased),Fixed original NATO GDP share = 0.5018,MESSAGE-GLOBIOM 1.0,SSP2-45,1.1702437525824294,3.9288861530944623,56.12694504420661,1.7748696914166593,1.1702437525824152,32.444599828171754,5.2276179080918075,3.446781038302312
2032,SA1_AR6_fixed_split,SSP2-4.5,S3,"NATO→5%, nonNATO→3.5%",0.07,165.76272375337751,83.17973477944484,82.58298897393267,0.5018,0.04476482353088705,0.032265314063365295,3.7235261487478364,2.664566075535371,6.388092224283207,0.9477191930552313,0.3228493954363975,0.3384711403768683,0.8182026991162393,6.054117607960079,51.45400343706671,57.50812104502679,56.105898140781484,0.10527413342578039,AR6 World GDP level and trajectory (unrebased),Fixed original NATO GDP share = 0.5018,MESSAGE-GLOBIOM 1.0,SSP2-45,1.4022229042453063,3.927412869854704,56.10589814078149,2.126704738105375,1.4022229042452992,38.498717436131834,7.354322646197183,4.849003942547611
2033,SA1_AR6_fixed_split,SSP2-4.5,S3,"NATO→5%, nonNATO→3.5%",0.07,170.15213545456908,85.38234157110277,84.7697938834663,0.5018,0.04711057859467799,0.033490660223439564,4.022411513183079,2.8389963641621754,6.861407877345254,0.9229259597607133,0.3144033489294738,0.3296164142002547,0.7967977401895385,6.3325714505085875,51.339151599409554,57.67172304991814,56.08493675705109,0.10980374983815532,AR6 World GDP level and trajectory (unrebased),Fixed original NATO GDP share = 0.5018,MESSAGE-GLOBIOM 1.0,SSP2-45,1.5867862928670533,3.925945572993577,56.084936757051096,2.4066258775150104,1.5867862928670462,44.83128888664042,9.760948523712193,6.4357902354146574
2034,SA1_AR6_fixed_split,SSP2-4.5,S3,"NATO→5%, nonNATO→3.5%",0.07,174.65777916888334,87.64327358694567,87.01450558193767,0.5018,0.04882476919383726,0.034386097646015426,4.279162604274956,2.992089285560263,7.271251889835218,0.8987825864769503,0.30617868330533476,0.3209937808846251,0.7759538305892034,6.53527458047151,51.25018652535145,57.78546110582296,56.064060896331775,0.11309548207123261,AR6 World GDP level and trajectory (unrebased),Fixed original NATO GDP share = 0.5018,MESSAGE-GLOBIOM 1.0,SSP2-45,1.7214002094911862,3.9244842627432246,56.06406089633179,2.6107903177282856,1.721400209491172,51.36656346711193,12.371738841440479,8.15719044490583
2035,SA1_AR6_fixed_split,SSP2-4.5,S3,"NATO→5%, nonNATO→3.5%",0.07,179.28273273038877,89.96407528410909,89.31865744627969,0.5018,0.049999999999972886,0.03499999999998584,4.498203764203015,3.1261530106185242,7.624356774821539,0.8752720086879081,0.2981695853771995,0.3125971459599672,0.7556562378573702,6.673386069251309,51.183306785194915,57.85669285444622,56.04327057142313,0.11534337239150487,AR6 World GDP level and trajectory (unrebased),Fixed original NATO GDP share = 0.5018,MESSAGE-GLOBIOM 1.0,SSP2-45,1.813422283023094,3.9230289399996185,56.043270571423136,2.750357129251691,1.8134222830230868,58.03994953636324,15.12209597069217,9.970612727928916
2025,SA1_AR6_fixed_split,SSP3-7.0,S0,Baseline,0.07,131.57368822870808,66.02367675316572,65.55001147554236,0.5018,0.027,0.022985547972701727,1.7826392723354743,1.5067029333822277,3.289342205717702,1.4022143436308516,0.477677413764356,0.5007908370110185,1.0,4.6123628219677055,61.27853463471379,65.8908974566815,65.8908974566815,0.07,AR6 World GDP level and trajectory (unrebased),Fixed original NATO GDP share = 0.5018,MIGRATION 1.0,SSP3-7.0_zeromig,0.0,4.6123628219677055,65.8908974566815,0.0,0.0,4.6123628219677055,0.0,0.0
2026,SA1_AR6_fixed_split,SSP3-7.0,S0,Baseline,0.07,134.8941946705815,67.6899068856978,67.2042877848837,0.5018,0.027,0.022985547972701727,1.8276274859138404,1.544727380850697,3.372354866764537,1.390083691793186,0.4735449939075688,0.4964584613547093,0.9913489318571261,4.687855503228766,62.28150882861075,66.96936433183951,66.96936433183951,0.07,AR6 World GDP level and trajectory (unrebased),Fixed original NATO GDP share = 0.5018,MIGRATION 1.0,SSP3-7.0_zeromig,0.0,4.687855503228766,66.96936433183951,0.0,0.0,9.300218325196472,0.0,0.0
2027,SA1_AR6_fixed_split,SSP3-7.0,S0,Baseline,0.07,138.29850026089372,69.39818743091647,68.90031282997725,0.5018,0.027,0.022985547972701727,1.8737510606347445,1.5837114458875985,3.4574625065223428,1.3780332788175733,0.46943990816862385,0.49215474243484764,0.9827550866790704,4.7644983942518095,63.299764380774036,68.06426277502584,68.06426277502585,0.07,AR6 World GDP level and trajectory (unrebased),Fixed original NATO GDP share = 0.5018,MIGRATION 1.0,SSP3-7.0_zeromig,-1.4210854715202004e-14,4.7644983942518095,68.06426277502584,0.0,0.0,14.064716719448281,0.0,0.0
2028,SA1_AR6_fixed_split,SSP3-7.0,S0,Baseline,0.07,141.78871982682614,71.14957960910137,70.63914021772477,0.5018,0.027,0.022985547972701727,1.9210386494457368,1.6236793462249166,3.5447179956706534,1.3653263811150806,0.46511118477546703,0.4876165646839574,0.9736930643426066,4.839696993102515,64.29883147979056,69.13852847289309,69.13852847289309,0.06999999999999998,AR6 World GDP level and trajectory (unrebased),Fixed original NATO GDP share = 0.5018,MIGRATION 1.0,SSP3-7.0_zeromig,0.0,4.839696993102515,69.13852847289309,0.0,0.0,18.904413712550795,0.0,0.0
2029,SA1_AR6_fixed_split,SSP3-7.0,S0,Baseline,0.07,145.36702156715262,72.9451714223972,72.42185014475542,0.5018,0.027,0.022985547972701727,1.9695196284047243,1.6646559107740913,3.6341755391788153,1.351711512998603,0.4604731527797439,0.48275411178521543,0.9639835158856827,4.91235691656591,65.26417046294709,70.176527379513,70.17652737951302,0.06999999999999999,AR6 World GDP level and trajectory (unrebased),Fixed original NATO GDP share = 0.5018,MIGRATION 1.0,SSP3-7.0_zeromig,-1.4210854715202004e-14,4.91235691656591,70.176527379513,0.0,0.0,23.816770629116707,0.0,0.0
2030,SA1_AR6_fixed_split,SSP3-7.0,S0,Baseline,0.07,149.0356283991709,74.78607833070396,74.24955006846693,0.5018,0.027,0.022985547972701727,2.0192241149290067,1.7066665950502655,3.7258907099792724,1.3377012670684671,0.4557004316387086,0.4777504525244526,0.953992000684192,4.9841287236979035,66.21771018627214,71.20183890997005,71.20183890997005,0.07,AR6 World GDP level and trajectory (unrebased),Fixed original NATO GDP share = 0.5018,MIGRATION 1.0,SSP3-7.0_zeromig,0.0,4.9841287236979035,71.20183890997005,0.0,0.0,28.80089935281461,0.0,0.0
2031,SA1_AR6_fixed_split,SSP3-7.0,S0,Baseline,0.07,151.81959450515436,76.18307252268646,75.6365219824679,0.5018,0.027,0.022985547972701727,2.0569429581125345,1.7385469045163247,3.795489862628859,1.323025636164114,0.45070104089107177,0.47250915577289787,0.9435259610440949,5.021530390058992,66.71461803935516,71.73614842941416,71.73614842941417,0.07,AR6 World GDP level and trajectory (unrebased),Fixed original NATO GDP share = 0.5018,MIGRATION 1.0,SSP3-7.0_zeromig,-1.4210854715202004e-14,5.021530390058992,71.73614842941416,0.0,0.0,33.8224297428736,0.0,0.0
2032,SA1_AR6_fixed_split,SSP3-7.0,S0,Baseline,0.07,154.65556473500078,77.60616238402339,77.04940235097739,0.5018,0.027,0.022985547972701727,2.0953663843686314,1.771022734006388,3.8663891183750194,1.3090434882568591,0.44593789160398495,0.46751553152030684,0.9335544841648541,5.061271498475998,67.24260705118111,72.30387854965711,72.30387854965711,0.06999999999999999,AR6 World GDP level and trajectory (unrebased),Fixed original NATO GDP share = 0.5018,MIGRATION 1.0,SSP3-7.0_zeromig,0.0,5.061271498475998,72.30387854965711,0.0,0.0,38.8837012413496,0.0,0.0
2033,SA1_AR6_fixed_split,SSP3-7.0,S0,Baseline,0.07,157.54451051896345,79.05583537841586,78.48867514054758,0.5018,0.027,0.022985547972701727,2.1345075552172283,1.804105207756858,3.9386127629740866,1.2945635010823926,0.4410051487203755,0.46234410752942595,0.9232279693632921,5.098784327843529,67.74099178420688,72.83977611205042,72.83977611205042,0.07,AR6 World GDP level and trajectory (unrebased),Fixed original NATO GDP share = 0.5018,MIGRATION 1.0,SSP3-7.0_zeromig,0.0,5.098784327843529,72.83977611205042,0.0,0.0,43.98248556919313,0.0,0.0
2034,SA1_AR6_fixed_split,SSP3-7.0,S0,Baseline,0.07,160.48742143348534,80.53258807532295,79.95483335816239,0.5018,0.027,0.022985547972701727,2.1743798780337196,1.8378056578034139,4.012185535837133,1.2801738014858128,0.4361031631435186,0.45720492910207605,0.9129658438459339,5.136294809679016,68.23934532859262,73.37564013827163,73.37564013827166,0.07000000000000002,AR6 World GDP level and trajectory (unrebased),Fixed original NATO GDP share = 0.5018,MIGRATION 1.0,SSP3-7.0_zeromig,-2.842170943040401e-14,5.136294809679016,73.37564013827163,0.0,0.0,49.118780378872145,0.0,0.0
2035,SA1_AR6_fixed_split,SSP3-7.0,S0,Baseline,0.07,163.48530554016915,82.03692632005688,81.44837922011227,0.5018,0.027,0.022985547972701727,2.2149970106415355,1.872135627862693,4.087132638504229,1.2659446466160764,0.43125586862745463,0.4521230880771702,0.9028182120417322,5.174083683724268,68.74139751233672,73.91548119606098,73.91548119606098,0.06999999999999999,AR6 World GDP level and trajectory (unrebased),Fixed original NATO GDP share = 0.5018,MIGRATION 1.0,SSP3-7.0_zeromig,0.0,5.174083683724268,73.91548119606098,0.0,0.0,54.292864062596415,0.0,0.0
2025,SA1_AR6_fixed_split,SSP3-7.0,S1,"NATO→3.5%, nonNATO holds",0.07,131.57368822870808,66.02367675316572,65.55001147554236,0.5018,0.027,0.022985547972701727,1.7826392723354743,1.5067029333822277,3.289342205717702,1.4022143436308516,0.477677413764356,0.5007908370110185,1.0,4.6123628219677055,61.27853463471379,65.8908974566815,65.8908974566815,0.07,AR6 World GDP level and trajectory (unrebased),Fixed original NATO GDP share = 0.5018,MIGRATION 1.0,SSP3-7.0_zeromig,0.0,4.6123628219677055,65.8908974566815,0.0,0.0,4.6123628219677055,0.0,0.0
2026,SA1_AR6_fixed_split,SSP3-7.0,S1,"NATO→3.5%, nonNATO holds",0.07,134.8941946705815,67.6899068856978,67.2042877848837,0.5018,0.02740877593256891,0.022985547972701727,1.8552974907265443,1.544727380850697,3.400024871577241,1.390083691793186,0.4735449939075688,0.4964584613547093,0.9913489318571261,4.726319125670745,62.26840583635029,66.99472496202104,66.96936433183951,0.07054763085228084,AR6 World GDP level and trajectory (unrebased),Fixed original NATO GDP share = 0.5018,MIGRATION 1.0,SSP3-7.0_zeromig,0.025360630181523902,4.687855503228766,66.96936433183951,0.038463622441978984,0.025360630181523902,9.33868194763845,0.038463622441978984,0.025360630181523902
2027,SA1_AR6_fixed_split,SSP3-7.0,S1,"NATO→3.5%, nonNATO holds",0.07,138.29850026089372,69.39818743091647,68.90031282997725,0.5018,0.028005016140972137,0.022985547972701727,1.9434973591570253,1.5837114458875985,3.5272088050446238,1.3780332788175733,0.46943990816862385,0.49215474243484764,0.9827550866790704,4.860611114689857,63.26702268480064,68.1276337994905,68.06426277502585,0.07134566171775965,AR6 World GDP level and trajectory (unrebased),Fixed original NATO GDP share = 0.5018,MIGRATION 1.0,SSP3-7.0_zeromig,0.06337102446464371,4.7644983942518095,68.06426277502584,0.09611272043804764,0.06337102446465792,14.199293062328309,0.13457634288002662,0.08873165464618182
2028,SA1_AR6_fixed_split,SSP3-7.0,S1,"NATO→3.5%, nonNATO holds",0.07,141.78871982682614,71.14957960910137,70.63914021772477,0.5018,0.028820930945768986,0.022985547972701727,2.0505971207344036,1.6236793462249166,3.67427646695932,1.3653263811150806,0.46511118477546703,0.4876165646839574,0.9736930643426066,5.016586591849872,64.23857238571179,69.25515897756166,69.13852847289309,0.07243628728764051,AR6 World GDP level and trajectory (unrebased),Fixed original NATO GDP share = 0.5018,MIGRATION 1.0,SSP3-7.0_zeromig,0.11663050466857783,4.839696993102515,69.13852847289309,0.17688959874735755,0.11663050466857783,19.21587965417818,0.31146594162738417,0.20536215931475965
2029,SA1_AR6_fixed_split,SSP3-7.0,S1,"NATO→3.5%, nonNATO holds",0.07,145.36702156715262,72.9451714223972,72.42185014475542,0.5018,0.029845109579542582,0.022985547972701727,2.177056634399962,1.6646559107740913,3.8417125451740537,1.351711512998603,0.4604731527797439,0.48275411178521543,0.9639835158856827,5.1928870769429345,65.168605243478,70.36149232042094,70.17652737951302,0.07380296957453543,AR6 World GDP level and trajectory (unrebased),Fixed original NATO GDP share = 0.5018,MIGRATION 1.0,SSP3-7.0_zeromig,0.1849649409079177,4.91235691656591,70.176527379513,0.2805301603770243,0.18496494090793192,24.408766731121116,0.5919961020044084,0.39032710022269157
2030,SA1_AR6_fixed_split,SSP3-7.0,S1,"NATO→3.5%, nonNATO holds",0.07,149.0356283991709,74.78607833070396,74.24955006846693,0.5018,0.030999999999995285,0.022985547972701727,2.3183684282514703,1.7066665950502655,4.025035023301736,1.3377012670684671,0.4557004316387086,0.4777504525244526,0.953992000684192,5.3842944506656885,66.08138999356883,71.46568444423453,71.20183890997005,0.07534097647755846,AR6 World GDP level and trajectory (unrebased),Fixed original NATO GDP share = 0.5018,MIGRATION 1.0,SSP3-7.0_zeromig,0.2638455342644761,4.9841287236979035,71.20183890997005,0.40016572696778496,0.2638455342644761,29.793061181786804,0.9921618289721934,0.6541726344871677
2031,SA1_AR6_fixed_split,SSP3-7.0,S1,"NATO→3.5%, nonNATO holds",0.07,151.81959450515436,76.18307252268646,75.6365219824679,0.5018,0.03215489042044799,0.022985547972701727,2.449658348860025,1.7385469045163247,4.18820525337635,1.323025636164114,0.45070104089107177,0.47250915577289787,0.9435259610440949,5.541102919734129,66.53762080397134,72.07872372370547,71.73614842941417,0.0768757080241108,AR6 World GDP level and trajectory (unrebased),Fixed original NATO GDP share = 0.5018,MIGRATION 1.0,SSP3-7.0_zeromig,0.34257529429129363,5.021530390058992,71.73614842941416,0.5195725296751377,0.34257529429130784,35.33416410152093,1.511734358647331,0.9967479287784755
2032,SA1_AR6_fixed_split,SSP3-7.0,S1,"NATO→3.5%, nonNATO holds",0.07,154.65556473500078,77.60616238402339,77.04940235097739,0.5018,0.033179069054221584,0.022985547972701727,2.5749002207726455,1.771022734006388,4.3459229547790335,1.3090434882568591,0.44593789160398495,0.46751553152030684,0.9335544841648541,5.6890021444195025,67.02876474322233,72.71776688764183,72.30387854965711,0.07823400508447588,AR6 World GDP level and trajectory (unrebased),Fixed original NATO GDP share = 0.5018,MIGRATION 1.0,SSP3-7.0_zeromig,0.4138883379847158,5.061271498475998,72.30387854965711,0.6277306459435046,0.4138883379847158,41.02316624594044,2.1394650045908357,1.4106362667631913
2033,SA1_AR6_fixed_split,SSP3-7.0,S1,"NATO→3.5%, nonNATO holds",0.07,157.54451051896345,79.05583537841586,78.48867514054758,0.5018,0.03399498385901843,0.022985547972701727,2.6875018476504655,1.804105207756858,4.491607055407323,1.2945635010823926,0.4410051487203755,0.46234410752942595,0.9232279693632921,5.81467055513448,67.49711845403084,73.31178900916532,72.83977611205042,0.07931426355463156,AR6 World GDP level and trajectory (unrebased),Fixed original NATO GDP share = 0.5018,MIGRATION 1.0,SSP3-7.0_zeromig,0.472012897114908,5.098784327843529,72.83977611205042,0.7158862272909507,0.472012897114908,46.837836801074914,2.8553512318817864,1.8826491638780993
2034,SA1_AR6_fixed_split,SSP3-7.0,S1,"NATO→3.5%, nonNATO holds",0.07,160.48742143348534,80.53258807532295,79.95483335816239,0.5018,0.034591224067421655,0.022985547972701727,2.785720798842865,1.8378056578034139,4.623526456646279,1.2801738014858128,0.4361031631435186,0.45720492910207605,0.9129658438459339,5.918917440275097,67.97273761926868,73.89165505954378,73.37564013827166,0.08010265077302006,AR6 World GDP level and trajectory (unrebased),Fixed original NATO GDP share = 0.5018,MIGRATION 1.0,SSP3-7.0_zeromig,0.5160149212721166,5.136294809679016,73.37564013827163,0.7826226305960811,0.516014921272145,52.75675424135001,3.6379738624778675,2.3986640851502443
2035,SA1_AR6_fixed_split,SSP3-7.0,S1,"NATO→3.5%, nonNATO holds",0.07,163.48530554016915,82.03692632005688,81.44837922011227,0.5018,0.03499999999999057,0.022985547972701727,2.8712924212012174,1.872135627862693,4.74342804906391,1.2659446466160764,0.43125586862745463,0.4521230880771702,0.9028182120417322,6.0049173453209965,68.45836626497957,74.46328361030056,73.91548119606098,0.08064266110996926,AR6 World GDP level and trajectory (unrebased),Fixed original NATO GDP share = 0.5018,MIGRATION 1.0,SSP3-7.0_zeromig,0.5478024142395839,5.174083683724268,73.91548119606098,0.8308336615967287,0.5478024142395839,58.76167158667101,4.468807524074596,2.946466499389828
2025,SA1_AR6_fixed_split,SSP3-7.0,S2,"NATO→3.5%, nonNATO→3.5%",0.07,131.57368822870808,66.02367675316572,65.55001147554236,0.5018,0.027,0.022985547972701727,1.7826392723354743,1.5067029333822277,3.289342205717702,1.4022143436308516,0.477677413764356,0.5007908370110185,1.0,4.6123628219677055,61.27853463471379,65.8908974566815,65.8908974566815,0.07,AR6 World GDP level and trajectory (unrebased),Fixed original NATO GDP share = 0.5018,MIGRATION 1.0,SSP3-7.0_zeromig,0.0,4.6123628219677055,65.8908974566815,0.0,0.0,4.6123628219677055,0.0,0.0
2026,SA1_AR6_fixed_split,SSP3-7.0,S2,"NATO→3.5%, nonNATO→3.5%",0.07,134.8941946705815,67.6899068856978,67.2042877848837,0.5018,0.02740877593256891,0.023599450326672138,1.8552974907265443,1.585984251318742,3.4412817420452866,1.390083691793186,0.4735449939075688,0.4964584613547093,0.9913489318571261,4.783669628482799,62.24886885187586,67.03253848035867,66.96936433183951,0.07136339659707906,AR6 World GDP level and trajectory (unrebased),Fixed original NATO GDP share = 0.5018,MIGRATION 1.0,SSP3-7.0_zeromig,0.0631741485191526,4.687855503228766,66.96936433183951,0.09581412525403277,0.0631741485191526,9.396032450450505,0.09581412525403277,0.0631741485191526
2027,SA1_AR6_fixed_split,SSP3-7.0,S2,"NATO→3.5%, nonNATO→3.5%",0.07,138.29850026089372,69.39818743091647,68.90031282997725,0.5018,0.028005016140972137,0.024494887749248,1.9434973591570253,1.6877054286583646,3.63120278781539,1.3780332788175733,0.46943990816862385,0.49215474243484764,0.9827550866790704,5.0039182837447544,63.21820375907864,68.2221220428234,68.06426277502585,0.07334744411209852,AR6 World GDP level and trajectory (unrebased),Fixed original NATO GDP share = 0.5018,MIGRATION 1.0,SSP3-7.0_zeromig,0.1578592677975479,4.7644983942518095,68.06426277502584,0.2394198894929449,0.1578592677975621,14.399950734195258,0.33523401474697767,0.2210334163167147
2028,SA1_AR6_fixed_split,SSP3-7.0,S2,"NATO→3.5%, nonNATO→3.5%",0.07,141.78871982682614,71.14957960910137,70.63914021772477,0.5018,0.028820930945768986,0.025720233909322272,2.0505971207344036,1.8168552095532955,3.867452330287699,1.3653263811150806,0.46511118477546703,0.4876165646839574,0.9736930643426066,5.28033469424679,64.14872413104911,69.4290588252959,69.13852847289309,0.07605366950938623,AR6 World GDP level and trajectory (unrebased),Fixed original NATO GDP share = 0.5018,MIGRATION 1.0,SSP3-7.0_zeromig,0.29053035240281133,4.839696993102515,69.13852847289309,0.4406377011442748,0.29053035240281133,19.680285428442048,0.7758717158912525,0.511563768719526
2029,SA1_AR6_fixed_split,SSP3-7.0,S2,"NATO→3.5%, nonNATO→3.5%",0.07,145.36702156715262,72.9451714223972,72.42185014475542,0.5018,0.029845109579542582,0.027258352042179364,2.177056634399962,1.974100286791702,4.151156921191664,1.351711512998603,0.4604731527797439,0.48275411178521543,0.9639835158856827,5.6111666026386064,65.02611441604321,70.63728101868182,70.17652737951302,0.0794363333599235,AR6 World GDP level and trajectory (unrebased),Fixed original NATO GDP share = 0.5018,MIGRATION 1.0,SSP3-7.0_zeromig,0.4607536391688001,4.91235691656591,70.176527379513,0.6988096860726962,0.4607536391688143,25.291452031080656,1.4746814019639487,0.9723174078883403
2030,SA1_AR6_fixed_split,SSP3-7.0,S2,"NATO→3.5%, nonNATO→3.5%",0.07,149.0356283991709,74.78607833070396,74.24955006846693,0.5018,0.030999999999995285,0.028992773986343784,2.3183684282514703,2.1527004237227785,4.471068851974248,1.3377012670684671,0.4557004316387086,0.4777504525244526,0.953992000684192,5.980954468436309,65.8781321853173,71.85908665375361,71.20183890997005,0.08323170731705772,AR6 World GDP level and trajectory (unrebased),Fixed original NATO GDP share = 0.5018,MIGRATION 1.0,SSP3-7.0_zeromig,0.6572477437835573,4.9841287236979035,71.20183890997005,0.9968257447384055,0.6572477437835573,31.272406499516965,2.471507146702354,1.6295651516718976
2031,SA1_AR6_fixed_split,SSP3-7.0,S2,"NATO→3.5%, nonNATO→3.5%",0.07,151.81959450515436,76.18307252268646,75.6365219824679,0.5018,0.03215489042044799,0.0307271959305082,2.449658348860025,2.3240982304574818,4.7737565793175065,1.323025636164114,0.45070104089107177,0.47250915577289787,0.9435259610440949,6.315802335244168,66.27371221187451,72.58951454711868,71.73614842941417,0.08700708875996833,AR6 World GDP level and trajectory (unrebased),Fixed original NATO GDP share = 0.5018,MIGRATION 1.0,SSP3-7.0_zeromig,0.8533661177045104,5.021530390058992,71.73614842941416,1.2942719451851765,0.8533661177045246,37.58820883476113,3.7657790918875307,2.4829312693764223
2032,SA1_AR6_fixed_split,SSP3-7.0,S2,"NATO→3.5%, nonNATO→3.5%",0.07,154.65556473500078,77.60616238402339,77.04940235097739,0.5018,0.033179069054221584,0.032265314063365295,2.5749002207726455,2.4860231652488816,5.060923386021527,1.3090434882568591,0.44593789160398495,0.46751553152030684,0.9335544841648541,6.624968803038334,66.70991895841811,73.33488776145644,72.30387854965711,0.09033856879399635,AR6 World GDP level and trajectory (unrebased),Fixed original NATO GDP share = 0.5018,MIGRATION 1.0,SSP3-7.0_zeromig,1.0310092117993293,5.061271498475998,72.30387854965711,1.5636973045623357,1.0310092117993293,44.21317763779947,5.329476396449866,3.5139404811757515
2033,SA1_AR6_fixed_split,SSP3-7.0,S2,"NATO→3.5%, nonNATO→3.5%",0.07,157.54451051896345,79.05583537841586,78.48867514054758,0.5018,0.03399498385901843,0.033490660223439564,2.6875018476504655,2.628637550520007,5.316139398170472,1.2945635010823926,0.4410051487203755,0.46234410752942595,0.9232279693632921,6.88208003153761,67.13349544558582,74.01557547712343,72.83977611205042,0.09298151081274383,AR6 World GDP level and trajectory (unrebased),Fixed original NATO GDP share = 0.5018,MIGRATION 1.0,SSP3-7.0_zeromig,1.1757993650730185,5.098784327843529,72.83977611205042,1.7832957036940806,1.1757993650730185,51.09525766933707,7.112772100143947,4.68973984624877
2034,SA1_AR6_fixed_split,SSP3-7.0,S2,"NATO→3.5%, nonNATO→3.5%",0.07,160.48742143348534,80.53258807532295,79.95483335816239,0.5018,0.034591224067421655,0.034386097646015426,2.785720798842865,2.7493347071246634,5.535055505967529,1.2801738014858128,0.4361031631435186,0.45720492910207605,0.9129658438459339,7.085833048509431,67.57521691756249,74.66104996607191,73.37564013827166,0.09490668898615053,AR6 World GDP level and trajectory (unrebased),Fixed original NATO GDP share = 0.5018,MIGRATION 1.0,SSP3-7.0_zeromig,1.285409827800251,5.136294809679016,73.37564013827163,1.9495382388304154,1.2854098278002795,58.18109071784651,9.062310338974363,5.9751496740490495
2035,SA1_AR6_fixed_split,SSP3-7.0,S2,"NATO→3.5%, nonNATO→3.5%",0.07,163.48530554016915,82.03692632005688,81.44837922011227,0.5018,0.03499999999999057,0.03499999999998584,2.8712924212012174,2.8506932727027765,5.721985693903994,1.2659446466160764,0.43125586862745463,0.4521230880771702,0.9028182120417322,7.243717157211536,68.03635753785203,75.28007469506356,73.91548119606098,0.09622356495465244,AR6 World GDP level and trajectory (unrebased),Fixed original NATO GDP share = 0.5018,MIGRATION 1.0,SSP3-7.0_zeromig,1.3645934990025808,5.174083683724268,73.91548119606098,2.0696334734872686,1.3645934990025808,65.42480787505804,11.131943812461632,7.33974317305163
2025,SA1_AR6_fixed_split,SSP3-7.0,S3,"NATO→5%, nonNATO→3.5%",0.07,131.57368822870808,66.02367675316572,65.55001147554236,0.5018,0.027,0.022985547972701727,1.7826392723354743,1.5067029333822277,3.289342205717702,1.4022143436308516,0.477677413764356,0.5007908370110185,1.0,4.6123628219677055,61.27853463471379,65.8908974566815,65.8908974566815,0.07,AR6 World GDP level and trajectory (unrebased),Fixed original NATO GDP share = 0.5018,MIGRATION 1.0,SSP3-7.0_zeromig,0.0,4.6123628219677055,65.8908974566815,0.0,0.0,4.6123628219677055,0.0,0.0
2026,SA1_AR6_fixed_split,SSP3-7.0,S3,"NATO→5%, nonNATO→3.5%",0.07,134.8941946705815,67.6899068856978,67.2042877848837,0.5018,0.02817523080613562,0.023599450326672138,1.907178749750364,1.585984251318742,3.493163001069106,1.390083691793186,0.4735449939075688,0.4964584613547093,0.9913489318571261,4.855788920561508,62.22430074138751,67.08008966194902,66.96936433183951,0.07238793127785487,AR6 World GDP level and trajectory (unrebased),Fixed original NATO GDP share = 0.5018,MIGRATION 1.0,SSP3-7.0_zeromig,0.1107253301095028,4.687855503228766,66.96936433183951,0.16793341733274225,0.1107253301095028,9.468151742529214,0.16793341733274225,0.1107253301095028
2027,SA1_AR6_fixed_split,SSP3-7.0,S3,"NATO→5%, nonNATO→3.5%",0.07,138.29850026089372,69.39818743091647,68.90031282997725,0.5018,0.029889421405294894,0.024494887749248,2.074271668886302,1.6877054286583646,3.7619770975446665,1.3780332788175733,0.46943990816862385,0.49215474243484764,0.9827550866790704,5.184129634566094,63.15681307912851,68.3409427136946,68.06426277502585,0.07585686454874238,AR6 World GDP level and trajectory (unrebased),Fixed original NATO GDP share = 0.5018,MIGRATION 1.0,SSP3-7.0_zeromig,0.2766799386687495,4.7644983942518095,68.06426277502584,0.4196312403142848,0.2766799386687637,14.652281377095308,0.587564657647027,0.38740526877826653
2028,SA1_AR6_fixed_split,SSP3-7.0,S3,"NATO→5%, nonNATO→3.5%",0.07,141.78871982682614,71.14957960910137,70.63914021772477,0.5018,0.03223517646908584,0.025720233909322272,2.2935192544006537,1.8168552095532955,4.110374463953949,1.3653263811150806,0.46511118477546703,0.4876165646839574,0.9736930643426066,5.612002691898085,64.03573832965141,69.64774102154949,69.13852847289309,0.0805769520961447,AR6 World GDP level and trajectory (unrebased),Fixed original NATO GDP share = 0.5018,MIGRATION 1.0,SSP3-7.0_zeromig,0.5092125486564072,4.839696993102515,69.13852847289309,0.7723056987955701,0.5092125486564072,20.264284068993394,1.3598703564425971,0.8966178174346737
2029,SA1_AR6_fixed_split,SSP3-7.0,S3,"NATO→5%, nonNATO→3.5%",0.07,145.36702156715262,72.9451714223972,72.42185014475542,0.5018,0.03517969004118492,0.027258352042179364,2.5661885206410338,1.974100286791702,4.540288807432736,1.351711512998603,0.4604731527797439,0.48275411178521543,0.9639835158856827,6.137160653345527,64.84692962953865,70.98409028288418,70.17652737951302,0.08645825605269933,AR6 World GDP level and trajectory (unrebased),Fixed original NATO GDP share = 0.5018,MIGRATION 1.0,SSP3-7.0_zeromig,0.8075629033711635,4.91235691656591,70.176527379513,1.2248037367796165,0.8075629033711778,26.40144472233892,2.5846740932222136,1.7041807208058515
2030,SA1_AR6_fixed_split,SSP3-7.0,S3,"NATO→5%, nonNATO→3.5%",0.07,149.0356283991709,74.78607833070396,74.24955006846693,0.5018,0.03849999999998644,0.028992773986343784,2.8792640157310885,2.1527004237227785,5.031964439453867,1.3377012670684671,0.4557004316387086,0.4777504525244526,0.953992000684192,6.7312652065009075,65.62253182399859,72.35379703049949,71.20183890997005,0.09303264628480326,AR6 World GDP level and trajectory (unrebased),Fixed original NATO GDP share = 0.5018,MIGRATION 1.0,SSP3-7.0_zeromig,1.151958120529443,4.9841287236979035,71.20183890997005,1.747136482803004,1.151958120529443,33.13270992883983,4.331810576025218,2.8561388413352944
2031,SA1_AR6_fixed_split,SSP3-7.0,S3,"NATO→5%, nonNATO→3.5%",0.07,151.81959450515436,76.18307252268646,75.6365219824679,0.5018,0.041820309958787966,0.0307271959305082,3.1859997065115704,2.3240982304574818,5.510097936969052,1.323025636164114,0.45070104089107177,0.47250915577289787,0.9435259610440949,7.290000828385051,65.9418423955298,73.23184322391485,71.73614842941417,0.09954687069796986,AR6 World GDP level and trajectory (unrebased),Fixed original NATO GDP share = 0.5018,MIGRATION 1.0,SSP3-7.0_zeromig,1.4956947945006789,5.021530390058992,71.73614842941416,2.2684704383260597,1.495694794500693,40.42271075722488,6.600281014351277,4.3518336358359875
2032,SA1_AR6_fixed_split,SSP3-7.0,S3,"NATO→5%, nonNATO→3.5%",0.07,154.65556473500078,77.60616238402339,77.04940235097739,0.5018,0.04476482353088705,0.032265314063365295,3.474026164030172,2.4860231652488816,5.9600493292790535,1.3090434882568591,0.44593789160398495,0.46751553152030684,0.9335544841648541,7.801963764182406,66.3089646309954,74.11092839517781,72.30387854965711,0.1052741334257804,AR6 World GDP level and trajectory (unrebased),Fixed original NATO GDP share = 0.5018,MIGRATION 1.0,SSP3-7.0_zeromig,1.8070498455206945,5.061271498475998,72.30387854965711,2.740692265706408,1.8070498455206945,48.22467452140729,9.340973280057685,6.158883481356682
2033,SA1_AR6_fixed_split,SSP3-7.0,S3,"NATO→5%, nonNATO→3.5%",0.07,157.54451051896345,79.05583537841586,78.48867514054758,0.5018,0.04711057859467799,0.033490660223439564,3.7243661459627853,2.628637550520007,6.3530036964827925,1.2945635010823926,0.4410051487203755,0.46234410752942595,0.9232279693632921,8.224366707708146,66.67623295150574,74.90059965921388,72.83977611205042,0.10980374983815537,AR6 World GDP level and trajectory (unrebased),Fixed original NATO GDP share = 0.5018,MIGRATION 1.0,SSP3-7.0_zeromig,2.0608235471634657,5.098784327843529,72.83977611205042,3.1255823798646167,2.0608235471634657,56.44904122911543,12.466555659922303,8.219707028520148
2034,SA1_AR6_fixed_split,SSP3-7.0,S3,"NATO→5%, nonNATO→3.5%",0.07,160.48742143348534,80.53258807532295,79.95483335816239,0.5018,0.04882476919383726,0.034386097646015426,3.931985025360014,2.7493347071246634,6.681319732484678,1.2801738014858128,0.4361031631435186,0.45720492910207605,0.9129658438459339,8.553250480877084,67.0753274625801,75.62857794345719,73.37564013827166,0.11309548207123266,AR6 World GDP level and trajectory (unrebased),Fixed original NATO GDP share = 0.5018,MIGRATION 1.0,SSP3-7.0_zeromig,2.2529378051855247,5.136294809679016,73.37564013827163,3.4169556711980684,2.252937805185553,65.00229170999252,15.88351133112037,10.4726448337057
2035,SA1_AR6_fixed_split,SSP3-7.0,S3,"NATO→5%, nonNATO→3.5%",0.07,163.48530554016915,82.03692632005688,81.44837922011227,0.5018,0.049999999999972886,0.03499999999998584,4.1018463160006196,2.8506932727027765,6.952539588703396,1.2659446466160764,0.43125586862745463,0.4521230880771702,0.9028182120417322,8.801530272705403,67.50567394905742,76.30720422176283,73.91548119606098,0.11534337239150487,AR6 World GDP level and trajectory (unrebased),Fixed original NATO GDP share = 0.5018,MIGRATION 1.0,SSP3-7.0_zeromig,2.3917230257018502,5.174083683724268,73.91548119606098,3.627446588981135,2.3917230257018502,73.80382198269791,19.510957920101504,12.864367859407551
2025,SA1_AR6_fixed_split,SSP5-8.5,S0,Baseline,0.07,144.2051385147961,72.36213850672468,71.84300000807141,0.5018,0.027,0.022985547972701727,1.9537777396815663,1.651350723188336,3.605128462869902,1.2542122305605359,0.42725911150963314,0.4479329394859057,1.0,4.521596210873336,60.07263537303147,64.5942315839048,64.5942315839048,0.07,AR6 World GDP level and trajectory (unrebased),Fixed original NATO GDP share = 0.5018,MIGRATION 1.0,SSP5-8.5_zeromig,0.0,4.521596210873336,64.5942315839048,0.0,0.0,4.521596210873336,0.0,0.0
2026,SA1_AR6_fixed_split,SSP5-8.5,S0,Baseline,0.07,151.357011624834,75.95094843334171,75.4060631914923,0.5018,0.027,0.022985547972701727,2.050675607700226,1.733249682920624,3.78392529062085,1.2171084205431049,0.41461935205314565,0.4346815787653946,0.9704166415273685,4.605447333920652,61.186657436374375,65.79210477029503,65.79210477029503,0.07,AR6 World GDP level and trajectory (unrebased),Fixed original NATO GDP share = 0.5018,MIGRATION 1.0,SSP5-8.5_zeromig,0.0,4.605447333920652,65.79210477029503,0.0,0.0,9.127043544793988,0.0,0.0
2027,SA1_AR6_fixed_split,SSP5-8.5,S0,Baseline,0.07,158.86358283723416,79.7177458677241,79.14583696951006,0.5018,0.027,0.022985547972701727,2.1523791384285507,1.8192104325023033,3.971589570930854,1.180945563720206,0.4023001370914988,0.42176627275721645,0.941583517482057,4.690231084708229,62.31307012540933,67.00330121011756,67.00330121011756,0.06999999999999999,AR6 World GDP level and trajectory (unrebased),Fixed original NATO GDP share = 0.5018,MIGRATION 1.0,SSP5-8.5_zeromig,0.0,4.690231084708229,67.00330121011756,0.0,0.0,13.817274629502217,0.0,0.0
2028,SA1_AR6_fixed_split,SSP5-8.5,S0,Baseline,0.07,166.7424434517702,83.67135812409829,83.07108532767192,0.5018,0.027,0.022985547972701727,2.2591266693506538,1.9094344169436015,4.168561086294256,1.145850162182916,0.3903445607436308,0.40923220077961286,0.913601489654434,4.776546396799666,63.459830700338415,68.23637709713807,68.23637709713807,0.07,AR6 World GDP level and trajectory (unrebased),Fixed original NATO GDP share = 0.5018,MIGRATION 1.0,SSP5-8.5_zeromig,0.0,4.776546396799666,68.23637709713807,0.0,0.0,18.59382102630188,0.0,0.0
2029,SA1_AR6_fixed_split,SSP5-8.5,S0,Baseline,0.07,175.0120572110772,87.82105030851855,87.19100690255866,0.5018,0.027,0.022985547972701727,2.3711683583300007,2.0041330719469292,4.37530143027693,1.1110754276783552,0.37849822261570343,0.39681265274226973,0.885875133893241,4.861289907866659,64.58570877594276,69.44699868380943,69.44699868380943,0.06999999999999999,AR6 World GDP level and trajectory (unrebased),Fixed original NATO GDP share = 0.5018,MIGRATION 1.0,SSP5-8.5_zeromig,0.0,4.861289907866659,69.44699868380943,0.0,0.0,23.45511093416854,0.0,0.0
2030,SA1_AR6_fixed_split,SSP5-8.5,S0,Baseline,0.07,183.69180356957398,92.17654703121222,91.51525653836175,0.5018,0.027,0.022985547972701727,2.48876676984273,2.1035283193966197,4.59229508923935,1.0769302448292266,0.3668663471396267,0.38461794458186666,0.8586507279935566,4.945581474782588,65.70558245068295,70.65116392546554,70.65116392546554,0.07,AR6 World GDP level and trajectory (unrebased),Fixed original NATO GDP share = 0.5018,MIGRATION 1.0,SSP5-8.5_zeromig,0.0,4.945581474782588,70.65116392546554,0.0,0.0,28.40069240895113,0.0,0.0
2031,SA1_AR6_fixed_split,SSP5-8.5,S0,Baseline,0.07,192.3472811262712,96.5198656691629,95.82741545710832,0.5018,0.027,0.022985547972701727,2.6060363730673983,2.2026456550893823,4.808682028156781,1.0509788523232155,0.3580257628793372,0.3753495901154341,0.8379593395078831,5.053823119139486,67.1436500114246,72.19747313056408,72.19747313056408,0.07,AR6 World GDP level and trajectory (unrebased),Fixed original NATO GDP share = 0.5018,MIGRATION 1.0,SSP5-8.5_zeromig,0.0,5.053823119139486,72.19747313056408,0.0,0.0,33.45451552809062,0.0,0.0
2032,SA1_AR6_fixed_split,SSP5-8.5,S0,Baseline,0.07,201.41060100515517,101.06783958438687,100.3427614207683,0.5018,0.027,0.022985547972701727,2.7288316687784455,2.306433356350434,5.035265025128879,1.0250288694663219,0.34918565882918656,0.36608173909511493,0.8172690749540954,5.161292016171166,68.57145107198835,73.73274308815951,73.73274308815951,0.07,AR6 World GDP level and trajectory (unrebased),Fixed original NATO GDP share = 0.5018,MIGRATION 1.0,SSP5-8.5_zeromig,0.0,5.161292016171166,73.73274308815951,0.0,0.0,38.615807544261784,0.0,0.0
2033,SA1_AR6_fixed_split,SSP5-8.5,S0,Baseline,0.07,210.9009805583224,105.83011204416619,105.07086851415622,0.5018,0.027,0.022985547972701727,2.857413025192487,2.415111488765573,5.27252451395806,0.9983482350861821,0.34009665151287527,0.3565529411022079,0.7959962522770151,5.2638155429586595,69.93354935645077,75.19736489940942,75.19736489940942,0.06999999999999999,AR6 World GDP level and trajectory (unrebased),Fixed original NATO GDP share = 0.5018,MIGRATION 1.0,SSP5-8.5_zeromig,0.0,5.2638155429586595,75.19736489940942,0.0,0.0,43.879623087220445,0.0,0.0
2034,SA1_AR6_fixed_split,SSP5-8.5,S0,Baseline,0.07,220.8385426511057,110.81678070232485,110.02176194878086,0.5018,0.027,0.022985547972701727,2.992053078962771,2.528910487314872,5.520963566277643,0.9715939056631746,0.33098253929185073,0.3469978234511338,0.7746646715675443,5.364134554383784,71.2663590796703,76.63049363405408,76.63049363405406,0.06999999999999998,AR6 World GDP level and trajectory (unrebased),Fixed original NATO GDP share = 0.5018,MIGRATION 1.0,SSP5-8.5_zeromig,1.4210854715202004e-14,5.364134554383784,76.63049363405408,0.0,0.0,49.243757641604226,0.0,0.0
2035,SA1_AR6_fixed_split,SSP5-8.5,S0,Baseline,0.07,231.244358329465,116.03841900972554,115.20593931973946,0.5018,0.027,0.022985547972701727,3.1330373132625895,2.6480716449740354,5.781108958236625,0.9449104753266844,0.32189257950689254,0.3374680269023873,0.7533896196374855,5.462630413642723,72.57494692411048,78.0375773377532,78.03757733775319,0.06999999999999998,AR6 World GDP level and trajectory (unrebased),Fixed original NATO GDP share = 0.5018,MIGRATION 1.0,SSP5-8.5_zeromig,1.4210854715202004e-14,5.462630413642723,78.0375773377532,0.0,0.0,54.70638805524695,0.0,0.0
2025,SA1_AR6_fixed_split,SSP5-8.5,S1,"NATO→3.5%, nonNATO holds",0.07,144.2051385147961,72.36213850672468,71.84300000807141,0.5018,0.027,0.022985547972701727,1.9537777396815663,1.651350723188336,3.605128462869902,1.2542122305605359,0.42725911150963314,0.4479329394859057,1.0,4.521596210873336,60.07263537303147,64.5942315839048,64.5942315839048,0.07,AR6 World GDP level and trajectory (unrebased),Fixed original NATO GDP share = 0.5018,MIGRATION 1.0,SSP5-8.5_zeromig,0.0,4.521596210873336,64.5942315839048,0.0,0.0,4.521596210873336,0.0,0.0
2026,SA1_AR6_fixed_split,SSP5-8.5,S1,"NATO→3.5%, nonNATO holds",0.07,151.357011624834,75.95094843334171,75.4060631914923,0.5018,0.02740877593256891,0.022985547972701727,2.0817225274755584,1.733249682920624,3.8149722103961823,1.2171084205431049,0.41461935205314565,0.4346815787653946,0.9704166415273685,4.643234801411135,61.173784782613886,65.81701958402502,65.79210477029503,0.07054763085228083,AR6 World GDP level and trajectory (unrebased),Fixed original NATO GDP share = 0.5018,MIGRATION 1.0,SSP5-8.5_zeromig,0.024914813729992602,4.605447333920652,65.79210477029503,0.03778746749048345,0.024914813729992602,9.164831012284472,0.03778746749048345,0.024914813729992602
2027,SA1_AR6_fixed_split,SSP5-8.5,S1,"NATO→3.5%, nonNATO holds",0.07,158.86358283723416,79.7177458677241,79.14583696951006,0.5018,0.028005016140972137,0.022985547972701727,2.2324967597475283,1.8192104325023033,4.051707192249832,1.180945563720206,0.4023001370914988,0.42176627275721645,0.941583517482057,4.78484563418069,62.28083879536926,67.06568442954995,67.00330121011756,0.07134566171775963,AR6 World GDP level and trajectory (unrebased),Fixed original NATO GDP share = 0.5018,MIGRATION 1.0,SSP5-8.5_zeromig,0.062383219432391,4.690231084708229,67.00330121011756,0.09461454947246128,0.062383219432391,13.94967664646516,0.13240201696294474,0.0872980331623836
2028,SA1_AR6_fixed_split,SSP5-8.5,S1,"NATO→3.5%, nonNATO holds",0.07,166.7424434517702,83.67135812409829,83.07108532767192,0.5018,0.028820930945768986,0.022985547972701727,2.4114864346333436,1.9094344169436015,4.320920851576945,1.145850162182916,0.3903445607436308,0.40923220077961286,0.913601489654434,4.951127858558986,63.40035789468414,68.35148575324313,68.23637709713807,0.07243628728764051,AR6 World GDP level and trajectory (unrebased),Fixed original NATO GDP share = 0.5018,MIGRATION 1.0,SSP5-8.5_zeromig,0.1151086561050505,4.776546396799666,68.23637709713807,0.17458146175932043,0.1151086561050505,18.900804505024148,0.30698347872226517,0.2024066892674341
2029,SA1_AR6_fixed_split,SSP5-8.5,S1,"NATO→3.5%, nonNATO holds",0.07,175.0120572110772,87.82105030851855,87.19100690255866,0.5018,0.029845109579542582,0.022985547972701727,2.6210288698482582,2.0041330719469292,4.625161941795188,1.1110754276783552,0.37849822261570343,0.39681265274226973,0.885875133893241,5.13890378256174,64.49113701643125,69.630040798993,69.44699868380943,0.07380296957453542,AR6 World GDP level and trajectory (unrebased),Fixed original NATO GDP share = 0.5018,MIGRATION 1.0,SSP5-8.5_zeromig,0.18304211518356794,4.861289907866659,69.44699868380943,0.2776138746950805,0.18304211518356794,24.03970828758589,0.5845973534173456,0.38544880445100205
2030,SA1_AR6_fixed_split,SSP5-8.5,S1,"NATO→3.5%, nonNATO holds",0.07,183.69180356957398,92.17654703121222,91.51525653836175,0.5018,0.030999999999995285,0.022985547972701727,2.8574729579671443,2.1035283193966197,4.9610012773637635,1.0769302448292266,0.3668663471396267,0.38461794458186666,0.8586507279935566,5.342652320229464,65.57031655827798,70.91296887850744,70.65116392546554,0.07534097647755846,AR6 World GDP level and trajectory (unrebased),Fixed original NATO GDP share = 0.5018,MIGRATION 1.0,SSP5-8.5_zeromig,0.2618049530419029,4.945581474782588,70.65116392546554,0.39707084544687543,0.2618049530419029,29.38236060781535,0.9816681988642211,0.6472537574929049
2031,SA1_AR6_fixed_split,SSP5-8.5,S1,"NATO→3.5%, nonNATO holds",0.07,192.3472811262712,96.5198656691629,95.82741545710832,0.5018,0.03215489042044799,0.022985547972701727,3.103585703988293,2.2026456550893823,5.306231359077675,1.0509788523232155,0.3580257628793372,0.3753495901154341,0.8379593395078831,5.576736943924911,66.96551453265154,72.54225147657645,72.19747313056408,0.07687570802411078,AR6 World GDP level and trajectory (unrebased),Fixed original NATO GDP share = 0.5018,MIGRATION 1.0,SSP5-8.5_zeromig,0.3447783460123759,5.053823119139486,72.19747313056408,0.5229138247854248,0.3447783460123759,34.959097551740264,1.5045820236496459,0.9920321035052808
2032,SA1_AR6_fixed_split,SSP5-8.5,S1,"NATO→3.5%, nonNATO holds",0.07,201.41060100515517,101.06783958438687,100.3427614207683,0.5018,0.033179069054221584,0.022985547972701727,3.353336828731362,2.306433356350434,5.659770185081795,1.0250288694663219,0.34918565882918656,0.36608173909511493,0.8172690749540954,5.801427834253587,68.35338282626796,74.15481066052155,73.73274308815951,0.07823400508447587,AR6 World GDP level and trajectory (unrebased),Fixed original NATO GDP share = 0.5018,MIGRATION 1.0,SSP5-8.5_zeromig,0.42206757236203885,5.161292016171166,73.73274308815951,0.6401358180824213,0.42206757236203885,40.76052538599385,2.144717841732067,1.4140996758673197
2033,SA1_AR6_fixed_split,SSP5-8.5,S1,"NATO→3.5%, nonNATO holds",0.07,210.9009805583224,105.83011204416619,105.07086851415622,0.5018,0.03399498385901843,0.022985547972701727,3.5976929507395417,2.415111488765573,6.012804439505114,0.9983482350861821,0.34009665151287527,0.3565529411022079,0.7959962522770151,6.002872700098291,69.68178263259001,75.68465533268831,75.19736489940942,0.07931426355463156,AR6 World GDP level and trajectory (unrebased),Fixed original NATO GDP share = 0.5018,MIGRATION 1.0,SSP5-8.5_zeromig,0.4872904332788863,5.2638155429586595,75.19736489940942,0.7390571571396318,0.4872904332788863,46.76339808609214,2.883774998871699,1.901390109146206
2034,SA1_AR6_fixed_split,SSP5-8.5,S1,"NATO→3.5%, nonNATO holds",0.07,220.8385426511057,110.81678070232485,110.02176194878086,0.5018,0.034591224067421655,0.022985547972701727,3.8332880917044467,2.528910487314872,6.362198579019319,0.9715939056631746,0.33098253929185073,0.3469978234511338,0.7746646715675443,6.18147336599408,70.98792497901184,77.16939834500592,76.63049363405406,0.08010265077302005,AR6 World GDP level and trajectory (unrebased),Fixed original NATO GDP share = 0.5018,MIGRATION 1.0,SSP5-8.5_zeromig,0.5389047109518543,5.364134554383784,76.63049363405408,0.8173388116102958,0.5389047109518401,52.94487145208622,3.7011138104819947,2.440294820098046
2035,SA1_AR6_fixed_split,SSP5-8.5,S1,"NATO→3.5%, nonNATO holds",0.07,231.244358329465,116.03841900972554,115.20593931973946,0.5018,0.03499999999999057,0.022985547972701727,4.0613446653393,2.6480716449740354,6.709416310313335,0.9449104753266844,0.32189257950689254,0.3374680269023873,0.7533896196374855,6.339797754942782,72.27613167597528,78.61592943091806,78.03757733775319,0.08064266110996925,AR6 World GDP level and trajectory (unrebased),Fixed original NATO GDP share = 0.5018,MIGRATION 1.0,SSP5-8.5_zeromig,0.5783520931648667,5.462630413642723,78.0375773377532,0.8771673413000594,0.5783520931648525,59.284669207029005,4.578281151782054,3.0186469132628986
2025,SA1_AR6_fixed_split,SSP5-8.5,S2,"NATO→3.5%, nonNATO→3.5%",0.07,144.2051385147961,72.36213850672468,71.84300000807141,0.5018,0.027,0.022985547972701727,1.9537777396815663,1.651350723188336,3.605128462869902,1.2542122305605359,0.42725911150963314,0.4479329394859057,1.0,4.521596210873336,60.07263537303147,64.5942315839048,64.5942315839048,0.07,AR6 World GDP level and trajectory (unrebased),Fixed original NATO GDP share = 0.5018,MIGRATION 1.0,SSP5-8.5_zeromig,0.0,4.521596210873336,64.5942315839048,0.0,0.0,4.521596210873336,0.0,0.0
2026,SA1_AR6_fixed_split,SSP5-8.5,S2,"NATO→3.5%, nonNATO→3.5%",0.07,151.357011624834,75.95094843334171,75.4060631914923,0.5018,0.02740877593256891,0.023599450326672138,2.0817225274755584,1.7795416426175228,3.861264170093081,1.2171084205431049,0.41461935205314565,0.4346815787653946,0.9704166415273685,4.699577135361673,61.15459124027909,65.85416837564077,65.79210477029503,0.07136339659707905,AR6 World GDP level and trajectory (unrebased),Fixed original NATO GDP share = 0.5018,MIGRATION 1.0,SSP5-8.5_zeromig,0.062063605345741735,4.605447333920652,65.79210477029503,0.09412980144102079,0.062063605345741735,9.221173346235009,0.09412980144102079,0.062063605345741735
2027,SA1_AR6_fixed_split,SSP5-8.5,S2,"NATO→3.5%, nonNATO→3.5%",0.07,158.86358283723416,79.7177458677241,79.14583696951006,0.5018,0.028005016140972137,0.024494887749248,2.2324967597475283,1.9386683923884314,4.171165152135959,1.180945563720206,0.4023001370914988,0.42176627275721645,0.941583517482057,4.9259189819592795,62.2327808417304,67.15869982368969,67.00330121011756,0.07334744411209851,AR6 World GDP level and trajectory (unrebased),Fixed original NATO GDP share = 0.5018,MIGRATION 1.0,SSP5-8.5_zeromig,0.1553986135721317,4.690231084708229,67.00330121011756,0.23568789725105077,0.1553986135721317,14.147092328194288,0.32981769869207156,0.21746221891787343
2028,SA1_AR6_fixed_split,SSP5-8.5,S2,"NATO→3.5%, nonNATO→3.5%",0.07,166.7424434517702,83.67135812409829,83.07108532767192,0.5018,0.028820930945768986,0.025720233909322272,2.4114864346333436,2.136607745728991,4.548094180362335,1.145850162182916,0.3903445607436308,0.40923220077961286,0.913601489654434,5.211434454191358,63.311682021446735,68.52311647563809,68.23637709713807,0.07605366950938623,AR6 World GDP level and trajectory (unrebased),Fixed original NATO GDP share = 0.5018,MIGRATION 1.0,SSP5-8.5_zeromig,0.2867393785000161,4.776546396799666,68.23637709713807,0.43488805739169223,0.2867393785000161,19.358526782385646,0.7647057560837638,0.5042015974178895
2029,SA1_AR6_fixed_split,SSP5-8.5,S2,"NATO→3.5%, nonNATO→3.5%",0.07,175.0120572110772,87.82105030851855,87.19100690255866,0.5018,0.029845109579542582,0.027258352042179364,2.6210288698482582,2.3766831610620347,4.997712030910293,1.1110754276783552,0.37849822261570343,0.39681265274226973,0.885875133893241,5.552835032156915,64.35012746986587,69.90296250202279,69.44699868380943,0.07943633335992352,AR6 World GDP level and trajectory (unrebased),Fixed original NATO GDP share = 0.5018,MIGRATION 1.0,SSP5-8.5_zeromig,0.4559638182133625,4.861289907866659,69.44699868380943,0.6915451242902559,0.4559638182133625,24.911361814542563,1.4562508803740197,0.960165415631252
2030,SA1_AR6_fixed_split,SSP5-8.5,S2,"NATO→3.5%, nonNATO→3.5%",0.07,183.69180356957398,92.17654703121222,91.51525653836175,0.5018,0.030999999999995285,0.028992773986343784,2.8574729579671443,2.6532811491189925,5.510754107086137,1.0769302448292266,0.3668663471396267,0.38461794458186666,0.8586507279935566,5.934697769737939,65.36863074580805,71.30332851554599,70.65116392546554,0.08323170731705772,AR6 World GDP level and trajectory (unrebased),Fixed original NATO GDP share = 0.5018,MIGRATION 1.0,SSP5-8.5_zeromig,0.6521645900804458,4.945581474782588,70.65116392546554,0.9891162949553509,0.6521645900804458,30.8460595842805,2.4453671753293706,1.6123300057116978
2031,SA1_AR6_fixed_split,SSP5-8.5,S2,"NATO→3.5%, nonNATO→3.5%",0.07,192.3472811262712,96.5198656691629,95.82741545710832,0.5018,0.03215489042044799,0.0307271959305082,3.103585703988293,2.944507770264777,6.04809347425307,1.0509788523232155,0.3580257628793372,0.3753495901154341,0.8379593395078831,6.356418338314021,66.69990878291459,73.0563271212286,72.19747313056408,0.08700708875996836,AR6 World GDP level and trajectory (unrebased),Fixed original NATO GDP share = 0.5018,MIGRATION 1.0,SSP5-8.5_zeromig,0.858853990664528,5.053823119139486,72.19747313056408,1.3025952191745347,0.858853990664528,37.202477922594525,3.7479623945039053,2.471183996376226
2032,SA1_AR6_fixed_split,SSP5-8.5,S2,"NATO→3.5%, nonNATO→3.5%",0.07,201.41060100515517,101.06783958438687,100.3427614207683,0.5018,0.033179069054221584,0.032265314063365295,3.353336828731362,3.237590711226424,6.590927539957786,1.0250288694663219,0.34918565882918656,0.36608173909511493,0.8172690749540954,6.755891005017375,68.02823603183194,74.78412703684931,73.73274308815951,0.09033856879399636,AR6 World GDP level and trajectory (unrebased),Fixed original NATO GDP share = 0.5018,MIGRATION 1.0,SSP5-8.5_zeromig,1.0513839486898036,5.161292016171166,73.73274308815951,1.5945989888462089,1.0513839486898036,43.9583689276119,5.342561383350114,3.5225679450660294
2033,SA1_AR6_fixed_split,SSP5-8.5,S2,"NATO→3.5%, nonNATO→3.5%",0.07,210.9009805583224,105.83011204416619,105.07086851415622,0.5018,0.03399498385901843,0.033490660223439564,3.5976929507395417,3.5188927567893002,7.1165857075288415,0.9983482350861821,0.34009665151287527,0.3565529411022079,0.7959962522770151,7.104830780950968,69.30639031933251,76.41122110028347,75.19736489940942,0.09298151081274383,AR6 World GDP level and trajectory (unrebased),Fixed original NATO GDP share = 0.5018,MIGRATION 1.0,SSP5-8.5_zeromig,1.2138562008740479,5.2638155429586595,75.19736489940942,1.8410152379923082,1.2138562008740479,51.06319970856286,7.183576621342422,4.736424145940077
2034,SA1_AR6_fixed_split,SSP5-8.5,S2,"NATO→3.5%, nonNATO→3.5%",0.07,220.8385426511057,110.81678070232485,110.02176194878086,0.5018,0.034591224067421655,0.034386097646015426,3.8332880917044467,3.7832190495574434,7.61650714126189,0.9715939056631746,0.33098253929185073,0.3469978234511338,0.7746646715675443,7.4001519208901,70.57277074602528,77.97292266691538,76.63049363405406,0.09490668898615047,AR6 World GDP level and trajectory (unrebased),Fixed original NATO GDP share = 0.5018,MIGRATION 1.0,SSP5-8.5_zeromig,1.3424290328613182,5.364134554383784,76.63049363405408,2.036017366506316,1.342429032861304,58.463351629452966,9.21959398784874,6.078853178801381
2035,SA1_AR6_fixed_split,SSP5-8.5,S2,"NATO→3.5%, nonNATO→3.5%",0.07,231.244358329465,116.03841900972554,115.20593931973946,0.5018,0.03499999999999057,0.03499999999998584,4.0613446653393,4.03220787618925,8.093552541528549,0.9449104753266844,0.32189257950689254,0.3374680269023873,0.7533896196374855,7.647682579097236,71.83058849412048,79.47827107321771,78.03757733775319,0.0962235649546524,AR6 World GDP level and trajectory (unrebased),Fixed original NATO GDP share = 0.5018,MIGRATION 1.0,SSP5-8.5_zeromig,1.4406937354645208,5.462630413642723,78.0375773377532,2.185052165454513,1.4406937354645066,66.1110342085502,11.40464615330325,7.519546914265888
2025,SA1_AR6_fixed_split,SSP5-8.5,S3,"NATO→5%, nonNATO→3.5%",0.07,144.2051385147961,72.36213850672468,71.84300000807141,0.5018,0.027,0.022985547972701727,1.9537777396815663,1.651350723188336,3.605128462869902,1.2542122305605359,0.42725911150963314,0.4479329394859057,1.0,4.521596210873336,60.07263537303147,64.5942315839048,64.5942315839048,0.07,AR6 World GDP level and trajectory (unrebased),Fixed original NATO GDP share = 0.5018,MIGRATION 1.0,SSP5-8.5_zeromig,0.0,4.521596210873336,64.5942315839048,0.0,0.0,4.521596210873336,0.0,0.0
2026,SA1_AR6_fixed_split,SSP5-8.5,S3,"NATO→5%, nonNATO→3.5%",0.07,151.357011624834,75.95094843334171,75.4060631914923,0.5018,0.02817523080613562,0.023599450326672138,2.139935502054307,1.7795416426175228,3.9194771446718297,1.2171084205431049,0.41461935205314565,0.4346815787653946,0.9704166415273685,4.770428636906329,61.130455014478166,65.90088365138449,65.79210477029503,0.07238793127785487,AR6 World GDP level and trajectory (unrebased),Fixed original NATO GDP share = 0.5018,MIGRATION 1.0,SSP5-8.5_zeromig,0.10877888108946365,4.605447333920652,65.79210477029503,0.16498130298567748,0.10877888108946365,9.292024847779665,0.16498130298567748,0.10877888108946365
2027,SA1_AR6_fixed_split,SSP5-8.5,S3,"NATO→5%, nonNATO→3.5%",0.07,158.86358283723416,79.7177458677241,79.14583696951006,0.5018,0.029889421405294894,0.024494887749248,2.3827172997206114,1.9386683923884314,4.321385692109043,1.180945563720206,0.4023001370914988,0.42176627275721645,0.941583517482057,5.103321262220146,62.17234709790527,67.27566836012542,67.00330121011756,0.07585686454874237,AR6 World GDP level and trajectory (unrebased),Fixed original NATO GDP share = 0.5018,MIGRATION 1.0,SSP5-8.5_zeromig,0.2723671500078666,4.690231084708229,67.00330121011756,0.41309017751191757,0.2723671500078666,14.395346109999812,0.578071480497595,0.38114603109733025
2028,SA1_AR6_fixed_split,SSP5-8.5,S3,"NATO→5%, nonNATO→3.5%",0.07,166.7424434517702,83.67135812409829,83.07108532767192,0.5018,0.03223517646908584,0.025720233909322272,2.6971609945383874,2.136607745728991,4.833768740267379,1.145850162182916,0.3903445607436308,0.40923220077961286,0.913601489654434,5.538774694990086,63.20017051084498,68.73894520583507,68.23637709713807,0.08057695209614468,AR6 World GDP level and trajectory (unrebased),Fixed original NATO GDP share = 0.5018,MIGRATION 1.0,SSP5-8.5_zeromig,0.5025681086969911,4.776546396799666,68.23637709713807,0.7622282981904203,0.5025681086969911,19.9341208049899,1.3402997786880153,0.8837141397943213
2029,SA1_AR6_fixed_split,SSP5-8.5,S3,"NATO→5%, nonNATO→3.5%",0.07,175.0120572110772,87.82105030851855,87.19100690255866,0.5018,0.03517969004118492,0.027258352042179364,3.08951732894499,2.3766831610620347,5.466200490007025,1.1110754276783552,0.37849822261570343,0.39681265274226973,0.885875133893241,6.07336104721019,64.17280542078178,70.24616646799197,69.44699868380943,0.0864582560526993,AR6 World GDP level and trajectory (unrebased),Fixed original NATO GDP share = 0.5018,MIGRATION 1.0,SSP5-8.5_zeromig,0.7991677841825435,4.861289907866659,69.44699868380943,1.2120711393435304,0.7991677841825435,26.007481852200087,2.5523709180315457,1.6828819239768649
2030,SA1_AR6_fixed_split,SSP5-8.5,S3,"NATO→5%, nonNATO→3.5%",0.07,183.69180356957398,92.17654703121222,91.51525653836175,0.5018,0.03849999999998644,0.028992773986343784,3.5487970607004207,2.6532811491189925,6.202078209819414,1.0769302448292266,0.3668663471396267,0.38461794458186666,0.8586507279935566,6.679205604950832,65.11500719754872,71.79421280249956,70.65116392546554,0.09303264628480322,AR6 World GDP level and trajectory (unrebased),Fixed original NATO GDP share = 0.5018,MIGRATION 1.0,SSP5-8.5_zeromig,1.143048877034019,4.945581474782588,70.65116392546554,1.733624130168244,1.143048877034019,32.68668745715092,4.28599504819979,2.825930801010884
2031,SA1_AR6_fixed_split,SSP5-8.5,S3,"NATO→5%, nonNATO→3.5%",0.07,192.3472811262712,96.5198656691629,95.82741545710832,0.5018,0.041820309958787966,0.0307271959305082,4.03649069946497,2.944507770264777,6.980998469729747,1.0509788523232155,0.3580257628793372,0.3753495901154341,0.8379593395078831,7.336881759786693,66.36590476021512,73.70278652000181,72.19747313056408,0.09954687069796982,AR6 World GDP level and trajectory (unrebased),Fixed original NATO GDP share = 0.5018,MIGRATION 1.0,SSP5-8.5_zeromig,1.505313389437731,5.053823119139486,72.19747313056408,2.283058640647207,1.505313389437731,40.02356921693762,6.569053688846997,4.331244190448615
2032,SA1_AR6_fixed_split,SSP5-8.5,S3,"NATO→5%, nonNATO→3.5%",0.07,201.41060100515517,101.06783958438687,100.3427614207683,0.5018,0.04476482353088705,0.032265314063365295,4.524284003643079,3.237590711226424,7.761874714869503,1.0250288694663219,0.34918565882918656,0.36608173909511493,0.8172690749540954,7.956145663921916,67.61935807110622,75.57550373502814,73.73274308815951,0.10527413342578039,AR6 World GDP level and trajectory (unrebased),Fixed original NATO GDP share = 0.5018,MIGRATION 1.0,SSP5-8.5_zeromig,1.8427606468686264,5.161292016171166,73.73274308815951,2.7948536477507497,1.8427606468686264,47.97971488085953,9.363907336597746,6.174004837317241
2033,SA1_AR6_fixed_split,SSP5-8.5,S3,"NATO→5%, nonNATO→3.5%",0.07,210.9009805583224,105.83011204416619,105.07086851415622,0.5018,0.04711057859467799,0.033490660223439564,4.985717811140269,3.5188927567893002,8.50461056792957,0.9983482350861821,0.34009665151287527,0.3565529411022079,0.7959962522770151,8.490562950587778,68.8343277120936,77.32489066268137,75.19736489940942,0.10980374983815533,AR6 World GDP level and trajectory (unrebased),Fixed original NATO GDP share = 0.5018,MIGRATION 1.0,SSP5-8.5_zeromig,2.1275257632719473,5.2638155429586595,75.19736489940942,3.2267474076291185,2.1275257632719473,56.470277831447305,12.590654744226864,8.301530600589189
2034,SA1_AR6_fixed_split,SSP5-8.5,S3,"NATO→5%, nonNATO→3.5%",0.07,220.8385426511057,110.81678070232485,110.02176194878086,0.5018,0.04882476919383726,0.034386097646015426,5.41060374059509,3.7832190495574434,9.193822790152534,0.9715939056631746,0.33098253929185073,0.3469978234511338,0.7746646715675443,8.932662192659405,70.05070680729068,78.98336899995009,76.63049363405406,0.11309548207123261,AR6 World GDP level and trajectory (unrebased),Fixed original NATO GDP share = 0.5018,MIGRATION 1.0,SSP5-8.5_zeromig,2.3528753658960255,5.364134554383784,76.63049363405408,3.5685276382756212,2.3528753658960113,65.40294002410671,16.159182382502486,10.6544059664852
2035,SA1_AR6_fixed_split,SSP5-8.5,S3,"NATO→5%, nonNATO→3.5%",0.07,231.244358329465,116.03841900972554,115.20593931973946,0.5018,0.049999999999972886,0.03499999999998584,5.801920950483131,4.03220787618925,9.83412882667238,0.9449104753266844,0.32189257950689254,0.3374680269023873,0.7533896196374855,9.292371344034848,71.270309903867,80.56268124790185,78.03757733775319,0.11534337239150486,AR6 World GDP level and trajectory (unrebased),Fixed original NATO GDP share = 0.5018,MIGRATION 1.0,SSP5-8.5_zeromig,2.5251039101486583,5.462630413642723,78.0375773377532,3.8297409303921253,2.525103910148644,74.69531136814156,19.988923312894613,13.179509876633844
