year,analysis,ssp,scenario_code,scenario,s_mil_2025_assumed,GDP_world,GDP_NATO,GDP_nonNATO,s_NATO_GDP,m_NATO,m_nonNATO,M_NATO,M_nonNATO,M_global,eta_mil,eta_rest,economy_GHG_intensity,intensity_multiplier_q,E_mil_Gt,E_rest_Gt,E_world_Gt,E_world_AR6_Gt,s_mil,GDP_model_basis,bloc_split_basis,ar6_model,ar6_scenario,world_GHG_minus_AR6_Gt,E_mil_S0_Gt,E_world_S0_Gt,incremental_E_mil_vs_S0_Gt,incremental_E_world_vs_S0_Gt,cum_E_mil_Gt,cum_incremental_E_mil_vs_S0_Gt,cum_incremental_E_world_vs_S0_Gt
2025,SA1_AR6_fixed_split,SSP1-1.9,S0,Baseline,0.033,138.56683200039697,69.53283629779921,69.03399570259776,0.5018,0.027,0.022985547972701727,1.8773865800405787,1.5867842199693458,3.4641708000099243,0.34955595203439743,0.26264227320688605,0.26481511517757383,1.0,1.2109215220072294,35.48367005396942,36.694591575976645,36.694591575976645,0.033,AR6 World GDP level and trajectory (unrebased),Fixed original NATO GDP share = 0.5018,IMAGE 3.0.1,SSP1-19,0.0,1.2109215220072294,36.694591575976645,0.0,0.0,1.2109215220072294,0.0,0.0
2026,SA1_AR6_fixed_split,SSP1-1.9,S0,Baseline,0.033,144.59391012503605,72.55722410074308,72.03668602429296,0.5018,0.027,0.022985547972701727,1.9590450507200632,1.655802702405838,3.6148477531259013,0.31718477030701875,0.23831987015298148,0.24029149265683242,0.9073934185958498,1.1465746542700819,33.598111838762705,34.74468649303279,34.74468649303279,0.032999999999999995,AR6 World GDP level and trajectory (unrebased),Fixed original NATO GDP share = 0.5018,IMAGE 3.0.1,SSP1-19,0.0,1.1465746542700819,34.74468649303279,0.0,0.0,2.3574961762773112,0.0,0.0
2027,SA1_AR6_fixed_split,SSP1-1.9,S0,Baseline,0.033,150.8831409610859,75.71316013427291,75.16998082681299,0.5018,0.027,0.022985547972701727,2.0442553236253684,1.727823200401779,3.7720785240271475,0.28691996641145184,0.2155801146230567,0.2173636109177666,0.820812704637391,1.082284643415228,31.71421970250078,32.796504345916006,32.796504345916006,0.032999999999999995,AR6 World GDP level and trajectory (unrebased),Fixed original NATO GDP share = 0.5018,IMAGE 3.0.1,SSP1-19,0.0,1.082284643415228,32.796504345916006,0.0,0.0,3.4397808196925395,0.0,0.0
2028,SA1_AR6_fixed_split,SSP1-1.9,S0,Baseline,0.033,157.44592705596344,79.00636619668245,78.43956085928099,0.5018,0.027,0.022985547972701727,2.133171887310426,1.8029762890886598,3.9361481763990858,0.2586415561198641,0.19433285529752028,0.19594057281807886,0.7399146105640133,1.018051489462225,29.831993645756715,30.850045135218938,30.850045135218938,0.033,AR6 World GDP level and trajectory (unrebased),Fixed original NATO GDP share = 0.5018,IMAGE 3.0.1,SSP1-19,0.0,1.018051489462225,30.850045135218938,0.0,0.0,4.457832309154764,0.0,0.0
2029,SA1_AR6_fixed_split,SSP1-1.9,S0,Baseline,0.033,164.2941669202464,82.44281296057964,81.85135395966675,0.5018,0.027,0.022985547972701727,2.2259559499356505,1.8813982230705095,4.10735417300616,0.23223592436260723,0.17449272638589058,0.17593630633530852,0.6643741095266902,0.9538751930526976,27.951433687332077,28.905308880384776,28.90530888038478,0.033,AR6 World GDP level and trajectory (unrebased),Fixed original NATO GDP share = 0.5018,IMAGE 3.0.1,SSP1-19,-3.552713678800501e-15,0.9538751930526976,28.905308880384776,0.0,0.0,5.411707502207462,0.0,0.0
2030,SA1_AR6_fixed_split,SSP1-1.9,S0,Baseline,0.033,171.44027659999995,86.02873079787997,85.41154580211997,0.5018,0.027,0.022985547972701727,2.3227757315427593,1.9632311834572393,4.286006914999999,0.20759550117052517,0.15597890414288876,0.1572693190685797,0.5938834683326951,0.8897557535397612,26.072539808271184,26.962295561810944,26.962295561810947,0.033,AR6 World GDP level and trajectory (unrebased),Fixed original NATO GDP share = 0.5018,IMAGE 3.0.1,SSP1-19,-3.552713678800501e-15,0.8897557535397612,26.962295561810944,0.0,0.0,6.301463255747223,0.0,0.0
2031,SA1_AR6_fixed_split,SSP1-1.9,S0,Baseline,0.033,177.7089843520823,89.1743683478749,88.5346160042074,0.5018,0.027,0.022985547972701727,2.4077079453926222,2.035016663409435,4.442724608802058,0.19052470098680738,0.14315259196133856,0.14433689468697528,0.5450477952898914,0.8464487776587428,24.8035141816971,25.649962959355843,25.64996295935584,0.033,AR6 World GDP level and trajectory (unrebased),Fixed original NATO GDP share = 0.5018,IMAGE 3.0.1,SSP1-19,3.552713678800501e-15,0.8464487776587428,25.649962959355843,0.0,0.0,7.147912033405966,0.0,0.0
2032,SA1_AR6_fixed_split,SSP1-1.9,S0,Baseline,0.033,184.20690718512637,92.43502602549641,91.77188115962996,0.5018,0.027,0.022985547972701727,2.495745702688403,2.1094269769397562,4.60517267962816,0.17440891003352915,0.1310438352777177,0.132127962146613,0.49894418624108205,0.8031831475701341,23.535700112130893,24.338883259701028,24.338883259701028,0.03300000000000001,AR6 World GDP level and trajectory (unrebased),Fixed original NATO GDP share = 0.5018,IMAGE 3.0.1,SSP1-19,0.0,0.8031831475701341,24.338883259701028,0.0,0.0,7.9510951809761,0.0,0.0
2033,SA1_AR6_fixed_split,SSP1-1.9,S0,Baseline,0.033,190.94242634059682,95.81490953771149,95.12751680288534,0.5018,0.027,0.022985547972701727,2.5870025575182103,2.1865581009967103,4.773560658514921,0.15920167728578036,0.11961773266149932,0.12060733127710635,0.45543975537888826,0.7599588634609895,22.269097605053847,23.02905646851484,23.02905646851484,0.032999999999999995,AR6 World GDP level and trajectory (unrebased),Fixed original NATO GDP share = 0.5018,IMAGE 3.0.1,SSP1-19,0.0,0.7599588634609895,23.02905646851484,0.0,0.0,8.71105404443709,0.0,0.0
2034,SA1_AR6_fixed_split,SSP1-1.9,S0,Baseline,0.033,197.92422951976133,99.31837837301624,98.60585114674508,0.5018,0.027,0.022985547972701727,2.6815962160714384,2.2665095219225946,4.948105737994033,0.14485865154634198,0.10884096040816839,0.10974140268662272,0.41440762402491554,0.7167759249145329,21.003706648253136,21.72048257316767,21.72048257316767,0.032999999999999995,AR6 World GDP level and trajectory (unrebased),Fixed original NATO GDP share = 0.5018,IMAGE 3.0.1,SSP1-19,0.0,0.7167759249145329,21.72048257316767,0.0,0.0,9.427829969351622,0.0,0.0
2035,SA1_AR6_fixed_split,SSP1-1.9,S0,Baseline,0.033,205.16132208938131,102.94995142445156,102.21137066492976,0.5018,0.027,0.022985547972701727,2.779648688460192,2.349384363774341,5.129033052234533,0.13133749111224877,0.09868170466631279,0.0994980993274612,0.3757266622063547,0.6736343329122831,19.739527270490235,20.413161603402518,20.41316160340252,0.033,AR6 World GDP level and trajectory (unrebased),Fixed original NATO GDP share = 0.5018,IMAGE 3.0.1,SSP1-19,-3.552713678800501e-15,0.6736343329122831,20.413161603402518,0.0,0.0,10.101464302263906,0.0,0.0
2036,SA1_AR6_fixed_split,SSP1-1.9,S0,Baseline,0.033,212.66303869714082,106.71431281822527,105.94872587891555,0.5018,0.027,0.022985547972701727,2.881286446092082,2.4352895213364385,5.316575967428521,0.11859772125270186,0.08910955435226318,0.08984675852477415,0.3392810809327357,0.6305337946039015,18.476550890362812,19.107084684966715,19.10708468496671,0.032999999999999995,AR6 World GDP level and trajectory (unrebased),Fixed original NATO GDP share = 0.5018,IMAGE 3.0.1,SSP1-19,3.552713678800501e-15,0.6305337946039015,19.107084684966715,0.0,0.0,10.731998096867807,0.0,0.0
2037,SA1_AR6_fixed_split,SSP1-1.9,S0,Baseline,0.033,220.4390553117926,110.61631795545753,109.82273735633507,0.5018,0.027,0.022985547972701727,2.986640584797353,2.5243357979974617,5.510976382794815,0.10660081160840337,0.08009555930483767,0.0807581906124268,0.3049606536178034,0.5874745551606704,17.214784692132373,17.802259247293044,17.80225924729304,0.032999999999999995,AR6 World GDP level and trajectory (unrebased),Fixed original NATO GDP share = 0.5018,IMAGE 3.0.1,SSP1-19,3.552713678800501e-15,0.5874745551606704,17.802259247293044,0.0,0.0,11.319472652028477,0.0,0.0
2038,SA1_AR6_fixed_split,SSP1-1.9,S0,Baseline,0.033,228.49940170355023,114.66099977484151,113.83840192870872,0.5018,0.027,0.022985547972701727,3.0958469939207207,2.616638048668035,5.712485042588756,0.09530994139357714,0.0716120538675906,0.07220450105574026,0.27266004437595254,0.5444566146208203,15.954228676919193,16.498685291540014,16.49868529154001,0.03299999999999999,AR6 World GDP level and trajectory (unrebased),Fixed original NATO GDP share = 0.5018,IMAGE 3.0.1,SSP1-19,3.552713678800501e-15,0.5444566146208203,16.498685291540014,0.0,0.0,11.863929266649297,0.0,0.0
2039,SA1_AR6_fixed_split,SSP1-1.9,S0,Baseline,0.033,236.85447438082582,118.8535752442984,118.00089913652742,0.5018,0.027,0.022985547972701727,3.209046531596057,2.7123153279245886,5.921361859520646,0.08468997249295648,0.06363263667497196,0.06415907007042158,0.24227873105883407,0.5014799730036451,14.69488284528863,15.196362818292275,15.196362818292279,0.033,AR6 World GDP level and trajectory (unrebased),Fixed original NATO GDP share = 0.5018,IMAGE 3.0.1,SSP1-19,-3.552713678800501e-15,0.5014799730036451,15.196362818292275,0.0,0.0,12.365409239652942,0.0,0.0
2040,SA1_AR6_fixed_split,SSP1-1.9,S0,Baseline,0.033,245.51504999999977,123.1994520899999,122.31559790999988,0.5018,0.027,0.022985547972701727,3.3263852064299972,2.811491043569997,6.137876249999994,0.0747073762279647,0.05613211562738296,0.056596497142397506,0.21372079575006994,0.45854463024943865,13.436747195491128,13.895291825740566,13.895291825740568,0.032999999999999995,AR6 World GDP level and trajectory (unrebased),Fixed original NATO GDP share = 0.5018,IMAGE 3.0.1,SSP1-19,-1.7763568394002505e-15,0.45854463024943865,13.895291825740566,0.0,0.0,12.82395386990238,0.0,0.0
2041,SA1_AR6_fixed_split,SSP1-1.9,S0,Baseline,0.033,252.1412108463452,126.52445960269603,125.61675124364916,0.5018,0.027,0.022985547972701727,3.4161604092727926,2.887369861885837,6.30353027115863,0.06941674567897126,0.052156948773554944,0.05258844369619035,0.19858550619713214,0.43757055771271536,12.822143312369569,13.259713870082285,13.259713870082283,0.032999999999999995,AR6 World GDP level and trajectory (unrebased),Fixed original NATO GDP share = 0.5018,IMAGE 3.0.1,SSP1-19,1.7763568394002505e-15,0.43757055771271536,13.259713870082285,0.0,0.0,13.261524427615097,0.0,0.0
2042,SA1_AR6_fixed_split,SSP1-1.9,S0,Baseline,0.033,258.9462039376452,129.93920513591036,129.00699880173482,0.5018,0.027,0.022985547972701727,3.5083585386695795,2.96529655977155,6.47365509844113,0.06435498209347672,0.04835374334451592,0.04875377431323994,0.18410495292365664,0.41661195793952316,12.207992828106633,12.624604786046156,12.624604786046156,0.033,AR6 World GDP level and trajectory (unrebased),Fixed original NATO GDP share = 0.5018,IMAGE 3.0.1,SSP1-19,0.0,0.41661195793952316,12.624604786046156,0.0,0.0,13.67813638555462,0.0,0.0
2043,SA1_AR6_fixed_split,SSP1-1.9,S0,Baseline,0.033,265.9348557446994,133.44611061269018,132.48874513200923,0.5018,0.027,0.022985547972701727,3.603044986542635,3.0453264070748505,6.648371393617485,0.05951364740783708,0.04471615931886438,0.0450860965210887,0.17025499655054005,0.39566883095610145,11.594295743471214,11.989964574427315,11.989964574427317,0.033,AR6 World GDP level and trajectory (unrebased),Fixed original NATO GDP share = 0.5018,IMAGE 3.0.1,SSP1-19,-1.7763568394002505e-15,0.39566883095610145,11.989964574427315,0.0,0.0,14.07380521651072,0.0,0.0
2044,SA1_AR6_fixed_split,SSP1-1.9,S0,Baseline,0.033,273.11212299904514,137.04766332092086,136.06445967812428,0.5018,0.027,0.022985547972701727,3.700286909664863,3.1275161653112655,6.827803074976129,0.05488459063219802,0.04123807237089005,0.04157923532742275,0.157012318951437,0.37474117668732765,10.981052056261996,11.355793232949324,11.355793232949324,0.032999999999999995,AR6 World GDP level and trajectory (unrebased),Fixed original NATO GDP share = 0.5018,IMAGE 3.0.1,SSP1-19,0.0,0.37474117668732765,11.355793232949324,0.0,0.0,14.448546393198049,0.0,0.0
2045,SA1_AR6_fixed_split,SSP1-1.9,S0,Baseline,0.033,280.48309620854303,140.7464176774469,139.73667853109612,0.5018,0.027,0.022985547972701727,3.8001532772910664,3.2119241279225093,7.012077405213576,0.05045993858791459,0.037913566911043826,0.0382272262029656,0.14435439675462647,0.35382899524078054,10.368261769631356,10.722090764872137,10.722090764872137,0.033,AR6 World GDP level and trajectory (unrebased),Fixed original NATO GDP share = 0.5018,IMAGE 3.0.1,SSP1-19,0.0,0.35382899524078054,10.722090764872137,0.0,0.0,14.80237538843883,0.0,0.0
2046,SA1_AR6_fixed_split,SSP1-1.9,S0,Baseline,0.033,288.05300326784055,144.54499703980238,143.50800622803817,0.5018,0.027,0.022985547972701727,3.9027149200746645,3.2986101616213497,7.201325081696014,0.046233253818362935,0.034737806093517454,0.03502519228663859,0.1322628138622381,0.33294069033059503,9.756171137869254,10.089111828199849,10.08911182819985,0.033,AR6 World GDP level and trajectory (unrebased),Fixed original NATO GDP share = 0.5018,IMAGE 3.0.1,SSP1-19,-1.7763568394002505e-15,0.33294069033059503,10.089111828199849,0.0,0.0,15.135316078769424,0.0,0.0
2047,SA1_AR6_fixed_split,SSP1-1.9,S0,Baseline,0.033,295.82721316627885,148.44609556683872,147.38111759944013,0.5018,0.027,0.022985547972701727,4.008044580304645,3.387635748852326,7.395680329156971,0.04219596766766665,0.03170435177516213,0.03196664217247474,0.12071305730052176,0.3120678880495058,9.14453478011734,9.456602668166845,9.456602668166845,0.032999999999999995,AR6 World GDP level and trajectory (unrebased),Fixed original NATO GDP share = 0.5018,IMAGE 3.0.1,SSP1-19,0.0,0.3120678880495058,9.456602668166845,0.0,0.0,15.447383966818931,0.0,0.0
2048,SA1_AR6_fixed_split,SSP1-1.9,S0,Baseline,0.033,303.81123979587244,152.45248012956878,151.35875966630365,0.5018,0.027,0.022985547972701727,4.116216963498357,3.4790640313984538,7.595280994896811,0.03834098942175769,0.028807876278818718,0.02904620410739219,0.10968484215077766,0.29121058828061586,8.533352692950167,8.824563281230784,8.824563281230784,0.033,AR6 World GDP level and trajectory (unrebased),Fixed original NATO GDP share = 0.5018,IMAGE 3.0.1,SSP1-19,0.0,0.29121058828061586,8.824563281230784,0.0,0.0,15.738594555099546,0.0,0.0
2049,SA1_AR6_fixed_split,SSP1-1.9,S0,Baseline,0.033,312.0107458620589,156.56699227358118,155.44375358847773,0.5018,0.027,0.022985547972701727,4.227308791386692,3.572959855164781,7.800268646551473,0.034661471706081456,0.02604323476284442,0.02625869068642535,0.09915857963325612,0.2703687909922782,7.922624875440395,8.192993666432672,8.192993666432672,0.033,AR6 World GDP level and trajectory (unrebased),Fixed original NATO GDP share = 0.5018,IMAGE 3.0.1,SSP1-19,0.0,0.2703687909922782,8.192993666432672,0.0,0.0,16.008963346091825,0.0,0.0
2050,SA1_AR6_fixed_split,SSP1-1.9,S0,Baseline,0.033,320.4315469000001,160.79255023442008,159.63899666558004,0.5018,0.027,0.022985547972701727,4.341398856329342,3.669389816170661,8.010788672500004,0.031150802577824883,0.023405459279531207,0.02359909286198855,0.08911535448482234,0.2495424964297235,7.312351334774019,7.561893831203743,7.561893831203742,0.033,AR6 World GDP level and trajectory (unrebased),Fixed original NATO GDP share = 0.5018,IMAGE 3.0.1,SSP1-19,8.881784197001252e-16,0.2495424964297235,7.561893831203743,0.0,0.0,16.258505842521547,0.0,0.0
2025,SA1_AR6_fixed_split,SSP1-1.9,S1,"NATO→3.5%, nonNATO holds",0.033,138.56683200039697,69.53283629779921,69.03399570259776,0.5018,0.027,0.022985547972701727,1.8773865800405787,1.5867842199693458,3.4641708000099243,0.34955595203439743,0.26264227320688605,0.26481511517757383,1.0,1.2109215220072294,35.48367005396942,36.694591575976645,36.694591575976645,0.033,AR6 World GDP level and trajectory (unrebased),Fixed original NATO GDP share = 0.5018,IMAGE 3.0.1,SSP1-19,0.0,1.2109215220072294,36.694591575976645,0.0,0.0,1.2109215220072294,0.0,0.0
2026,SA1_AR6_fixed_split,SSP1-1.9,S1,"NATO→3.5%, nonNATO holds",0.033,144.59391012503605,72.55722410074308,72.03668602429296,0.5018,0.02740877593256891,0.022985547972701727,1.988704697666456,1.655802702405838,3.644507400072294,0.31718477030701875,0.23831987015298148,0.24029149265683242,0.9073934185958498,1.1559822425741606,33.59104335555366,34.74702559812782,34.74468649303279,0.03326852364124212,AR6 World GDP level and trajectory (unrebased),Fixed original NATO GDP share = 0.5018,IMAGE 3.0.1,SSP1-19,0.0023391050950323233,1.1465746542700819,34.74468649303279,0.009407588304078729,0.0023391050950323233,2.36690376458139,0.009407588304078729,0.0023391050950323233
2027,SA1_AR6_fixed_split,SSP1-1.9,S1,"NATO→3.5%, nonNATO holds",0.033,150.8831409610859,75.71316013427291,75.16998082681299,0.5018,0.028005016140972137,0.022985547972701727,2.120348271644321,1.727823200401779,3.8481714720461,0.28691996641145184,0.2155801146230567,0.2173636109177666,0.820812704637391,1.1041172295049744,31.69781557604485,32.801932805549825,32.796504345916006,0.03366012716537748,AR6 World GDP level and trajectory (unrebased),Fixed original NATO GDP share = 0.5018,IMAGE 3.0.1,SSP1-19,0.005428459633819216,1.082284643415228,32.796504345916006,0.021832586089746364,0.005428459633819216,3.4710209940863646,0.031240174393825093,0.007767564728851539
2028,SA1_AR6_fixed_split,SSP1-1.9,S1,"NATO→3.5%, nonNATO holds",0.033,157.44592705596344,79.00636619668245,78.43956085928099,0.5018,0.028820930945768986,0.022985547972701727,2.277037024430722,1.8029762890886598,4.080013313519382,0.2586415561198641,0.19433285529752028,0.19594057281807886,0.7399146105640133,1.055260992398416,29.80403592288236,30.859296915280776,30.850045135218938,0.03419588577456787,AR6 World GDP level and trajectory (unrebased),Fixed original NATO GDP share = 0.5018,IMAGE 3.0.1,SSP1-19,0.009251780061838133,1.018051489462225,30.850045135218938,0.037209502936190963,0.009251780061838133,4.52628198648478,0.06844967733001606,0.017019344790689672
2029,SA1_AR6_fixed_split,SSP1-1.9,S1,"NATO→3.5%, nonNATO holds",0.033,164.2941669202464,82.44281296057964,81.85135395966675,0.5018,0.029845109579542582,0.022985547972701727,2.4605147868542327,1.8813982230705095,4.341913009924742,0.23223592436260723,0.17449272638589058,0.17593630633530852,0.6643741095266902,1.0083481813619026,27.91050487638025,28.918853057742155,28.90530888038478,0.0348681940929171,AR6 World GDP level and trajectory (unrebased),Fixed original NATO GDP share = 0.5018,IMAGE 3.0.1,SSP1-19,0.013544177357374565,0.9538751930526976,28.905308880384776,0.054472988309204995,0.013544177357378118,5.534630167846683,0.12292266563922105,0.03056352214806779
2030,SA1_AR6_fixed_split,SSP1-1.9,S1,"NATO→3.5%, nonNATO holds",0.033,171.44027659999995,86.02873079787997,85.41154580211997,0.5018,0.030999999999995285,0.022985547972701727,2.6668906547338733,1.9632311834572393,4.630121838191113,0.20759550117052517,0.15597890414288876,0.1572693190685797,0.5938834683326951,0.9611924634798773,26.01886513965262,26.980057603132497,26.962295561810947,0.035626034518483715,AR6 World GDP level and trajectory (unrebased),Fixed original NATO GDP share = 0.5018,IMAGE 3.0.1,SSP1-19,0.017762041321550015,0.8897557535397612,26.962295561810944,0.07143670994011608,0.017762041321553568,6.49582263132656,0.19435937557933713,0.04832556346962136
2031,SA1_AR6_fixed_split,SSP1-1.9,S1,"NATO→3.5%, nonNATO holds",0.033,177.7089843520823,89.1743683478749,88.5346160042074,0.5018,0.03215489042044799,0.022985547972701727,2.867392042538583,2.035016663409435,4.902408705948018,0.19052470098680738,0.14315259196133856,0.14433689468697528,0.5450477952898914,0.9340299528158673,24.737709211707248,25.671739164523114,25.64996295935584,0.03638358690192068,AR6 World GDP level and trajectory (unrebased),Fixed original NATO GDP share = 0.5018,IMAGE 3.0.1,SSP1-19,0.0217762051672743,0.8464487776587428,25.649962959355843,0.08758117515712449,0.021776205167270746,7.429852584142427,0.2819405507364616,0.0701017686368921
2032,SA1_AR6_fixed_split,SSP1-1.9,S1,"NATO→3.5%, nonNATO holds",0.033,184.20690718512637,92.43502602549641,91.77188115962996,0.5018,0.033179069054221584,0.022985547972701727,3.066908111528715,2.1094269769397562,5.176335088468472,0.17440891003352915,0.1310438352777177,0.132127962146613,0.49894418624108205,0.9027989607480978,23.46085279951,24.363651760258097,24.338883259701028,0.037055157807695326,AR6 World GDP level and trajectory (unrebased),Fixed original NATO GDP share = 0.5018,IMAGE 3.0.1,SSP1-19,0.024768500557069473,0.8031831475701341,24.338883259701028,0.09961581317796375,0.024768500557069473,8.332651544890526,0.3815563639144254,0.09487026919396158
2033,SA1_AR6_fixed_split,SSP1-1.9,S1,"NATO→3.5%, nonNATO holds",0.033,190.94242634059682,95.81490953771149,95.12751680288534,0.5018,0.03399498385901843,0.022985547972701727,3.2572263031878133,2.1865581009967103,5.443784404184523,0.15920167728578036,0.11961773266149932,0.12060733127710635,0.45543975537888826,0.8666596079283485,22.188926960220954,23.0555865681493,23.02905646851484,0.0375900047204011,AR6 World GDP level and trajectory (unrebased),Fixed original NATO GDP share = 0.5018,IMAGE 3.0.1,SSP1-19,0.02653009963446351,0.7599588634609895,23.02905646851484,0.106700744467359,0.02653009963446351,9.199311152818874,0.4882571083817844,0.12140036882842509
2034,SA1_AR6_fixed_split,SSP1-1.9,S1,"NATO→3.5%, nonNATO holds",0.033,197.92422951976133,99.31837837301624,98.60585114674508,0.5018,0.034591224067421655,0.022985547972701727,3.43554428031397,2.2665095219225946,5.7020538022365646,0.14485865154634198,0.10884096040816839,0.10974140268662272,0.41440762402491554,0.8259918248366809,20.921646216843097,21.747638041679778,21.72048257316767,0.03798076017513494,AR6 World GDP level and trajectory (unrebased),Fixed original NATO GDP share = 0.5018,IMAGE 3.0.1,SSP1-19,0.027155468512109593,0.7167759249145329,21.72048257316767,0.10921589992214797,0.027155468512109593,10.025302977655555,0.5974730083039324,0.14855583734053468
2035,SA1_AR6_fixed_split,SSP1-1.9,S1,"NATO→3.5%, nonNATO holds",0.033,205.16132208938131,102.94995142445156,102.21137066492976,0.5018,0.03499999999999057,0.022985547972701727,3.603248299854834,2.349384363774341,5.952632663629175,0.13133749111224877,0.09868170466631279,0.0994980993274612,0.3757266622063547,0.7818038395538784,19.6582530568753,20.440056896429176,20.41316160340252,0.038248613666552835,AR6 World GDP level and trajectory (unrebased),Fixed original NATO GDP share = 0.5018,IMAGE 3.0.1,SSP1-19,0.026895293026655054,0.6736343329122831,20.413161603402518,0.1081695066415953,0.026895293026658607,10.807106817209434,0.7056425149455277,0.1754511303671933
2036,SA1_AR6_fixed_split,SSP1-1.9,S1,"NATO→3.5%, nonNATO holds",0.033,212.66303869714082,106.71431281822527,105.94872587891555,0.5018,0.035,0.022985547972701727,3.7350009486378846,2.4352895213364385,6.170290469974323,0.11859772125270186,0.08910955435226318,0.08984675852477415,0.3392810809327357,0.7317823892062175,18.40047677149689,19.132259160703107,19.10708468496671,0.038248613666559,AR6 World GDP level and trajectory (unrebased),Fixed original NATO GDP share = 0.5018,IMAGE 3.0.1,SSP1-19,0.025174475736395863,0.6305337946039015,19.107084684966715,0.10124859460231606,0.02517447573639231,11.53888920641565,0.8068911095478437,0.2006256061035856
2037,SA1_AR6_fixed_split,SSP1-1.9,S1,"NATO→3.5%, nonNATO holds",0.033,220.4390553117926,110.61631795545753,109.82273735633507,0.5018,0.035,0.022985547972701727,3.871571128441014,2.5243357979974617,6.395906926438476,0.10660081160840337,0.08009555930483767,0.0807581906124268,0.3049606536178034,0.6818088693301503,17.1439056852933,17.825714554623453,17.80225924729304,0.038248613666559,AR6 World GDP level and trajectory (unrebased),Fixed original NATO GDP share = 0.5018,IMAGE 3.0.1,SSP1-19,0.023455307330412012,0.5874745551606704,17.802259247293044,0.0943343141694799,0.02345530733040846,12.220698075745801,0.9012254237173236,0.22408091343399406
2038,SA1_AR6_fixed_split,SSP1-1.9,S1,"NATO→3.5%, nonNATO holds",0.033,228.49940170355023,114.66099977484151,113.83840192870872,0.5018,0.035,0.022985547972701727,4.013134992119453,2.616638048668035,6.629773040787488,0.09530994139357714,0.0716120538675906,0.07220450105574026,0.27266004437595254,0.6318832799701732,15.88853979938009,16.520423079350262,16.49868529154001,0.038248613666559,AR6 World GDP level and trajectory (unrebased),Fixed original NATO GDP share = 0.5018,IMAGE 3.0.1,SSP1-19,0.021737787810252485,0.5444566146208203,16.498685291540014,0.08742666534935295,0.021737787810248932,12.852581355715975,0.9886520890666766,0.245818701244243
2039,SA1_AR6_fixed_split,SSP1-1.9,S1,"NATO→3.5%, nonNATO holds",0.033,236.85447438082582,118.8535752442984,118.00089913652742,0.5018,0.035,0.022985547972701727,4.159875133550444,2.7123153279245886,6.872190461475032,0.08468997249295648,0.06363263667497196,0.06415907007042158,0.24227873105883407,0.5820056211486784,14.634379114320295,15.216384735468973,15.196362818292279,0.038248613666559,AR6 World GDP level and trajectory (unrebased),Fixed original NATO GDP share = 0.5018,IMAGE 3.0.1,SSP1-19,0.02002191717669355,0.5014799730036451,15.196362818292275,0.08052564814503327,0.0200219171766971,13.434586976864653,1.0691777372117097,0.2658406184209401
2040,SA1_AR6_fixed_split,SSP1-1.9,S1,"NATO→3.5%, nonNATO holds",0.033,245.51504999999977,123.1994520899999,122.31559790999988,0.5018,0.035,0.022985547972701727,4.311980823149996,2.811491043569997,7.123471866719994,0.0747073762279647,0.05613211562738296,0.056596497142397506,0.21372079575006994,0.5321758927963726,13.38142362837156,13.913599521167933,13.895291825740568,0.038248613666558996,AR6 World GDP level and trajectory (unrebased),Fixed original NATO GDP share = 0.5018,IMAGE 3.0.1,SSP1-19,0.018307695427365545,0.45854463024943865,13.895291825740566,0.07363126254693392,0.01830769542736732,13.966762869661025,1.1428089997586437,0.2841483138483074
2041,SA1_AR6_fixed_split,SSP1-1.9,S1,"NATO→3.5%, nonNATO holds",0.033,252.1412108463452,126.52445960269603,125.61675124364916,0.5018,0.035,0.022985547972701727,4.428356086094361,2.887369861885837,7.315725947980198,0.06941674567897126,0.052156948773554944,0.05258844369619035,0.19858550619713214,0.5078338875879923,12.769350274304774,13.277184161892766,13.259713870082283,0.038248613666558996,AR6 World GDP level and trajectory (unrebased),Fixed original NATO GDP share = 0.5018,IMAGE 3.0.1,SSP1-19,0.017470291810482763,0.43757055771271536,13.259713870082285,0.07026332987527695,0.017470291810480987,14.474596757249017,1.2130723296339208,0.3016186056587884
2042,SA1_AR6_fixed_split,SSP1-1.9,S1,"NATO→3.5%, nonNATO holds",0.033,258.9462039376452,129.93920513591036,129.00699880173482,0.5018,0.035,0.022985547972701727,4.547872179756863,2.96529655977155,7.513168739528412,0.06435498209347672,0.04835374334451592,0.04875377431323994,0.18410495292365664,0.48350983969762,12.157728452302376,12.641238291999995,12.624604786046156,0.038248613666559,AR6 World GDP level and trajectory (unrebased),Fixed original NATO GDP share = 0.5018,IMAGE 3.0.1,SSP1-19,0.01663350595383939,0.41661195793952316,12.624604786046156,0.06689788175809686,0.01663350595383939,14.958106596946637,1.2799702113920175,0.3182521116126278
2043,SA1_AR6_fixed_split,SSP1-1.9,S1,"NATO→3.5%, nonNATO holds",0.033,265.9348557446994,133.44611061269018,132.48874513200923,0.5018,0.035,0.022985547972701727,4.670613871444156,3.0453264070748505,7.715940278519007,0.05951364740783708,0.04471615931886438,0.0450860965210887,0.17025499655054005,0.4592037491557084,11.546558163130097,12.005761912285806,11.989964574427317,0.038248613666559,AR6 World GDP level and trajectory (unrebased),Fixed original NATO GDP share = 0.5018,IMAGE 3.0.1,SSP1-19,0.015797337858488802,0.39566883095610145,11.989964574427315,0.06353491819960694,0.01579733785849058,15.417310346102346,1.3435051295916245,0.33404944947111836
2044,SA1_AR6_fixed_split,SSP1-1.9,S1,"NATO→3.5%, nonNATO holds",0.033,273.11212299904514,137.04766332092086,136.06445967812428,0.5018,0.035,0.022985547972701727,4.796668216232231,3.1275161653112655,7.924184381543496,0.05488459063219802,0.04123807237089005,0.04157923532742275,0.157012318951437,0.434915615875072,10.93583940459568,11.370755020470751,11.355793232949324,0.038248613666559,AR6 World GDP level and trajectory (unrebased),Fixed original NATO GDP share = 0.5018,IMAGE 3.0.1,SSP1-19,0.014961787521427183,0.37474117668732765,11.355793232949324,0.060174439187744344,0.014961787521427183,15.852225961977418,1.4036795687793688,0.34901123699254555
2045,SA1_AR6_fixed_split,SSP1-1.9,S1,"NATO→3.5%, nonNATO holds",0.033,280.48309620854303,140.7464176774469,139.73667853109612,0.5018,0.035,0.022985547972701727,4.9261246187106424,3.2119241279225093,8.138048746633151,0.05045993858791459,0.037913566911043826,0.0382272262029656,0.14435439675462647,0.4106454399805641,10.325572179838527,10.736217619819092,10.722090764872137,0.038248613666559,AR6 World GDP level and trajectory (unrebased),Fixed original NATO GDP share = 0.5018,IMAGE 3.0.1,SSP1-19,0.014126854946955092,0.35382899524078054,10.722090764872137,0.056816444739783534,0.014126854946955092,16.26287140195798,1.4604960135191525,0.36313809193950064
2046,SA1_AR6_fixed_split,SSP1-1.9,S1,"NATO→3.5%, nonNATO holds",0.033,288.05300326784055,144.54499703980238,143.50800622803817,0.5018,0.035,0.022985547972701727,5.059074896393084,3.2986101616213497,8.357685058014434,0.046233253818362935,0.034737806093517454,0.03502519228663859,0.1322628138622381,0.38640297462112067,9.7160017292376,10.10240470385872,10.08911182819985,0.03824861366655901,AR6 World GDP level and trajectory (unrebased),Fixed original NATO GDP share = 0.5018,IMAGE 3.0.1,SSP1-19,0.013292875658869718,0.33294069033059503,10.089111828199849,0.05346228429052563,0.013292875658871495,16.649274376579104,1.513958297809678,0.37643096759837213
2047,SA1_AR6_fixed_split,SSP1-1.9,S1,"NATO→3.5%, nonNATO holds",0.033,295.82721316627885,148.44609556683872,147.38111759944013,0.5018,0.035,0.022985547972701727,5.195613344839356,3.387635748852326,8.583249093691682,0.04219596766766665,0.03170435177516213,0.03196664217247474,0.12071305730052176,0.3621785012409433,9.106883682249336,9.46906218349028,9.456602668166845,0.038248613666558996,AR6 World GDP level and trajectory (unrebased),Fixed original NATO GDP share = 0.5018,IMAGE 3.0.1,SSP1-19,0.012459515323435255,0.3120678880495058,9.456602668166845,0.0501106131914375,0.012459515323435255,17.011452877820044,1.5640689110011154,0.3888904829218074
2048,SA1_AR6_fixed_split,SSP1-1.9,S1,"NATO→3.5%, nonNATO holds",0.033,303.81123979587244,152.45248012956878,151.35875966630365,0.5018,0.035,0.022985547972701727,5.335836804534908,3.4790640313984538,8.814900835933361,0.03834098942175769,0.028807876278818718,0.02904620410739219,0.10968484215077766,0.337972019704364,8.498218035462395,8.836190055166758,8.824563281230784,0.038248613666559,AR6 World GDP level and trajectory (unrebased),Fixed original NATO GDP share = 0.5018,IMAGE 3.0.1,SSP1-19,0.011626773935974555,0.29121058828061586,8.824563281230784,0.04676143142374817,0.011626773935974555,17.34942489752441,1.6108303424248636,0.40051725685778194
2049,SA1_AR6_fixed_split,SSP1-1.9,S1,"NATO→3.5%, nonNATO holds",0.033,312.0107458620589,156.56699227358118,155.44375358847773,0.5018,0.035,0.022985547972701727,5.479844729575341,3.572959855164781,9.052804584740123,0.034661471706081456,0.02604323476284442,0.02625869068642535,0.09915857963325612,0.31378352997465425,7.890004787953248,8.203788317927902,8.192993666432672,0.038248613666559,AR6 World GDP level and trajectory (unrebased),Fixed original NATO GDP share = 0.5018,IMAGE 3.0.1,SSP1-19,0.010794651495229957,0.2703687909922782,8.192993666432672,0.04341473898237608,0.010794651495229957,17.663208427499065,1.6542450814072398,0.4113119083530119
2050,SA1_AR6_fixed_split,SSP1-1.9,S1,"NATO→3.5%, nonNATO holds",0.033,320.4315469000001,160.79255023442008,159.63899666558004,0.5018,0.035,0.022985547972701727,5.627739258204703,3.669389816170661,9.297129074375365,0.031150802577824883,0.023405459279531207,0.02359909286198855,0.08911535448482234,0.28961303233642277,7.2822439468783084,7.571856979214731,7.561893831203742,0.03824861366655901,AR6 World GDP level and trajectory (unrebased),Fixed original NATO GDP share = 0.5018,IMAGE 3.0.1,SSP1-19,0.009963148010989187,0.2495424964297235,7.561893831203743,0.04007053590669926,0.009963148010988299,17.952821459835487,1.694315617313939,0.4212750563640002
2025,SA1_AR6_fixed_split,SSP1-1.9,S2,"NATO→3.5%, nonNATO→3.5%",0.033,138.56683200039697,69.53283629779921,69.03399570259776,0.5018,0.027,0.022985547972701727,1.8773865800405787,1.5867842199693458,3.4641708000099243,0.34955595203439743,0.26264227320688605,0.26481511517757383,1.0,1.2109215220072294,35.48367005396942,36.694591575976645,36.694591575976645,0.033,AR6 World GDP level and trajectory (unrebased),Fixed original NATO GDP share = 0.5018,IMAGE 3.0.1,SSP1-19,0.0,1.2109215220072294,36.694591575976645,0.0,0.0,1.2109215220072294,0.0,0.0
2026,SA1_AR6_fixed_split,SSP1-1.9,S2,"NATO→3.5%, nonNATO→3.5%",0.033,144.59391012503605,72.55722410074308,72.03668602429296,0.5018,0.02740877593256891,0.023599450326672138,1.988704697666456,1.7000261935283787,3.688730891194835,0.31718477030701875,0.23831987015298148,0.24029149265683242,0.9073934185958498,1.1700092604480383,33.58050401889162,34.75051327933966,34.74468649303279,0.033668833926077515,AR6 World GDP level and trajectory (unrebased),Fixed original NATO GDP share = 0.5018,IMAGE 3.0.1,SSP1-19,0.0058267863068692805,1.1465746542700819,34.74468649303279,0.023434606177956452,0.0058267863068692805,2.380930782455268,0.023434606177956452,0.0058267863068692805
2027,SA1_AR6_fixed_split,SSP1-1.9,S2,"NATO→3.5%, nonNATO→3.5%",0.033,150.8831409610859,75.71316013427291,75.16998082681299,0.5018,0.028005016140972137,0.024494887749248,2.120348271644321,1.8412802424659085,3.9616285141102296,0.28691996641145184,0.2155801146230567,0.2173636109177666,0.820812704637391,1.136670320203157,31.673356493911868,32.81002681411503,32.796504345916006,0.03464399241862722,AR6 World GDP level and trajectory (unrebased),Fixed original NATO GDP share = 0.5018,IMAGE 3.0.1,SSP1-19,0.01352246819902092,1.082284643415228,32.796504345916006,0.05438567678792894,0.01352246819902092,3.517601102658425,0.07782028296588539,0.0193492545058902
2028,SA1_AR6_fixed_split,SSP1-1.9,S2,"NATO→3.5%, nonNATO→3.5%",0.033,157.44592705596344,79.00636619668245,78.43956085928099,0.5018,0.028820930945768986,0.025720233909322272,2.277037024430722,2.017483853045227,4.294520877475948,0.2586415561198641,0.19433285529752028,0.19594057281807886,0.7399146105640133,1.1107415625396235,29.762350055495762,30.873091618035385,30.850045135218938,0.03597765900097782,AR6 World GDP level and trajectory (unrebased),Fixed original NATO GDP share = 0.5018,IMAGE 3.0.1,SSP1-19,0.023046482816447167,1.018051489462225,30.850045135218938,0.09269007307739852,0.023046482816447167,4.628342665198048,0.1705103560432839,0.04239573732233737
2029,SA1_AR6_fixed_split,SSP1-1.9,S2,"NATO→3.5%, nonNATO→3.5%",0.033,164.2941669202464,82.44281296057964,81.85135395966675,0.5018,0.029845109579542582,0.027258352042179364,2.4605147868542327,2.2311330213616283,4.691647808215861,0.23223592436260723,0.17449272638589058,0.17593630633530852,0.6643741095266902,1.0895691655248108,27.849478697914417,28.939047863439228,28.90530888038478,0.03765048424075284,AR6 World GDP level and trajectory (unrebased),Fixed original NATO GDP share = 0.5018,IMAGE 3.0.1,SSP1-19,0.03373898305444811,0.9538751930526976,28.905308880384776,0.13569397247211312,0.033738983054451666,5.7179118307228585,0.30620432851539703,0.07613472037678903
2030,SA1_AR6_fixed_split,SSP1-1.9,S2,"NATO→3.5%, nonNATO→3.5%",0.033,171.44027659999995,86.02873079787997,85.41154580211997,0.5018,0.030999999999995285,0.028992773986343784,2.6668906547338733,2.4763176432651144,5.143208297998988,0.20759550117052517,0.15597890414288876,0.1572693190685797,0.5938834683326951,1.0677069042475036,25.93883447592123,27.006541380168734,26.962295561810947,0.03953512185131322,AR6 World GDP level and trajectory (unrebased),Fixed original NATO GDP share = 0.5018,IMAGE 3.0.1,SSP1-19,0.04424581835778696,0.8897557535397612,26.962295561810944,0.17795115070774237,0.04424581835779051,6.785618734970362,0.4841554792231394,0.12038053873457955
2031,SA1_AR6_fixed_split,SSP1-1.9,S2,"NATO→3.5%, nonNATO→3.5%",0.033,177.7089843520823,89.1743683478749,88.5346160042074,0.5018,0.03215489042044799,0.0307271959305082,2.867392042538583,2.7204204925935875,5.587812535132171,0.19052470098680738,0.14315259196133856,0.14433689468697528,0.5450477952898914,1.064616312426391,24.639591877019306,25.704208189445698,25.64996295935584,0.04141797734362924,AR6 World GDP level and trajectory (unrebased),Fixed original NATO GDP share = 0.5018,IMAGE 3.0.1,SSP1-19,0.054245230089858154,0.8464487776587428,25.649962959355843,0.21816753476764816,0.0542452300898546,7.850235047396754,0.7023230139907876,0.17462576882443415
2032,SA1_AR6_fixed_split,SSP1-1.9,S2,"NATO→3.5%, nonNATO→3.5%",0.033,184.20690718512637,92.43502602549641,91.77188115962996,0.5018,0.033179069054221584,0.032265314063365295,3.066908111528715,2.961048567801297,6.027956679330012,0.17440891003352915,0.1310438352777177,0.132127962146613,0.49894418624108205,1.0513293541712792,23.349253040038196,24.400582394209476,24.338883259701028,0.043086240204691637,AR6 World GDP level and trajectory (unrebased),Fixed original NATO GDP share = 0.5018,IMAGE 3.0.1,SSP1-19,0.061699134508447884,0.8031831475701341,24.338883259701028,0.24814620660114506,0.061699134508447884,8.901564401568033,0.9504692205919326,0.23632490333288203
2033,SA1_AR6_fixed_split,SSP1-1.9,S2,"NATO→3.5%, nonNATO→3.5%",0.033,190.94242634059682,95.81490953771149,95.12751680288534,0.5018,0.03399498385901843,0.033490660223439564,3.2572263031878133,3.1858833431449707,6.443109646332784,0.15920167728578036,0.11961773266149932,0.12060733127710635,0.45543975537888826,1.0257538626323703,22.069389940563777,23.095143803196148,23.02905646851484,0.04441426610603809,AR6 World GDP level and trajectory (unrebased),Fixed original NATO GDP share = 0.5018,IMAGE 3.0.1,SSP1-19,0.06608733468130978,0.7599588634609895,23.02905646851484,0.26579499917138083,0.06608733468130978,9.927318264200403,1.2162642197633136,0.3024122380141918
2034,SA1_AR6_fixed_split,SSP1-1.9,S2,"NATO→3.5%, nonNATO→3.5%",0.033,197.92422951976133,99.31837837301624,98.60585114674508,0.5018,0.034591224067421655,0.034386097646015426,3.43554428031397,3.3906704260004386,6.826214706314408,0.14485865154634198,0.10884096040816839,0.10974140268662272,0.41440762402491554,0.9888362575225139,20.799291464389952,21.788127721912467,21.72048257316767,0.04538417757336876,AR6 World GDP level and trajectory (unrebased),Fixed original NATO GDP share = 0.5018,IMAGE 3.0.1,SSP1-19,0.06764514874479843,0.7167759249145329,21.72048257316767,0.272060332607981,0.06764514874479843,10.916154521722916,1.4883245523712945,0.37005738675899025
2035,SA1_AR6_fixed_split,SSP1-1.9,S2,"NATO→3.5%, nonNATO→3.5%",0.033,205.16132208938131,102.94995142445156,102.21137066492976,0.5018,0.03499999999999057,0.03499999999998584,3.603248299854834,3.5773979732710943,7.180646273125928,0.13133749111224877,0.09868170466631279,0.0994980993274612,0.3757266622063547,0.9430880660768789,19.53707058053673,20.48015864661361,20.41316160340252,0.04604886526271213,AR6 World GDP level and trajectory (unrebased),Fixed original NATO GDP share = 0.5018,IMAGE 3.0.1,SSP1-19,0.06699704321108868,0.6736343329122831,20.413161603402518,0.26945373316459575,0.06699704321109223,11.859242587799796,1.75777828553589,0.4370544299700825
2036,SA1_AR6_fixed_split,SSP1-1.9,S2,"NATO→3.5%, nonNATO→3.5%",0.033,212.66303869714082,106.71431281822527,105.94872587891555,0.5018,0.035,0.035,3.7350009486378846,3.708205405762045,7.44320635439993,0.11859772125270186,0.08910955435226318,0.08984675852477415,0.3392810809327357,0.8827473124454621,18.287047804307807,19.16979511675327,19.10708468496671,0.04604886526272746,AR6 World GDP level and trajectory (unrebased),Fixed original NATO GDP share = 0.5018,IMAGE 3.0.1,SSP1-19,0.06271043178655944,0.6305337946039015,19.107084684966715,0.25221351784156065,0.06271043178655589,12.741989900245258,2.009991803377451,0.49976486175663837
2037,SA1_AR6_fixed_split,SSP1-1.9,S2,"NATO→3.5%, nonNATO→3.5%",0.033,220.4390553117926,110.61631795545753,109.82273735633507,0.5018,0.035,0.035,3.871571128441014,3.8437958074717278,7.715366935912742,0.10660081160840337,0.08009555930483767,0.0807581906124268,0.3049606536178034,0.8224643772249386,17.03822279785409,17.86068717507903,17.80225924729304,0.04604886526272746,AR6 World GDP level and trajectory (unrebased),Fixed original NATO GDP share = 0.5018,IMAGE 3.0.1,SSP1-19,0.05842792778598849,0.5874745551606704,17.802259247293044,0.23498982206426822,0.058427927785984934,13.564454277470196,2.244981625441719,0.5581927895426233
2038,SA1_AR6_fixed_split,SSP1-1.9,S2,"NATO→3.5%, nonNATO→3.5%",0.033,228.49940170355023,114.66099977484151,113.83840192870872,0.5018,0.035,0.035,4.013134992119453,3.9843440675048054,7.997479059624259,0.09530994139357714,0.0716120538675906,0.07220450105574026,0.27266004437595254,0.7622392604691485,15.790595562284125,16.552834822753272,16.49868529154001,0.04604886526272745,AR6 World GDP level and trajectory (unrebased),Fixed original NATO GDP share = 0.5018,IMAGE 3.0.1,SSP1-19,0.05414953121326249,0.5444566146208203,16.498685291540014,0.21778264584832818,0.05414953121325894,14.326693537939345,2.4627642712900473,0.6123423207558822
2039,SA1_AR6_fixed_split,SSP1-1.9,S2,"NATO→3.5%, nonNATO→3.5%",0.033,236.85447438082582,118.8535752442984,118.00089913652742,0.5018,0.035,0.035,4.159875133550444,4.13003146977846,8.289906603328905,0.08468997249295648,0.06363263667497196,0.06415907007042158,0.24227873105883407,0.7020719622051033,14.544166098157463,15.246238060362566,15.196362818292279,0.04604886526272747,AR6 World GDP level and trajectory (unrebased),Fixed original NATO GDP share = 0.5018,IMAGE 3.0.1,SSP1-19,0.049875242070287484,0.5014799730036451,15.196362818292275,0.20059198920145815,0.04987524207029104,15.028765500144448,2.6633562604915055,0.6622175628261733
2040,SA1_AR6_fixed_split,SSP1-1.9,S2,"NATO→3.5%, nonNATO→3.5%",0.033,245.51504999999977,123.1994520899999,122.31559790999988,0.5018,0.035,0.035,4.311980823149996,4.2810459268499965,8.593026749999993,0.0747073762279647,0.05613211562738296,0.056596497142397506,0.21372079575006994,0.6419624823492142,13.298934403742502,13.940896886091716,13.895291825740568,0.04604886526272745,AR6 World GDP level and trajectory (unrebased),Fixed original NATO GDP share = 0.5018,IMAGE 3.0.1,SSP1-19,0.0456050603511482,0.45854463024943865,13.895291825740566,0.1834178520997755,0.04560506035114997,15.670727982493663,2.846774112591281,0.7078226231773233
2041,SA1_AR6_fixed_split,SSP1-1.9,S2,"NATO→3.5%, nonNATO→3.5%",0.033,252.1412108463452,126.52445960269603,125.61675124364916,0.5018,0.035,0.035,4.428356086094361,4.396586293527721,8.824942379622083,0.06941674567897126,0.052156948773554944,0.05258844369619035,0.19858550619713214,0.6125987807978015,12.69063415019142,13.303232930989221,13.259713870082283,0.04604886526272745,AR6 World GDP level and trajectory (unrebased),Fixed original NATO GDP share = 0.5018,IMAGE 3.0.1,SSP1-19,0.04351906090693802,0.43757055771271536,13.259713870082285,0.17502822308508614,0.04351906090693625,16.283326763291463,3.0218023356763672,0.7513416840842595
2042,SA1_AR6_fixed_split,SSP1-1.9,S2,"NATO→3.5%, nonNATO→3.5%",0.033,258.9462039376452,129.93920513591036,129.00699880173482,0.5018,0.035,0.035,4.547872179756863,4.51524495806072,9.063117137817581,0.06435498209347672,0.04835374334451592,0.04875377431323994,0.18410495292365664,0.5832567411153324,12.082782645254257,12.66603938636959,12.624604786046156,0.04604886526272746,AR6 World GDP level and trajectory (unrebased),Fixed original NATO GDP share = 0.5018,IMAGE 3.0.1,SSP1-19,0.04143460032343427,0.41661195793952316,12.624604786046156,0.16664478317580927,0.04143460032343427,16.866583504406798,3.188447118852176,0.7927762844076938
2043,SA1_AR6_fixed_split,SSP1-1.9,S2,"NATO→3.5%, nonNATO→3.5%",0.033,265.9348557446994,133.44611061269018,132.48874513200923,0.5018,0.035,0.035,4.670613871444156,4.637106079620324,9.307719951064481,0.05951364740783708,0.04471615931886438,0.0450860965210887,0.17025499655054005,0.5539363633385421,11.475379889692022,12.029316253030563,11.989964574427317,0.04604886526272747,AR6 World GDP level and trajectory (unrebased),Fixed original NATO GDP share = 0.5018,IMAGE 3.0.1,SSP1-19,0.0393516786032464,0.39566883095610145,11.989964574427315,0.15826753238244068,0.039351678603248175,17.420519867745337,3.346714651234617,0.8321279630109419
2044,SA1_AR6_fixed_split,SSP1-1.9,S2,"NATO→3.5%, nonNATO→3.5%",0.033,273.11212299904514,137.04766332092086,136.06445967812428,0.5018,0.035,0.035,4.796668216232231,4.76225608873435,9.558924304966581,0.05488459063219802,0.04123807237089005,0.04157923532742275,0.157012318951437,0.5246376473622588,10.868425881325976,11.393063528688234,11.355793232949324,0.046048865262727466,AR6 World GDP level and trajectory (unrebased),Fixed original NATO GDP share = 0.5018,IMAGE 3.0.1,SSP1-19,0.037270295738910164,0.37474117668732765,11.355793232949324,0.14989647067493117,0.037270295738910164,17.945157515107596,3.4966111219095484,0.8693982587498521
2045,SA1_AR6_fixed_split,SSP1-1.9,S2,"NATO→3.5%, nonNATO→3.5%",0.033,280.48309620854303,140.7464176774469,139.73667853109612,0.5018,0.035,0.035,4.9261246187106424,4.8907837485883645,9.816908367299007,0.05045993858791459,0.037913566911043826,0.0382272262029656,0.14435439675462647,0.49536059333709276,10.261920623276163,10.757281216613256,10.722090764872137,0.04604886526272746,AR6 World GDP level and trajectory (unrebased),Fixed original NATO GDP share = 0.5018,IMAGE 3.0.1,SSP1-19,0.03519045174111923,0.35382899524078054,10.722090764872137,0.14153159809631222,0.03519045174111923,18.44051810844469,3.6381427200058605,0.9045887104909713
2046,SA1_AR6_fixed_split,SSP1-1.9,S2,"NATO→3.5%, nonNATO→3.5%",0.033,288.05300326784055,144.54499703980238,143.50800622803817,0.5018,0.035,0.035,5.059074896393084,5.022780217981336,10.08185511437442,0.046233253818362935,0.034737806093517454,0.03502519228663859,0.1322628138622381,0.46611696646283307,9.656107844147519,10.122224810610351,10.08911182819985,0.04604886526272746,AR6 World GDP level and trajectory (unrebased),Fixed original NATO GDP share = 0.5018,IMAGE 3.0.1,SSP1-19,0.033112982410500535,0.33294069033059503,10.089111828199849,0.13317627613223804,0.03311298241050231,18.906635074907523,3.7713189961380986,0.9377016929014736
2047,SA1_AR6_fixed_split,SSP1-1.9,S2,"NATO→3.5%, nonNATO→3.5%",0.033,295.82721316627885,148.44609556683872,147.38111759944013,0.5018,0.035,0.035,5.195613344839356,5.1583391159804055,10.353952460819762,0.04219596766766665,0.03170435177516213,0.03196664217247474,0.12071305730052176,0.4368950432693083,9.050744679808442,9.48763972307775,9.456602668166845,0.046048865262727466,AR6 World GDP level and trajectory (unrebased),Fixed original NATO GDP share = 0.5018,IMAGE 3.0.1,SSP1-19,0.03103705491090558,0.3120678880495058,9.456602668166845,0.12482715521980248,0.03103705491090558,19.343530118176833,3.8961461513579008,0.9687387478123792
2048,SA1_AR6_fixed_split,SSP1-1.9,S2,"NATO→3.5%, nonNATO→3.5%",0.033,303.81123979587244,152.45248012956878,151.35875966630365,0.5018,0.035,0.035,5.335836804534908,5.297556588320629,10.633393392855536,0.03834098942175769,0.028807876278818718,0.02904620410739219,0.10968484215077766,0.40769482359286224,8.44583112686863,8.853525950461492,8.824563281230784,0.04604886526272745,AR6 World GDP level and trajectory (unrebased),Fixed original NATO GDP share = 0.5018,IMAGE 3.0.1,SSP1-19,0.028962669230708116,0.29121058828061586,8.824563281230784,0.11648423531224639,0.028962669230708116,19.751224941769692,4.012630386670147,0.9977014170430873
2049,SA1_AR6_fixed_split,SSP1-1.9,S2,"NATO→3.5%, nonNATO→3.5%",0.033,312.0107458620589,156.56699227358118,155.44375358847773,0.5018,0.035,0.035,5.479844729575341,5.440531375596721,10.920376105172062,0.034661471706081456,0.02604323476284442,0.02625869068642535,0.09915857963325612,0.37851630738918945,7.841367184410236,8.219883491799425,8.192993666432672,0.04604886526272746,AR6 World GDP level and trajectory (unrebased),Fixed original NATO GDP share = 0.5018,IMAGE 3.0.1,SSP1-19,0.026889825366753328,0.2703687909922782,8.192993666432672,0.10814751639691128,0.026889825366753328,20.129741249158883,4.120777903067059,1.0245912424098407
2050,SA1_AR6_fixed_split,SSP1-1.9,S2,"NATO→3.5%, nonNATO→3.5%",0.033,320.4315469000001,160.79255023442008,159.63899666558004,0.5018,0.035,0.035,5.627739258204703,5.587364883295302,11.215104141500005,0.031150802577824883,0.023405459279531207,0.02359909286198855,0.08911535448482234,0.3493594950016129,7.237352859545568,7.58671235454718,7.561893831203742,0.04604886526272746,AR6 World GDP level and trajectory (unrebased),Fixed original NATO GDP share = 0.5018,IMAGE 3.0.1,SSP1-19,0.024818523343438592,0.2495424964297235,7.561893831203743,0.09981699857188939,0.024818523343437704,20.479100744160498,4.220594901638948,1.0494097657532784
2025,SA1_AR6_fixed_split,SSP1-1.9,S3,"NATO→5%, nonNATO→3.5%",0.033,138.56683200039697,69.53283629779921,69.03399570259776,0.5018,0.027,0.022985547972701727,1.8773865800405787,1.5867842199693458,3.4641708000099243,0.34955595203439743,0.26264227320688605,0.26481511517757383,1.0,1.2109215220072294,35.48367005396942,36.694591575976645,36.694591575976645,0.033,AR6 World GDP level and trajectory (unrebased),Fixed original NATO GDP share = 0.5018,IMAGE 3.0.1,SSP1-19,0.0,1.2109215220072294,36.694591575976645,0.0,0.0,1.2109215220072294,0.0,0.0
2026,SA1_AR6_fixed_split,SSP1-1.9,S3,"NATO→5%, nonNATO→3.5%",0.033,144.59391012503605,72.55722410074308,72.03668602429296,0.5018,0.02817523080613562,0.023599450326672138,2.0443165356909425,1.7000261935283787,3.744342729219321,0.31718477030701875,0.23831987015298148,0.24029149265683242,0.9073934185958498,1.187648488518186,33.56725061287466,34.754899101392844,34.74468649303279,0.034172117290669664,AR6 World GDP level and trajectory (unrebased),Fixed original NATO GDP share = 0.5018,IMAGE 3.0.1,SSP1-19,0.010212608360056663,1.1465746542700819,34.74468649303279,0.04107383424810407,0.010212608360056663,2.3985700105254155,0.04107383424810407,0.010212608360056663
2027,SA1_AR6_fixed_split,SSP1-1.9,S3,"NATO→5%, nonNATO→3.5%",0.033,150.8831409610859,75.71316013427291,75.16998082681299,0.5018,0.029889421405294894,0.024494887749248,2.263022549179857,1.8412802424659085,4.1043027916457655,0.28691996641145184,0.2155801146230567,0.2173636109177666,0.820812704637391,1.177606419121431,31.642598756806994,32.82020517592842,32.796504345916006,0.03588053191041999,AR6 World GDP level and trajectory (unrebased),Fixed original NATO GDP share = 0.5018,IMAGE 3.0.1,SSP1-19,0.023700830012415963,1.082284643415228,32.796504345916006,0.09532177570620304,0.023700830012415963,3.5761764296468463,0.1363956099543071,0.033913438372472626
2028,SA1_AR6_fixed_split,SSP1-1.9,S3,"NATO→5%, nonNATO→3.5%",0.033,157.44592705596344,79.00636619668245,78.43956085928099,0.5018,0.03223517646908584,0.025720233909322272,2.546784156531277,2.017483853045227,4.564268009576503,0.2586415561198641,0.19433285529752028,0.19594057281807886,0.7399146105640133,1.1805093805449816,29.709929325106348,30.89043870565133,30.850045135218938,0.03821601213870136,AR6 World GDP level and trajectory (unrebased),Fixed original NATO GDP share = 0.5018,IMAGE 3.0.1,SSP1-19,0.04039357043239278,1.018051489462225,30.850045135218938,0.16245789108275654,0.04039357043239278,4.7566858101918275,0.29885350103706365,0.0743070088048654
2029,SA1_AR6_fixed_split,SSP1-1.9,S3,"NATO→5%, nonNATO→3.5%",0.033,164.2941669202464,82.44281296057964,81.85135395966675,0.5018,0.03517969004118492,0.027258352042179364,2.900312606076575,2.2311330213616283,5.131445627438204,0.23223592436260723,0.17449272638589058,0.17593630633530852,0.6643741095266902,1.1917060186045703,27.77273717737974,28.96444319598431,28.90530888038478,0.04114375721090302,AR6 World GDP level and trajectory (unrebased),Fixed original NATO GDP share = 0.5018,IMAGE 3.0.1,SSP1-19,0.059134315599528975,0.9538751930526976,28.905308880384776,0.23783082555187263,0.05913431559953253,5.948391828796398,0.5366843265889363,0.13344132440439793
2030,SA1_AR6_fixed_split,SSP1-1.9,S3,"NATO→5%, nonNATO→3.5%",0.033,171.44027659999995,86.02873079787997,85.41154580211997,0.5018,0.03849999999998644,0.028992773986343784,3.3121061357172126,2.4763176432651144,5.788423778982327,0.20759550117052517,0.15597890414288876,0.1572693190685797,0.5938834683326951,1.2016507353852215,25.838194472261424,27.039845207646646,26.962295561810947,0.04444000053097214,AR6 World GDP level and trajectory (unrebased),Fixed original NATO GDP share = 0.5018,IMAGE 3.0.1,SSP1-19,0.07754964583569901,0.8897557535397612,26.962295561810944,0.3118949818454603,0.07754964583570256,7.15004256418162,0.8485793084343966,0.2109909702401005
2031,SA1_AR6_fixed_split,SSP1-1.9,S3,"NATO→5%, nonNATO→3.5%",0.033,177.7089843520823,89.1743683478749,88.5346160042074,0.5018,0.041820309958787966,0.0307271959305082,3.7292997246872592,2.7204204925935875,6.449720217280847,0.19052470098680738,0.14315259196133856,0.14433689468697528,0.5450477952898914,1.2288310158459996,24.516207558288333,25.745038574134334,25.64996295935584,0.047730789460948345,AR6 World GDP level and trajectory (unrebased),Fixed original NATO GDP share = 0.5018,IMAGE 3.0.1,SSP1-19,0.09507561477849436,0.8464487776587428,25.649962959355843,0.3823822381872568,0.0950756147784908,8.37887358002762,1.2309615466216535,0.3060665850185913
2032,SA1_AR6_fixed_split,SSP1-1.9,S3,"NATO→5%, nonNATO→3.5%",0.033,184.20690718512637,92.43502602549641,91.77188115962996,0.5018,0.04476482353088705,0.032265314063365295,4.137837628104299,2.961048567801297,7.098886195905596,0.17440891003352915,0.1310438352777177,0.132127962146613,0.49894418624108205,1.2381090038799611,23.208914328874016,24.44702333275398,24.338883259701028,0.050644570794070864,AR6 World GDP level and trajectory (unrebased),Fixed original NATO GDP share = 0.5018,IMAGE 3.0.1,SSP1-19,0.10814007305295092,0.8031831475701341,24.338883259701028,0.43492585630982705,0.10814007305295092,9.61698258390758,1.6658874029314803,0.4142066580715422
2033,SA1_AR6_fixed_split,SSP1-1.9,S3,"NATO→5%, nonNATO→3.5%",0.033,190.94242634059682,95.81490953771149,95.12751680288534,0.5018,0.04711057859467799,0.033490660223439564,4.513895826318318,3.1858833431449707,7.699779169463289,0.15920167728578036,0.11961773266149932,0.12060733127710635,0.45543975537888826,1.2258177585086685,21.919069981502098,23.144887740010766,23.02905646851484,0.05296278695660238,AR6 World GDP level and trajectory (unrebased),Fixed original NATO GDP share = 0.5018,IMAGE 3.0.1,SSP1-19,0.11583127149592798,0.7599588634609895,23.02905646851484,0.46585889504767897,0.11583127149592798,10.842800342416249,2.1317462979791593,0.5300379295674702
2034,SA1_AR6_fixed_split,SSP1-1.9,S3,"NATO→5%, nonNATO→3.5%",0.033,197.92422951976133,99.31837837301624,98.60585114674508,0.5018,0.04882476919383726,0.034386097646015426,4.849196900768717,3.3906704260004386,8.239867326769154,0.14485865154634198,0.10884096040816839,0.10974140268662272,0.41440762402491554,1.1936160698765412,20.645428155496134,21.839044225372675,21.72048257316767,0.054655142301959996,AR6 World GDP level and trajectory (unrebased),Fixed original NATO GDP share = 0.5018,IMAGE 3.0.1,SSP1-19,0.11856165220500614,0.7167759249145329,21.72048257316767,0.4768401449620083,0.11856165220500614,12.036416412292791,2.6085864429411676,0.6485995817724763
2035,SA1_AR6_fixed_split,SSP1-1.9,S3,"NATO→5%, nonNATO→3.5%",0.033,205.16132208938131,102.94995142445156,102.21137066492976,0.5018,0.049999999999972886,0.03499999999998584,5.147497571219787,3.5773979732710943,8.724895544490881,0.13133749111224877,0.09868170466631279,0.0994980993274612,0.3757266622063547,1.1459058910298698,19.384681430008722,20.530587321038592,20.41316160340252,0.055814569408621346,AR6 World GDP level and trajectory (unrebased),Fixed original NATO GDP share = 0.5018,IMAGE 3.0.1,SSP1-19,0.11742571763607046,0.6736343329122831,20.413161603402518,0.4722715581175867,0.11742571763607401,13.18232230332266,3.0808580010587545,0.7660252994085504
2036,SA1_AR6_fixed_split,SSP1-1.9,S3,"NATO→5%, nonNATO→3.5%",0.033,212.66303869714082,106.71431281822527,105.94872587891555,0.5018,0.05,0.035,5.335715640911264,3.708205405762045,9.043921046673308,0.11859772125270186,0.08910955435226318,0.08984675852477415,0.3392810809327357,1.0725884273248047,18.144408831434205,19.21699725875901,19.10708468496671,0.05581456940864808,AR6 World GDP level and trajectory (unrebased),Fixed original NATO GDP share = 0.5018,IMAGE 3.0.1,SSP1-19,0.10991257379230035,0.6305337946039015,19.107084684966715,0.4420546327209033,0.1099125737922968,14.254910730647465,3.522912633779658,0.8759378732008472
2037,SA1_AR6_fixed_split,SSP1-1.9,S3,"NATO→5%, nonNATO→3.5%",0.033,220.4390553117926,110.61631795545753,109.82273735633507,0.5018,0.05,0.035,5.530815897772877,3.8437958074717278,9.374611705244604,0.10660081160840337,0.08009555930483767,0.0807581906124268,0.3049606536178034,0.9993412162927131,16.90532466003083,17.90466587632354,17.80225924729304,0.05581456940864808,AR6 World GDP level and trajectory (unrebased),Fixed original NATO GDP share = 0.5018,IMAGE 3.0.1,SSP1-19,0.1024066290305008,0.5874745551606704,17.802259247293044,0.41186666113204273,0.10240662903049724,15.254251946940178,3.9347792949117,0.9783445022313444
2038,SA1_AR6_fixed_split,SSP1-1.9,S3,"NATO→5%, nonNATO→3.5%",0.033,228.49940170355023,114.66099977484151,113.83840192870872,0.5018,0.05,0.035,5.733049988742076,3.9843440675048054,9.717394056246881,0.09530994139357714,0.0716120538675906,0.07220450105574026,0.27266004437595254,0.9261642579991851,15.667428916898308,16.593593174897492,16.49868529154001,0.055814569408648075,AR6 World GDP level and trajectory (unrebased),Fixed original NATO GDP share = 0.5018,IMAGE 3.0.1,SSP1-19,0.09490788335748235,0.5444566146208203,16.498685291540014,0.3817076433783648,0.0949078833574788,16.180416204939363,4.3164869382900655,1.0732523855888232
2039,SA1_AR6_fixed_split,SSP1-1.9,S3,"NATO→5%, nonNATO→3.5%",0.033,236.85447438082582,118.8535752442984,118.00089913652742,0.5018,0.05,0.035,5.94267876221492,4.13003146977846,10.07271023199338,0.08468997249295648,0.06363263667497196,0.06415907007042158,0.24227873105883407,0.8530575524770406,14.430721602591836,15.283779155068876,15.196362818292279,0.05581456940864809,AR6 World GDP level and trajectory (unrebased),Fixed original NATO GDP share = 0.5018,IMAGE 3.0.1,SSP1-19,0.08741633677659699,0.5014799730036451,15.196362818292275,0.3515775794733955,0.08741633677660055,17.033473757416402,4.668064517763461,1.1606687223654237
2040,SA1_AR6_fixed_split,SSP1-1.9,S3,"NATO→5%, nonNATO→3.5%",0.033,245.51504999999977,123.1994520899999,122.31559790999988,0.5018,0.05,0.035,6.159972604499995,4.2810459268499965,10.441018531349991,0.0747073762279647,0.05613211562738296,0.056596497142397506,0.21372079575006994,0.7800210996247152,13.195202715393311,13.975223815018026,13.895291825740568,0.05581456940864808,AR6 World GDP level and trajectory (unrebased),Fixed original NATO GDP share = 0.5018,IMAGE 3.0.1,SSP1-19,0.07993198927745837,0.45854463024943865,13.895291825740566,0.3214764693752766,0.07993198927746015,17.813494857041118,4.989540987138738,1.2406007116428839
2041,SA1_AR6_fixed_split,SSP1-1.9,S3,"NATO→5%, nonNATO→3.5%",0.033,252.1412108463452,126.52445960269603,125.61675124364916,0.5018,0.05,0.035,6.326222980134801,4.396586293527721,10.722809273662524,0.06941674567897126,0.052156948773554944,0.05258844369619035,0.19858550619713214,0.7443425243139459,12.591647203819926,13.335989728133873,13.259713870082283,0.05581456940864808,AR6 World GDP level and trajectory (unrebased),Fixed original NATO GDP share = 0.5018,IMAGE 3.0.1,SSP1-19,0.07627585805158965,0.43757055771271536,13.259713870082285,0.3067719666012305,0.07627585805158787,18.557837381355064,5.296312953739968,1.3168765696944718
2042,SA1_AR6_fixed_split,SSP1-1.9,S3,"NATO→5%, nonNATO→3.5%",0.033,258.9462039376452,129.93920513591036,129.00699880173482,0.5018,0.05,0.035,6.496960256795518,4.51524495806072,11.012205214856237,0.06435498209347672,0.04835374334451592,0.04875377431323994,0.18410495292365664,0.708690269411764,11.988536940621275,12.69722721003304,12.624604786046156,0.055814569408648075,AR6 World GDP level and trajectory (unrebased),Fixed original NATO GDP share = 0.5018,IMAGE 3.0.1,SSP1-19,0.07262242398688379,0.41661195793952316,12.624604786046156,0.2920783114722409,0.07262242398688379,19.26652765076683,5.588391265212209,1.3894989936813555
2043,SA1_AR6_fixed_split,SSP1-1.9,S3,"NATO→5%, nonNATO→3.5%",0.033,265.9348557446994,133.44611061269018,132.48874513200923,0.5018,0.05,0.035,6.672305530634509,4.637106079620324,11.309411610254834,0.05951364740783708,0.04471615931886438,0.0450860965210887,0.17025499655054005,0.6730643349628052,11.385871926552424,12.058936261515228,11.989964574427317,0.0558145694086481,AR6 World GDP level and trajectory (unrebased),Fixed original NATO GDP share = 0.5018,IMAGE 3.0.1,SSP1-19,0.06897168708791135,0.39566883095610145,11.989964574427315,0.2773955040067037,0.06897168708791312,19.939591985729635,5.8657867692189125,1.4584706807692687
2044,SA1_AR6_fixed_split,SSP1-1.9,S3,"NATO→5%, nonNATO→3.5%",0.033,273.11212299904514,137.04766332092086,136.06445967812428,0.5018,0.05,0.035,6.852383166046043,4.76225608873435,11.614639254780393,0.05488459063219802,0.04123807237089005,0.04157923532742275,0.157012318951437,0.6374647208392793,10.783652159451634,11.421116880290914,11.355793232949324,0.05581456940864807,AR6 World GDP level and trajectory (unrebased),Fixed original NATO GDP share = 0.5018,IMAGE 3.0.1,SSP1-19,0.06532364734158946,0.37474117668732765,11.355793232949324,0.26272354415195165,0.06532364734158946,20.577056706568914,6.128510313370864,1.5237943281108581
2045,SA1_AR6_fixed_split,SSP1-1.9,S3,"NATO→5%, nonNATO→3.5%",0.033,280.48309620854303,140.7464176774469,139.73667853109612,0.5018,0.05,0.035,7.037320883872346,4.8907837485883645,11.92810463246071,0.05045993858791459,0.037913566911043826,0.0382272262029656,0.14435439675462647,0.601891427224187,10.181877642414609,10.783769069638796,10.722090764872137,0.05581456940864809,AR6 World GDP level and trajectory (unrebased),Fixed original NATO GDP share = 0.5018,IMAGE 3.0.1,SSP1-19,0.0616783047666587,0.35382899524078054,10.722090764872137,0.24806243198340644,0.0616783047666587,21.1789481337931,6.37657274535427,1.5854726328775168
2046,SA1_AR6_fixed_split,SSP1-1.9,S3,"NATO→5%, nonNATO→3.5%",0.033,288.05300326784055,144.54499703980238,143.50800622803817,0.5018,0.05,0.035,7.22724985199012,5.022780217981336,12.250030069971455,0.046233253818362935,0.034737806093517454,0.03502519228663859,0.1322628138622381,0.5663587495075686,9.580790202963168,10.147148952470737,10.08911182819985,0.05581456940864808,AR6 World GDP level and trajectory (unrebased),Fixed original NATO GDP share = 0.5018,IMAGE 3.0.1,SSP1-19,0.0580371242708857,0.33294069033059503,10.089111828199849,0.23341805917697356,0.058037124270887475,21.745306883300668,6.609990804531244,1.6435097571484043
2047,SA1_AR6_fixed_split,SSP1-1.9,S3,"NATO→5%, nonNATO→3.5%",0.033,295.82721316627885,148.44609556683872,147.38111759944013,0.5018,0.05,0.035,7.422304778341936,5.1583391159804055,12.580643894322343,0.04219596766766665,0.03170435177516213,0.03196664217247474,0.12071305730052176,0.5308524430032534,8.980148871305937,9.51100131430919,9.456602668166845,0.055814569408648075,AR6 World GDP level and trajectory (unrebased),Fixed original NATO GDP share = 0.5018,IMAGE 3.0.1,SSP1-19,0.0543986461423458,0.3120678880495058,9.456602668166845,0.2187845549537476,0.0543986461423458,22.276159326303922,6.828775359484991,1.69790840329075
2048,SA1_AR6_fixed_split,SSP1-1.9,S3,"NATO→5%, nonNATO→3.5%",0.033,303.81123979587244,152.45248012956878,151.35875966630365,0.5018,0.05,0.035,7.622624006478439,5.297556588320629,12.920180594799067,0.03834098942175769,0.028807876278818718,0.02904620410739219,0.10968484215077766,0.49537250751239004,8.379953644079052,8.875326151591441,8.824563281230784,0.05581456940864809,AR6 World GDP level and trajectory (unrebased),Fixed original NATO GDP share = 0.5018,IMAGE 3.0.1,SSP1-19,0.050762870360657075,0.29121058828061586,8.824563281230784,0.20416191923177418,0.050762870360657075,22.77153183381631,7.032937278716766,1.7486712736514072
2049,SA1_AR6_fixed_split,SSP1-1.9,S3,"NATO→5%, nonNATO→3.5%",0.033,312.0107458620589,156.56699227358118,155.44375358847773,0.5018,0.05,0.035,7.828349613679059,5.440531375596721,13.268880989275779,0.034661471706081456,0.02604323476284442,0.02625869068642535,0.09915857963325612,0.45991894298114455,7.780204520371837,8.240123463352981,8.192993666432672,0.055814569408648075,AR6 World GDP level and trajectory (unrebased),Fixed original NATO GDP share = 0.5018,IMAGE 3.0.1,SSP1-19,0.047129796920309275,0.2703687909922782,8.192993666432672,0.18955015198886638,0.047129796920309275,23.231450776797455,7.222487430705632,1.7958010705717165
2050,SA1_AR6_fixed_split,SSP1-1.9,S3,"NATO→5%, nonNATO→3.5%",0.033,320.4315469000001,160.79255023442008,159.63899666558004,0.5018,0.05,0.035,8.039627511721005,5.587364883295302,13.626992395016305,0.031150802577824883,0.023405459279531207,0.02359909286198855,0.08911535448482234,0.42449174982667404,7.180901507241111,7.605393257067785,7.561893831203742,0.05581456940864809,AR6 World GDP level and trajectory (unrebased),Fixed original NATO GDP share = 0.5018,IMAGE 3.0.1,SSP1-19,0.04349942586404332,0.2495424964297235,7.561893831203743,0.17494925339695053,0.04349942586404243,23.65594252662413,7.3974366841025825,1.8393004964357589
2025,SA1_AR6_fixed_split,SSP1-2.6,S0,Baseline,0.033,138.56683200039697,69.53283629779921,69.03399570259776,0.5018,0.027,0.022985547972701727,1.8773865800405787,1.5867842199693458,3.4641708000099243,0.4690146344621055,0.35239871913353227,0.3553141170167466,1.0,1.6247468014809543,47.610004758547966,49.23475156002892,49.23475156002892,0.033,AR6 World GDP level and trajectory (unrebased),Fixed original NATO GDP share = 0.5018,IMAGE 3.0.1,SSP1-26,0.0,1.6247468014809543,49.23475156002892,0.0,0.0,1.6247468014809543,0.0,0.0
2026,SA1_AR6_fixed_split,SSP1-2.6,S0,Baseline,0.033,144.59391012503605,72.55722410074308,72.03668602429296,0.5018,0.027,0.022985547972701727,1.9590450507200632,1.655802702405838,3.6148477531259013,0.44312931215776563,0.3329495298030764,0.33570402436194363,0.9448091372798489,1.6018449983977252,46.938912528806064,48.54075752720379,48.54075752720379,0.033,AR6 World GDP level and trajectory (unrebased),Fixed original NATO GDP share = 0.5018,IMAGE 3.0.1,SSP1-26,0.0,1.6018449983977252,48.54075752720379,0.0,0.0,3.2265917998786797,0.0,0.0
2027,SA1_AR6_fixed_split,SSP1-2.6,S0,Baseline,0.033,150.8831409610859,75.71316013427291,75.16998082681299,0.5018,0.027,0.022985547972701727,2.0442553236253684,1.727823200401779,3.7720785240271475,0.41859163319326004,0.3145129054373601,0.31711487363125757,0.8924916248579884,1.5789605099057455,46.26832766905624,47.84728817896199,47.847288178961975,0.032999999999999995,AR6 World GDP level and trajectory (unrebased),Fixed original NATO GDP share = 0.5018,IMAGE 3.0.1,SSP1-26,1.4210854715202004e-14,1.5789605099057455,47.84728817896199,0.0,0.0,4.805552309784425,0.0,0.0
2028,SA1_AR6_fixed_split,SSP1-2.6,S0,Baseline,0.033,157.44592705596344,79.00636619668245,78.43956085928099,0.5018,0.027,0.022985547972701727,2.133171887310426,1.8029762890886598,3.9361481763990858,0.3953340337010794,0.2970380812656906,0.2994954800765753,0.842903407810446,1.5560933358209983,45.59825017390623,47.15434350972723,47.15434350972723,0.032999999999999995,AR6 World GDP level and trajectory (unrebased),Fixed original NATO GDP share = 0.5018,IMAGE 3.0.1,SSP1-26,0.0,1.5560933358209983,47.15434350972723,0.0,0.0,6.361645645605424,0.0,0.0
2029,SA1_AR6_fixed_split,SSP1-2.6,S0,Baseline,0.033,164.2941669202464,82.44281296057964,81.85135395966675,0.5018,0.027,0.022985547972701727,2.2259559499356505,1.8813982230705095,4.10735417300616,0.37329224889219137,0.2804767713121593,0.28279715825166013,0.7959074652762288,1.5332434762381961,44.92868004613138,46.46192352236958,46.46192352236958,0.033,AR6 World GDP level and trajectory (unrebased),Fixed original NATO GDP share = 0.5018,IMAGE 3.0.1,SSP1-26,0.0,1.5332434762381961,46.46192352236958,0.0,0.0,7.89488912184362,0.0,0.0
2030,SA1_AR6_fixed_split,SSP1-2.6,S0,Baseline,0.033,171.44027659999995,86.02873079787997,85.41154580211997,0.5018,0.027,0.022985547972701727,2.3227757315427593,1.9632311834572393,4.286006914999999,0.35240515498628133,0.264783049628387,0.26697360226233435,0.7513734734321051,1.5104109311528482,44.25961728560013,45.770028216752976,45.77002821675297,0.033,AR6 World GDP level and trajectory (unrebased),Fixed original NATO GDP share = 0.5018,IMAGE 3.0.1,SSP1-26,7.105427357601002e-15,1.5104109311528482,45.770028216752976,0.0,0.0,9.405300052996468,0.0,0.0
2031,SA1_AR6_fixed_split,SSP1-2.6,S0,Baseline,0.033,177.7089843520823,89.1743683478749,88.5346160042074,0.5018,0.027,0.022985547972701727,2.4077079453926222,2.035016663409435,4.442724608802058,0.33193025120568137,0.24939903101468056,0.2514623115194556,0.7077183243681919,1.4746746954373295,43.212437287512046,44.687111982949375,44.687111982949375,0.033,AR6 World GDP level and trajectory (unrebased),Fixed original NATO GDP share = 0.5018,IMAGE 3.0.1,SSP1-26,0.0,1.4746746954373295,44.687111982949375,0.0,0.0,10.879974748433797,0.0,0.0
2032,SA1_AR6_fixed_split,SSP1-2.6,S0,Baseline,0.033,184.20690718512637,92.43502602549641,91.77188115962996,0.5018,0.027,0.022985547972701727,2.495745702688403,2.1094269769397562,4.60517267962816,0.31246647211274065,0.23477473079488748,0.2367170243278338,0.6662190242125305,1.4389620606733875,42.16594886882319,43.60491092949658,43.60491092949658,0.03300000000000001,AR6 World GDP level and trajectory (unrebased),Fixed original NATO GDP share = 0.5018,IMAGE 3.0.1,SSP1-26,0.0,1.4389620606733875,43.60491092949658,0.0,0.0,12.318936809107186,0.0,0.0
2033,SA1_AR6_fixed_split,SSP1-2.6,S0,Baseline,0.033,190.94242634059682,95.81490953771149,95.12751680288534,0.5018,0.027,0.022985547972701727,2.5870025575182103,2.1865581009967103,4.773560658514921,0.29396777947047814,0.22087555769071668,0.2227028632352107,0.6267774134758466,1.4032730269512645,41.12015203217796,42.523425059129224,42.52342505912923,0.033,AR6 World GDP level and trajectory (unrebased),Fixed original NATO GDP share = 0.5018,IMAGE 3.0.1,SSP1-26,-7.105427357601002e-15,1.4032730269512645,42.523425059129224,0.0,0.0,13.722209836058449,0.0,0.0
2034,SA1_AR6_fixed_split,SSP1-2.6,S0,Baseline,0.033,197.92422951976133,99.31837837301624,98.60585114674508,0.5018,0.027,0.022985547972701727,2.6815962160714384,2.2665095219225946,4.948105737994033,0.2763901312336865,0.20766842028203175,0.20938646305582312,0.5892995888084974,1.367607594282328,40.07504677790943,41.442654372191754,41.44265437219176,0.033,AR6 World GDP level and trajectory (unrebased),Fixed original NATO GDP share = 0.5018,IMAGE 3.0.1,SSP1-26,-7.105427357601002e-15,1.367607594282328,41.442654372191754,0.0,0.0,15.089817430340776,0.0,0.0
2035,SA1_AR6_fixed_split,SSP1-2.6,S0,Baseline,0.033,205.16132208938131,102.94995142445156,102.21137066492976,0.5018,0.027,0.022985547972701727,2.779648688460192,2.349384363774341,5.129033052234533,0.25969139777538863,0.1951216640627823,0.19673590740559746,0.5536957243844183,1.3319657625709538,39.03063310321552,40.362598865786474,40.36259886578648,0.033,AR6 World GDP level and trajectory (unrebased),Fixed original NATO GDP share = 0.5018,IMAGE 3.0.1,SSP1-26,-7.105427357601002e-15,1.3319657625709538,40.362598865786474,0.0,0.0,16.421783192911732,0.0,0.0
2036,SA1_AR6_fixed_split,SSP1-2.6,S0,Baseline,0.033,212.66303869714082,106.71431281822527,105.94872587891555,0.5018,0.027,0.022985547972701727,2.881286446092082,2.4352895213364385,5.316575967428521,0.24392229526196893,0.18327339511913285,0.18478961762270374,0.5200739536447809,1.2968314129097878,38.001090190417116,39.297921603326905,39.2979216033269,0.032999999999999995,AR6 World GDP level and trajectory (unrebased),Fixed original NATO GDP share = 0.5018,IMAGE 3.0.1,SSP1-26,7.105427357601002e-15,1.2968314129097878,39.297921603326905,0.0,0.0,17.718614605821518,0.0,0.0
2037,SA1_AR6_fixed_split,SSP1-2.6,S0,Baseline,0.033,220.4390553117926,110.61631795545753,109.82273735633507,0.5018,0.027,0.022985547972701727,2.986640584797353,2.5243357979974617,5.510976382794815,0.2289478966454992,0.17202223469790032,0.1734453762465903,0.4881465946325333,1.2617264513038942,36.9724084366929,38.234134887996795,38.234134887996795,0.032999999999999995,AR6 World GDP level and trajectory (unrebased),Fixed original NATO GDP share = 0.5018,IMAGE 3.0.1,SSP1-26,0.0,1.2617264513038942,38.234134887996795,0.0,0.0,18.980341057125415,0.0,0.0
2038,SA1_AR6_fixed_split,SSP1-2.6,S0,Baseline,0.033,228.49940170355023,114.66099977484151,113.83840192870872,0.5018,0.027,0.022985547972701727,3.0958469939207207,2.616638048668035,5.712485042588756,0.21473156923757955,0.161340658471437,0.16267543124059056,0.4578355417072364,1.226650877441285,35.94458783290068,37.17123871034197,37.17123871034197,0.033,AR6 World GDP level and trajectory (unrebased),Fixed original NATO GDP share = 0.5018,IMAGE 3.0.1,SSP1-26,0.0,1.226650877441285,37.17123871034197,0.0,0.0,20.206991934566698,0.0,0.0
2039,SA1_AR6_fixed_split,SSP1-2.6,S0,Baseline,0.033,236.85447438082582,118.8535752442984,118.00089913652742,0.5018,0.027,0.022985547972701727,3.209046531596057,2.7123153279245886,5.921361859520646,0.20123828270354352,0.1512023460561978,0.15245324447238146,0.42906610565432746,1.1916046918761958,34.91762839528125,36.10923308715744,36.10923308715745,0.03300000000000001,AR6 World GDP level and trajectory (unrebased),Fixed original NATO GDP share = 0.5018,IMAGE 3.0.1,SSP1-26,-7.105427357601002e-15,1.1916046918761958,36.10923308715744,0.0,0.0,21.398596626442895,0.0,0.0
2040,SA1_AR6_fixed_split,SSP1-2.6,S0,Baseline,0.033,245.51504999999977,123.1994520899999,122.31559790999988,0.5018,0.027,0.022985547972701727,3.3263852064299972,2.811491043569997,6.137876249999994,0.18843454102430893,0.14158212989161362,0.142753440169931,0.4017668686189656,1.1565878940327554,33.89153010695983,35.04811800099258,35.04811800099259,0.03300000000000001,AR6 World GDP level and trajectory (unrebased),Fixed original NATO GDP share = 0.5018,IMAGE 3.0.1,SSP1-26,-7.105427357601002e-15,1.1565878940327554,35.04811800099258,0.0,0.0,22.55518452047565,0.0,0.0
2041,SA1_AR6_fixed_split,SSP1-2.6,S0,Baseline,0.033,252.1412108463452,126.52445960269603,125.61675124364916,0.5018,0.027,0.022985547972701727,3.4161604092727926,2.887369861885837,6.30353027115863,0.1785225430558103,0.13413465356252413,0.13524435079985628,0.38063320403754736,1.1253222542365202,32.975352116567116,34.10067437080364,34.10067437080364,0.033,AR6 World GDP level and trajectory (unrebased),Fixed original NATO GDP share = 0.5018,IMAGE 3.0.1,SSP1-26,0.0,1.1253222542365202,34.10067437080364,0.0,0.0,23.68050677471217,0.0,0.0
2042,SA1_AR6_fixed_split,SSP1-2.6,S0,Baseline,0.033,258.9462039376452,129.93920513591036,129.00699880173482,0.5018,0.027,0.022985547972701727,3.5083585386695795,2.96529655977155,6.47365509844113,0.16900531778981734,0.12698379355303294,0.12803433165895253,0.36034124603306444,1.0940821371737144,32.059922019605516,33.15400415677923,33.15400415677922,0.032999999999999995,AR6 World GDP level and trajectory (unrebased),Fixed original NATO GDP share = 0.5018,IMAGE 3.0.1,SSP1-26,7.105427357601002e-15,1.0940821371737144,33.15400415677923,0.0,0.0,24.774588911885886,0.0,0.0
2043,SA1_AR6_fixed_split,SSP1-2.6,S0,Baseline,0.033,265.9348557446994,133.44611061269018,132.48874513200923,0.5018,0.027,0.022985547972701727,3.603044986542635,3.0453264070748505,6.648371393617485,0.15986885816252344,0.12011902551916097,0.12111277133524503,0.34086112972971677,1.0628675433380121,31.14523983054114,32.20810737387915,32.20810737387915,0.033,AR6 World GDP level and trajectory (unrebased),Fixed original NATO GDP share = 0.5018,IMAGE 3.0.1,SSP1-26,0.0,1.0628675433380121,32.20810737387915,0.0,0.0,25.837456455223897,0.0,0.0
2044,SA1_AR6_fixed_split,SSP1-2.6,S0,Baseline,0.033,273.11212299904514,137.04766332092086,136.06445967812428,0.5018,0.027,0.022985547972701727,3.700286909664863,3.1275161653112655,6.827803074976129,0.15109962324838158,0.1135301753544561,0.11446941155180422,0.3221639841189003,1.0316784722430343,30.231305535121642,31.262984007364675,31.262984007364672,0.033,AR6 World GDP level and trajectory (unrebased),Fixed original NATO GDP share = 0.5018,IMAGE 3.0.1,SSP1-26,3.552713678800501e-15,1.0316784722430343,31.262984007364675,0.0,0.0,26.86913492746693,0.0,0.0
2045,SA1_AR6_fixed_split,SSP1-2.6,S0,Baseline,0.033,280.48309620854303,140.7464176774469,139.73667853109612,0.5018,0.027,0.022985547972701727,3.8001532772910664,3.2119241279225093,7.012077405213576,0.14268452371009643,0.1072074082577026,0.10809433614401244,0.3042219010367037,1.000514924781228,29.318119159498405,30.318634084279633,30.31863408427963,0.033,AR6 World GDP level and trajectory (unrebased),Fixed original NATO GDP share = 0.5018,IMAGE 3.0.1,SSP1-26,3.552713678800501e-15,1.000514924781228,30.318634084279633,0.0,0.0,27.86964985224816,0.0,0.0
2046,SA1_AR6_fixed_split,SSP1-2.6,S0,Baseline,0.033,288.05300326784055,144.54499703980238,143.50800622803817,0.5018,0.027,0.022985547972701727,3.9027149200746645,3.2986101616213497,7.201325081696014,0.1346109069027551,0.1011412175407647,0.10197795977481446,0.2870079034039845,0.9693769001486574,28.405680680113683,29.37505758026234,29.37505758026234,0.03300000000000001,AR6 World GDP level and trajectory (unrebased),Fixed original NATO GDP share = 0.5018,IMAGE 3.0.1,SSP1-26,0.0,0.9693769001486574,29.37505758026234,0.0,0.0,28.839026752396816,0.0,0.0
2047,SA1_AR6_fixed_split,SSP1-2.6,S0,Baseline,0.033,295.82721316627885,148.44609556683872,147.38111759944013,0.5018,0.027,0.022985547972701727,4.008044580304645,3.387635748852326,7.395680329156971,0.12686654327105049,0.09532241440800762,0.09611101762958368,0.27049591622348573,0.9382643984978497,27.493990101436992,28.432254499934842,28.43225449993484,0.032999999999999995,AR6 World GDP level and trajectory (unrebased),Fixed original NATO GDP share = 0.5018,IMAGE 3.0.1,SSP1-26,3.552713678800501e-15,0.9382643984978497,28.432254499934842,0.0,0.0,29.777291150894666,0.0,0.0
2048,SA1_AR6_fixed_split,SSP1-2.6,S0,Baseline,0.033,303.81123979587244,152.45248012956878,151.35875966630365,0.5018,0.027,0.022985547972701727,4.116216963498357,3.4790640313984538,7.595280994896811,0.11943961267130074,0.08974211767921353,0.09048455505401572,0.2546607374166082,0.9071774201601668,26.58304743317822,27.490224853338386,27.49022485333839,0.033,AR6 World GDP level and trajectory (unrebased),Fixed original NATO GDP share = 0.5018,IMAGE 3.0.1,SSP1-26,-3.552713678800501e-15,0.9071774201601668,27.490224853338386,0.0,0.0,30.684468571054833,0.0,0.0
2049,SA1_AR6_fixed_split,SSP1-2.6,S0,Baseline,0.033,312.0107458620589,156.56699227358118,155.44375358847773,0.5018,0.027,0.022985547972701727,4.227308791386692,3.572959855164781,7.800268646551473,0.11231869112388038,0.08439174383589147,0.0850899175180912,0.23947800957787657,0.8761159647953033,25.672852665365404,26.548968630160708,26.548968630160708,0.032999999999999995,AR6 World GDP level and trajectory (unrebased),Fixed original NATO GDP share = 0.5018,IMAGE 3.0.1,SSP1-26,0.0,0.8761159647953033,26.548968630160708,0.0,0.0,31.560584535850136,0.0,0.0
2050,SA1_AR6_fixed_split,SSP1-2.6,S0,Baseline,0.033,320.4315469000001,160.79255023442008,159.63899666558004,0.5018,0.027,0.022985547972701727,4.341398856329342,3.669389816170661,8.010788672500004,0.10549273822745851,0.07926299756484258,0.07991874108140797,0.22492419314046352,0.8450800324235328,24.763405798592615,25.608485831016147,25.608485831016143,0.033,AR6 World GDP level and trajectory (unrebased),Fixed original NATO GDP share = 0.5018,IMAGE 3.0.1,SSP1-26,3.552713678800501e-15,0.8450800324235328,25.608485831016147,0.0,0.0,32.40566456827367,0.0,0.0
2025,SA1_AR6_fixed_split,SSP1-2.6,S1,"NATO→3.5%, nonNATO holds",0.033,138.56683200039697,69.53283629779921,69.03399570259776,0.5018,0.027,0.022985547972701727,1.8773865800405787,1.5867842199693458,3.4641708000099243,0.4690146344621055,0.35239871913353227,0.3553141170167466,1.0,1.6247468014809543,47.610004758547966,49.23475156002892,49.23475156002892,0.033,AR6 World GDP level and trajectory (unrebased),Fixed original NATO GDP share = 0.5018,IMAGE 3.0.1,SSP1-26,0.0,1.6247468014809543,49.23475156002892,0.0,0.0,1.6247468014809543,0.0,0.0
2026,SA1_AR6_fixed_split,SSP1-2.6,S1,"NATO→3.5%, nonNATO holds",0.033,144.59391012503605,72.55722410074308,72.03668602429296,0.5018,0.02740877593256891,0.022985547972701727,1.988704697666456,1.655802702405838,3.644507400072294,0.44312931215776563,0.3329495298030764,0.33570402436194363,0.9448091372798489,1.6149880573479223,46.92903736330114,48.544025420649064,48.54075752720379,0.03326852364124213,AR6 World GDP level and trajectory (unrebased),Fixed original NATO GDP share = 0.5018,IMAGE 3.0.1,SSP1-26,0.0032678934452761155,1.6018449983977252,48.54075752720379,0.013143058950197073,0.0032678934452761155,3.239734858828877,0.013143058950197073,0.0032678934452761155
2027,SA1_AR6_fixed_split,SSP1-2.6,S1,"NATO→3.5%, nonNATO holds",0.033,150.8831409610859,75.71316013427291,75.16998082681299,0.5018,0.028005016140972137,0.022985547972701727,2.120348271644321,1.727823200401779,3.8481714720461,0.41859163319326004,0.3145129054373601,0.31711487363125757,0.8924916248579884,1.6108123812914887,46.2443954548915,47.85520783618299,47.847288178961975,0.03366012716537749,AR6 World GDP level and trajectory (unrebased),Fixed original NATO GDP share = 0.5018,IMAGE 3.0.1,SSP1-26,0.007919657221016507,1.5789605099057455,47.84728817896199,0.03185187138574319,0.007919657221002296,4.850547240120365,0.044994930335940264,0.011187550666278412
2028,SA1_AR6_fixed_split,SSP1-2.6,S1,"NATO→3.5%, nonNATO holds",0.033,157.44592705596344,79.00636619668245,78.43956085928099,0.5018,0.028820930945768986,0.022985547972701727,2.277037024430722,1.8029762890886598,4.080013313519382,0.3953340337010794,0.2970380812656906,0.2994954800765753,0.842903407810446,1.612968120787724,45.555516749614995,47.16848487040272,47.15434350972723,0.034195885774567863,AR6 World GDP level and trajectory (unrebased),Fixed original NATO GDP share = 0.5018,IMAGE 3.0.1,SSP1-26,0.014141360675495207,1.5560933358209983,47.15434350972723,0.05687478496672571,0.014141360675495207,6.463515360908089,0.10186971530266598,0.02532891134177362
2029,SA1_AR6_fixed_split,SSP1-2.6,S1,"NATO→3.5%, nonNATO holds",0.033,164.2941669202464,82.44281296057964,81.85135395966675,0.5018,0.029845109579542582,0.022985547972701727,2.4605147868542327,1.8813982230705095,4.341913009924742,0.37329224889219137,0.2804767713121593,0.28279715825166013,0.7959074652762288,1.6208024719690706,44.86289174086972,46.48369421283879,46.46192352236958,0.0348681940929171,AR6 World GDP level and trajectory (unrebased),Fixed original NATO GDP share = 0.5018,IMAGE 3.0.1,SSP1-26,0.021770690469210763,1.5332434762381961,46.46192352236958,0.08755899573087444,0.021770690469210763,8.08431783287716,0.18942871103354042,0.04709960181098438
2030,SA1_AR6_fixed_split,SSP1-2.6,S1,"NATO→3.5%, nonNATO holds",0.033,171.44027659999995,86.02873079787997,85.41154580211997,0.5018,0.030999999999995285,0.022985547972701727,2.6668906547338733,1.9632311834572393,4.630121838191113,0.35240515498628133,0.264783049628387,0.26697360226233435,0.7513734734321051,1.631678803993105,44.16850148681495,45.80018029080805,45.77002821675297,0.03562603451848371,AR6 World GDP level and trajectory (unrebased),Fixed original NATO GDP share = 0.5018,IMAGE 3.0.1,SSP1-26,0.030152074055081357,1.5104109311528482,45.770028216752976,0.12126787284025675,0.03015207405507425,9.715996636870265,0.31069658387379717,0.07725167586605863
2031,SA1_AR6_fixed_split,SSP1-2.6,S1,"NATO→3.5%, nonNATO holds",0.033,177.7089843520823,89.1743683478749,88.5346160042074,0.5018,0.03215489042044799,0.022985547972701727,2.867392042538583,2.035016663409435,4.902408705948018,0.33193025120568137,0.24939903101468056,0.2514623115194556,0.7077183243681919,1.6272577532782448,43.09779251911099,44.72505027238923,44.687111982949375,0.03638358690192068,AR6 World GDP level and trajectory (unrebased),Fixed original NATO GDP share = 0.5018,IMAGE 3.0.1,SSP1-26,0.03793828943985744,1.4746746954373295,44.687111982949375,0.1525830578409153,0.03793828943985744,11.343254390148509,0.4632796417147125,0.11518996530591608
2032,SA1_AR6_fixed_split,SSP1-2.6,S1,"NATO→3.5%, nonNATO holds",0.033,184.20690718512637,92.43502602549641,91.77188115962996,0.5018,0.033179069054221584,0.022985547972701727,3.066908111528715,2.1094269769397562,5.176335088468472,0.31246647211274065,0.23477473079488748,0.2367170243278338,0.6662190242125305,1.6174311635671346,42.03185436804755,43.64928553161468,43.60491092949658,0.03705515780769533,AR6 World GDP level and trajectory (unrebased),Fixed original NATO GDP share = 0.5018,IMAGE 3.0.1,SSP1-26,0.04437460211809707,1.4389620606733875,43.60491092949658,0.17846910289374707,0.04437460211809707,12.960685553715644,0.6417487446084595,0.15956456742401315
2033,SA1_AR6_fixed_split,SSP1-2.6,S1,"NATO→3.5%, nonNATO holds",0.033,190.94242634059682,95.81490953771149,95.12751680288534,0.5018,0.03399498385901843,0.022985547972701727,3.2572263031878133,2.1865581009967103,5.443784404184523,0.29396777947047814,0.22087555769071668,0.2227028632352107,0.6267774134758466,1.6002972132141442,40.97211598857563,42.57241320178977,42.52342505912923,0.03759000472040111,AR6 World GDP level and trajectory (unrebased),Fixed original NATO GDP share = 0.5018,IMAGE 3.0.1,SSP1-26,0.048988142660540746,1.4032730269512645,42.523425059129224,0.19702418626287965,0.04898814266054785,14.560982766929788,0.8387729308713392,0.208552710084561
2034,SA1_AR6_fixed_split,SSP1-2.6,S1,"NATO→3.5%, nonNATO holds",0.033,197.92422951976133,99.31837837301624,98.60585114674508,0.5018,0.034591224067421655,0.022985547972701727,3.43554428031397,2.2665095219225946,5.7020538022365646,0.2763901312336865,0.20766842028203175,0.20938646305582312,0.5892995888084974,1.5759913987017051,39.91847557443349,41.49446697313519,41.44265437219176,0.037980760175134944,AR6 World GDP level and trajectory (unrebased),Fixed original NATO GDP share = 0.5018,IMAGE 3.0.1,SSP1-26,0.05181260094342832,1.367607594282328,41.442654372191754,0.2083838044193771,0.05181260094343543,16.136974165631493,1.0471567352907163,0.2603653110279964
2035,SA1_AR6_fixed_split,SSP1-2.6,S1,"NATO→3.5%, nonNATO holds",0.033,205.16132208938131,102.94995142445156,102.21137066492976,0.5018,0.03499999999999057,0.022985547972701727,3.603248299854834,2.349384363774341,5.952632663629175,0.25969139777538863,0.1951216640627823,0.19673590740559746,0.5536957243844183,1.5458474968612952,38.869930976518745,40.41577847338004,40.36259886578648,0.03824861366655283,AR6 World GDP level and trajectory (unrebased),Fixed original NATO GDP share = 0.5018,IMAGE 3.0.1,SSP1-26,0.053179607593556,1.3319657625709538,40.362598865786474,0.2138817342903414,0.053179607593563105,17.68282166249279,1.2610384695810577,0.31354491862155953
2036,SA1_AR6_fixed_split,SSP1-2.6,S1,"NATO→3.5%, nonNATO holds",0.033,212.66303869714082,106.71431281822527,105.94872587891555,0.5018,0.035,0.022985547972701727,3.7350009486378846,2.4352895213364385,6.170290469974323,0.24392229526196893,0.18327339511913285,0.18478961762270374,0.5200739536447809,1.5050714138691899,37.8446270350731,39.34969844894229,39.2979216033269,0.038248613666559,AR6 World GDP level and trajectory (unrebased),Fixed original NATO GDP share = 0.5018,IMAGE 3.0.1,SSP1-26,0.051776845615393086,1.2968314129097878,39.297921603326905,0.2082400009594021,0.05177684561538598,19.187893076361977,1.4692784705404598,0.3653217642369455
2037,SA1_AR6_fixed_split,SSP1-2.6,S1,"NATO→3.5%, nonNATO holds",0.033,220.4390553117926,110.61631795545753,109.82273735633507,0.5018,0.035,0.022985547972701727,3.871571128441014,2.5243357979974617,6.395906926438476,0.2289478966454992,0.17202223469790032,0.1734453762465903,0.4881465946325333,1.4643294379484686,36.82018070702289,38.284510144971364,38.234134887996795,0.038248613666559,AR6 World GDP level and trajectory (unrebased),Fixed original NATO GDP share = 0.5018,IMAGE 3.0.1,SSP1-26,0.05037525697456857,1.2617264513038942,38.234134887996795,0.20260298664457443,0.05037525697456857,20.65222251431045,1.6718814571850342,0.4156970212115141
2038,SA1_AR6_fixed_split,SSP1-2.6,S1,"NATO→3.5%, nonNATO holds",0.033,228.49940170355023,114.66099977484151,113.83840192870872,0.5018,0.035,0.022985547972701727,4.013134992119453,2.616638048668035,6.629773040787488,0.21473156923757955,0.161340658471437,0.16267543124059056,0.4578355417072364,1.4236215687372968,35.796591983263355,37.22021355200065,37.17123871034197,0.03824861366655901,AR6 World GDP level and trajectory (unrebased),Fixed original NATO GDP share = 0.5018,IMAGE 3.0.1,SSP1-26,0.04897484165868349,1.226650877441285,37.17123871034197,0.19697069129601186,0.04897484165868349,22.075844083047745,1.868852148481046,0.46467186287019757
2039,SA1_AR6_fixed_split,SSP1-2.6,S1,"NATO→3.5%, nonNATO holds",0.033,236.85447438082582,118.8535752442984,118.00089913652742,0.5018,0.035,0.022985547972701727,4.159875133550444,2.7123153279245886,6.872190461475032,0.20123828270354352,0.1512023460561978,0.15245324447238146,0.42906610565432746,1.3829478068789078,34.77386087996841,36.15680868684732,36.10923308715745,0.03824861366655901,AR6 World GDP level and trajectory (unrebased),Fixed original NATO GDP share = 0.5018,IMAGE 3.0.1,SSP1-26,0.04757559968987124,1.1916046918761958,36.10923308715744,0.19134311500271206,0.047575599689878345,23.45879188992665,2.060195263483758,0.5122474625600759
2040,SA1_AR6_fixed_split,SSP1-2.6,S1,"NATO→3.5%, nonNATO holds",0.033,245.51504999999977,123.1994520899999,122.31559790999988,0.5018,0.035,0.022985547972701727,4.311980823149996,2.811491043569997,7.123471866719994,0.18843454102430893,0.14158212989161362,0.142753440169931,0.4017668686189656,1.342308151704959,33.75198738033277,35.094295532037734,35.04811800099259,0.038248613666559,AR6 World GDP level and trajectory (unrebased),Fixed original NATO GDP share = 0.5018,IMAGE 3.0.1,SSP1-26,0.04617753104514577,1.1565878940327554,35.04811800099258,0.18572025767220368,0.046177531045152875,24.80110004163161,2.245915521155962,0.5584249936052288
2041,SA1_AR6_fixed_split,SSP1-2.6,S1,"NATO→3.5%, nonNATO holds",0.033,252.1412108463452,126.52445960269603,125.61675124364916,0.5018,0.035,0.022985547972701727,4.428356086094361,2.887369861885837,7.315725947980198,0.1785225430558103,0.13413465356252413,0.13524435079985628,0.38063320403754736,1.3060220005328036,32.839581600119175,34.14560360065198,34.10067437080364,0.038248613666559,AR6 World GDP level and trajectory (unrebased),Fixed original NATO GDP share = 0.5018,IMAGE 3.0.1,SSP1-26,0.0449292298483428,1.1253222542365202,34.10067437080364,0.18069974629628338,0.0449292298483428,26.107122042164413,2.426615267452245,0.6033542234535716
2042,SA1_AR6_fixed_split,SSP1-2.6,S1,"NATO→3.5%, nonNATO holds",0.033,258.9462039376452,129.93920513591036,129.00699880173482,0.5018,0.035,0.022985547972701727,4.547872179756863,2.96529655977155,7.513168739528412,0.16900531778981734,0.12698379355303294,0.12803433165895253,0.36034124603306444,1.2697654704325207,31.92792063401012,33.19768610444264,33.15400415677922,0.03824861366655901,AR6 World GDP level and trajectory (unrebased),Fixed original NATO GDP share = 0.5018,IMAGE 3.0.1,SSP1-26,0.0436819476634156,1.0940821371737144,33.15400415677923,0.17568333325880636,0.043681947663408494,27.376887512596934,2.602298600711052,0.6470361711169801
2043,SA1_AR6_fixed_split,SSP1-2.6,S1,"NATO→3.5%, nonNATO holds",0.033,265.9348557446994,133.44611061269018,132.48874513200923,0.5018,0.035,0.022985547972701727,4.670613871444156,3.0453264070748505,7.715940278519007,0.15986885816252344,0.12011902551916097,0.12111277133524503,0.34086112972971677,1.2335385619770567,31.017004496412195,32.250543058389255,32.20810737387915,0.038248613666558996,AR6 World GDP level and trajectory (unrebased),Fixed original NATO GDP share = 0.5018,IMAGE 3.0.1,SSP1-26,0.042435684510103044,1.0628675433380121,32.20810737387915,0.17067101863904455,0.042435684510103044,28.610426074573994,2.7729696193500963,0.6894718556270831
2044,SA1_AR6_fixed_split,SSP1-2.6,S1,"NATO→3.5%, nonNATO holds",0.033,273.11212299904514,137.04766332092086,136.06445967812428,0.5018,0.035,0.022985547972701727,4.796668216232231,3.1275161653112655,7.924184381543496,0.15109962324838158,0.1135301753544561,0.11446941155180422,0.3221639841189003,1.1973412746019318,30.1068331731317,31.304174447733633,31.262984007364672,0.038248613666559,AR6 World GDP level and trajectory (unrebased),Fixed original NATO GDP share = 0.5018,IMAGE 3.0.1,SSP1-26,0.041190440368961134,1.0316784722430343,31.262984007364675,0.16566280235889752,0.04119044036895758,29.807767349175926,2.9386324217089936,0.7306622959960407
2045,SA1_AR6_fixed_split,SSP1-2.6,S1,"NATO→3.5%, nonNATO holds",0.033,280.48309620854303,140.7464176774469,139.73667853109612,0.5018,0.035,0.022985547972701727,4.9261246187106424,3.2119241279225093,8.138048746633151,0.14268452371009643,0.1072074082577026,0.10809433614401244,0.3042219010367037,1.1611736093428984,29.19740669021236,30.35858029955526,30.31863408427963,0.03824861366655901,AR6 World GDP level and trajectory (unrebased),Fixed original NATO GDP share = 0.5018,IMAGE 3.0.1,SSP1-26,0.03994621527563069,1.000514924781228,30.318634084279633,0.16065868456167043,0.03994621527562714,30.96894095851882,3.0992911062706643,0.7706085112716679
2046,SA1_AR6_fixed_split,SSP1-2.6,S1,"NATO→3.5%, nonNATO holds",0.033,288.05300326784055,144.54499703980238,143.50800622803817,0.5018,0.035,0.022985547972701727,5.059074896393084,3.2986101616213497,8.357685058014434,0.1346109069027551,0.1011412175407647,0.10197795977481446,0.2870079034039845,1.1250355652669284,28.28872502419343,29.413760589460356,29.37505758026234,0.03824861366655902,AR6 World GDP level and trajectory (unrebased),Fixed original NATO GDP share = 0.5018,IMAGE 3.0.1,SSP1-26,0.0387030091980165,0.9693769001486574,29.37505758026234,0.15565866511827098,0.0387030091980165,32.09397652378575,3.254949771388935,0.8093115204696844
2047,SA1_AR6_fixed_split,SSP1-2.6,S1,"NATO→3.5%, nonNATO holds",0.033,295.82721316627885,148.44609556683872,147.38111759944013,0.5018,0.035,0.022985547972701727,5.195613344839356,3.387635748852326,8.583249093691682,0.12686654327105049,0.09532241440800762,0.09611101762958368,0.27049591622348573,1.0889271425510407,27.380788179526007,28.469715322077047,28.43225449993484,0.03824861366655902,AR6 World GDP level and trajectory (unrebased),Fixed original NATO GDP share = 0.5018,IMAGE 3.0.1,SSP1-26,0.03746082214220792,0.9382643984978497,28.432254499934842,0.15066274405319102,0.037460822142204364,33.18290366633679,3.405612515442126,0.8467723426118887
2048,SA1_AR6_fixed_split,SSP1-2.6,S1,"NATO→3.5%, nonNATO holds",0.033,303.81123979587244,152.45248012956878,151.35875966630365,0.5018,0.035,0.022985547972701727,5.335836804534908,3.4790640313984538,8.814900835933361,0.11943961267130074,0.08974211767921353,0.09048455505401572,0.2546607374166082,1.0528483415798058,26.473596165880014,27.52644450745982,27.49022485333839,0.038248613666559,AR6 World GDP level and trajectory (unrebased),Fixed original NATO GDP share = 0.5018,IMAGE 3.0.1,SSP1-26,0.03621965412143169,0.9071774201601668,27.490224853338386,0.145670921419639,0.03621965412143524,34.235752007916595,3.551283436861765,0.882991996733324
2049,SA1_AR6_fixed_split,SSP1-2.6,S1,"NATO→3.5%, nonNATO holds",0.033,312.0107458620589,156.56699227358118,155.44375358847773,0.5018,0.035,0.022985547972701727,5.479844729575341,3.572959855164781,9.052804584740123,0.11231869112388038,0.08439174383589147,0.0850899175180912,0.23947800957787657,1.0167991619582741,25.56714897332454,26.583948135282814,26.548968630160708,0.03824861366655901,AR6 World GDP level and trajectory (unrebased),Fixed original NATO GDP share = 0.5018,IMAGE 3.0.1,SSP1-26,0.03497950512210579,0.8761159647953033,26.548968630160708,0.14068319716297084,0.03497950512210579,35.25255116987487,3.6919666340247357,0.9179715018554298
2050,SA1_AR6_fixed_split,SSP1-2.6,S1,"NATO→3.5%, nonNATO holds",0.033,320.4315469000001,160.79255023442008,159.63899666558004,0.5018,0.035,0.022985547972701727,5.627739258204703,3.669389816170661,9.297129074375365,0.10549273822745851,0.07926299756484258,0.07991874108140797,0.22492419314046352,0.980779603709974,24.661446602451207,25.64222620616118,25.608485831016143,0.038248613666559,AR6 World GDP level and trajectory (unrebased),Fixed original NATO GDP share = 0.5018,IMAGE 3.0.1,SSP1-26,0.033740375145036694,0.8450800324235328,25.608485831016147,0.13569957128644117,0.03374037514503314,36.233330773584846,3.827666205311177,0.9517118770004629
2025,SA1_AR6_fixed_split,SSP1-2.6,S2,"NATO→3.5%, nonNATO→3.5%",0.033,138.56683200039697,69.53283629779921,69.03399570259776,0.5018,0.027,0.022985547972701727,1.8773865800405787,1.5867842199693458,3.4641708000099243,0.4690146344621055,0.35239871913353227,0.3553141170167466,1.0,1.6247468014809543,47.610004758547966,49.23475156002892,49.23475156002892,0.033,AR6 World GDP level and trajectory (unrebased),Fixed original NATO GDP share = 0.5018,IMAGE 3.0.1,SSP1-26,0.0,1.6247468014809543,49.23475156002892,0.0,0.0,1.6247468014809543,0.0,0.0
2026,SA1_AR6_fixed_split,SSP1-2.6,S2,"NATO→3.5%, nonNATO→3.5%",0.033,144.59391012503605,72.55722410074308,72.03668602429296,0.5018,0.02740877593256891,0.023599450326672138,1.988704697666456,1.7000261935283787,3.688730891194835,0.44312931215776563,0.3329495298030764,0.33570402436194363,0.9448091372798489,1.634584782550269,46.914313172725635,48.548897955275905,48.54075752720379,0.03366883392607752,AR6 World GDP level and trajectory (unrebased),Fixed original NATO GDP share = 0.5018,IMAGE 3.0.1,SSP1-26,0.008140428072117345,1.6018449983977252,48.54075752720379,0.03273978415254386,0.008140428072117345,3.2593315840312234,0.03273978415254386,0.008140428072117345
2027,SA1_AR6_fixed_split,SSP1-2.6,S2,"NATO→3.5%, nonNATO→3.5%",0.033,150.8831409610859,75.71316013427291,75.16998082681299,0.5018,0.028005016140972137,0.024494887749248,2.120348271644321,1.8412802424659085,3.9616285141102296,0.41859163319326004,0.3145129054373601,0.31711487363125757,0.8924916248579884,1.658304549826389,46.20871175094958,47.86701630077597,47.847288178961975,0.034643992418627235,AR6 World GDP level and trajectory (unrebased),Fixed original NATO GDP share = 0.5018,IMAGE 3.0.1,SSP1-26,0.019728121813997745,1.5789605099057455,47.84728817896199,0.07934403992064354,0.019728121813983535,4.917636133857613,0.1120838240731874,0.02786854988610088
2028,SA1_AR6_fixed_split,SSP1-2.6,S2,"NATO→3.5%, nonNATO→3.5%",0.033,157.44592705596344,79.00636619668245,78.43956085928099,0.5018,0.028820930945768986,0.025720233909322272,2.277037024430722,2.017483853045227,4.294520877475948,0.3953340337010794,0.2970380812656906,0.2994954800765753,0.842903407810446,1.6977702613060655,45.491799834400354,47.18957009570642,47.15434350972723,0.03597765900097781,AR6 World GDP level and trajectory (unrebased),Fixed original NATO GDP share = 0.5018,IMAGE 3.0.1,SSP1-26,0.03522658597919559,1.5560933358209983,47.15434350972723,0.14167692548506716,0.03522658597919559,6.615406395163678,0.25376074955825456,0.06309513586529647
2029,SA1_AR6_fixed_split,SSP1-2.6,S2,"NATO→3.5%, nonNATO→3.5%",0.033,164.2941669202464,82.44281296057964,81.85135395966675,0.5018,0.029845109579542582,0.027258352042179364,2.4605147868542327,2.2311330213616283,4.691647808215861,0.37329224889219137,0.2804767713121593,0.28279715825166013,0.7959074652762288,1.7513557613390194,44.76479925382952,46.51615501516854,46.46192352236958,0.03765048424075284,AR6 World GDP level and trajectory (unrebased),Fixed original NATO GDP share = 0.5018,IMAGE 3.0.1,SSP1-26,0.05423149279896222,1.5332434762381961,46.46192352236958,0.21811228510082326,0.05423149279896222,8.366762156502697,0.4718730346590778,0.11732662866425869
2030,SA1_AR6_fixed_split,SSP1-2.6,S2,"NATO→3.5%, nonNATO→3.5%",0.033,171.44027659999995,86.02873079787997,85.41154580211997,0.5018,0.030999999999995285,0.028992773986343784,2.6668906547338733,2.4763176432651144,5.143208297998988,0.35240515498628133,0.264783049628387,0.26697360226233435,0.7513734734321051,1.8124931173830614,44.03264488926398,45.84513800664704,45.77002821675297,0.039535121851313214,AR6 World GDP level and trajectory (unrebased),Fixed original NATO GDP share = 0.5018,IMAGE 3.0.1,SSP1-26,0.07510978989407135,1.5104109311528482,45.770028216752976,0.3020821862302132,0.07510978989406425,10.179255273885758,0.773955220889291,0.19243641855832294
2031,SA1_AR6_fixed_split,SSP1-2.6,S2,"NATO→3.5%, nonNATO→3.5%",0.033,177.7089843520823,89.1743683478749,88.5346160042074,0.5018,0.03215489042044799,0.0307271959305082,2.867392042538583,2.7204204925935875,5.587812535132171,0.33193025120568137,0.24939903101468056,0.2514623115194556,0.7077183243681919,1.8547640184766767,42.926853468258706,44.781617486735385,44.687111982949375,0.04141797734362923,AR6 World GDP level and trajectory (unrebased),Fixed original NATO GDP share = 0.5018,IMAGE 3.0.1,SSP1-26,0.09450550378601008,1.4746746954373295,44.687111982949375,0.38008932303934717,0.09450550378601008,12.034019292362435,1.1540445439286382,0.286941922344333
2032,SA1_AR6_fixed_split,SSP1-2.6,S2,"NATO→3.5%, nonNATO→3.5%",0.033,184.20690718512637,92.43502602549641,91.77188115962996,0.5018,0.033179069054221584,0.032265314063365295,3.066908111528715,2.961048567801297,6.027956679330012,0.31246647211274065,0.23477473079488748,0.2367170243278338,0.6662190242125305,1.88353435763868,41.831915138313924,43.715449495952605,43.60491092949658,0.04308624020469164,AR6 World GDP level and trajectory (unrebased),Fixed original NATO GDP share = 0.5018,IMAGE 3.0.1,SSP1-26,0.11053856645602167,1.4389620606733875,43.60491092949658,0.44457229696529255,0.11053856645602167,13.917553650001116,1.5986168408939307,0.3974804888003547
2033,SA1_AR6_fixed_split,SSP1-2.6,S2,"NATO→3.5%, nonNATO→3.5%",0.033,190.94242634059682,95.81490953771149,95.12751680288534,0.5018,0.03399498385901843,0.033490660223439564,3.2572263031878133,3.1858833431449707,6.443109646332784,0.29396777947047814,0.22087555769071668,0.2227028632352107,0.6267774134758466,1.8940666356172664,40.751389468401726,42.64545610401899,42.52342505912923,0.0444142661060381,AR6 World GDP level and trajectory (unrebased),Fixed original NATO GDP share = 0.5018,IMAGE 3.0.1,SSP1-26,0.12203104488975924,1.4032730269512645,42.523425059129224,0.49079360866600186,0.12203104488976635,15.811620285618382,2.0894104495599324,0.519511533690121
2034,SA1_AR6_fixed_split,SSP1-2.6,S2,"NATO→3.5%, nonNATO→3.5%",0.033,197.92422951976133,99.31837837301624,98.60585114674508,0.5018,0.034591224067421655,0.034386097646015426,3.43554428031397,3.3906704260004386,6.826214706314408,0.2763901312336865,0.20766842028203175,0.20938646305582312,0.5892995888084974,1.88669837850756,39.685022855340826,41.571721233848386,41.44265437219176,0.04538417757336877,AR6 World GDP level and trajectory (unrebased),Fixed original NATO GDP share = 0.5018,IMAGE 3.0.1,SSP1-26,0.12906686165662506,1.367607594282328,41.442654372191754,0.5190907842252319,0.12906686165663217,17.698318664125942,2.6085012337851645,0.6485783953467532
2035,SA1_AR6_fixed_split,SSP1-2.6,S2,"NATO→3.5%, nonNATO→3.5%",0.033,205.16132208938131,102.94995142445156,102.21137066492976,0.5018,0.03499999999999057,0.03499999999998584,3.603248299854834,3.5773979732710943,7.180646273125928,0.25969139777538863,0.1951216640627823,0.19673590740559746,0.5536957243844183,1.8647520675987075,38.630318917542,40.49507098514071,40.36259886578648,0.046048865262712124,AR6 World GDP level and trajectory (unrebased),Fixed original NATO GDP share = 0.5018,IMAGE 3.0.1,SSP1-26,0.13247211935422598,1.3319657625709538,40.362598865786474,0.5327863050277537,0.1324721193542331,19.56307073172465,3.141287538812918,0.7810505147009863
2036,SA1_AR6_fixed_split,SSP1-2.6,S2,"NATO→3.5%, nonNATO→3.5%",0.033,212.66303869714082,106.71431281822527,105.94872587891555,0.5018,0.035,0.035,3.7350009486378846,3.708205405762045,7.44320635439993,0.24392229526196893,0.18327339511913285,0.18478961762270374,0.5200739536447809,1.815563978073703,37.61133541923335,39.426899397307054,39.2979216033269,0.04604886526272746,AR6 World GDP level and trajectory (unrebased),Fixed original NATO GDP share = 0.5018,IMAGE 3.0.1,SSP1-26,0.1289777939801553,1.2968314129097878,39.297921603326905,0.5187325651639152,0.1289777939801482,21.37863470979835,3.6600201039768336,0.9100283086811345
2037,SA1_AR6_fixed_split,SSP1-2.6,S2,"NATO→3.5%, nonNATO→3.5%",0.033,220.4390553117926,110.61631795545753,109.82273735633507,0.5018,0.035,0.035,3.871571128441014,3.8437958074717278,7.715366935912742,0.2289478966454992,0.17202223469790032,0.1734453762465903,0.4881465946325333,1.7664170318254524,36.593204247598614,38.35962127942407,38.234134887996795,0.046048865262727466,AR6 World GDP level and trajectory (unrebased),Fixed original NATO GDP share = 0.5018,IMAGE 3.0.1,SSP1-26,0.12548639142727325,1.2617264513038942,38.234134887996795,0.5046905805215582,0.12548639142727325,23.145051741623803,4.164710684498392,1.0355147001084077
2038,SA1_AR6_fixed_split,SSP1-2.6,S2,"NATO→3.5%, nonNATO→3.5%",0.033,228.49940170355023,114.66099977484151,113.83840192870872,0.5018,0.035,0.035,4.013134992119453,3.9843440675048054,7.997479059624259,0.21473156923757955,0.161340658471437,0.16267543124059056,0.4578355417072364,1.7173112284177992,35.57592539358888,37.29323662200668,37.17123871034197,0.046048865262727466,AR6 World GDP level and trajectory (unrebased),Fixed original NATO GDP share = 0.5018,IMAGE 3.0.1,SSP1-26,0.12199791166471385,1.226650877441285,37.17123871034197,0.49066035097651417,0.12199791166471385,24.862362970041605,4.655371035474905,1.1575126117731216
2039,SA1_AR6_fixed_split,SSP1-2.6,S2,"NATO→3.5%, nonNATO→3.5%",0.033,236.85447438082582,118.8535752442984,118.00089913652742,0.5018,0.035,0.035,4.159875133550444,4.13003146977846,8.289906603328905,0.20123828270354352,0.1512023460561978,0.15245324447238146,0.42906610565432746,1.6682465686266745,34.559498873278365,36.22774544190504,36.10923308715745,0.046048865262727466,AR6 World GDP level and trajectory (unrebased),Fixed original NATO GDP share = 0.5018,IMAGE 3.0.1,SSP1-26,0.11851235474759392,1.1916046918761958,36.10923308715744,0.47664187675047875,0.11851235474760102,26.53060953866828,5.132012912225385,1.2760249665207226
2040,SA1_AR6_fixed_split,SSP1-2.6,S2,"NATO→3.5%, nonNATO→3.5%",0.033,245.51504999999977,123.1994520899999,122.31559790999988,0.5018,0.035,0.035,4.311980823149996,4.2810459268499965,8.593026749999993,0.18843454102430893,0.14158212989161362,0.142753440169931,0.4017668686189656,1.6192230516458577,33.54392466996537,35.16314772161123,35.04811800099259,0.04604886526272746,AR6 World GDP level and trajectory (unrebased),Fixed original NATO GDP share = 0.5018,IMAGE 3.0.1,SSP1-26,0.1150297206186437,1.1565878940327554,35.04811800099258,0.46263515761310225,0.1150297206186508,28.149832590314137,5.594648069838486,1.3910546871393734
2041,SA1_AR6_fixed_split,SSP1-2.6,S2,"NATO→3.5%, nonNATO→3.5%",0.033,252.1412108463452,126.52445960269603,125.61675124364916,0.5018,0.035,0.035,4.428356086094361,4.396586293527721,8.824942379622083,0.1785225430558103,0.13413465356252413,0.13524435079985628,0.38063320403754736,1.5754511559311284,32.63714337691002,34.212594532841145,34.10067437080364,0.04604886526272747,AR6 World GDP level and trajectory (unrebased),Fixed original NATO GDP share = 0.5018,IMAGE 3.0.1,SSP1-26,0.11192016203750654,1.1253222542365202,34.10067437080364,0.4501289016946082,0.11192016203750654,29.725283746245264,6.044776971533095,1.50297484917688
2042,SA1_AR6_fixed_split,SSP1-2.6,S2,"NATO→3.5%, nonNATO→3.5%",0.033,258.9462039376452,129.93920513591036,129.00699880173482,0.5018,0.035,0.035,4.547872179756863,4.51524495806072,9.063117137817581,0.16900531778981734,0.12698379355303294,0.12803433165895253,0.36034124603306444,1.5317149920432,31.731102306583917,33.26281729862712,33.15400415677922,0.04604886526272745,AR6 World GDP level and trajectory (unrebased),Fixed original NATO GDP share = 0.5018,IMAGE 3.0.1,SSP1-26,0.10881314184789659,1.0940821371737144,33.15400415677923,0.43763285486948567,0.10881314184788948,31.256998738288466,6.482409826402581,1.6117879910247694
2043,SA1_AR6_fixed_split,SSP1-2.6,S2,"NATO→3.5%, nonNATO→3.5%",0.033,265.9348557446994,133.44611061269018,132.48874513200923,0.5018,0.035,0.035,4.670613871444156,4.637106079620324,9.307719951064481,0.15986885816252344,0.12011902551916097,0.12111277133524503,0.34086112972971677,1.4880145606732171,30.82580147330482,32.313816033978036,32.20810737387915,0.04604886526272747,AR6 World GDP level and trajectory (unrebased),Fixed original NATO GDP share = 0.5018,IMAGE 3.0.1,SSP1-26,0.10570866009888391,1.0628675433380121,32.20810737387915,0.425147017335205,0.10570866009888391,32.74501329896168,6.907556843737786,1.7174966511236534
2044,SA1_AR6_fixed_split,SSP1-2.6,S2,"NATO→3.5%, nonNATO→3.5%",0.033,273.11212299904514,137.04766332092086,136.06445967812428,0.5018,0.035,0.035,4.796668216232231,4.76225608873435,9.558924304966581,0.15109962324838158,0.1135301753544561,0.11446941155180422,0.3221639841189003,1.444349861140248,29.92124086296655,31.3655907241068,31.262984007364672,0.04604886526272746,AR6 World GDP level and trajectory (unrebased),Fixed original NATO GDP share = 0.5018,IMAGE 3.0.1,SSP1-26,0.10260671674212674,1.0316784722430343,31.262984007364675,0.4126713888972138,0.10260671674212318,34.18936316010193,7.320228232634999,1.8201033678657765
2045,SA1_AR6_fixed_split,SSP1-2.6,S2,"NATO→3.5%, nonNATO→3.5%",0.033,280.48309620854303,140.7464176774469,139.73667853109612,0.5018,0.035,0.035,4.9261246187106424,4.8907837485883645,9.816908367299007,0.14268452371009643,0.1072074082577026,0.10809433614401244,0.3042219010367037,1.4007208946937193,29.017420501452268,30.418141396145987,30.31863408427963,0.046048865262727466,AR6 World GDP level and trajectory (unrebased),Fixed original NATO GDP share = 0.5018,IMAGE 3.0.1,SSP1-26,0.09950731186635764,1.000514924781228,30.318634084279633,0.40020596991249135,0.09950731186635409,35.590084054795646,7.720434202547491,1.9196106797321306
2046,SA1_AR6_fixed_split,SSP1-2.6,S2,"NATO→3.5%, nonNATO→3.5%",0.033,288.05300326784055,144.54499703980238,143.50800622803817,0.5018,0.035,0.035,5.059074896393084,5.022780217981336,10.08185511437442,0.1346109069027551,0.1011412175407647,0.10197795977481446,0.2870079034039845,1.3571276602081204,28.11434036544585,29.471468025653973,29.37505758026234,0.046048865262727466,AR6 World GDP level and trajectory (unrebased),Fixed original NATO GDP share = 0.5018,IMAGE 3.0.1,SSP1-26,0.09641044539163346,0.9693769001486574,29.37505758026234,0.38775076005946296,0.09641044539163346,36.94721171500377,8.108184962606954,2.016021125123764
2047,SA1_AR6_fixed_split,SSP1-2.6,S2,"NATO→3.5%, nonNATO→3.5%",0.033,295.82721316627885,148.44609556683872,147.38111759944013,0.5018,0.035,0.035,5.195613344839356,5.1583391159804055,10.353952460819762,0.12686654327105049,0.09532241440800762,0.09611101762958368,0.27049591622348573,1.31357015789699,27.21200045937097,28.52557061726796,28.43225449993484,0.04604886526272747,AR6 World GDP level and trajectory (unrebased),Fixed original NATO GDP share = 0.5018,IMAGE 3.0.1,SSP1-26,0.09331611733312073,0.9382643984978497,28.432254499934842,0.37530575939914035,0.09331611733311718,38.26078187290076,8.483490722006094,2.1093372424568813
2048,SA1_AR6_fixed_split,SSP1-2.6,S2,"NATO→3.5%, nonNATO→3.5%",0.033,303.81123979587244,152.45248012956878,151.35875966630365,0.5018,0.035,0.035,5.335836804534908,5.297556588320629,10.633393392855536,0.11943961267130074,0.08974211767921353,0.09048455505401572,0.2546607374166082,1.2700483882242337,26.310400792837935,27.580449181062168,27.49022485333839,0.04604886526272746,AR6 World GDP level and trajectory (unrebased),Fixed original NATO GDP share = 0.5018,IMAGE 3.0.1,SSP1-26,0.09022432772377798,0.9071774201601668,27.490224853338386,0.36287096806406693,0.09022432772378153,39.53083026112499,8.846361690070161,2.199561570180663
2049,SA1_AR6_fixed_split,SSP1-2.6,S2,"NATO→3.5%, nonNATO→3.5%",0.033,312.0107458620589,156.56699227358118,155.44375358847773,0.5018,0.035,0.035,5.479844729575341,5.440531375596721,10.920376105172062,0.11231869112388038,0.08439174383589147,0.0850899175180912,0.23947800957787657,1.2265623507134247,25.40954135597704,26.636103706690466,26.548968630160708,0.04604886526272746,AR6 World GDP level and trajectory (unrebased),Fixed original NATO GDP share = 0.5018,IMAGE 3.0.1,SSP1-26,0.08713507652975849,0.8761159647953033,26.548968630160708,0.3504463859181214,0.08713507652975849,40.75739261183842,9.196808075988283,2.2866966467104213
2050,SA1_AR6_fixed_split,SSP1-2.6,S2,"NATO→3.5%, nonNATO→3.5%",0.033,320.4315469000001,160.79255023442008,159.63899666558004,0.5018,0.035,0.035,5.627739258204703,5.587364883295302,11.215104141500005,0.10549273822745851,0.07926299756484258,0.07991874108140797,0.22492419314046352,1.1831120453929458,24.50942214937628,25.692534194769227,25.608485831016143,0.046048865262727445,AR6 World GDP level and trajectory (unrebased),Fixed original NATO GDP share = 0.5018,IMAGE 3.0.1,SSP1-26,0.08404836375308378,0.8450800324235328,25.608485831016147,0.338032012969413,0.08404836375308022,41.940504657231365,9.534840088957695,2.3707450104635015
2025,SA1_AR6_fixed_split,SSP1-2.6,S3,"NATO→5%, nonNATO→3.5%",0.033,138.56683200039697,69.53283629779921,69.03399570259776,0.5018,0.027,0.022985547972701727,1.8773865800405787,1.5867842199693458,3.4641708000099243,0.4690146344621055,0.35239871913353227,0.3553141170167466,1.0,1.6247468014809543,47.610004758547966,49.23475156002892,49.23475156002892,0.033,AR6 World GDP level and trajectory (unrebased),Fixed original NATO GDP share = 0.5018,IMAGE 3.0.1,SSP1-26,0.0,1.6247468014809543,49.23475156002892,0.0,0.0,1.6247468014809543,0.0,0.0
2026,SA1_AR6_fixed_split,SSP1-2.6,S3,"NATO→5%, nonNATO→3.5%",0.033,144.59391012503605,72.55722410074308,72.03668602429296,0.5018,0.02817523080613562,0.023599450326672138,2.0443165356909425,1.7000261935283787,3.744342729219321,0.44312931215776563,0.3329495298030764,0.33570402436194363,0.9448091372798489,1.6592280180818886,46.895797237403904,48.555025255485795,48.54075752720379,0.03417211729066967,AR6 World GDP level and trajectory (unrebased),Fixed original NATO GDP share = 0.5018,IMAGE 3.0.1,SSP1-26,0.014267728282007397,1.6018449983977252,48.54075752720379,0.05738301968416337,0.014267728282007397,3.283974819562843,0.05738301968416337,0.014267728282007397
2027,SA1_AR6_fixed_split,SSP1-2.6,S3,"NATO→5%, nonNATO→3.5%",0.033,150.8831409610859,75.71316013427291,75.16998082681299,0.5018,0.029889421405294894,0.024494887749248,2.263022549179857,1.8412802424659085,4.1043027916457655,0.41859163319326004,0.3145129054373601,0.31711487363125757,0.8924916248579884,1.7180268086746575,46.1638388493907,47.88186565806536,47.847288178961975,0.03588053191042,AR6 World GDP level and trajectory (unrebased),Fixed original NATO GDP share = 0.5018,IMAGE 3.0.1,SSP1-26,0.03457747910338327,1.5789605099057455,47.84728817896199,0.13906629876891197,0.03457747910336906,5.0020016282375,0.19644931845307534,0.048845207385376455
2028,SA1_AR6_fixed_split,SSP1-2.6,S3,"NATO→5%, nonNATO→3.5%",0.033,157.44592705596344,79.00636619668245,78.43956085928099,0.5018,0.03223517646908584,0.025720233909322272,2.546784156531277,2.017483853045227,4.564268009576503,0.3953340337010794,0.2970380812656906,0.2994954800765753,0.842903407810446,1.804410483118676,45.411674663854285,47.21608514697296,47.15434350972723,0.03821601213870137,AR6 World GDP level and trajectory (unrebased),Fixed original NATO GDP share = 0.5018,IMAGE 3.0.1,SSP1-26,0.06174163724573134,1.5560933358209983,47.15434350972723,0.24831714729767773,0.06174163724573134,6.806412111356177,0.44476646575075307,0.1105868446311078
2029,SA1_AR6_fixed_split,SSP1-2.6,S3,"NATO→5%, nonNATO→3.5%",0.033,164.2941669202464,82.44281296057964,81.85135395966675,0.5018,0.03517969004118492,0.027258352042179364,2.900312606076575,2.2311330213616283,5.131445627438204,0.37329224889219137,0.2804767713121593,0.28279715825166013,0.7959074652762288,1.915528878334409,44.64144618146391,46.55697505979832,46.46192352236958,0.04114375721090302,AR6 World GDP level and trajectory (unrebased),Fixed original NATO GDP share = 0.5018,IMAGE 3.0.1,SSP1-26,0.09505153742873773,1.5332434762381961,46.46192352236958,0.382285402096213,0.09505153742873773,8.721940989690586,0.827051867846966,0.20563838205984553
2030,SA1_AR6_fixed_split,SSP1-2.6,S3,"NATO→5%, nonNATO→3.5%",0.033,171.44027659999995,86.02873079787997,85.41154580211997,0.5018,0.03849999999998644,0.028992773986343784,3.3121061357172126,2.4763176432651144,5.788423778982327,0.35240515498628133,0.264783049628387,0.26697360226233435,0.7513734734321051,2.0398703789585433,43.86180276654177,45.90167314550031,45.77002821675297,0.044440000530972135,AR6 World GDP level and trajectory (unrebased),Fixed original NATO GDP share = 0.5018,IMAGE 3.0.1,SSP1-26,0.1316449287473418,1.5104109311528482,45.770028216752976,0.5294594478056951,0.1316449287473347,10.761811368649129,1.3565113156526611,0.3372833108071802
2031,SA1_AR6_fixed_split,SSP1-2.6,S3,"NATO→5%, nonNATO→3.5%",0.033,177.7089843520823,89.1743683478749,88.5346160042074,0.5018,0.041820309958787966,0.0307271959305082,3.7292997246872592,2.7204204925935875,6.449720217280847,0.33193025120568137,0.24939903101468056,0.2514623115194556,0.7077183243681919,2.1408572519283933,42.711894527506715,44.85275177943511,44.687111982949375,0.04773078946094834,AR6 World GDP level and trajectory (unrebased),Fixed original NATO GDP share = 0.5018,IMAGE 3.0.1,SSP1-26,0.1656397964857348,1.4746746954373295,44.687111982949375,0.6661825564910637,0.1656397964857348,12.902668620577522,2.0226938721437246,0.502923107292915
2032,SA1_AR6_fixed_split,SSP1-2.6,S3,"NATO→5%, nonNATO→3.5%",0.033,184.20690718512637,92.43502602549641,91.77188115962996,0.5018,0.04476482353088705,0.032265314063365295,4.137837628104299,2.961048567801297,7.098886195905596,0.31246647211274065,0.23477473079488748,0.2367170243278338,0.6662190242125305,2.2181639255644554,41.580487949359586,43.79865187492404,43.60491092949658,0.05064457079407087,AR6 World GDP level and trajectory (unrebased),Fixed original NATO GDP share = 0.5018,IMAGE 3.0.1,SSP1-26,0.19374094542745723,1.4389620606733875,43.60491092949658,0.7792018648910679,0.19374094542745723,15.120832546141978,2.8018957370347928,0.6966640527203722
2033,SA1_AR6_fixed_split,SSP1-2.6,S3,"NATO→5%, nonNATO→3.5%",0.033,190.94242634059682,95.81490953771149,95.12751680288534,0.5018,0.04711057859467799,0.033490660223439564,4.513895826318318,3.1858833431449707,7.699779169463289,0.29396777947047814,0.22087555769071668,0.2227028632352107,0.6267774134758466,2.2634869848601653,40.47382188664735,42.737308871507516,42.52342505912923,0.05296278695660238,AR6 World GDP level and trajectory (unrebased),Fixed original NATO GDP share = 0.5018,IMAGE 3.0.1,SSP1-26,0.2138838123782847,1.4032730269512645,42.523425059129224,0.8602139579089008,0.2138838123782918,17.38431953100214,3.6621096949436938,0.910547865098664
2034,SA1_AR6_fixed_split,SSP1-2.6,S3,"NATO→5%, nonNATO→3.5%",0.033,197.92422951976133,99.31837837301624,98.60585114674508,0.5018,0.04882476919383726,0.034386097646015426,4.849196900768717,3.3906704260004386,8.239867326769154,0.2763901312336865,0.20766842028203175,0.20938646305582312,0.5892995888084974,2.277418011793892,39.391451848823436,41.66886986061733,41.44265437219176,0.054655142301959996,AR6 World GDP level and trajectory (unrebased),Fixed original NATO GDP share = 0.5018,IMAGE 3.0.1,SSP1-26,0.2262154884255665,1.367607594282328,41.442654372191754,0.909810417511564,0.2262154884255736,19.661737542796036,4.571920112455258,1.1367633535242376
2035,SA1_AR6_fixed_split,SSP1-2.6,S3,"NATO→5%, nonNATO→3.5%",0.033,205.16132208938131,102.94995142445156,102.21137066492976,0.5018,0.049999999999972886,0.03499999999998584,5.147497571219787,3.5773979732710943,8.724895544490881,0.25969139777538863,0.1951216640627823,0.19673590740559746,0.5536957243844183,2.265780319393097,38.32900242998552,40.594782749378616,40.36259886578648,0.055814569408621346,AR6 World GDP level and trajectory (unrebased),Fixed original NATO GDP share = 0.5018,IMAGE 3.0.1,SSP1-26,0.2321838835921355,1.3319657625709538,40.362598865786474,0.9338145568221434,0.2321838835921426,21.92751786218913,5.505734669277401,1.3689472371163802
2036,SA1_AR6_fixed_split,SSP1-2.6,S3,"NATO→5%, nonNATO→3.5%",0.033,212.66303869714082,106.71431281822527,105.94872587891555,0.5018,0.05,0.035,5.335715640911264,3.708205405762045,9.043921046673308,0.24392229526196893,0.18327339511913285,0.18478961762270374,0.5200739536447809,2.2060139798725817,37.31796700296333,39.52398098283591,39.2979216033269,0.05581456940864808,AR6 World GDP level and trajectory (unrebased),Fixed original NATO GDP share = 0.5018,IMAGE 3.0.1,SSP1-26,0.22605937950901023,1.2968314129097878,39.297921603326905,0.909182566962794,0.22605937950900312,24.133531842061714,6.4149172362401945,1.5950066166253833
2037,SA1_AR6_fixed_split,SSP1-2.6,S3,"NATO→5%, nonNATO→3.5%",0.033,220.4390553117926,110.61631795545753,109.82273735633507,0.5018,0.05,0.035,5.530815897772877,3.8437958074717278,9.374611705244604,0.2289478966454992,0.17202223469790032,0.1734453762465903,0.4881465946325333,2.1462976317840283,36.30777725446735,38.45407488625138,38.234134887996795,0.055814569408648075,AR6 World GDP level and trajectory (unrebased),Fixed original NATO GDP share = 0.5018,IMAGE 3.0.1,SSP1-26,0.21993999825458133,1.2617264513038942,38.234134887996795,0.8845711804801342,0.21993999825458133,26.27982947384574,7.2994884167203296,1.8149466148799647
2038,SA1_AR6_fixed_split,SSP1-2.6,S3,"NATO→5%, nonNATO→3.5%",0.033,228.49940170355023,114.66099977484151,113.83840192870872,0.5018,0.05,0.035,5.733049988742076,3.9843440675048054,9.717394056246881,0.21473156923757955,0.161340658471437,0.16267543124059056,0.4578355417072364,2.086631274597821,35.29843317551889,37.38506445011671,37.17123871034197,0.05581456940864808,AR6 World GDP level and trajectory (unrebased),Fixed original NATO GDP share = 0.5018,IMAGE 3.0.1,SSP1-26,0.21382573977474095,1.226650877441285,37.17123871034197,0.8599803971565361,0.21382573977474095,28.366460748443565,8.159468813876865,2.0287723546547056
2039,SA1_AR6_fixed_split,SSP1-2.6,S3,"NATO→5%, nonNATO→3.5%",0.033,236.85447438082582,118.8535752442984,118.00089913652742,0.5018,0.05,0.035,5.94267876221492,4.13003146977846,10.07271023199338,0.20123828270354352,0.1512023460561978,0.15245324447238146,0.42906610565432746,2.027014909256759,34.2899347820668,36.31694969132356,36.10923308715745,0.055814569408648075,AR6 World GDP level and trajectory (unrebased),Fixed original NATO GDP share = 0.5018,IMAGE 3.0.1,SSP1-26,0.2077166041661087,1.1916046918761958,36.10923308715744,0.8354102173805633,0.20771660416611581,30.39347565770032,8.994879031257428,2.2364889588208214
2040,SA1_AR6_fixed_split,SSP1-2.6,S3,"NATO→5%, nonNATO→3.5%",0.033,245.51504999999977,123.1994520899999,122.31559790999988,0.5018,0.05,0.035,6.159972604499995,4.2810459268499965,10.441018531349991,0.18843454102430893,0.14158212989161362,0.142753440169931,0.4017668686189656,1.9674485347812396,33.28228205753964,35.24973059232088,35.04811800099259,0.05581456940864809,AR6 World GDP level and trajectory (unrebased),Fixed original NATO GDP share = 0.5018,IMAGE 3.0.1,SSP1-26,0.201612591328292,1.1565878940327554,35.04811800099258,0.8108606407484842,0.20161259132829912,32.36092419248156,9.805739672005913,2.4381015501491206
2041,SA1_AR6_fixed_split,SSP1-2.6,S3,"NATO→5%, nonNATO→3.5%",0.033,252.1412108463452,126.52445960269603,125.61675124364916,0.5018,0.05,0.035,6.326222980134801,4.396586293527721,10.722809273662524,0.1785225430558103,0.13413465356252413,0.13524435079985628,0.38063320403754736,1.9142631802366599,32.38257365857012,34.296836838806776,34.10067437080364,0.0558145694086481,AR6 World GDP level and trajectory (unrebased),Fixed original NATO GDP share = 0.5018,IMAGE 3.0.1,SSP1-26,0.19616246800313775,1.1253222542365202,34.10067437080364,0.7889409260001397,0.19616246800313775,34.27518737271822,10.594680598006052,2.6342640181522583
2042,SA1_AR6_fixed_split,SSP1-2.6,S3,"NATO→5%, nonNATO→3.5%",0.033,258.9462039376452,129.93920513591036,129.00699880173482,0.5018,0.05,0.035,6.496960256795518,4.51524495806072,11.012205214856237,0.16900531778981734,0.12698379355303294,0.12803433165895253,0.36034124603306444,1.8611212419034622,31.483599708592564,33.344720950496026,33.15400415677922,0.05581456940864808,AR6 World GDP level and trajectory (unrebased),Fixed original NATO GDP share = 0.5018,IMAGE 3.0.1,SSP1-26,0.1907167937168026,1.0940821371737144,33.15400415677923,0.7670391047297478,0.1907167937167955,36.13630861462168,11.361719702735801,2.824980811869054
2043,SA1_AR6_fixed_split,SSP1-2.6,S3,"NATO→5%, nonNATO→3.5%",0.033,265.9348557446994,133.44611061269018,132.48874513200923,0.5018,0.05,0.035,6.672305530634509,4.637106079620324,11.309411610254834,0.15986885816252344,0.12011902551916097,0.12111277133524503,0.34086112972971677,1.8080227206214259,30.58536022181304,32.393382942434464,32.20810737387915,0.0558145694086481,AR6 World GDP level and trajectory (unrebased),Fixed original NATO GDP share = 0.5018,IMAGE 3.0.1,SSP1-26,0.18527556855531202,1.0628675433380121,32.20810737387915,0.7451551772834137,0.18527556855531202,37.944331335243106,12.106874880019214,3.010256380424366
2044,SA1_AR6_fixed_split,SSP1-2.6,S3,"NATO→5%, nonNATO→3.5%",0.033,273.11212299904514,137.04766332092086,136.06445967812428,0.5018,0.05,0.035,6.852383166046043,4.76225608873435,11.614639254780393,0.15109962324838158,0.1135301753544561,0.11446941155180422,0.3221639841189003,1.7549676155631808,29.68785518423541,31.44282279979859,31.262984007364672,0.05581456940864808,AR6 World GDP level and trajectory (unrebased),Fixed original NATO GDP share = 0.5018,IMAGE 3.0.1,SSP1-26,0.17983879243391954,1.0316784722430343,31.262984007364675,0.7232891433201465,0.17983879243391598,39.69929895080629,12.83016402333936,3.190095172858282
2045,SA1_AR6_fixed_split,SSP1-2.6,S3,"NATO→5%, nonNATO→3.5%",0.033,280.48309620854303,140.7464176774469,139.73667853109612,0.5018,0.05,0.035,7.037320883872346,4.8907837485883645,11.92810463246071,0.14268452371009643,0.1072074082577026,0.10809433614401244,0.3042219010367037,1.7019559282468515,28.79108462154094,30.49304054978779,30.31863408427963,0.055814569408648096,AR6 World GDP level and trajectory (unrebased),Fixed original NATO GDP share = 0.5018,IMAGE 3.0.1,SSP1-26,0.17440646550815941,1.000514924781228,30.318634084279633,0.7014410034656235,0.17440646550815586,41.40125487905314,13.531605026804984,3.3645016383664377
2046,SA1_AR6_fixed_split,SSP1-2.6,S3,"NATO→5%, nonNATO→3.5%",0.033,288.05300326784055,144.54499703980238,143.50800622803817,0.5018,0.05,0.035,7.22724985199012,5.022780217981336,12.250030069971455,0.1346109069027551,0.1011412175407647,0.10197795977481446,0.2870079034039845,1.648987657304878,27.895048510595377,29.544036167900256,29.37505758026234,0.05581456940864808,AR6 World GDP level and trajectory (unrebased),Fixed original NATO GDP share = 0.5018,IMAGE 3.0.1,SSP1-26,0.16897858763791618,0.9693769001486574,29.37505758026234,0.6796107571562207,0.16897858763791618,43.05024253635802,14.211215783961205,3.533480226004354
2047,SA1_AR6_fixed_split,SSP1-2.6,S3,"NATO→5%, nonNATO→3.5%",0.033,295.82721316627885,148.44609556683872,147.38111759944013,0.5018,0.05,0.035,7.422304778341936,5.1583391159804055,12.580643894322343,0.12686654327105049,0.09532241440800762,0.09611101762958368,0.27049591622348573,1.5960628029967225,26.999746855787876,28.5958096587846,28.43225449993484,0.05581456940864809,AR6 World GDP level and trajectory (unrebased),Fixed original NATO GDP share = 0.5018,IMAGE 3.0.1,SSP1-26,0.16355515884976057,0.9382643984978497,28.432254499934842,0.6577984044988728,0.16355515884975702,44.64630533935474,14.869014188460078,3.697035384854111
2048,SA1_AR6_fixed_split,SSP1-2.6,S3,"NATO→5%, nonNATO→3.5%",0.033,303.81123979587244,152.45248012956878,151.35875966630365,0.5018,0.05,0.035,7.622624006478439,5.297556588320629,12.920180594799067,0.11943961267130074,0.08974211767921353,0.09048455505401572,0.2546607374166082,1.5431813658860565,26.105179666653793,27.64836103253985,27.49022485333839,0.05581456940864809,AR6 World GDP level and trajectory (unrebased),Fixed original NATO GDP share = 0.5018,IMAGE 3.0.1,SSP1-26,0.15813617920145973,0.9071774201601668,27.490224853338386,0.6360039457258897,0.15813617920146328,46.189486705240796,15.505018134185967,3.855171564055574
2049,SA1_AR6_fixed_split,SSP1-2.6,S3,"NATO→5%, nonNATO→3.5%",0.033,312.0107458620589,156.56699227358118,155.44375358847773,0.5018,0.05,0.035,7.828349613679059,5.440531375596721,13.268880989275779,0.11231869112388038,0.08439174383589147,0.0850899175180912,0.23947800957787657,1.4903433453939945,25.21134693340042,26.701690278794416,26.548968630160708,0.055814569408648075,AR6 World GDP level and trajectory (unrebased),Fixed original NATO GDP share = 0.5018,IMAGE 3.0.1,SSP1-26,0.15272164863370818,0.8761159647953033,26.548968630160708,0.6142273805986912,0.15272164863370818,47.67983005063479,16.11924551478466,4.007893212689282
2050,SA1_AR6_fixed_split,SSP1-2.6,S3,"NATO→5%, nonNATO→3.5%",0.033,320.4315469000001,160.79255023442008,159.63899666558004,0.5018,0.05,0.035,8.039627511721005,5.587364883295302,13.626992395016305,0.10549273822745851,0.07926299756484258,0.07991874108140797,0.22492419314046352,1.437548741555023,24.318248656611143,25.755797398166166,25.608485831016143,0.055814569408648075,AR6 World GDP level and trajectory (unrebased),Fixed original NATO GDP share = 0.5018,IMAGE 3.0.1,SSP1-26,0.14731156715002314,0.8450800324235328,25.608485831016147,0.5924687091314902,0.14731156715001958,49.11737879218982,16.711714223916147,4.155204779839302
2025,SA1_AR6_fixed_split,SSP2-4.5,S0,Baseline,0.033,132.3421461836991,66.40928895498021,65.93285722871889,0.5018,0.027,0.022985547972701727,1.7930508017844657,1.515502852808012,3.308553654592478,0.5460528372493102,0.41028212402492853,0.41367639185553806,1.0,1.8066451102817969,52.94017641340901,54.74682152369081,54.74682152369081,0.033,AR6 World GDP level and trajectory (unrebased),Fixed original NATO GDP share = 0.5018,MESSAGE-GLOBIOM 1.0,SSP2-45,0.0,1.8066451102817969,54.74682152369081,0.0,0.0,1.8066451102817969,0.0,0.0
2026,SA1_AR6_fixed_split,SSP2-4.5,S0,Baseline,0.033,136.9984651539472,68.74582981425071,68.25263533969648,0.5018,0.027,0.022985547972701727,1.8561374049847692,1.5688242238639107,3.42496162884868,0.5301983905011147,0.39836973085825794,0.40166544734932935,0.9709653614693026,1.8159091431436463,53.21164064908807,55.02754979223172,55.02754979223171,0.032999999999999995,AR6 World GDP level and trajectory (unrebased),Fixed original NATO GDP share = 0.5018,MESSAGE-GLOBIOM 1.0,SSP2-45,7.105427357601002e-15,1.8159091431436463,55.02754979223172,0.0,0.0,3.6225542534254433,0.0,0.0
2027,SA1_AR6_fixed_split,SSP2-4.5,S0,Baseline,0.033,141.81861180100074,71.16457940174217,70.65403239925857,0.5018,0.027,0.022985547972701727,1.9214436438470386,1.62402165117798,3.5454652950250187,0.5147886532080013,0.38679147447718515,0.3899914039454555,0.9427451303086358,1.8251653042216383,53.48287421764619,55.308039521867826,55.308039521867826,0.033,AR6 World GDP level and trajectory (unrebased),Fixed original NATO GDP share = 0.5018,MESSAGE-GLOBIOM 1.0,SSP2-45,0.0,1.8251653042216383,55.308039521867826,0.0,0.0,5.447719557647082,0.0,0.0
2028,SA1_AR6_fixed_split,SSP2-4.5,S0,Baseline,0.033,146.8083502290495,73.66843014493703,73.13992008411246,0.5018,0.027,0.022985547972701727,1.9890476139133,1.6811611418129375,3.6702087557262377,0.4998117860429949,0.37553845928793794,0.3786452924568144,0.9153176248671279,1.8344135933501688,53.75387711423071,55.58829070758088,55.58829070758088,0.032999999999999995,AR6 World GDP level and trajectory (unrebased),Fixed original NATO GDP share = 0.5018,MESSAGE-GLOBIOM 1.0,SSP2-45,0.0,1.8344135933501688,55.58829070758088,0.0,0.0,7.28213315099725,0.0,0.0
2029,SA1_AR6_fixed_split,SSP2-4.5,S0,Baseline,0.033,151.97364734621675,76.26037623833157,75.71327110788518,0.5018,0.027,0.022985547972701727,2.0590301584349526,1.7403110252204663,3.799341183655419,0.4852562383536907,0.3646020065951973,0.3676183623891596,0.8886616921507511,1.8436540110028874,54.02464935272097,55.86830336372386,55.868303363723854,0.033,AR6 World GDP level and trajectory (unrebased),Fixed original NATO GDP share = 0.5018,MESSAGE-GLOBIOM 1.0,SSP2-45,7.105427357601002e-15,1.8436540110028874,55.86830336372386,0.0,0.0,9.125787162000137,0.0,0.0
2030,SA1_AR6_fixed_split,SSP2-4.5,S0,Baseline,0.033,157.32067999999987,78.94351722399993,78.37716277599993,0.5018,0.027,0.022985547972701727,2.1314749650479983,1.8015420349519986,3.933016999999997,0.47111074188634094,0.35397364988662916,0.356902077186622,0.8627566963290897,1.8528865567215895,54.295190919690214,56.1480774764118,56.14807747641181,0.033,AR6 World GDP level and trajectory (unrebased),Fixed original NATO GDP share = 0.5018,MESSAGE-GLOBIOM 1.0,SSP2-45,-7.105427357601002e-15,1.8528865567215895,56.1480774764118,0.0,0.0,10.978673718721726,0.0,0.0
2031,SA1_AR6_fixed_split,SSP2-4.5,S0,Baseline,0.033,161.48654563007247,81.03394859717037,80.4525970329021,0.5018,0.027,0.022985547972701727,2.1879166121236,1.8492470286282119,4.037163640751812,0.4587847685346482,0.34471240961383437,0.3475642185868547,0.8401838379702106,1.8521891864588178,54.274755857747785,56.1269450442066,56.12694504420659,0.033,AR6 World GDP level and trajectory (unrebased),Fixed original NATO GDP share = 0.5018,MESSAGE-GLOBIOM 1.0,SSP2-45,7.105427357601002e-15,1.8521891864588178,56.1269450442066,0.0,0.0,12.830862905180545,0.0,0.0
2032,SA1_AR6_fixed_split,SSP2-4.5,S0,Baseline,0.033,165.76272375337751,83.17973477944484,82.58298897393267,0.5018,0.027,0.022985547972701727,2.2458528390450105,1.898215254789427,4.144068093834438,0.44678190529746614,0.33569394127634017,0.3384711403768683,0.8182026991162393,1.851494638645789,54.254403502135695,56.105898140781484,56.105898140781484,0.033,AR6 World GDP level and trajectory (unrebased),Fixed original NATO GDP share = 0.5018,MESSAGE-GLOBIOM 1.0,SSP2-45,0.0,1.851494638645789,56.105898140781484,0.0,0.0,14.682357543826335,0.0,0.0
2033,SA1_AR6_fixed_split,SSP2-4.5,S0,Baseline,0.033,170.15213545456908,85.38234157110277,84.7697938834663,0.5018,0.027,0.022985547972701727,2.3053232224197746,1.9484801639444522,4.253803386364227,0.43509366674433625,0.326911869263227,0.3296164142002547,0.7967977401895385,1.8508029129826862,54.2341338440684,56.08493675705109,56.08493675705109,0.033,AR6 World GDP level and trajectory (unrebased),Fixed original NATO GDP share = 0.5018,MESSAGE-GLOBIOM 1.0,SSP2-45,0.0,1.8508029129826862,56.08493675705109,0.0,0.0,16.53316045680902,0.0,0.0
2034,SA1_AR6_fixed_split,SSP2-4.5,S0,Baseline,0.033,174.65777916888334,87.64327358694567,87.01450558193767,0.5018,0.027,0.022985547972701727,2.366368386847533,2.0000760923745506,4.366444479222084,0.4237117907677051,0.31835998575941793,0.3209937808846251,0.7759538305892034,1.8501140095789486,54.21394688675283,56.064060896331775,56.064060896331775,0.033,AR6 World GDP level and trajectory (unrebased),Fixed original NATO GDP share = 0.5018,MESSAGE-GLOBIOM 1.0,SSP2-45,0.0,1.8501140095789486,56.064060896331775,0.0,0.0,18.38327446638797,0.0,0.0
2035,SA1_AR6_fixed_split,SSP2-4.5,S0,Baseline,0.033,179.28273273038877,89.96407528410909,89.31865744627969,0.5018,0.027,0.022985547972701727,2.429030032670945,2.053038285588774,4.482068318259719,0.41262823266715665,0.31003224630080845,0.3125971459599672,0.7556562378573702,1.8494279288569628,54.19384264256616,56.04327057142312,56.04327057142313,0.032999999999999995,AR6 World GDP level and trajectory (unrebased),Fixed original NATO GDP share = 0.5018,MESSAGE-GLOBIOM 1.0,SSP2-45,-7.105427357601002e-15,1.8494279288569628,56.04327057142312,0.0,0.0,20.23270239524493,0.0,0.0
2036,SA1_AR6_fixed_split,SSP2-4.5,S0,Baseline,0.033,184.0301554744741,92.34633201709111,91.68382345738299,0.5018,0.027,0.022985547972701727,2.49335096446146,2.1074029224003925,4.6007538868618525,0.40181162007940757,0.30190507895632257,0.3044027424843997,0.7358475090130395,1.8486363728665924,54.17064765339378,56.01928402626037,56.01928402626037,0.033,AR6 World GDP level and trajectory (unrebased),Fixed original NATO GDP share = 0.5018,MESSAGE-GLOBIOM 1.0,SSP2-45,0.0,1.8486363728665924,56.01928402626037,0.0,0.0,22.081338768111525,0.0,0.0
2037,SA1_AR6_fixed_split,SSP2-4.5,S0,Baseline,0.033,188.9032903960116,94.79167112071863,94.11161927529298,0.5018,0.027,0.022985547972701727,2.559375120259403,2.163207139640887,4.722582259900291,0.39127907763343267,0.29399135048292885,0.29642354366169144,0.7165590048107143,1.8478476307017977,54.14753511783753,55.99538274853933,55.99538274853933,0.032999999999999995,AR6 World GDP level and trajectory (unrebased),Fixed original NATO GDP share = 0.5018,MESSAGE-GLOBIOM 1.0,SSP2-45,0.0,1.8478476307017977,55.99538274853933,0.0,0.0,23.92918639881332,0.0,0.0
2038,SA1_AR6_fixed_split,SSP2-4.5,S0,Baseline,0.033,193.905466364666,97.30176302178941,96.6037033428766,0.5018,0.027,0.022985547972701727,2.627147601588314,2.220489057528336,4.847636659116651,0.3810231318436216,0.2862854456043373,0.2886538877603194,0.6977770388722633,1.8470617018965767,54.12450502224211,55.97156672413869,55.9715667241387,0.033,AR6 World GDP level and trajectory (unrebased),Fixed original NATO GDP share = 0.5018,MESSAGE-GLOBIOM 1.0,SSP2-45,-7.105427357601002e-15,1.8470617018965767,55.97156672413869,0.0,0.0,25.7762481007099,0.0,0.0
2039,SA1_AR6_fixed_split,SSP2-4.5,S0,Baseline,0.033,199.04010039886774,99.87832238015183,99.1617780187159,0.5018,0.027,0.022985547972701727,2.6967147042640995,2.279287805707594,4.976002509971694,0.3710365063892325,0.2787818971860046,0.28108826241608525,0.6794882858924313,1.8462785870839493,54.10155738515695,55.9478359722409,55.94783597224089,0.032999999999999995,AR6 World GDP level and trajectory (unrebased),Fixed original NATO GDP share = 0.5018,MESSAGE-GLOBIOM 1.0,SSP2-45,1.4210854715202004e-14,1.8462785870839493,55.9478359722409,0.0,0.0,27.622526687793847,0.0,0.0
2040,SA1_AR6_fixed_split,SSP2-4.5,S0,Baseline,0.033,204.31069999999988,102.52310925999994,101.78759073999994,0.5018,0.027,0.022985547972701727,2.7681239500199983,2.3396435499799986,5.107767499999997,0.3613121164541566,0.2714753819822607,0.27372130034405806,0.6616797712731105,1.8454982857807554,54.07869219242396,55.924190478204714,55.924190478204714,0.032999999999999995,AR6 World GDP level and trajectory (unrebased),Fixed original NATO GDP share = 0.5018,MESSAGE-GLOBIOM 1.0,SSP2-45,0.0,1.8454982857807554,55.924190478204714,0.0,0.0,29.468024973574604,0.0,0.0
2041,SA1_AR6_fixed_split,SSP2-4.5,S0,Baseline,0.033,208.80012660245816,104.7759035291135,104.02422307334466,0.5018,0.027,0.022985547972701727,2.8289493952860645,2.3910537697753895,5.2200031650614545,0.35207283439290943,0.2645333573099794,0.26672184423705264,0.6447596466423345,1.8378213098631444,53.85373353447458,55.69155484433772,55.691554844337716,0.032999999999999995,AR6 World GDP level and trajectory (unrebased),Fixed original NATO GDP share = 0.5018,MESSAGE-GLOBIOM 1.0,SSP2-45,7.105427357601002e-15,1.8378213098631444,55.69155484433772,0.0,0.0,31.30584628343775,0.0,0.0
2042,SA1_AR6_fixed_split,SSP2-4.5,S0,Baseline,0.033,213.3882017398134,107.07819963303838,106.31000210677503,0.5018,0.027,0.022985547972701727,2.8911113900920364,2.443593653403299,5.334705043495335,0.34306507232958905,0.2577652874457752,0.2598977820678705,0.6282635102818018,1.8301509716037505,53.62896938002507,55.45912035162882,55.45912035162881,0.03299999999999999,AR6 World GDP level and trajectory (unrebased),Fixed original NATO GDP share = 0.5018,MESSAGE-GLOBIOM 1.0,SSP2-45,7.105427357601002e-15,1.8301509716037505,55.45912035162882,0.0,0.0,33.135997255041495,0.0,0.0
2043,SA1_AR6_fixed_split,SSP2-4.5,S0,Baseline,0.033,218.0770930682727,109.43108530165924,108.64600776661345,0.5018,0.027,0.022985547972701727,2.9546393031447993,2.497288023562018,5.451927326706818,0.3342831189514001,0.25116688113908625,0.2532447870843941,0.6121809029238268,1.8224872710679239,53.404399730990384,55.226887002058305,55.22688700205831,0.032999999999999995,AR6 World GDP level and trajectory (unrebased),Fixed original NATO GDP share = 0.5018,MESSAGE-GLOBIOM 1.0,SSP2-45,-7.105427357601002e-15,1.8224872710679239,55.226887002058305,0.0,0.0,34.95848452610942,0.0,0.0
2044,SA1_AR6_fixed_split,SSP2-4.5,S0,Baseline,0.033,222.86901587509283,111.83567216612158,111.03334370897124,0.5018,0.027,0.022985547972701727,3.0195631484852825,2.552162248392038,5.571725396877321,0.3257214020060679,0.24473395162382885,0.2467586378833848,0.5965016199656774,1.8148302078636962,53.18002457588468,54.99485478374837,54.99485478374837,0.032999999999999995,AR6 World GDP level and trajectory (unrebased),Fixed original NATO GDP share = 0.5018,MESSAGE-GLOBIOM 1.0,SSP2-45,0.0,1.8148302078636962,54.99485478374837,0.0,0.0,36.773314733973116,0.0,0.0
2045,SA1_AR6_fixed_split,SSP2-4.5,S0,Baseline,0.033,227.7662341252057,114.29309628402822,113.47313784117748,0.5018,0.027,0.022985547972701727,3.085913599668762,2.6082422534613805,5.694155853130143,0.3173744851305259,0.23846241423560105,0.24043521600797416,0.5812157056618733,1.8071797821401496,52.9558439190765,54.76302370121665,54.763023701216646,0.033,AR6 World GDP level and trajectory (unrebased),Fixed original NATO GDP share = 0.5018,MESSAGE-GLOBIOM 1.0,SSP2-45,7.105427357601002e-15,1.8071797821401496,54.76302370121665,0.0,0.0,38.58049451611327,0.0,0.0
2046,SA1_AR6_fixed_split,SSP2-4.5,S0,Baseline,0.033,232.7710615308356,116.8045186761733,115.9665428546623,0.5018,0.027,0.022985547972701727,3.153722004256679,2.665554534014211,5.8192765382708895,0.3092345444437444,0.23234639042509778,0.23426859427556396,0.5663088319465279,1.7995213293043684,52.73142804355528,54.53094937285965,54.53094937285966,0.032999999999999995,AR6 World GDP level and trajectory (unrebased),Fixed original NATO GDP share = 0.5018,MESSAGE-GLOBIOM 1.0,SSP2-45,-7.105427357601002e-15,1.7995213293043684,54.53094937285965,0.0,0.0,40.38001584541764,0.0,0.0
2047,SA1_AR6_fixed_split,SSP2-4.5,S0,Baseline,0.033,237.88586264462404,119.37112587507235,118.51473676955169,0.5018,0.027,0.022985547972701727,3.2230203986269537,2.7241261674886474,5.947146566115601,0.3012990619242986,0.22638398825236739,0.22825686509416565,0.551776387505034,1.7918696814969441,52.507211575986226,54.29908125748317,54.29908125748317,0.032999999999999995,AR6 World GDP level and trajectory (unrebased),Fixed original NATO GDP share = 0.5018,MESSAGE-GLOBIOM 1.0,SSP2-45,0.0,1.7918696814969441,54.29908125748317,0.0,0.0,42.17188552691458,0.0,0.0
2048,SA1_AR6_fixed_split,SSP2-4.5,S0,Baseline,0.033,243.11305397677407,121.99413048554523,121.11892349122884,0.5018,0.027,0.022985547972701727,3.293841523109721,2.7839848263096307,6.077826349419352,0.2935629838276872,0.2205714105371978,0.22239619986946002,0.537609117290706,1.7842248383220844,52.28319450477139,54.06741934309347,54.06741934309347,0.033,AR6 World GDP level and trajectory (unrebased),Fixed original NATO GDP share = 0.5018,MESSAGE-GLOBIOM 1.0,SSP2-45,0.0,1.7842248383220844,54.06741934309347,0.0,0.0,43.95611036523666,0.0,0.0
2049,SA1_AR6_fixed_split,SSP2-4.5,S0,Baseline,0.033,248.45510513673833,124.6747717576153,123.78033337912302,0.5018,0.027,0.022985547972701727,3.3662188374556132,2.845158790962845,6.211377628418458,0.2860213798309011,0.21490495283331887,0.21668286350825844,0.5237979922816753,1.7765867999310374,52.05937683434283,53.83596363427387,53.835963634273874,0.032999999999999995,AR6 World GDP level and trajectory (unrebased),Fixed original NATO GDP share = 0.5018,MESSAGE-GLOBIOM 1.0,SSP2-45,-7.105427357601002e-15,1.7765867999310374,53.83596363427387,0.0,0.0,45.7326971651677,0.0,0.0
2050,SA1_AR6_fixed_split,SSP2-4.5,S0,Baseline,0.033,253.91454000000022,127.41431617200011,126.5002238280001,0.5018,0.027,0.022985547972701727,3.440186536644003,2.9076769633560025,6.347863500000006,0.27866943990948856,0.20938100108195454,0.21111321205264286,0.5103342037617818,1.7689555661668874,51.835758560102434,53.60471412626932,53.604714126269315,0.032999999999999995,AR6 World GDP level and trajectory (unrebased),Fixed original NATO GDP share = 0.5018,MESSAGE-GLOBIOM 1.0,SSP2-45,7.105427357601002e-15,1.7689555661668874,53.60471412626932,0.0,0.0,47.50165273133459,0.0,0.0
2025,SA1_AR6_fixed_split,SSP2-4.5,S1,"NATO→3.5%, nonNATO holds",0.033,132.3421461836991,66.40928895498021,65.93285722871889,0.5018,0.027,0.022985547972701727,1.7930508017844657,1.515502852808012,3.308553654592478,0.5460528372493102,0.41028212402492853,0.41367639185553806,1.0,1.8066451102817969,52.94017641340901,54.74682152369081,54.74682152369081,0.033,AR6 World GDP level and trajectory (unrebased),Fixed original NATO GDP share = 0.5018,MESSAGE-GLOBIOM 1.0,SSP2-45,0.0,1.8066451102817969,54.74682152369081,0.0,0.0,1.8066451102817969,0.0,0.0
2026,SA1_AR6_fixed_split,SSP2-4.5,S1,"NATO→3.5%, nonNATO holds",0.033,136.9984651539472,68.74582981425071,68.25263533969648,0.5018,0.02740877593256891,0.022985547972701727,1.8842390456773133,1.5688242238639107,3.4530632695412242,0.5301983905011147,0.39836973085825794,0.40166544734932935,0.9709653614693026,1.830808587809274,53.2004458060487,55.03125439385797,55.02754979223171,0.03326852364124213,AR6 World GDP level and trajectory (unrebased),Fixed original NATO GDP share = 0.5018,MESSAGE-GLOBIOM 1.0,SSP2-45,0.0037046016262607395,1.8159091431436463,55.02754979223172,0.014899444665627648,0.003704601626253634,3.637453698091071,0.014899444665627648,0.003704601626253634
2027,SA1_AR6_fixed_split,SSP2-4.5,S1,"NATO→3.5%, nonNATO holds",0.033,141.81861180100074,71.16457940174217,70.65403239925857,0.5018,0.028005016140972137,0.022985547972701727,1.9929651948112828,1.62402165117798,3.6169868459892625,0.5147886532080013,0.38679147447718515,0.3899914039454555,0.9427451303086358,1.8619837871178688,53.45521029149184,55.31719407860971,55.308039521867826,0.03366012716537748,AR6 World GDP level and trajectory (unrebased),Fixed original NATO GDP share = 0.5018,MESSAGE-GLOBIOM 1.0,SSP2-45,0.009154556741883368,1.8251653042216383,55.308039521867826,0.036818482896230575,0.009154556741883368,5.49943748520894,0.051717927561858223,0.012859158368137003
2028,SA1_AR6_fixed_split,SSP2-4.5,S1,"NATO→3.5%, nonNATO holds",0.033,146.8083502290495,73.66843014493703,73.13992008411246,0.5018,0.028820930945768986,0.022985547972701727,2.1231927380904367,1.6811611418129375,3.804353879903374,0.4998117860429949,0.37553845928793794,0.3786452924568144,0.9153176248671279,1.9014609074541027,53.70350046097624,55.60496136843034,55.58829070758088,0.034195885774567863,AR6 World GDP level and trajectory (unrebased),Fixed original NATO GDP share = 0.5018,MESSAGE-GLOBIOM 1.0,SSP2-45,0.016670660849456453,1.8344135933501688,55.58829070758088,0.06704731410393383,0.016670660849456453,7.400898392663042,0.11876524166579205,0.029529819217593456
2029,SA1_AR6_fixed_split,SSP2-4.5,S1,"NATO→3.5%, nonNATO holds",0.033,151.97364734621675,76.26037623833157,75.71327110788518,0.5018,0.029845109579542582,0.022985547972701727,2.275999285410151,1.7403110252204663,4.016310310630617,0.4852562383536907,0.3646020065951973,0.3676183623891596,0.8886616921507511,1.9489396333977562,53.94554197365661,55.89448160705437,55.868303363723854,0.034868194092917096,AR6 World GDP level and trajectory (unrebased),Fixed original NATO GDP share = 0.5018,MESSAGE-GLOBIOM 1.0,SSP2-45,0.026178243330512885,1.8436540110028874,55.86830336372386,0.10528562239486883,0.02617824333050578,9.349838026060798,0.22405086406066088,0.055708062548099235
2030,SA1_AR6_fixed_split,SSP2-4.5,S1,"NATO→3.5%, nonNATO holds",0.033,157.32067999999987,78.94351722399993,78.37716277599993,0.5018,0.030999999999995285,0.022985547972701727,2.4472490339436255,1.8015420349519986,4.248791068895624,0.47111074188634094,0.35397364988662916,0.356902077186622,0.8627566963290897,2.001651112587477,54.18341521998368,56.185066332571154,56.14807747641181,0.035626034518483715,AR6 World GDP level and trajectory (unrebased),Fixed original NATO GDP share = 0.5018,MESSAGE-GLOBIOM 1.0,SSP2-45,0.036988856159346994,1.8528865567215895,56.1480774764118,0.14876455586588744,0.0369888561593541,11.351489138648276,0.3728154199265483,0.09269691870745334
2031,SA1_AR6_fixed_split,SSP2-4.5,S1,"NATO→3.5%, nonNATO holds",0.033,161.48654563007247,81.03394859717037,80.4525970329021,0.5018,0.03215489042044799,0.022985547972701727,2.605637737478228,1.8492470286282119,4.45488476610644,0.4587847685346482,0.34471240961383437,0.3475642185868547,0.8401838379702106,2.0438332762666738,54.130762202080184,56.17459547834686,56.12694504420659,0.036383586901920686,AR6 World GDP level and trajectory (unrebased),Fixed original NATO GDP share = 0.5018,MESSAGE-GLOBIOM 1.0,SSP2-45,0.04765043414026593,1.8521891864588178,56.1269450442066,0.19164408980785597,0.047650434140258824,13.395322414914949,0.5644595097344043,0.14034735284771216
2032,SA1_AR6_fixed_split,SSP2-4.5,S1,"NATO→3.5%, nonNATO holds",0.033,165.76272375337751,83.17973477944484,82.58298897393267,0.5018,0.033179069054221584,0.022985547972701727,2.7598261641590374,1.898215254789427,4.658041418948464,0.44678190529746614,0.33569394127634017,0.3384711403768683,0.8182026991162393,2.0811286201123074,54.08186577091726,56.16299439102957,56.105898140781484,0.03705515780769531,AR6 World GDP level and trajectory (unrebased),Fixed original NATO GDP share = 0.5018,MESSAGE-GLOBIOM 1.0,SSP2-45,0.05709625024808673,1.851494638645789,56.105898140781484,0.22963398146651848,0.05709625024808673,15.476451035027257,0.7940934912009228,0.1974436030957989
2033,SA1_AR6_fixed_split,SSP2-4.5,S1,"NATO→3.5%, nonNATO holds",0.033,170.15213545456908,85.38234157110277,84.7697938834663,0.5018,0.03399498385901843,0.022985547972701727,2.902571323554837,1.9484801639444522,4.851051487499289,0.43509366674433625,0.326911869263227,0.3296164142002547,0.7967977401895385,2.1106617792616325,54.03888635091243,56.14954813017406,56.08493675705109,0.03759000472040111,AR6 World GDP level and trajectory (unrebased),Fixed original NATO GDP share = 0.5018,MESSAGE-GLOBIOM 1.0,SSP2-45,0.06461137312297183,1.8508029129826862,56.08493675705109,0.2598588662789463,0.06461137312297183,17.58711281428889,1.053952357479869,0.2620549762187707
2034,SA1_AR6_fixed_split,SSP2-4.5,S1,"NATO→3.5%, nonNATO holds",0.033,174.65777916888334,87.64327358694567,87.01450558193767,0.5018,0.034591224067421655,0.022985547972701727,3.0316881146483756,2.0000760923745506,5.031764207022926,0.4237117907677051,0.31835998575941793,0.3209937808846251,0.7759538305892034,2.1320178228785256,54.002135707684694,56.13415353056322,56.064060896331775,0.03798076017513494,AR6 World GDP level and trajectory (unrebased),Fixed original NATO GDP share = 0.5018,MESSAGE-GLOBIOM 1.0,SSP2-45,0.07009263423144318,1.8501140095789486,56.064060896331775,0.28190381329957703,0.07009263423144318,19.719130637167414,1.335856170779446,0.3321476104502139
2035,SA1_AR6_fixed_split,SSP2-4.5,S1,"NATO→3.5%, nonNATO holds",0.033,179.28273273038877,89.96407528410909,89.31865744627969,0.5018,0.03499999999999057,0.022985547972701727,3.14874263494297,2.053038285588774,5.2017809205317445,0.41262823266715665,0.31003224630080845,0.3125971459599672,0.7556562378573702,2.146401667960749,53.97070852779276,56.11711019575351,56.04327057142313,0.03824861366655283,AR6 World GDP level and trajectory (unrebased),Fixed original NATO GDP share = 0.5018,MESSAGE-GLOBIOM 1.0,SSP2-45,0.07383962433038249,1.8494279288569628,56.04327057142312,0.2969737391037861,0.0738396243303896,21.865532305128163,1.6328299098832322,0.4059872347806035
2036,SA1_AR6_fixed_split,SSP2-4.5,S1,"NATO→3.5%, nonNATO holds",0.033,184.0301554744741,92.34633201709111,91.68382345738299,0.5018,0.035,0.022985547972701727,3.2321216205981895,2.1074029224003925,5.339524542998582,0.40181162007940757,0.30190507895632257,0.3044027424843997,0.7358475090130395,2.1454830070760185,53.94760904012221,56.093092047198226,56.01928402626037,0.03824861366655901,AR6 World GDP level and trajectory (unrebased),Fixed original NATO GDP share = 0.5018,MESSAGE-GLOBIOM 1.0,SSP2-45,0.07380802093785377,1.8486363728665924,56.01928402626037,0.29684663420942603,0.07380802093785377,24.011015312204183,1.9296765440926582,0.47979525571845727
2037,SA1_AR6_fixed_split,SSP2-4.5,S1,"NATO→3.5%, nonNATO holds",0.033,188.9032903960116,94.79167112071863,94.11161927529298,0.5018,0.035,0.022985547972701727,3.3177084892251525,2.163207139640887,5.48091562886604,0.39127907763343267,0.29399135048292885,0.29642354366169144,0.7165590048107143,2.1445676118493697,53.92459166657902,56.06915927842839,55.99538274853933,0.038248613666559,AR6 World GDP level and trajectory (unrebased),Fixed original NATO GDP share = 0.5018,MESSAGE-GLOBIOM 1.0,SSP2-45,0.07377652988905936,1.8478476307017977,55.99538274853933,0.29671998114757203,0.07377652988905936,26.15558292405355,2.2263965252402302,0.5535717856075166
2038,SA1_AR6_fixed_split,SSP2-4.5,S1,"NATO→3.5%, nonNATO holds",0.033,193.905466364666,97.30176302178941,96.6037033428766,0.5018,0.035,0.022985547972701727,3.4055617057626297,2.220489057528336,5.626050763290966,0.3810231318436216,0.2862854456043373,0.2886538877603194,0.6977770388722633,2.1436554817403213,53.90165639356386,56.04531187530418,55.9715667241387,0.03824861366655901,AR6 World GDP level and trajectory (unrebased),Fixed original NATO GDP share = 0.5018,MESSAGE-GLOBIOM 1.0,SSP2-45,0.07374515116548253,1.8470617018965767,55.97156672413869,0.2965937798437446,0.07374515116548963,28.299238405793872,2.522990305083975,0.6273169367730063
2039,SA1_AR6_fixed_split,SSP2-4.5,S1,"NATO→3.5%, nonNATO holds",0.033,199.04010039886774,99.87832238015183,99.1617780187159,0.5018,0.035,0.022985547972701727,3.4957412833053145,2.279287805707594,5.775029089012909,0.3710365063892325,0.2787818971860046,0.28108826241608525,0.6794882858924313,2.142746617483542,53.878803239549796,56.021549857033335,55.94783597224089,0.038248613666559,AR6 World GDP level and trajectory (unrebased),Fixed original NATO GDP share = 0.5018,MESSAGE-GLOBIOM 1.0,SSP2-45,0.073713884792447,1.8462785870839493,55.9478359722409,0.2964680303995926,0.0737138847924328,30.441985023277415,2.819458335483567,0.701030821565439
2040,SA1_AR6_fixed_split,SSP2-4.5,S1,"NATO→3.5%, nonNATO holds",0.033,204.31069999999988,102.52310925999994,101.78759073999994,0.5018,0.035,0.022985547972701727,3.588308824099998,2.3396435499799986,5.927952374079997,0.3613121164541566,0.2714753819822607,0.27372130034405806,0.6616797712731105,2.141841018518286,53.85603219043701,55.9978732089553,55.924190478204714,0.038248613666559,AR6 World GDP level and trajectory (unrebased),Fixed original NATO GDP share = 0.5018,MESSAGE-GLOBIOM 1.0,SSP2-45,0.0736827307505834,1.8454982857807554,55.924190478204714,0.29634273273753053,0.0736827307505834,32.5838260417957,3.115801068221098,0.7747135523160225
2041,SA1_AR6_fixed_split,SSP2-4.5,S1,"NATO→3.5%, nonNATO holds",0.033,208.80012660245816,104.7759035291135,104.02422307334466,0.5018,0.035,0.022985547972701727,3.667156623518973,2.3910537697753895,6.058210393294363,0.35207283439290943,0.2645333573099794,0.26672184423705264,0.6447596466423345,2.132931304515729,53.631999762268634,55.764931066784364,55.691554844337716,0.038248613666559,AR6 World GDP level and trajectory (unrebased),Fixed original NATO GDP share = 0.5018,MESSAGE-GLOBIOM 1.0,SSP2-45,0.07337622244664743,1.8378213098631444,55.69155484433772,0.2951099946525848,0.07337622244664033,34.71675734631143,3.4109110628736827,0.8480897747626628
2042,SA1_AR6_fixed_split,SSP2-4.5,S1,"NATO→3.5%, nonNATO holds",0.033,213.3882017398134,107.07819963303838,106.31000210677503,0.5018,0.035,0.022985547972701727,3.7477369871563435,2.443593653403299,6.191330640559642,0.34306507232958905,0.2577652874457752,0.2598977820678705,0.6282635102818018,2.1240292940199947,53.40816103676438,55.53219033078438,55.45912035162881,0.038248613666558996,AR6 World GDP level and trajectory (unrebased),Fixed original NATO GDP share = 0.5018,MESSAGE-GLOBIOM 1.0,SSP2-45,0.07306997915556934,1.8301509716037505,55.45912035162882,0.29387832241624423,0.07306997915556224,36.84078664033142,3.704789385289927,0.921159753918225
2043,SA1_AR6_fixed_split,SSP2-4.5,S1,"NATO→3.5%, nonNATO holds",0.033,218.0770930682727,109.43108530165924,108.64600776661345,0.5018,0.035,0.022985547972701727,3.8300879855580736,2.497288023562018,6.3273760091200915,0.3342831189514001,0.25116688113908625,0.2532447870843941,0.6121809029238268,2.1151349871069267,53.18451601583133,55.299651002938255,55.22688700205831,0.03824861366655899,AR6 World GDP level and trajectory (unrebased),Fixed original NATO GDP share = 0.5018,MESSAGE-GLOBIOM 1.0,SSP2-45,0.07276400087994261,1.8224872710679239,55.226887002058305,0.29264771603900286,0.07276400087994972,38.95592162743835,3.99743710132893,0.9939237547981747
2044,SA1_AR6_fixed_split,SSP2-4.5,S1,"NATO→3.5%, nonNATO holds",0.033,222.86901587509283,111.83567216612158,111.03334370897124,0.5018,0.035,0.022985547972701727,3.914248525814256,2.552162248392038,6.4664107742062935,0.3257214020060679,0.24473395162382885,0.2467586378833848,0.5965016199656774,2.106248383321617,52.96106468803091,55.06731307135253,54.99485478374837,0.03824861366655899,AR6 World GDP level and trajectory (unrebased),Fixed original NATO GDP share = 0.5018,MESSAGE-GLOBIOM 1.0,SSP2-45,0.07245828760415662,1.8148302078636962,54.99485478374837,0.2914181754579208,0.07245828760415662,41.06217001075997,4.288855276786851,1.0663820424023314
2045,SA1_AR6_fixed_split,SSP2-4.5,S1,"NATO→3.5%, nonNATO holds",0.033,227.7662341252057,114.29309628402822,113.47313784117748,0.5018,0.035,0.022985547972701727,4.000258369940989,2.6082422534613805,6.608500623402369,0.3173744851305259,0.23846241423560105,0.24043521600797416,0.5812157056618733,2.0973694828370864,52.73780705771369,54.835176540550776,54.763023701216646,0.03824861366655901,AR6 World GDP level and trajectory (unrebased),Fixed original NATO GDP share = 0.5018,MESSAGE-GLOBIOM 1.0,SSP2-45,0.07215283933413019,1.8071797821401496,54.76302370121665,0.2901897006969367,0.07215283933412309,43.15953949359705,4.579044977483788,1.1385348817364545
2046,SA1_AR6_fixed_split,SSP2-4.5,S1,"NATO→3.5%, nonNATO holds",0.033,232.7710615308356,116.8045186761733,115.9665428546623,0.5018,0.035,0.022985547972701727,4.088158153666066,2.665554534014211,6.753712687680276,0.3092345444437444,0.23234639042509778,0.23426859427556396,0.5663088319465279,2.088481266278747,52.51431517715729,54.60279644343604,54.53094937285966,0.038248613666558996,AR6 World GDP level and trajectory (unrebased),Fixed original NATO GDP share = 0.5018,MESSAGE-GLOBIOM 1.0,SSP2-45,0.07184707057638207,1.7995213293043684,54.53094937285965,0.2889599369743785,0.07184707057638917,45.2480207598758,4.868004914458166,1.2103819523128436
2047,SA1_AR6_fixed_split,SSP2-4.5,S1,"NATO→3.5%, nonNATO holds",0.033,237.88586264462404,119.37112587507235,118.51473676955169,0.5018,0.035,0.022985547972701727,4.177989405627533,2.7241261674886474,6.9021155731161805,0.3012990619242986,0.22638398825236739,0.22825686509416565,0.551776387505034,2.079600947472998,52.29102188352403,54.37062283099703,54.29908125748317,0.038248613666559,AR6 World GDP level and trajectory (unrebased),Fixed original NATO GDP share = 0.5018,MESSAGE-GLOBIOM 1.0,SSP2-45,0.07154157351386203,1.7918696814969441,54.29908125748317,0.2877312659760538,0.07154157351386203,47.3276217073488,5.15573618043422,1.2819235258267057
2048,SA1_AR6_fixed_split,SSP2-4.5,S1,"NATO→3.5%, nonNATO holds",0.033,243.11305397677407,121.99413048554523,121.11892349122884,0.5018,0.035,0.022985547972701727,4.269794566994084,2.7839848263096307,7.0537793933037145,0.2935629838276872,0.2205714105371978,0.22239619986946002,0.537609117290706,2.0707285259604915,52.06792716526374,54.13865569122423,54.06741934309347,0.038248613666559,AR6 World GDP level and trajectory (unrebased),Fixed original NATO GDP share = 0.5018,MESSAGE-GLOBIOM 1.0,SSP2-45,0.07123634813076052,1.7842248383220844,54.06741934309347,0.28650368763840706,0.07123634813076052,49.398350233309294,5.442239868072627,1.3531598739574662
2049,SA1_AR6_fixed_split,SSP2-4.5,S1,"NATO→3.5%, nonNATO holds",0.033,248.45510513673833,124.6747717576153,123.78033337912302,0.5018,0.035,0.022985547972701727,4.363617011516536,2.845158790962845,7.208775802479381,0.2860213798309011,0.21490495283331887,0.21668286350825844,0.5237979922816753,2.061864001916764,51.84503102679023,53.906895028707,53.835963634273874,0.038248613666559,AR6 World GDP level and trajectory (unrebased),Fixed original NATO GDP share = 0.5018,MESSAGE-GLOBIOM 1.0,SSP2-45,0.07093139443312424,1.7765867999310374,53.83596363427387,0.2852772019857266,0.07093139443313135,51.460214235226054,5.7275170700583535,1.4240912683905975
2050,SA1_AR6_fixed_split,SSP2-4.5,S1,"NATO→3.5%, nonNATO holds",0.033,253.91454000000022,127.41431617200011,126.5002238280001,0.5018,0.035,0.022985547972701727,4.459501066020004,2.9076769633560025,7.3671780293760065,0.27866943990948856,0.20938100108195454,0.21111321205264286,0.5103342037617818,2.0530073751597016,51.6223334635243,53.675340838684,53.604714126269315,0.038248613666559,AR6 World GDP level and trajectory (unrebased),Fixed original NATO GDP share = 0.5018,MESSAGE-GLOBIOM 1.0,SSP2-45,0.07062671241468621,1.7689555661668874,53.60471412626932,0.2840518089928141,0.0706267124146791,53.513221610385756,6.011568879051167,1.4947179808052766
2025,SA1_AR6_fixed_split,SSP2-4.5,S2,"NATO→3.5%, nonNATO→3.5%",0.033,132.3421461836991,66.40928895498021,65.93285722871889,0.5018,0.027,0.022985547972701727,1.7930508017844657,1.515502852808012,3.308553654592478,0.5460528372493102,0.41028212402492853,0.41367639185553806,1.0,1.8066451102817969,52.94017641340901,54.74682152369081,54.74682152369081,0.033,AR6 World GDP level and trajectory (unrebased),Fixed original NATO GDP share = 0.5018,MESSAGE-GLOBIOM 1.0,SSP2-45,0.0,1.8066451102817969,54.74682152369081,0.0,0.0,1.8066451102817969,0.0,0.0
2026,SA1_AR6_fixed_split,SSP2-4.5,S2,"NATO→3.5%, nonNATO→3.5%",0.033,136.9984651539472,68.74582981425071,68.25263533969648,0.5018,0.02740877593256891,0.023599450326672138,1.8842390456773133,1.6107246773636346,3.494963723040948,0.5301983905011147,0.39836973085825794,0.40166544734932935,0.9709653614693026,1.8530241408160941,53.18375393366518,55.036778074481276,55.02754979223171,0.03366883392607751,AR6 World GDP level and trajectory (unrebased),Fixed original NATO GDP share = 0.5018,MESSAGE-GLOBIOM 1.0,SSP2-45,0.009228282249566178,1.8159091431436463,55.02754979223172,0.03711499767244786,0.009228282249559072,3.659669251097891,0.03711499767244786,0.009228282249559072
2027,SA1_AR6_fixed_split,SSP2-4.5,S2,"NATO→3.5%, nonNATO→3.5%",0.033,141.81861180100074,71.16457940174217,70.65403239925857,0.5018,0.028005016140972137,0.024494887749248,1.9929651948112828,1.73066259265157,3.7236277874628527,0.5147886532080013,0.38679147447718515,0.3899914039454555,0.9427451303086358,1.9168813337558916,53.413962484499635,55.330843818255524,55.308039521867826,0.03464399241862723,AR6 World GDP level and trajectory (unrebased),Fixed original NATO GDP share = 0.5018,MESSAGE-GLOBIOM 1.0,SSP2-45,0.02280429638769732,1.8251653042216383,55.308039521867826,0.0917160295342534,0.02280429638769732,5.576550584853782,0.12883102720670125,0.03203257863725639
2028,SA1_AR6_fixed_split,SSP2-4.5,S2,"NATO→3.5%, nonNATO→3.5%",0.033,146.8083502290495,73.66843014493703,73.13992008411246,0.5018,0.028820930945768986,0.025720233909322272,2.1231927380904367,1.8811758526725104,4.004368590762947,0.4998117860429949,0.37553845928793794,0.3786452924568144,0.9153176248671279,2.0014306173236993,53.62838724462512,55.629817861948816,55.58829070758088,0.03597765900097782,AR6 World GDP level and trajectory (unrebased),Fixed original NATO GDP share = 0.5018,MESSAGE-GLOBIOM 1.0,SSP2-45,0.04152715436793386,1.8344135933501688,55.58829070758088,0.16701702397353047,0.04152715436793386,7.577981202177482,0.2958480511802317,0.07355973300519025
2029,SA1_AR6_fixed_split,SSP2-4.5,S2,"NATO→3.5%, nonNATO→3.5%",0.033,151.97364734621675,76.26037623833157,75.71327110788518,0.5018,0.029845109579542582,0.027258352042179364,2.275999285410151,2.063818998123702,4.3398182835338535,0.4852562383536907,0.3646020065951973,0.3676183623891596,0.8886616921507511,2.1059238954062085,53.82759031758655,55.933514212992755,55.868303363723854,0.03765048424075284,AR6 World GDP level and trajectory (unrebased),Fixed original NATO GDP share = 0.5018,MESSAGE-GLOBIOM 1.0,SSP2-45,0.06521084926890097,1.8436540110028874,55.86830336372386,0.2622698844033211,0.06521084926889387,9.68390509758369,0.5581179355835528,0.13877058227408412
2030,SA1_AR6_fixed_split,SSP2-4.5,S2,"NATO→3.5%, nonNATO→3.5%",0.033,157.32067999999987,78.94351722399993,78.37716277599993,0.5018,0.030999999999995285,0.028992773986343784,2.4472490339436255,2.2723713660554434,4.719620399999069,0.47111074188634094,0.35397364988662916,0.356902077186622,0.8627566963290897,2.223463868065471,54.01675404317932,56.24021791124479,56.14807747641181,0.039535121851313214,AR6 World GDP level and trajectory (unrebased),Fixed original NATO GDP share = 0.5018,MESSAGE-GLOBIOM 1.0,SSP2-45,0.0921404348329844,1.8528865567215895,56.1480774764118,0.3705773113438813,0.0921404348329915,11.907368965649162,0.9286952469274341,0.23091101710707562
2031,SA1_AR6_fixed_split,SSP2-4.5,S2,"NATO→3.5%, nonNATO→3.5%",0.033,161.48654563007247,81.03394859717037,80.4525970329021,0.5018,0.03215489042044799,0.0307271959305082,2.605637737478228,2.4720827121482056,5.077720449626433,0.4587847685346482,0.34471240961383437,0.3475642185868547,0.8401838379702106,2.329580801165513,53.91606301282052,56.245643813986035,56.12694504420659,0.04141797734362923,AR6 World GDP level and trajectory (unrebased),Fixed original NATO GDP share = 0.5018,MESSAGE-GLOBIOM 1.0,SSP2-45,0.11869876977944216,1.8521891864588178,56.1269450442066,0.4773916147066952,0.11869876977943505,14.236949766814675,1.4060868616341293,0.3496097868865107
2032,SA1_AR6_fixed_split,SSP2-4.5,S2,"NATO→3.5%, nonNATO→3.5%",0.033,165.76272375337751,83.17973477944484,82.58298897393267,0.5018,0.033179069054221584,0.032265314063365295,2.7598261641590374,2.664566075535371,5.424392239694408,0.44678190529746614,0.33569394127634017,0.3384711403768683,0.8182026991162393,2.4235202999314573,53.8246064435007,56.24812674343215,56.105898140781484,0.043086240204691637,AR6 World GDP level and trajectory (unrebased),Fixed original NATO GDP share = 0.5018,MESSAGE-GLOBIOM 1.0,SSP2-45,0.14222860265066828,1.851494638645789,56.105898140781484,0.5720256612856685,0.14222860265066828,16.660470066746132,1.9781125229197978,0.49183838953717895
2033,SA1_AR6_fixed_split,SSP2-4.5,S2,"NATO→3.5%, nonNATO→3.5%",0.033,170.15213545456908,85.38234157110277,84.7697938834663,0.5018,0.03399498385901843,0.033490660223439564,2.902571323554837,2.8389963641621754,5.741567687717012,0.43509366674433625,0.326911869263227,0.3296164142002547,0.7967977401895385,2.4981197381095948,53.74776603529007,56.245885773399664,56.08493675705109,0.04441426610603809,AR6 World GDP level and trajectory (unrebased),Fixed original NATO GDP share = 0.5018,MESSAGE-GLOBIOM 1.0,SSP2-45,0.1609490163485745,1.8508029129826862,56.08493675705109,0.6473168251269086,0.1609490163485745,19.158589804855726,2.6254293480467066,0.6527874058857535
2034,SA1_AR6_fixed_split,SSP2-4.5,S2,"NATO→3.5%, nonNATO→3.5%",0.033,174.65777916888334,87.64327358694567,87.01450558193767,0.5018,0.034591224067421655,0.034386097646015426,3.0316881146483756,2.992089285560263,6.023777400208639,0.4237117907677051,0.31835998575941793,0.3209937808846251,0.7759538305892034,2.552345509428433,53.68631840162893,56.238663911057365,56.064060896331775,0.04538417757336877,AR6 World GDP level and trajectory (unrebased),Fixed original NATO GDP share = 0.5018,MESSAGE-GLOBIOM 1.0,SSP2-45,0.1746030147255908,1.8501140095789486,56.064060896331775,0.7022314998494845,0.1746030147255908,21.71093531428416,3.327660847896191,0.8273904206113443
2035,SA1_AR6_fixed_split,SSP2-4.5,S2,"NATO→3.5%, nonNATO→3.5%",0.033,179.28273273038877,89.96407528410909,89.31865744627969,0.5018,0.03499999999999057,0.03499999999998584,3.14874263494297,3.1261530106185242,6.274895645561495,0.41262823266715665,0.31003224630080845,0.3125971459599672,0.7556562378573702,2.5891991003988766,53.638008359053316,56.227207459452195,56.04327057142313,0.04604886526271213,AR6 World GDP level and trajectory (unrebased),Fixed original NATO GDP share = 0.5018,MESSAGE-GLOBIOM 1.0,SSP2-45,0.18393688802906638,1.8494279288569628,56.04327057142312,0.7397711715419137,0.1839368880290735,24.300134414683036,4.067432019438105,1.0113273086404178
2036,SA1_AR6_fixed_split,SSP2-4.5,S2,"NATO→3.5%, nonNATO→3.5%",0.033,184.0301554744741,92.34633201709111,91.68382345738299,0.5018,0.035,0.035,3.2321216205981895,3.208933821008405,6.441055441606594,0.40181162007940757,0.30190507895632257,0.3044027424843997,0.7358475090130395,2.5880909220132295,53.615051267205125,56.203142189218354,56.01928402626037,0.046048865262727466,AR6 World GDP level and trajectory (unrebased),Fixed original NATO GDP share = 0.5018,MESSAGE-GLOBIOM 1.0,SSP2-45,0.18385816295798207,1.8486363728665924,56.01928402626037,0.7394545491466371,0.18385816295798207,26.888225336696266,4.8068865685847415,1.1951854715983998
2037,SA1_AR6_fixed_split,SSP2-4.5,S2,"NATO→3.5%, nonNATO→3.5%",0.033,188.9032903960116,94.79167112071863,94.11161927529298,0.5018,0.035,0.035,3.3177084892251525,3.2939066746352546,6.611615163860407,0.39127907763343267,0.29399135048292885,0.29642354366169144,0.7165590048107143,2.5869866829825168,53.5921757832956,56.17916246627812,55.99538274853933,0.04604886526272746,AR6 World GDP level and trajectory (unrebased),Fixed original NATO GDP share = 0.5018,MESSAGE-GLOBIOM 1.0,SSP2-45,0.1837797177387941,1.8478476307017977,55.99538274853933,0.7391390522807191,0.1837797177387941,29.475212019678782,5.546025620865461,1.378965189337194
2038,SA1_AR6_fixed_split,SSP2-4.5,S2,"NATO→3.5%, nonNATO→3.5%",0.033,193.905466364666,97.30176302178941,96.6037033428766,0.5018,0.035,0.035,3.4055617057626297,3.3811296170006813,6.7866913227633106,0.3810231318436216,0.2862854456043373,0.2886538877603194,0.6977770388722633,2.5858863826552074,53.56938189380886,56.15526827646407,55.9715667241387,0.04604886526272745,AR6 World GDP level and trajectory (unrebased),Fixed original NATO GDP share = 0.5018,MESSAGE-GLOBIOM 1.0,SSP2-45,0.183701552325374,1.8470617018965767,55.97156672413869,0.7388246807586307,0.1837015523253811,32.06109840233399,6.2848503016240915,1.562666741662575
2039,SA1_AR6_fixed_split,SSP2-4.5,S2,"NATO→3.5%, nonNATO→3.5%",0.033,199.04010039886774,99.87832238015183,99.1617780187159,0.5018,0.035,0.035,3.4957412833053145,3.470662230655057,6.966403513960372,0.3710365063892325,0.2787818971860046,0.28108826241608525,0.6794882858924313,2.5847900219175295,53.54666961710406,56.131459639021585,55.94783597224089,0.04604886526272746,AR6 World GDP level and trajectory (unrebased),Fixed original NATO GDP share = 0.5018,MESSAGE-GLOBIOM 1.0,SSP2-45,0.1836236667806972,1.8462785870839493,55.9478359722409,0.7385114348335802,0.18362366678068298,34.64588842425152,7.023361736457671,1.746290408443258
2040,SA1_AR6_fixed_split,SSP2-4.5,S2,"NATO→3.5%, nonNATO→3.5%",0.033,204.31069999999988,102.52310925999994,101.78759073999994,0.5018,0.035,0.035,3.588308824099998,3.5625656758999984,7.150874499999997,0.3613121164541566,0.2714753819822607,0.27372130034405806,0.6616797712731105,2.583697600093058,53.52403893916833,56.10773653926139,55.924190478204714,0.04604886526272746,AR6 World GDP level and trajectory (unrebased),Fixed original NATO GDP share = 0.5018,MESSAGE-GLOBIOM 1.0,SSP2-45,0.18354606105667415,1.8454982857807554,55.924190478204714,0.7381993143123025,0.18354606105667415,37.22958602434458,7.761561050769974,1.9298364694999322
2041,SA1_AR6_fixed_split,SSP2-4.5,S2,"NATO→3.5%, nonNATO→3.5%",0.033,208.80012660245816,104.7759035291135,104.02422307334466,0.5018,0.035,0.035,3.667156623518973,3.6408478075670634,7.308004431086037,0.35207283439290943,0.2645333573099794,0.26672184423705264,0.6447596466423345,2.5729498338084023,53.301387549505606,55.87433738331401,55.691554844337716,0.04604886526272745,AR6 World GDP level and trajectory (unrebased),Fixed original NATO GDP share = 0.5018,MESSAGE-GLOBIOM 1.0,SSP2-45,0.1827825389762907,1.8378213098631444,55.69155484433772,0.7351285239452579,0.1827825389762836,39.80253585815298,8.496689574715232,2.1126190084762158
2042,SA1_AR6_fixed_split,SSP2-4.5,S2,"NATO→3.5%, nonNATO→3.5%",0.033,213.3882017398134,107.07819963303838,106.31000210677503,0.5018,0.035,0.035,3.7477369871563435,3.7208500737371266,7.46858706089347,0.34306507232958905,0.2577652874457752,0.2598977820678705,0.6282635102818018,2.5622113602452514,53.07892866843507,55.64114002868032,55.45912035162881,0.04604886526272746,AR6 World GDP level and trajectory (unrebased),Fixed original NATO GDP share = 0.5018,MESSAGE-GLOBIOM 1.0,SSP2-45,0.1820196770515068,1.8301509716037505,55.45912035162882,0.7320603886415009,0.18201967705149968,42.36474721839823,9.228749963356734,2.2946386855277154
2043,SA1_AR6_fixed_split,SSP2-4.5,S2,"NATO→3.5%, nonNATO→3.5%",0.033,218.0770930682727,109.43108530165924,108.64600776661345,0.5018,0.035,0.035,3.8300879855580736,3.802610271831471,7.632698257389545,0.3342831189514001,0.25116688113908625,0.2532447870843941,0.6121809029238268,2.5514821794950935,52.856662297852026,55.40814447734712,55.22688700205831,0.046048865262727445,AR6 World GDP level and trajectory (unrebased),Fixed original NATO GDP share = 0.5018,MESSAGE-GLOBIOM 1.0,SSP2-45,0.18125747528880964,1.8224872710679239,55.226887002058305,0.7289949084271696,0.18125747528881675,44.916229397893325,9.957744871783902,2.475896160816532
2044,SA1_AR6_fixed_split,SSP2-4.5,S2,"NATO→3.5%, nonNATO→3.5%",0.033,222.86901587509283,111.83567216612158,111.03334370897124,0.5018,0.035,0.035,3.914248525814256,3.886167029813994,7.80041555562825,0.3257214020060679,0.24473395162382885,0.2467586378833848,0.5965016199656774,2.540762291009175,52.634588426388426,55.1753507173976,54.99485478374837,0.04604886526272746,AR6 World GDP level and trajectory (unrebased),Fixed original NATO GDP share = 0.5018,MESSAGE-GLOBIOM 1.0,SSP2-45,0.180495933649226,1.8148302078636962,54.99485478374837,0.7259320831454787,0.180495933649226,47.4569916889025,10.683676954929382,2.656392094465758
2045,SA1_AR6_fixed_split,SSP2-4.5,S2,"NATO→3.5%, nonNATO→3.5%",0.033,227.7662341252057,114.29309628402822,113.47313784117748,0.5018,0.035,0.035,4.000258369940989,3.971559824441212,7.9718181943822,0.3173744851305259,0.23846241423560105,0.24043521600797416,0.5812157056618733,2.5300516949962093,52.41270705836803,54.94275875336424,54.763023701216646,0.04604886526272745,AR6 World GDP level and trajectory (unrebased),Fixed original NATO GDP share = 0.5018,MESSAGE-GLOBIOM 1.0,SSP2-45,0.179735052147592,1.8071797821401496,54.76302370121665,0.7228719128560597,0.1797350521475849,49.98704338389871,11.40654886778544,2.836127146613343
2046,SA1_AR6_fixed_split,SSP2-4.5,S2,"NATO→3.5%, nonNATO→3.5%",0.033,232.7710615308356,116.8045186761733,115.9665428546623,0.5018,0.035,0.035,4.088158153666066,4.058828999913181,8.146987153579246,0.3092345444437444,0.23234639042509778,0.23426859427556396,0.5663088319465279,2.519329861026116,52.19059288413421,54.70992274516033,54.53094937285966,0.04604886526272746,AR6 World GDP level and trajectory (unrebased),Fixed original NATO GDP share = 0.5018,MESSAGE-GLOBIOM 1.0,SSP2-45,0.17897337230066768,1.7995213293043684,54.53094937285965,0.7198085317217477,0.17897337230067478,52.50637324492482,12.126357399507189,3.015100518914018
2047,SA1_AR6_fixed_split,SSP2-4.5,S2,"NATO→3.5%, nonNATO→3.5%",0.033,237.88586264462404,119.37112587507235,118.51473676955169,0.5018,0.035,0.035,4.177989405627533,4.14801578693431,8.326005192561842,0.3012990619242986,0.22638398825236739,0.22825686509416565,0.551776387505034,2.5086175540957223,51.96867607264278,54.4772936267385,54.29908125748317,0.04604886526272745,AR6 World GDP level and trajectory (unrebased),Fixed original NATO GDP share = 0.5018,MESSAGE-GLOBIOM 1.0,SSP2-45,0.17821236925533412,1.7918696814969441,54.29908125748317,0.7167478725987781,0.17821236925533412,55.014990799020545,12.843105272105968,3.193312888169352
2048,SA1_AR6_fixed_split,SSP2-4.5,S2,"NATO→3.5%, nonNATO→3.5%",0.033,243.11305397677407,121.99413048554523,121.11892349122884,0.5018,0.035,0.035,4.269794566994084,4.2391623221930095,8.508956889187093,0.2935629838276872,0.2205714105371978,0.22239619986946002,0.537609117290706,2.497914773650918,51.74695661241476,54.24487138606568,54.06741934309347,0.04604886526272745,AR6 World GDP level and trajectory (unrebased),Fixed original NATO GDP share = 0.5018,MESSAGE-GLOBIOM 1.0,SSP2-45,0.17745204297221306,1.7842248383220844,54.06741934309347,0.7136899353288337,0.17745204297221306,57.512905572671464,13.556795207434801,3.370764931141565
2049,SA1_AR6_fixed_split,SSP2-4.5,S2,"NATO→3.5%, nonNATO→3.5%",0.033,248.45510513673833,124.6747717576153,123.78033337912302,0.5018,0.035,0.035,4.363617011516536,4.332311668269306,8.695928679785842,0.2860213798309011,0.21490495283331887,0.21668286350825844,0.5237979922816753,2.4872215199034526,51.52543450783675,54.0126560277402,53.835963634273874,0.04604886526272746,AR6 World GDP level and trajectory (unrebased),Fixed original NATO GDP share = 0.5018,MESSAGE-GLOBIOM 1.0,SSP2-45,0.17669239346632537,1.7765867999310374,53.83596363427387,0.7106347199724152,0.17669239346633248,60.00012709257492,14.267429927407216,3.5474573246078975
2050,SA1_AR6_fixed_split,SSP2-4.5,S2,"NATO→3.5%, nonNATO→3.5%",0.033,253.91454000000022,127.41431617200011,126.5002238280001,0.5018,0.035,0.035,4.459501066020004,4.427507833980004,8.887008900000009,0.27866943990948856,0.20938100108195454,0.21111321205264286,0.5103342037617818,2.4765377926336423,51.30410975435779,53.78064754699143,53.604714126269315,0.04604886526272745,AR6 World GDP level and trajectory (unrebased),Fixed original NATO GDP share = 0.5018,MESSAGE-GLOBIOM 1.0,SSP2-45,0.17593342072211726,1.7689555661668874,53.60471412626932,0.7075822264667548,0.17593342072211016,62.476664885208564,14.975012153873971,3.7233907453300077
2025,SA1_AR6_fixed_split,SSP2-4.5,S3,"NATO→5%, nonNATO→3.5%",0.033,132.3421461836991,66.40928895498021,65.93285722871889,0.5018,0.027,0.022985547972701727,1.7930508017844657,1.515502852808012,3.308553654592478,0.5460528372493102,0.41028212402492853,0.41367639185553806,1.0,1.8066451102817969,52.94017641340901,54.74682152369081,54.74682152369081,0.033,AR6 World GDP level and trajectory (unrebased),Fixed original NATO GDP share = 0.5018,MESSAGE-GLOBIOM 1.0,SSP2-45,0.0,1.8066451102817969,54.74682152369081,0.0,0.0,1.8066451102817969,0.0,0.0
2026,SA1_AR6_fixed_split,SSP2-4.5,S3,"NATO→5%, nonNATO→3.5%",0.033,136.9984651539472,68.74582981425071,68.25263533969648,0.5018,0.02817523080613562,0.023599450326672138,1.9369296219758332,1.6107246773636346,3.5476542993394675,0.5301983905011147,0.39836973085825794,0.40166544734932935,0.9709653614693026,1.8809605995641456,53.16276360296637,55.04372420253052,55.02754979223171,0.03417211729066967,AR6 World GDP level and trajectory (unrebased),Fixed original NATO GDP share = 0.5018,MESSAGE-GLOBIOM 1.0,SSP2-45,0.016174410298809505,1.8159091431436463,55.02754979223172,0.06505145642049937,0.0161744102988024,3.6876057098459425,0.06505145642049937,0.0161744102988024
2027,SA1_AR6_fixed_split,SSP2-4.5,S3,"NATO→5%, nonNATO→3.5%",0.033,141.81861180100074,71.16457940174217,70.65403239925857,0.5018,0.029889421405294894,0.024494887749248,2.1270681028692406,1.73066259265157,3.857730695520811,0.5147886532080013,0.38679147447718515,0.3899914039454555,0.9427451303086358,1.9859159891863243,53.36209262296021,55.348008612146536,55.308039521867826,0.03588053191041999,AR6 World GDP level and trajectory (unrebased),Fixed original NATO GDP share = 0.5018,MESSAGE-GLOBIOM 1.0,SSP2-45,0.039969090278709984,1.8251653042216383,55.308039521867826,0.16075068496468603,0.039969090278709984,5.673521699032267,0.2258021413851854,0.056143500577512384
2028,SA1_AR6_fixed_split,SSP2-4.5,S3,"NATO→5%, nonNATO→3.5%",0.033,146.8083502290495,73.66843014493703,73.13992008411246,0.5018,0.03223517646908584,0.025720233909322272,2.374714845922568,1.8811758526725104,4.255890698595079,0.4998117860429949,0.37553845928793794,0.3786452924568144,0.9153176248671279,2.1271443312685756,53.53393101977298,55.66107535104155,55.58829070758088,0.03821601213870137,AR6 World GDP level and trajectory (unrebased),Fixed original NATO GDP share = 0.5018,MESSAGE-GLOBIOM 1.0,SSP2-45,0.07278464346067182,1.8344135933501688,55.58829070758088,0.29273073791840676,0.07278464346067182,7.800666030300842,0.5185328793035922,0.1289281440381842
2029,SA1_AR6_fixed_split,SSP2-4.5,S3,"NATO→5%, nonNATO→3.5%",0.033,151.97364734621675,76.26037623833157,75.71327110788518,0.5018,0.03517969004118492,0.027258352042179364,2.6828163984886486,2.063818998123702,4.7466353966123505,0.4852562383536907,0.3646020065951973,0.3676183623891596,0.8886616921507511,2.303334437396588,53.679263981840855,55.98259841923744,55.868303363723854,0.041143757210903006,AR6 World GDP level and trajectory (unrebased),Fixed original NATO GDP share = 0.5018,MESSAGE-GLOBIOM 1.0,SSP2-45,0.11429505551358687,1.8436540110028874,55.86830336372386,0.45968042639370044,0.11429505551357977,10.10400046769743,0.9782133056972926,0.24322319955176397
2030,SA1_AR6_fixed_split,SSP2-4.5,S3,"NATO→5%, nonNATO→3.5%",0.033,157.32067999999987,78.94351722399993,78.37716277599993,0.5018,0.03849999999998644,0.028992773986343784,3.039325413122927,2.2723713660554434,5.31169677917837,0.47111074188634094,0.35397364988662916,0.356902077186622,0.8627566963290897,2.5023974103140096,53.80717460622956,56.30957201654357,56.14807747641181,0.04444000053097213,AR6 World GDP level and trajectory (unrebased),Fixed original NATO GDP share = 0.5018,MESSAGE-GLOBIOM 1.0,SSP2-45,0.16149454013176268,1.8528865567215895,56.1480774764118,0.6495108535924201,0.16149454013176978,12.606397878011439,1.6277241592897127,0.40471773968353375
2031,SA1_AR6_fixed_split,SSP2-4.5,S3,"NATO→5%, nonNATO→3.5%",0.033,161.48654563007247,81.03394859717037,80.4525970329021,0.5018,0.041820309958787966,0.0307271959305082,3.388864847518156,2.4720827121482056,5.860947559666362,0.4587847685346482,0.34471240961383437,0.3475642185868547,0.8401838379702106,2.688913469555243,53.64607490844379,56.33498837799903,56.12694504420659,0.04773078946094833,AR6 World GDP level and trajectory (unrebased),Fixed original NATO GDP share = 0.5018,MESSAGE-GLOBIOM 1.0,SSP2-45,0.208043333792439,1.8521891864588178,56.1269450442066,0.8367242830964252,0.2080433337924319,15.295311347566683,2.464448442386138,0.6127610734759656
2032,SA1_AR6_fixed_split,SSP2-4.5,S3,"NATO→5%, nonNATO→3.5%",0.033,165.76272375337751,83.17973477944484,82.58298897393267,0.5018,0.04476482353088705,0.032265314063365295,3.7235261487478364,2.664566075535371,6.388092224283207,0.44678190529746614,0.33569394127634017,0.3384711403768683,0.8182026991162393,2.8540840151811797,53.501098197466135,56.355182212647314,56.105898140781484,0.05064457079407086,AR6 World GDP level and trajectory (unrebased),Fixed original NATO GDP share = 0.5018,MESSAGE-GLOBIOM 1.0,SSP2-45,0.24928407186583001,1.851494638645789,56.105898140781484,1.0025893765353908,0.24928407186583001,18.149395362747864,3.4670378189215287,0.8620451453417957
2033,SA1_AR6_fixed_split,SSP2-4.5,S3,"NATO→5%, nonNATO→3.5%",0.033,170.15213545456908,85.38234157110277,84.7697938834663,0.5018,0.04711057859467799,0.033490660223439564,4.022411513183079,2.8389963641621754,6.861407877345254,0.43509366674433625,0.326911869263227,0.3296164142002547,0.7967977401895385,2.9853551123826194,53.38167698562262,56.36703209800524,56.08493675705109,0.05296278695660238,AR6 World GDP level and trajectory (unrebased),Fixed original NATO GDP share = 0.5018,MESSAGE-GLOBIOM 1.0,SSP2-45,0.28209534095415023,1.8508029129826862,56.08493675705109,1.1345521993999332,0.28209534095415023,21.13475047513048,4.6015900183214615,1.144140486295946
2034,SA1_AR6_fixed_split,SSP2-4.5,S3,"NATO→5%, nonNATO→3.5%",0.033,174.65777916888334,87.64327358694567,87.01450558193767,0.5018,0.04882476919383726,0.034386097646015426,4.279162604274956,2.992089285560263,7.271251889835218,0.4237117907677051,0.31835998575941793,0.3209937808846251,0.7759538305892034,3.0809151593651403,53.28917244087618,56.37008760024132,56.064060896331775,0.05465514230196,AR6 World GDP level and trajectory (unrebased),Fixed original NATO GDP share = 0.5018,MESSAGE-GLOBIOM 1.0,SSP2-45,0.306026703909545,1.8501140095789486,56.064060896331775,1.2308011497861917,0.306026703909545,24.215665634495622,5.8323911681076535,1.450167190205491
2035,SA1_AR6_fixed_split,SSP2-4.5,S3,"NATO→5%, nonNATO→3.5%",0.033,179.28273273038877,89.96407528410909,89.31865744627969,0.5018,0.049999999999972886,0.03499999999998584,4.498203764203015,3.1261530106185242,7.624356774821539,0.41262823266715665,0.31003224630080845,0.3125971459599672,0.7556562378573702,3.146024861218474,53.2196318938532,56.36565675507167,56.04327057142313,0.05581456940862134,AR6 World GDP level and trajectory (unrebased),Fixed original NATO GDP share = 0.5018,MESSAGE-GLOBIOM 1.0,SSP2-45,0.32238618364853977,1.8494279288569628,56.04327057142312,1.2965969323615112,0.3223861836485469,27.361690495714097,7.128988100469165,1.7725533738540378
2036,SA1_AR6_fixed_split,SSP2-4.5,S3,"NATO→5%, nonNATO→3.5%",0.033,184.0301554744741,92.34633201709111,91.68382345738299,0.5018,0.05,0.035,4.617316600854556,3.208933821008405,7.8262504218629605,0.40181162007940757,0.30190507895632257,0.3044027424843997,0.7358475090130395,3.1446783611559033,53.19685386732093,56.34153222847684,56.01928402626037,0.05581456940864808,AR6 World GDP level and trajectory (unrebased),Fixed original NATO GDP share = 0.5018,MESSAGE-GLOBIOM 1.0,SSP2-45,0.3222482022164641,1.8486363728665924,56.01928402626037,1.2960419882893108,0.3222482022164641,30.50636885687,8.425030088758476,2.094801576070502
2037,SA1_AR6_fixed_split,SSP2-4.5,S3,"NATO→5%, nonNATO→3.5%",0.033,188.9032903960116,94.79167112071863,94.11161927529298,0.5018,0.05,0.035,4.739583556035932,3.2939066746352546,8.033490230671186,0.39127907763343267,0.29399135048292885,0.29642354366169144,0.7165590048107143,3.143336647634214,53.1741568121859,56.31749345982011,55.99538274853933,0.05581456940864808,AR6 World GDP level and trajectory (unrebased),Fixed original NATO GDP share = 0.5018,MESSAGE-GLOBIOM 1.0,SSP2-45,0.3221107112807857,1.8478476307017977,55.99538274853933,1.2954890169324162,0.3221107112807857,33.64970550450421,9.720519105690892,2.4169122873512876
2038,SA1_AR6_fixed_split,SSP2-4.5,S3,"NATO→5%, nonNATO→3.5%",0.033,193.905466364666,97.30176302178941,96.6037033428766,0.5018,0.05,0.035,4.865088151089471,3.3811296170006813,8.246217768090151,0.3810231318436216,0.2862854456043373,0.2886538877603194,0.6977770388722633,3.1419997198622287,53.15154071503715,56.29354043489938,55.9715667241387,0.05581456940864808,AR6 World GDP level and trajectory (unrebased),Fixed original NATO GDP share = 0.5018,MESSAGE-GLOBIOM 1.0,SSP2-45,0.3219737107606804,1.8470617018965767,55.97156672413869,1.294938017965652,0.3219737107606875,36.79170522436644,11.015457123656544,2.738885998111975
2039,SA1_AR6_fixed_split,SSP2-4.5,S3,"NATO→5%, nonNATO→3.5%",0.033,199.04010039886774,99.87832238015183,99.1617780187159,0.5018,0.05,0.035,4.993916119007592,3.470662230655057,8.464578349662649,0.3710365063892325,0.2787818971860046,0.28108826241608525,0.6794882858924313,3.1406675789167644,53.12900559409065,56.26967317300741,55.94783597224089,0.05581456940864807,AR6 World GDP level and trajectory (unrebased),Fixed original NATO GDP share = 0.5018,MESSAGE-GLOBIOM 1.0,SSP2-45,0.3218372007665238,1.8462785870839493,55.9478359722409,1.294388991832815,0.32183720076650957,39.93237280328321,12.309846115489359,3.0607231988784847
2040,SA1_AR6_fixed_split,SSP2-4.5,S3,"NATO→5%, nonNATO→3.5%",0.033,204.31069999999988,102.52310925999994,101.78759073999994,0.5018,0.05,0.035,5.126155462999997,3.5625656758999984,8.688721138899997,0.3613121164541566,0.2714753819822607,0.27372130034405806,0.6616797712731105,3.139340223975928,53.10655143544281,56.24589165941874,55.924190478204714,0.05581456940864809,AR6 World GDP level and trajectory (unrebased),Fixed original NATO GDP share = 0.5018,MESSAGE-GLOBIOM 1.0,SSP2-45,0.32170118121402425,1.8454982857807554,55.924190478204714,1.2938419381951725,0.32170118121402425,43.071713027259136,13.603688053684532,3.382424380092509
2041,SA1_AR6_fixed_split,SSP2-4.5,S3,"NATO→5%, nonNATO→3.5%",0.033,208.80012660245816,104.7759035291135,104.02422307334466,0.5018,0.05,0.035,5.2387951764556755,3.6408478075670634,8.87964298402274,0.35207283439290943,0.2645333573099794,0.26672184423705264,0.6447596466423345,3.126281073781998,52.88563672661946,56.011917800401456,55.691554844337716,0.05581456940864808,AR6 World GDP level and trajectory (unrebased),Fixed original NATO GDP share = 0.5018,MESSAGE-GLOBIOM 1.0,SSP2-45,0.32036295606373955,1.8378213098631444,55.69155484433772,1.2884597639188535,0.32036295606373244,46.19799410104113,14.892147817603385,3.7027873361562413
2042,SA1_AR6_fixed_split,SSP2-4.5,S3,"NATO→5%, nonNATO→3.5%",0.033,213.3882017398134,107.07819963303838,106.31000210677503,0.5018,0.05,0.035,5.35390998165192,3.7208500737371266,9.074760055389046,0.34306507232958905,0.2577652874457752,0.2598977820678705,0.6282635102818018,3.1132332147757085,52.664913024821274,55.778146239596985,55.45912035162881,0.055814569408648075,AR6 World GDP level and trajectory (unrebased),Fixed original NATO GDP share = 0.5018,MESSAGE-GLOBIOM 1.0,SSP2-45,0.31902588796817355,1.8301509716037505,55.45912035162882,1.283082243171958,0.31902588796816644,49.31122731581684,16.17523006077534,4.021813224124408
2043,SA1_AR6_fixed_split,SSP2-4.5,S3,"NATO→5%, nonNATO→3.5%",0.033,218.0770930682727,109.43108530165924,108.64600776661345,0.5018,0.05,0.035,5.471554265082962,3.802610271831471,9.274164536914434,0.3342831189514001,0.25116688113908625,0.2532447870843941,0.6121809029238268,3.1001966470682243,52.44438033192878,55.544576978997,55.22688700205831,0.05581456940864808,AR6 World GDP level and trajectory (unrebased),Fixed original NATO GDP share = 0.5018,MESSAGE-GLOBIOM 1.0,SSP2-45,0.31768997693868783,1.8224872710679239,55.226887002058305,1.2777093760003004,0.31768997693869494,52.41142396288507,17.452939436775644,4.339503201063103
2044,SA1_AR6_fixed_split,SSP2-4.5,S3,"NATO→5%, nonNATO→3.5%",0.033,222.86901587509283,111.83567216612158,111.03334370897124,0.5018,0.05,0.035,5.59178360830608,3.886167029813994,9.477950638120074,0.3257214020060679,0.24473395162382885,0.2467586378833848,0.5965016199656774,3.0871713699927765,52.2240386366626,55.31121000665537,54.99485478374837,0.05581456940864808,AR6 World GDP level and trajectory (unrebased),Fixed original NATO GDP share = 0.5018,MESSAGE-GLOBIOM 1.0,SSP2-45,0.31635522290699924,1.8148302078636962,54.99485478374837,1.2723411621290803,0.31635522290699924,55.49859533287784,18.725280598904725,4.655858423970102
2045,SA1_AR6_fixed_split,SSP2-4.5,S3,"NATO→5%, nonNATO→3.5%",0.033,227.7662341252057,114.29309628402822,113.47313784117748,0.5018,0.05,0.035,5.7146548142014115,3.971559824441212,9.686214638642623,0.3173744851305259,0.23846241423560105,0.24043521600797416,0.5812157056618733,3.0741573838029654,52.003887943312755,55.07804532711572,54.763023701216646,0.05581456940864808,AR6 World GDP level and trajectory (unrebased),Fixed original NATO GDP share = 0.5018,MESSAGE-GLOBIOM 1.0,SSP2-45,0.315021625899071,1.8071797821401496,54.76302370121665,1.2669776016628158,0.3150216258990639,58.57275271668081,19.99225820056754,4.970880049869166
2046,SA1_AR6_fixed_split,SSP2-4.5,S3,"NATO→5%, nonNATO→3.5%",0.033,232.7710615308356,116.8045186761733,115.9665428546623,0.5018,0.05,0.035,5.840225933808665,4.058828999913181,9.899054933721846,0.3092345444437444,0.23234639042509778,0.23426859427556396,0.5663088319465279,3.0611297428530753,51.78350625963795,54.84463600249103,54.53094937285966,0.05581456940864809,AR6 World GDP level and trajectory (unrebased),Fixed original NATO GDP share = 0.5018,MESSAGE-GLOBIOM 1.0,SSP2-45,0.31368662963136984,1.7995213293043684,54.53094937285965,1.261608413548707,0.31368662963137695,61.63388245953388,21.253866614116248,5.284566679500543
2047,SA1_AR6_fixed_split,SSP2-4.5,S3,"NATO→5%, nonNATO→3.5%",0.033,237.88586264462404,119.37112587507235,118.51473676955169,0.5018,0.05,0.035,5.968556293753618,4.14801578693431,10.116572080687927,0.3012990619242986,0.22638398825236739,0.22825686509416565,0.551776387505034,3.0481136778008224,51.56332039927617,54.61143407707699,54.29908125748317,0.055814569408648075,AR6 World GDP level and trajectory (unrebased),Fixed original NATO GDP share = 0.5018,MESSAGE-GLOBIOM 1.0,SSP2-45,0.3123528195938263,1.7918696814969441,54.29908125748317,1.2562439963038783,0.3123528195938263,64.6819961373347,22.510110610420124,5.596919499094369
2048,SA1_AR6_fixed_split,SSP2-4.5,S3,"NATO→5%, nonNATO→3.5%",0.033,243.11305397677407,121.99413048554523,121.11892349122884,0.5018,0.05,0.035,6.099706524277262,4.2391623221930095,10.338868846470271,0.2935629838276872,0.2205714105371978,0.22239619986946002,0.537609117290706,3.0351091879729313,51.343330350837924,54.37843953881085,54.06741934309347,0.055814569408648075,AR6 World GDP level and trajectory (unrebased),Fixed original NATO GDP share = 0.5018,MESSAGE-GLOBIOM 1.0,SSP2-45,0.3110201957173828,1.7842248383220844,54.06741934309347,1.2508843496508468,0.3110201957173828,67.71710532530764,23.76099496007097,5.907939694811752
2049,SA1_AR6_fixed_split,SSP2-4.5,S3,"NATO→5%, nonNATO→3.5%",0.033,248.45510513673833,124.6747717576153,123.78033337912302,0.5018,0.05,0.035,6.233738587880765,4.332311668269306,10.56605025615007,0.2860213798309011,0.21490495283331887,0.21668286350825844,0.5237979922816753,3.0221162736266893,51.123536118675624,54.14565239230231,53.835963634273874,0.05581456940864808,AR6 World GDP level and trajectory (unrebased),Fixed original NATO GDP share = 0.5018,MESSAGE-GLOBIOM 1.0,SSP2-45,0.309688758028436,1.7765867999310374,53.83596363427387,1.245529473695652,0.3096887580284431,70.73922159893432,25.006524433766625,6.217628452840195
2050,SA1_AR6_fixed_split,SSP2-4.5,S3,"NATO→5%, nonNATO→3.5%",0.033,253.91454000000022,127.41431617200011,126.5002238280001,0.5018,0.05,0.035,6.370715808600006,4.427507833980004,10.798223642580009,0.27866943990948856,0.20938100108195454,0.21111321205264286,0.5103342037617818,3.0091349344951683,50.9039376982738,53.913072632768966,53.604714126269315,0.055814569408648075,AR6 World GDP level and trajectory (unrebased),Fixed original NATO GDP share = 0.5018,MESSAGE-GLOBIOM 1.0,SSP2-45,0.30835850649965124,1.7689555661668874,53.60471412626932,1.240179368328281,0.30835850649964414,73.7483565334295,26.246703802094906,6.525986959339839
2025,SA1_AR6_fixed_split,SSP3-7.0,S0,Baseline,0.033,131.57368822870808,66.02367675316572,65.55001147554236,0.5018,0.027,0.022985547972701727,1.7826392723354743,1.5067029333822277,3.289342205717702,0.6610439048545443,0.49668178398938956,0.5007908370110185,1.0,2.1743996160704895,63.71649784061101,65.8908974566815,65.8908974566815,0.033,AR6 World GDP level and trajectory (unrebased),Fixed original NATO GDP share = 0.5018,MIGRATION 1.0,SSP3-7.0_zeromig,0.0,2.1743996160704895,65.8908974566815,0.0,0.0,2.1743996160704895,0.0,0.0
2026,SA1_AR6_fixed_split,SSP3-7.0,S0,Baseline,0.033,134.8941946705815,67.6899068856978,67.2042877848837,0.5018,0.027,0.022985547972701727,1.8276274859138404,1.544727380850697,3.372354866764537,0.6553251689882162,0.4923849560307732,0.4964584613547093,0.9913489318571261,2.2099890229507038,64.7593753088888,66.96936433183951,66.96936433183951,0.032999999999999995,AR6 World GDP level and trajectory (unrebased),Fixed original NATO GDP share = 0.5018,MIGRATION 1.0,SSP3-7.0_zeromig,0.0,2.2099890229507038,66.96936433183951,0.0,0.0,4.384388639021193,0.0,0.0
2027,SA1_AR6_fixed_split,SSP3-7.0,S0,Baseline,0.033,138.29850026089372,69.39818743091647,68.90031282997725,0.5018,0.027,0.022985547972701727,1.8737510606347445,1.5837114458875985,3.4574625065223428,0.6496442600139989,0.4881165496764079,0.49215474243484764,0.9827550866790704,2.246120671575853,65.81814210345,68.06426277502585,68.06426277502585,0.033,AR6 World GDP level and trajectory (unrebased),Fixed original NATO GDP share = 0.5018,MIGRATION 1.0,SSP3-7.0_zeromig,0.0,2.246120671575853,68.06426277502585,0.0,0.0,6.630509310597047,0.0,0.0
2028,SA1_AR6_fixed_split,SSP3-7.0,S0,Baseline,0.033,141.78871982682614,71.14957960910137,70.63914021772477,0.5018,0.027,0.022985547972701727,1.9210386494457368,1.6236793462249166,3.5447179956706534,0.6436538653828238,0.4836156082557813,0.4876165646839574,0.9736930643426066,2.2815714396054716,66.8569570332876,69.13852847289307,69.13852847289309,0.033,AR6 World GDP level and trajectory (unrebased),Fixed original NATO GDP share = 0.5018,MIGRATION 1.0,SSP3-7.0_zeromig,-1.4210854715202004e-14,2.2815714396054716,69.13852847289307,0.0,0.0,8.912080750202518,0.0,0.0
2029,SA1_AR6_fixed_split,SSP3-7.0,S0,Baseline,0.033,145.36702156715262,72.9451714223972,72.42185014475542,0.5018,0.027,0.022985547972701727,1.9695196284047243,1.6646559107740913,3.6341755391788153,0.6372354275564843,0.4787930524064649,0.48275411178521543,0.9639835158856827,2.315825403523929,67.86070197598909,70.17652737951302,70.17652737951302,0.032999999999999995,AR6 World GDP level and trajectory (unrebased),Fixed original NATO GDP share = 0.5018,MIGRATION 1.0,SSP3-7.0_zeromig,0.0,2.315825403523929,70.17652737951302,0.0,0.0,11.227906153726448,0.0,0.0
2030,SA1_AR6_fixed_split,SSP3-7.0,S0,Baseline,0.033,149.0356283991709,74.78607833070396,74.24955006846693,0.5018,0.027,0.022985547972701727,2.0192241149290067,1.7066665950502655,3.7258907099792724,0.6306305973322774,0.47383044881143144,0.4777504525244526,0.953992000684192,2.3496606840290117,68.85217822594105,71.20183890997006,71.20183890997005,0.032999999999999995,AR6 World GDP level and trajectory (unrebased),Fixed original NATO GDP share = 0.5018,MIGRATION 1.0,SSP3-7.0_zeromig,1.4210854715202004e-14,2.3496606840290117,71.20183890997006,0.0,0.0,13.577566837755459,0.0,0.0
2031,SA1_AR6_fixed_split,SSP3-7.0,S0,Baseline,0.033,151.81959450515436,76.18307252268646,75.6365219824679,0.5018,0.027,0.022985547972701727,2.0569429581125345,1.7385469045163247,3.795489862628859,0.6237120856202252,0.46863215757168436,0.47250915577289787,0.9435259610440949,2.3672928981706676,69.3688555312435,71.73614842941416,71.73614842941417,0.03300000000000001,AR6 World GDP level and trajectory (unrebased),Fixed original NATO GDP share = 0.5018,MIGRATION 1.0,SSP3-7.0_zeromig,-1.4210854715202004e-14,2.3672928981706676,71.73614842941416,0.0,0.0,15.944859735926126,0.0,0.0
2032,SA1_AR6_fixed_split,SSP3-7.0,S0,Baseline,0.033,154.65556473500078,77.60616238402339,77.04940235097739,0.5018,0.027,0.022985547972701727,2.0953663843686314,1.771022734006388,3.8663891183750194,0.617120501606805,0.46367950664629404,0.46751553152030684,0.9335544841648541,2.3860279921386844,69.91785055751842,72.3038785496571,72.30387854965711,0.033,AR6 World GDP level and trajectory (unrebased),Fixed original NATO GDP share = 0.5018,MIGRATION 1.0,SSP3-7.0_zeromig,-1.4210854715202004e-14,2.3860279921386844,72.3038785496571,0.0,0.0,18.33088772806481,0.0,0.0
2033,SA1_AR6_fixed_split,SSP3-7.0,S0,Baseline,0.033,157.54451051896345,79.05583537841586,78.48867514054758,0.5018,0.027,0.022985547972701727,2.1345075552172283,1.804105207756858,3.9386127629740866,0.6102942219388422,0.4585505148522614,0.46234410752942595,0.9232279693632921,2.4037126116976637,70.43606350035274,72.8397761120504,72.83977611205042,0.03300000000000001,AR6 World GDP level and trajectory (unrebased),Fixed original NATO GDP share = 0.5018,MIGRATION 1.0,SSP3-7.0_zeromig,-1.4210854715202004e-14,2.4037126116976637,72.8397761120504,0.0,0.0,20.734600339762473,0.0,0.0
2034,SA1_AR6_fixed_split,SSP3-7.0,S0,Baseline,0.033,160.48742143348534,80.53258807532295,79.95483335816239,0.5018,0.027,0.022985547972701727,2.1743798780337196,1.8378056578034139,4.012185535837133,0.6035105064147404,0.4534535040427769,0.45720492910207605,0.9129658438459339,2.421396124562965,70.95424401370869,73.37564013827165,73.37564013827166,0.03300000000000001,AR6 World GDP level and trajectory (unrebased),Fixed original NATO GDP share = 0.5018,MIGRATION 1.0,SSP3-7.0_zeromig,-1.4210854715202004e-14,2.421396124562965,73.37564013827165,0.0,0.0,23.15599646432544,0.0,0.0
2035,SA1_AR6_fixed_split,SSP3-7.0,S0,Baseline,0.033,163.48530554016915,82.03692632005688,81.44837922011227,0.5018,0.027,0.022985547972701727,2.2149970106415355,1.872135627862693,4.087132638504229,0.5968024762618647,0.4484133601749985,0.4521230880771702,0.9028182120417322,2.439210879470012,71.47627031659097,73.91548119606098,73.91548119606098,0.032999999999999995,AR6 World GDP level and trajectory (unrebased),Fixed original NATO GDP share = 0.5018,MIGRATION 1.0,SSP3-7.0_zeromig,0.0,2.439210879470012,73.91548119606098,0.0,0.0,25.59520734379545,0.0,0.0
2036,SA1_AR6_fixed_split,SSP3-7.0,S0,Baseline,0.033,166.0319077353614,83.31481130160435,82.71709643375704,0.5018,0.027,0.022985547972701727,2.2494999051433173,1.9012977882407172,4.1507976933840345,0.5883802809306836,0.44208526158505906,0.4457426370686997,0.8900774617385669,2.4422475129197316,71.5652528785873,74.00750039150704,74.00750039150702,0.032999999999999995,AR6 World GDP level and trajectory (unrebased),Fixed original NATO GDP share = 0.5018,MIGRATION 1.0,SSP3-7.0_zeromig,1.4210854715202004e-14,2.4422475129197316,74.00750039150704,0.0,0.0,28.037454856715183,0.0,0.0
2037,SA1_AR6_fixed_split,SSP3-7.0,S0,Baseline,0.033,168.61817822195806,84.61260183177856,84.0055763901795,0.5018,0.027,0.022985547972701727,2.284540249458021,1.9309142060909303,4.215454455548952,0.5844020691620777,0.43909619337974287,0.44272884027430126,0.8840593867825907,2.463520306281307,72.18861018709163,74.65213049337294,74.65213049337294,0.033,AR6 World GDP level and trajectory (unrebased),Fixed original NATO GDP share = 0.5018,MIGRATION 1.0,SSP3-7.0_zeromig,0.0,2.463520306281307,74.65213049337294,0.0,0.0,30.50097516299649,0.0,0.0
2038,SA1_AR6_fixed_split,SSP3-7.0,S0,Baseline,0.033,171.24473491089452,85.93060797828687,85.31412693260765,0.5018,0.027,0.022985547972701727,2.3201264154137453,1.9609919573586176,4.281118372772363,0.5799063818259454,0.43571831486067536,0.43932301653480715,0.8772584960957285,2.4826478657230004,72.74910564103457,75.23175350675757,75.23175350675758,0.03300000000000001,AR6 World GDP level and trajectory (unrebased),Fixed original NATO GDP share = 0.5018,MIGRATION 1.0,SSP3-7.0_zeromig,-1.4210854715202004e-14,2.4826478657230004,75.23175350675757,0.0,0.0,32.98362302871949,0.0,0.0
2039,SA1_AR6_fixed_split,SSP3-7.0,S0,Baseline,0.033,173.91220533827186,87.26914463874482,86.64306069952704,0.5018,0.027,0.022985547972701727,2.3562669052461103,1.9915382282106864,4.347805133456797,0.5753711207526082,0.4323107022282612,0.4358872126913699,0.8703977398887182,2.5016015124509807,73.30450492545751,75.80610643790848,75.8061064379085,0.03300000000000001,AR6 World GDP level and trajectory (unrebased),Fixed original NATO GDP share = 0.5018,MIGRATION 1.0,SSP3-7.0_zeromig,-1.4210854715202004e-14,2.5016015124509807,75.80610643790848,0.0,0.0,35.485224541170474,0.0,0.0
2040,SA1_AR6_fixed_split,SSP3-7.0,S0,Baseline,0.033,176.62122681528984,88.62853161591245,87.9926951993774,0.5018,0.027,0.022985547972701727,2.3929703536296363,2.02256031675261,4.415530670382246,0.5714630537860922,0.42937433800400243,0.43292655589855467,0.8644857771010482,2.5233126409827893,73.94070678273809,76.46401942372088,76.46401942372088,0.033,AR6 World GDP level and trajectory (unrebased),Fixed original NATO GDP share = 0.5018,MIGRATION 1.0,SSP3-7.0_zeromig,0.0,2.5233126409827893,76.46401942372088,0.0,0.0,38.00853718215326,0.0,0.0
2041,SA1_AR6_fixed_split,SSP3-7.0,S0,Baseline,0.033,178.90912044074537,89.77659663716604,89.13252380357933,0.5018,0.027,0.022985547972701727,2.423968109203483,2.0487599018151514,4.472728011018635,0.5672815784382116,0.4262325457263019,0.42975877154409964,0.8581602133719632,2.537296206015454,74.35046761263465,76.8877638186501,76.8877638186501,0.03300000000000001,AR6 World GDP level and trajectory (unrebased),Fixed original NATO GDP share = 0.5018,MIGRATION 1.0,SSP3-7.0_zeromig,0.0,2.537296206015454,76.8877638186501,0.0,0.0,40.54583338816872,0.0,0.0
2042,SA1_AR6_fixed_split,SSP3-7.0,S0,Baseline,0.033,181.22665069219272,90.93953331734231,90.28711737485041,0.5018,0.027,0.022985547972701727,2.4553673995682423,2.0752988677365756,4.530666267304818,0.5621319174341688,0.42236329771471737,0.42585751320770365,0.8503700182484247,2.546832116094366,74.629898674644,77.17673079073836,77.17673079073836,0.033,AR6 World GDP level and trajectory (unrebased),Fixed original NATO GDP share = 0.5018,MIGRATION 1.0,SSP3-7.0_zeromig,0.0,2.546832116094366,77.17673079073836,0.0,0.0,43.09266550426308,0.0,0.0
2043,SA1_AR6_fixed_split,SSP3-7.0,S0,Baseline,0.033,183.5742014727959,92.11753429904898,91.45666717374691,0.5018,0.027,0.022985547972701727,2.4871734260743223,2.102181610745575,4.589355036819898,0.5571539139818114,0.4186230262784861,0.4220862984710692,0.8428394996008731,2.556977121416346,74.92717807301837,77.48415519443472,77.48415519443472,0.033,AR6 World GDP level and trajectory (unrebased),Fixed original NATO GDP share = 0.5018,MIGRATION 1.0,SSP3-7.0_zeromig,0.0,2.556977121416346,77.48415519443472,0.0,0.0,45.64964262567943,0.0,0.0
2044,SA1_AR6_fixed_split,SSP3-7.0,S0,Baseline,0.033,185.95216165867362,93.31079472032242,92.6413669383512,0.5018,0.027,0.022985547972701727,2.5193914574487053,2.129412584018135,4.648804041466841,0.5519540483986101,0.4147160565667878,0.4181470063625834,0.8349733570572164,2.5659262108994425,75.18941351332609,77.75533972422554,77.75533972422554,0.032999999999999995,AR6 World GDP level and trajectory (unrebased),Fixed original NATO GDP share = 0.5018,MIGRATION 1.0,SSP3-7.0_zeromig,0.0,2.5659262108994425,77.75533972422554,0.0,0.0,48.21556883657887,0.0,0.0
2045,SA1_AR6_fixed_split,SSP3-7.0,S0,Baseline,0.033,188.36092516332008,94.51951224695402,93.84141291636605,0.5018,0.027,0.022985547972701727,2.5520268306677587,2.1569962984152435,4.709023129083002,0.5468178780818234,0.41085694491462565,0.4142559682438056,0.8272035700898639,2.5749780352833955,75.45465939754678,78.02963743283017,78.02963743283017,0.033,AR6 World GDP level and trajectory (unrebased),Fixed original NATO GDP share = 0.5018,MIGRATION 1.0,SSP3-7.0_zeromig,0.0,2.5749780352833955,78.02963743283017,0.0,0.0,50.79054687186226,0.0,0.0
2046,SA1_AR6_fixed_split,SSP3-7.0,S0,Baseline,0.033,190.33151516008925,95.5083543073328,94.82316085275646,0.5018,0.027,0.022985547972701727,2.5787255662979853,2.179562312704246,4.758287879002231,0.5431119178973898,0.40807243559190043,0.4114484226495377,0.8215973461201427,2.5842828558728046,75.72731883724248,78.31160169311528,78.31160169311529,0.03300000000000001,AR6 World GDP level and trajectory (unrebased),Fixed original NATO GDP share = 0.5018,MIGRATION 1.0,SSP3-7.0_zeromig,-1.4210854715202004e-14,2.5842828558728046,78.31160169311528,0.0,0.0,53.37482972773507,0.0,0.0
2047,SA1_AR6_fixed_split,SSP3-7.0,S0,Baseline,0.033,192.32272102998604,96.507541412847,95.81517961713904,0.5018,0.027,0.022985547972701727,2.605703618146869,2.202364407602782,4.808068025749651,0.5397249580840225,0.4055276103086634,0.4088825440030474,0.8164736927765536,2.5950343136628593,76.04236913066622,78.63740344432908,78.63740344432908,0.032999999999999995,AR6 World GDP level and trajectory (unrebased),Fixed original NATO GDP share = 0.5018,MIGRATION 1.0,SSP3-7.0_zeromig,0.0,2.5950343136628593,78.63740344432908,0.0,0.0,55.969864041397926,0.0,0.0
2048,SA1_AR6_fixed_split,SSP3-7.0,S0,Baseline,0.033,194.334758451678,97.51718179105202,96.81757666062597,0.5018,0.027,0.022985547972701727,2.6329639083584047,2.2254050529335454,4.85836896129195,0.5362151684023869,0.40289049560614465,0.4062236124260507,0.811164227465913,2.605131130740092,76.33823646744453,78.94336759818462,78.94336759818462,0.032999999999999995,AR6 World GDP level and trajectory (unrebased),Fixed original NATO GDP share = 0.5018,MIGRATION 1.0,SSP3-7.0_zeromig,0.0,2.605131130740092,78.94336759818462,0.0,0.0,58.57499517213802,0.0,0.0
2049,SA1_AR6_fixed_split,SSP3-7.0,S0,Baseline,0.033,196.36784536021483,98.5373848017558,97.83046055845902,0.5018,0.027,0.022985547972701727,2.6605093896474066,2.248686744357964,4.90919613400537,0.5322550862129098,0.3999150492368949,0.40322355016129535,0.8051735781907359,2.612944611541112,76.56719513212894,79.18013974367005,79.18013974367007,0.033,AR6 World GDP level and trajectory (unrebased),Fixed original NATO GDP share = 0.5018,MIGRATION 1.0,SSP3-7.0_zeromig,-1.4210854715202004e-14,2.612944611541112,79.18013974367005,0.0,0.0,61.187939783679134,0.0,0.0
2050,SA1_AR6_fixed_split,SSP3-7.0,S0,Baseline,0.033,198.4222019706341,99.5682609488642,98.8539410217699,0.5018,0.027,0.022985547972701727,2.6883430456193333,2.272212003646519,4.960555049265853,0.5284925622828559,0.3970880401923245,0.4003731532445878,0.7994817869157194,2.621616448331669,76.82130622838557,79.44292267671723,79.44292267671723,0.03300000000000001,AR6 World GDP level and trajectory (unrebased),Fixed original NATO GDP share = 0.5018,MIGRATION 1.0,SSP3-7.0_zeromig,0.0,2.621616448331669,79.44292267671723,0.0,0.0,63.8095562320108,0.0,0.0
2025,SA1_AR6_fixed_split,SSP3-7.0,S1,"NATO→3.5%, nonNATO holds",0.033,131.57368822870808,66.02367675316572,65.55001147554236,0.5018,0.027,0.022985547972701727,1.7826392723354743,1.5067029333822277,3.289342205717702,0.6610439048545443,0.49668178398938956,0.5007908370110185,1.0,2.1743996160704895,63.71649784061101,65.8908974566815,65.8908974566815,0.033,AR6 World GDP level and trajectory (unrebased),Fixed original NATO GDP share = 0.5018,MIGRATION 1.0,SSP3-7.0_zeromig,0.0,2.1743996160704895,65.8908974566815,0.0,0.0,2.1743996160704895,0.0,0.0
2026,SA1_AR6_fixed_split,SSP3-7.0,S1,"NATO→3.5%, nonNATO holds",0.033,134.8941946705815,67.6899068856978,67.2042877848837,0.5018,0.02740877593256891,0.022985547972701727,1.8552974907265443,1.544727380850697,3.400024871577241,0.6553251689882162,0.4923849560307732,0.4964584613547093,0.9913489318571261,2.228121873530494,64.74575101478574,66.97387288831624,66.96936433183951,0.03326852364124213,AR6 World GDP level and trajectory (unrebased),Fixed original NATO GDP share = 0.5018,MIGRATION 1.0,SSP3-7.0_zeromig,0.004508556476721992,2.2099890229507038,66.96936433183951,0.018132850579790194,0.004508556476721992,4.402521489600984,0.018132850579790194,0.004508556476721992
2027,SA1_AR6_fixed_split,SSP3-7.0,S1,"NATO→3.5%, nonNATO holds",0.033,138.29850026089372,69.39818743091647,68.90031282997725,0.5018,0.028005016140972137,0.022985547972701727,1.9434973591570253,1.5837114458875985,3.5272088050446238,0.6496442600139989,0.4881165496764079,0.49215474243484764,0.9827550866790704,2.2914309540680757,65.78409778086261,68.07552873493069,68.06426277502585,0.03366012716537748,AR6 World GDP level and trajectory (unrebased),Fixed original NATO GDP share = 0.5018,MIGRATION 1.0,SSP3-7.0_zeromig,0.011265959904832812,2.246120671575853,68.06426277502585,0.04531028249222269,0.011265959904832812,6.693952443669059,0.06344313307201288,0.015774516381554804
2028,SA1_AR6_fixed_split,SSP3-7.0,S1,"NATO→3.5%, nonNATO holds",0.033,141.78871982682614,71.14957960910137,70.63914021772477,0.5018,0.028820930945768986,0.022985547972701727,2.0505971207344036,1.6236793462249166,3.67427646695932,0.6436538653828238,0.4836156082557813,0.4876165646839574,0.9736930643426066,2.3649622504435115,66.79430053439064,69.15926278483416,69.13852847289309,0.03419588577456787,AR6 World GDP level and trajectory (unrebased),Fixed original NATO GDP share = 0.5018,MIGRATION 1.0,SSP3-7.0_zeromig,0.02073431194106945,2.2815714396054716,69.13852847289307,0.0833908108380399,0.02073431194108366,9.05891469411257,0.14683394391005278,0.036508828322638465
2029,SA1_AR6_fixed_split,SSP3-7.0,S1,"NATO→3.5%, nonNATO holds",0.033,145.36702156715262,72.9451714223972,72.42185014475542,0.5018,0.029845109579542582,0.022985547972701727,2.177056634399962,1.6646559107740913,3.8417125451740537,0.6372354275564843,0.4787930524064649,0.48275411178521543,0.9639835158856827,2.4480753362730976,67.76133469940132,70.20941003567441,70.17652737951302,0.03486819409291711,AR6 World GDP level and trajectory (unrebased),Fixed original NATO GDP share = 0.5018,MIGRATION 1.0,SSP3-7.0_zeromig,0.032882656161390855,2.315825403523929,70.17652737951302,0.1322499327491684,0.032882656161390855,11.50699003038567,0.2790838766592212,0.06939148448402932
2030,SA1_AR6_fixed_split,SSP3-7.0,S1,"NATO→3.5%, nonNATO holds",0.033,149.0356283991709,74.78607833070396,74.24955006846693,0.5018,0.030999999999995285,0.022985547972701727,2.3183684282514703,1.7066665950502655,4.025035023301736,0.6306305973322774,0.47383044881143144,0.4777504525244526,0.953992000684192,2.538310241028111,68.71043454170007,71.24874478272818,71.20183890997005,0.035626034518483715,AR6 World GDP level and trajectory (unrebased),Fixed original NATO GDP share = 0.5018,MIGRATION 1.0,SSP3-7.0_zeromig,0.046905872758131295,2.3496606840290117,71.20183890997006,0.18864955699909913,0.046905872758117084,14.04530027141378,0.4677334336583203,0.1162973572421464
2031,SA1_AR6_fixed_split,SSP3-7.0,S1,"NATO→3.5%, nonNATO holds",0.033,151.81959450515436,76.18307252268646,75.6365219824679,0.5018,0.03215489042044799,0.022985547972701727,2.449658348860025,1.7385469045163247,4.18820525337635,0.6237120856202252,0.46863215757168436,0.47250915577289787,0.9435259610440949,2.612234233588947,69.1848164703659,71.79705070395485,71.73614842941417,0.03638358690192068,AR6 World GDP level and trajectory (unrebased),Fixed original NATO GDP share = 0.5018,MIGRATION 1.0,SSP3-7.0_zeromig,0.06090227454068042,2.3672928981706676,71.73614842941416,0.24494133541827923,0.060902274540694634,16.657534505002726,0.7126747690765995,0.17719963178284104
2032,SA1_AR6_fixed_split,SSP3-7.0,S1,"NATO→3.5%, nonNATO holds",0.033,154.65556473500078,77.60616238402339,77.04940235097739,0.5018,0.033179069054221584,0.022985547972701727,2.5749002207726455,1.771022734006388,4.3459229547790335,0.617120501606805,0.46367950664629404,0.46751553152030684,0.9335544841648541,2.681958153797765,69.6955005448344,72.37745869863217,72.30387854965711,0.03705515780769532,AR6 World GDP level and trajectory (unrebased),Fixed original NATO GDP share = 0.5018,MIGRATION 1.0,SSP3-7.0_zeromig,0.07358014897505427,2.3860279921386844,72.3038785496571,0.2959301616590806,0.07358014897506848,19.33949265880049,1.0086049307356801,0.2507797807579095
2033,SA1_AR6_fixed_split,SSP3-7.0,S1,"NATO→3.5%, nonNATO holds",0.033,157.54451051896345,79.05583537841586,78.48867514054758,0.5018,0.03399498385901843,0.022985547972701727,2.6875018476504655,1.804105207756858,4.491607055407323,0.6102942219388422,0.4585505148522614,0.46234410752942595,0.9232279693632921,2.7412018331348262,70.18248768284712,72.92368951598195,72.83977611205042,0.03759000472040111,AR6 World GDP level and trajectory (unrebased),Fixed original NATO GDP share = 0.5018,MIGRATION 1.0,SSP3-7.0_zeromig,0.08391340393153257,2.4037126116976637,72.8397761120504,0.33748922143716253,0.08391340393154678,22.08069449193532,1.3460941521728427,0.3346931846894563
2034,SA1_AR6_fixed_split,SSP3-7.0,S1,"NATO→3.5%, nonNATO holds",0.033,160.48742143348534,80.53258807532295,79.95483335816239,0.5018,0.034591224067421655,0.022985547972701727,2.785720798842865,1.8378056578034139,4.623526456646279,0.6035105064147404,0.4534535040427769,0.45720492910207605,0.9129658438459339,2.790346793272546,70.67702933100304,73.46737612427559,73.37564013827166,0.037980760175134944,AR6 World GDP level and trajectory (unrebased),Fixed original NATO GDP share = 0.5018,MIGRATION 1.0,SSP3-7.0_zeromig,0.09173598600392552,2.421396124562965,73.37564013827165,0.36895066870958093,0.09173598600393973,24.871041285207863,1.7150448208824236,0.42642917069339603
2035,SA1_AR6_fixed_split,SSP3-7.0,S1,"NATO→3.5%, nonNATO holds",0.033,163.48530554016915,82.03692632005688,81.44837922011227,0.5018,0.03499999999999057,0.022985547972701727,2.8712924212012174,1.872135627862693,4.74342804906391,0.5968024762618647,0.4484133601749985,0.4521230880771702,0.9028182120417322,2.8308896056513273,71.18197868627446,74.01286829192578,73.91548119606098,0.038248613666552835,AR6 World GDP level and trajectory (unrebased),Fixed original NATO GDP share = 0.5018,MIGRATION 1.0,SSP3-7.0_zeromig,0.09738709586480354,2.439210879470012,73.91548119606098,0.3916787261813153,0.09738709586480354,27.70193089085919,2.106723547063739,0.5238162665581996
2036,SA1_AR6_fixed_split,SSP3-7.0,S1,"NATO→3.5%, nonNATO holds",0.033,166.0319077353614,83.31481130160435,82.71709643375704,0.5018,0.035,0.022985547972701727,2.9160183955561525,1.9012977882407172,4.817316183796869,0.5883802809306836,0.44208526158505906,0.4457426370686997,0.8900774617385669,2.8344138495543305,71.27059487740186,74.10500872695619,74.00750039150702,0.038248613666559,AR6 World GDP level and trajectory (unrebased),Fixed original NATO GDP share = 0.5018,MIGRATION 1.0,SSP3-7.0_zeromig,0.09750833544916304,2.4422475129197316,74.00750039150704,0.3921663366345989,0.09750833544914883,30.536344740413522,2.4988898836983378,0.6213246020073484
2037,SA1_AR6_fixed_split,SSP3-7.0,S1,"NATO→3.5%, nonNATO holds",0.033,168.61817822195806,84.61260183177856,84.0055763901795,0.5018,0.035,0.022985547972701727,2.96144106411225,1.9309142060909303,4.89235527020318,0.5844020691620777,0.43909619337974287,0.44272884027430126,0.8840593867825907,2.8591025429827344,71.89138561608131,74.75048815906405,74.65213049337294,0.03824861366655901,AR6 World GDP level and trajectory (unrebased),Fixed original NATO GDP share = 0.5018,MIGRATION 1.0,SSP3-7.0_zeromig,0.09835766569111115,2.463520306281307,74.65213049337294,0.39558223670142745,0.09835766569111115,33.39544728339626,2.894472120399765,0.7196822676984596
2038,SA1_AR6_fixed_split,SSP3-7.0,S1,"NATO→3.5%, nonNATO holds",0.033,171.24473491089452,85.93060797828687,85.31412693260765,0.5018,0.035,0.022985547972701727,3.007571279240041,1.9609919573586176,4.9685632365986585,0.5799063818259454,0.43571831486067536,0.43932301653480715,0.8772584960957285,2.881301529409337,72.44957332340854,75.33087485281789,75.23175350675758,0.03824861366655902,AR6 World GDP level and trajectory (unrebased),Fixed original NATO GDP share = 0.5018,MIGRATION 1.0,SSP3-7.0_zeromig,0.09912134606030065,2.4826478657230004,75.23175350675757,0.3986536636863365,0.09912134606031486,36.27674881280559,3.2931257840861017,0.8188036137587744
2039,SA1_AR6_fixed_split,SSP3-7.0,S1,"NATO→3.5%, nonNATO holds",0.033,173.91220533827186,87.26914463874482,86.64306069952704,0.5018,0.035,0.022985547972701727,3.054420062356069,1.9915382282106864,5.045958290566755,0.5753711207526082,0.4323107022282612,0.4358872126913699,0.8703977398887182,2.903298676914309,73.00268584384443,75.90598452075874,75.8061064379085,0.038248613666559,AR6 World GDP level and trajectory (unrebased),Fixed original NATO GDP share = 0.5018,MIGRATION 1.0,SSP3-7.0_zeromig,0.09987808285023902,2.5016015124509807,75.80610643790848,0.40169716446332826,0.09987808285025324,39.180047489719904,3.69482294854943,0.9186816966090277
2040,SA1_AR6_fixed_split,SSP3-7.0,S1,"NATO→3.5%, nonNATO holds",0.033,176.62122681528984,88.62853161591245,87.9926951993774,0.5018,0.035,0.022985547972701727,3.1019986065569363,2.02256031675261,5.1245589233095465,0.5714630537860922,0.42937433800400243,0.43292655589855467,0.8644857771010482,2.928496091621242,73.6362682460113,76.56476433763254,76.46401942372088,0.03824861366655902,AR6 World GDP level and trajectory (unrebased),Fixed original NATO GDP share = 0.5018,MIGRATION 1.0,SSP3-7.0_zeromig,0.10074491391165452,2.5233126409827893,76.46401942372088,0.40518345063845285,0.10074491391165452,42.108543581341145,4.100006399187883,1.0194266105206822
2041,SA1_AR6_fixed_split,SSP3-7.0,S1,"NATO→3.5%, nonNATO holds",0.033,178.90912044074537,89.77659663716604,89.13252380357933,0.5018,0.035,0.022985547972701727,3.1421808823008117,2.0487599018151514,5.190940784115963,0.5672815784382116,0.4262325457263019,0.42975877154409964,0.8581602133719632,2.944725081592591,74.04434195398423,76.98906703557682,76.8877638186501,0.038248613666559,AR6 World GDP level and trajectory (unrebased),Fixed original NATO GDP share = 0.5018,MIGRATION 1.0,SSP3-7.0_zeromig,0.1013032169267234,2.537296206015454,76.8877638186501,0.4074288755771369,0.1013032169267234,45.05326866293373,4.50743527476502,1.1207298274474056
2042,SA1_AR6_fixed_split,SSP3-7.0,S1,"NATO→3.5%, nonNATO holds",0.033,181.22665069219272,90.93953331734231,90.28711737485041,0.5018,0.035,0.022985547972701727,3.182883666106981,2.0752988677365756,5.258182533843557,0.5621319174341688,0.42236329771471737,0.42585751320770365,0.8503700182484247,2.955792229968335,74.32262250516759,77.27841473513593,77.17673079073836,0.038248613666559,AR6 World GDP level and trajectory (unrebased),Fixed original NATO GDP share = 0.5018,MIGRATION 1.0,SSP3-7.0_zeromig,0.10168394439756412,2.546832116094366,77.17673079073836,0.4089601138739689,0.10168394439756412,48.00906089290207,4.916395388638989,1.2224137718449697
2043,SA1_AR6_fixed_split,SSP3-7.0,S1,"NATO→3.5%, nonNATO holds",0.033,183.5742014727959,92.11753429904898,91.45666717374691,0.5018,0.035,0.022985547972701727,3.224113700466715,2.102181610745575,5.32629531121229,0.5571539139818114,0.4186230262784861,0.4220862984710692,0.8428394996008731,2.967566279664897,74.61867790516574,77.58624418483063,77.48415519443472,0.038248613666559,AR6 World GDP level and trajectory (unrebased),Fixed original NATO GDP share = 0.5018,MIGRATION 1.0,SSP3-7.0_zeromig,0.10208899039591302,2.556977121416346,77.48415519443472,0.410589158248551,0.10208899039591302,50.976627172566964,5.326984546887539,1.3245027622408827
2044,SA1_AR6_fixed_split,SSP3-7.0,S1,"NATO→3.5%, nonNATO holds",0.033,185.95216165867362,93.31079472032242,92.6413669383512,0.5018,0.035,0.022985547972701727,3.265877815211285,2.129412584018135,5.39529039922942,0.5519540483986101,0.4147160565667878,0.4181470063625834,0.8349733570572164,2.9779523781408317,74.87983363475388,77.8577860128947,77.75533972422554,0.03824861366655902,AR6 World GDP level and trajectory (unrebased),Fixed original NATO GDP share = 0.5018,MIGRATION 1.0,SSP3-7.0_zeromig,0.10244628866917083,2.5659262108994425,77.75533972422554,0.4120261672413892,0.10244628866917083,53.9545795507078,5.739010714128929,1.4269490509100535
2045,SA1_AR6_fixed_split,SSP3-7.0,S1,"NATO→3.5%, nonNATO holds",0.033,188.36092516332008,94.51951224695402,93.84141291636605,0.5018,0.035,0.022985547972701727,3.308182928643391,2.1569962984152435,5.465179227058634,0.5468178780818234,0.41085694491462565,0.4142559682438056,0.8272035700898639,2.988457708277062,75.14398741325394,78.132445121531,78.02963743283017,0.038248613666558996,AR6 World GDP level and trajectory (unrebased),Fixed original NATO GDP share = 0.5018,MIGRATION 1.0,SSP3-7.0_zeromig,0.10280768870083534,2.5749780352833955,78.02963743283017,0.4134796729936663,0.10280768870083534,56.94303725898486,6.1524903871225955,1.5297567396108889
2046,SA1_AR6_fixed_split,SSP3-7.0,S1,"NATO→3.5%, nonNATO holds",0.033,190.33151516008925,95.5083543073328,94.82316085275646,0.5018,0.035,0.022985547972701727,3.342792400756648,2.179562312704246,5.522354713460894,0.5431119178973898,0.40807243559190043,0.4114484226495377,0.8215973461201427,2.9992566597374366,75.41552422314994,78.41478088288738,78.31160169311529,0.03824861366655901,AR6 World GDP level and trajectory (unrebased),Fixed original NATO GDP share = 0.5018,MIGRATION 1.0,SSP3-7.0_zeromig,0.10317918977209217,2.5842828558728046,78.31160169311528,0.414973803864632,0.10317918977210638,59.9422939187223,6.567464190987227,1.6329359293829953
2047,SA1_AR6_fixed_split,SSP3-7.0,S1,"NATO→3.5%, nonNATO holds",0.033,192.32272102998604,96.507541412847,95.81517961713904,0.5018,0.035,0.022985547972701727,3.3777639494496454,2.202364407602782,5.580128357052427,0.5397249580840225,0.4055276103086634,0.4088825440030474,0.8164736927765536,3.0117345436135867,75.72927734949889,78.74101189311247,78.63740344432908,0.038248613666559,AR6 World GDP level and trajectory (unrebased),Fixed original NATO GDP share = 0.5018,MIGRATION 1.0,SSP3-7.0_zeromig,0.10360844878339037,2.5950343136628593,78.63740344432908,0.4167002299507274,0.10360844878339037,62.954028462335884,6.9841644209379545,1.7365443781663856
2048,SA1_AR6_fixed_split,SSP3-7.0,S1,"NATO→3.5%, nonNATO holds",0.033,194.334758451678,97.51718179105202,96.81757666062597,0.5018,0.035,0.022985547972701727,3.413101362686821,2.2254050529335454,5.638506415620366,0.5362151684023869,0.40289049560614465,0.4062236124260507,0.811164227465913,3.023452667189814,76.02392650182925,79.04737916901907,78.94336759818462,0.038248613666559,AR6 World GDP level and trajectory (unrebased),Fixed original NATO GDP share = 0.5018,MIGRATION 1.0,SSP3-7.0_zeromig,0.10401157083444446,2.605131130740092,78.94336759818462,0.4183215364497217,0.10401157083444446,65.9774811295257,7.402485957387676,1.84055594900083
2049,SA1_AR6_fixed_split,SSP3-7.0,S1,"NATO→3.5%, nonNATO holds",0.033,196.36784536021483,98.5373848017558,97.83046055845902,0.5018,0.035,0.022985547972701727,3.4488084680614537,2.248686744357964,5.697495212419417,0.5322550862129098,0.3999150492368949,0.40322355016129535,0.8051735781907359,3.032520805483938,76.25194246737159,79.28446327285553,79.18013974367007,0.03824861366655901,AR6 World GDP level and trajectory (unrebased),Fixed original NATO GDP share = 0.5018,MIGRATION 1.0,SSP3-7.0_zeromig,0.10432352918546428,2.612944611541112,79.18013974367005,0.41957619394282597,0.10432352918547849,69.01000193500964,7.822062151330503,1.9448794781863086
2050,SA1_AR6_fixed_split,SSP3-7.0,S1,"NATO→3.5%, nonNATO holds",0.033,198.4222019706341,99.5682609488642,98.8539410217699,0.5018,0.035,0.022985547972701727,3.484889133210247,2.272212003646519,5.757101136856766,0.5284925622828559,0.3970880401923245,0.4003731532445878,0.7994817869157194,3.042585131138975,76.50500730354123,79.54759243468021,79.44292267671723,0.038248613666559,AR6 World GDP level and trajectory (unrebased),Fixed original NATO GDP share = 0.5018,MIGRATION 1.0,SSP3-7.0_zeromig,0.10466975796298073,2.621616448331669,79.44292267671723,0.42096868280730604,0.10466975796298073,72.0525870661486,8.243030834137809,2.0495492361492893
2025,SA1_AR6_fixed_split,SSP3-7.0,S2,"NATO→3.5%, nonNATO→3.5%",0.033,131.57368822870808,66.02367675316572,65.55001147554236,0.5018,0.027,0.022985547972701727,1.7826392723354743,1.5067029333822277,3.289342205717702,0.6610439048545443,0.49668178398938956,0.5007908370110185,1.0,2.1743996160704895,63.71649784061101,65.8908974566815,65.8908974566815,0.033,AR6 World GDP level and trajectory (unrebased),Fixed original NATO GDP share = 0.5018,MIGRATION 1.0,SSP3-7.0_zeromig,0.0,2.1743996160704895,65.8908974566815,0.0,0.0,2.1743996160704895,0.0,0.0
2026,SA1_AR6_fixed_split,SSP3-7.0,S2,"NATO→3.5%, nonNATO→3.5%",0.033,134.8941946705815,67.6899068856978,67.2042877848837,0.5018,0.02740877593256891,0.023599450326672138,1.8552974907265443,1.585984251318742,3.4412817420452866,0.6553251689882162,0.4923849560307732,0.4964584613547093,0.9913489318571261,2.2551585391418905,64.72543675243436,66.98059529157625,66.96936433183951,0.033668833926077515,AR6 World GDP level and trajectory (unrebased),Fixed original NATO GDP share = 0.5018,MIGRATION 1.0,SSP3-7.0_zeromig,0.011230959736735713,2.2099890229507038,66.96936433183951,0.0451695161911867,0.011230959736735713,4.42955815521238,0.0451695161911867,0.011230959736735713
2027,SA1_AR6_fixed_split,SSP3-7.0,S2,"NATO→3.5%, nonNATO→3.5%",0.033,138.29850026089372,69.39818743091647,68.90031282997725,0.5018,0.028005016140972137,0.024494887749248,1.9434973591570253,1.6877054286583646,3.63120278781539,0.6496442600139989,0.4881165496764079,0.49215474243484764,0.9827550866790704,2.3589900480510986,65.73333659680543,68.09232664485653,68.06426277502585,0.03464399241862723,AR6 World GDP level and trajectory (unrebased),Fixed original NATO GDP share = 0.5018,MIGRATION 1.0,SSP3-7.0_zeromig,0.028063869830674548,2.246120671575853,68.06426277502585,0.11286937647524553,0.028063869830674548,6.7885482032634785,0.15803889266643223,0.03929482956741026
2028,SA1_AR6_fixed_split,SSP3-7.0,S2,"NATO→3.5%, nonNATO→3.5%",0.033,141.78871982682614,71.14957960910137,70.63914021772477,0.5018,0.028820930945768986,0.025720233909322272,2.0505971207344036,1.8168552095532955,3.867452330287699,0.6436538653828238,0.4836156082557813,0.4876165646839574,0.9736930643426066,2.489300641573487,66.70087767174675,69.19017831332025,69.13852847289309,0.035977659000977824,AR6 World GDP level and trajectory (unrebased),Fixed original NATO GDP share = 0.5018,MIGRATION 1.0,SSP3-7.0_zeromig,0.05164984042716014,2.2815714396054716,69.13852847289307,0.20772920196801525,0.051649840427174354,9.277848844836965,0.3657680946344475,0.09094466999458461
2029,SA1_AR6_fixed_split,SSP3-7.0,S2,"NATO→3.5%, nonNATO→3.5%",0.033,145.36702156715262,72.9451714223972,72.42185014475542,0.5018,0.029845109579542582,0.027258352042179364,2.177056634399962,1.974100286791702,4.151156921191664,0.6372354275564843,0.4787930524064649,0.48275411178521543,0.9639835158856827,2.645264255529629,67.61317488205783,70.25843913758746,70.17652737951302,0.03765048424075284,AR6 World GDP level and trajectory (unrebased),Fixed original NATO GDP share = 0.5018,MIGRATION 1.0,SSP3-7.0_zeromig,0.0819117580744404,2.315825403523929,70.17652737951302,0.3294388520056999,0.0819117580744404,11.923113100366594,0.6952069466401474,0.17285642806902501
2030,SA1_AR6_fixed_split,SSP3-7.0,S2,"NATO→3.5%, nonNATO→3.5%",0.033,149.0356283991709,74.78607833070396,74.24955006846693,0.5018,0.030999999999995285,0.028992773986343784,2.3183684282514703,2.1527004237227785,4.471068851974248,0.6306305973322774,0.47383044881143144,0.4777504525244526,0.953992000684192,2.81959282083426,68.49909013247509,71.31868295330935,71.20183890997005,0.03953512185131322,AR6 World GDP level and trajectory (unrebased),Fixed original NATO GDP share = 0.5018,MIGRATION 1.0,SSP3-7.0_zeromig,0.11684404333929876,2.3496606840290117,71.20183890997006,0.4699321368052485,0.11684404333928455,14.742705921200855,1.1651390834453959,0.28970047140830957
2031,SA1_AR6_fixed_split,SSP3-7.0,S2,"NATO→3.5%, nonNATO→3.5%",0.033,151.81959450515436,76.18307252268646,75.6365219824679,0.5018,0.03215489042044799,0.0307271959305082,2.449658348860025,2.3240982304574818,4.7737565793175065,0.6237120856202252,0.46863215757168436,0.47250915577289787,0.9435259610440949,2.977449672329394,68.91040828912114,71.88785796145054,71.73614842941417,0.041417977343629224,AR6 World GDP level and trajectory (unrebased),Fixed original NATO GDP share = 0.5018,MIGRATION 1.0,SSP3-7.0_zeromig,0.15170953203636373,2.3672928981706676,71.73614842941416,0.6101567741587264,0.15170953203637794,17.720155593530247,1.7752958576041222,0.4414100034446875
2032,SA1_AR6_fixed_split,SSP3-7.0,S2,"NATO→3.5%, nonNATO→3.5%",0.033,154.65556473500078,77.60616238402339,77.04940235097739,0.5018,0.033179069054221584,0.032265314063365295,2.5749002207726455,2.4860231652488816,5.060923386021527,0.617120501606805,0.46367950664629404,0.46751553152030684,0.9335544841648541,3.1231995785752145,69.363969497624,72.48716907619921,72.30387854965711,0.043086240204691637,AR6 World GDP level and trajectory (unrebased),Fixed original NATO GDP share = 0.5018,MIGRATION 1.0,SSP3-7.0_zeromig,0.18329052654209477,2.3860279921386844,72.3038785496571,0.73717158643653,0.18329052654210898,20.84335517210546,2.5124674440406523,0.6247005299867965
2033,SA1_AR6_fixed_split,SSP3-7.0,S2,"NATO→3.5%, nonNATO→3.5%",0.033,157.54451051896345,79.05583537841586,78.48867514054758,0.5018,0.03399498385901843,0.033490660223439564,2.6875018476504655,2.628637550520007,5.316139398170472,0.6102942219388422,0.4585505148522614,0.46234410752942595,0.9232279693632921,3.2444091577248733,69.80439795256075,73.04880711028562,72.83977611205042,0.044414266106038096,AR6 World GDP level and trajectory (unrebased),Fixed original NATO GDP share = 0.5018,MIGRATION 1.0,SSP3-7.0_zeromig,0.20903099823520677,2.4037126116976637,72.8397761120504,0.8406965460272096,0.20903099823522098,24.087764329830335,3.353163990067862,0.8337315282220175
2034,SA1_AR6_fixed_split,SSP3-7.0,S2,"NATO→3.5%, nonNATO→3.5%",0.033,160.48742143348534,80.53258807532295,79.95483335816239,0.5018,0.034591224067421655,0.034386097646015426,2.785720798842865,2.7493347071246634,5.535055505967529,0.6035105064147404,0.4534535040427769,0.45720492910207605,0.9129658438459339,3.3404641514401603,70.26369328955154,73.6041574409917,73.37564013827166,0.04538417757336878,AR6 World GDP level and trajectory (unrebased),Fixed original NATO GDP share = 0.5018,MIGRATION 1.0,SSP3-7.0_zeromig,0.2285173027200358,2.421396124562965,73.37564013827165,0.9190680268771954,0.22851730272005,27.428228481270498,4.272232016945058,1.0622488309420675
2035,SA1_AR6_fixed_split,SSP3-7.0,S2,"NATO→3.5%, nonNATO→3.5%",0.033,163.48530554016915,82.03692632005688,81.44837922011227,0.5018,0.03499999999999057,0.03499999999998584,2.8712924212012174,2.8506932727027765,5.721985693903994,0.5968024762618647,0.4484133601749985,0.4521230880771702,0.9028182120417322,3.4148952312568674,70.74318036462678,74.15807559588364,73.91548119606098,0.046048865262712145,AR6 World GDP level and trajectory (unrebased),Fixed original NATO GDP share = 0.5018,MIGRATION 1.0,SSP3-7.0_zeromig,0.2425943998226643,2.439210879470012,73.91548119606098,0.9756843517868554,0.2425943998226643,30.843123712527365,5.247916368731913,1.3048432307647317
2036,SA1_AR6_fixed_split,SSP3-7.0,S2,"NATO→3.5%, nonNATO→3.5%",0.033,166.0319077353614,83.31481130160435,82.71709643375704,0.5018,0.035,0.035,2.9160183955561525,2.8950983751814965,5.811116770737649,0.5883802809306836,0.44208526158505906,0.4457426370686997,0.8900774617385669,3.419146518087625,70.83125028496076,74.25039680304839,74.00750039150702,0.04604886526272746,AR6 World GDP level and trajectory (unrebased),Fixed original NATO GDP share = 0.5018,MIGRATION 1.0,SSP3-7.0_zeromig,0.24289641154136632,2.4422475129197316,74.00750039150704,0.9768990051678932,0.2428964115413521,34.26227023061499,6.224815373899806,1.5477396423060839
2037,SA1_AR6_fixed_split,SSP3-7.0,S2,"NATO→3.5%, nonNATO→3.5%",0.033,168.61817822195806,84.61260183177856,84.0055763901795,0.5018,0.035,0.035,2.96144106411225,2.940195173656283,5.901636237768533,0.5844020691620777,0.43909619337974287,0.44272884027430126,0.8840593867825907,3.44892842879383,71.44821418517273,74.89714261396657,74.65213049337294,0.046048865262727466,AR6 World GDP level and trajectory (unrebased),Fixed original NATO GDP share = 0.5018,MIGRATION 1.0,SSP3-7.0_zeromig,0.24501212059362842,2.463520306281307,74.65213049337294,0.9854081225125233,0.24501212059362842,37.71119865940882,7.210223496412329,1.7927517628997123
2038,SA1_AR6_fixed_split,SSP3-7.0,S2,"NATO→3.5%, nonNATO→3.5%",0.033,171.24473491089452,85.93060797828687,85.31412693260765,0.5018,0.035,0.035,3.007571279240041,2.985994442641268,5.993565721881309,0.5799063818259454,0.43571831486067536,0.43932301653480715,0.8772584960957285,3.4757070120122004,72.0029609677932,75.4786679798054,75.23175350675758,0.046048865262727466,AR6 World GDP level and trajectory (unrebased),Fixed original NATO GDP share = 0.5018,MIGRATION 1.0,SSP3-7.0_zeromig,0.24691447304780922,2.4826478657230004,75.23175350675757,0.9930591462892,0.24691447304782344,41.186905671421016,8.203282642701529,2.0396662359475357
2039,SA1_AR6_fixed_split,SSP3-7.0,S2,"NATO→3.5%, nonNATO→3.5%",0.033,173.91220533827186,87.26914463874482,86.64306069952704,0.5018,0.035,0.035,3.054420062356069,3.0325071244834465,6.086927186839516,0.5753711207526082,0.4323107022282612,0.4358872126913699,0.8703977398887182,3.502242117431373,72.55266384929898,76.05490596673036,75.8061064379085,0.04604886526272746,AR6 World GDP level and trajectory (unrebased),Fixed original NATO GDP share = 0.5018,MIGRATION 1.0,SSP3-7.0_zeromig,0.24879952882186274,2.5016015124509807,75.80610643790848,1.0006406049803922,0.24879952882187695,44.689147788852395,9.20392324768192,2.2884657647694127
2040,SA1_AR6_fixed_split,SSP3-7.0,S2,"NATO→3.5%, nonNATO→3.5%",0.033,176.62122681528984,88.62853161591245,87.9926951993774,0.5018,0.035,0.035,3.1019986065569363,3.079744331978209,6.1817429385351454,0.5714630537860922,0.42937433800400243,0.43292655589855467,0.8644857771010482,3.5326376973759053,73.1823405593254,76.7149782567013,76.46401942372088,0.046048865262727466,AR6 World GDP level and trajectory (unrebased),Fixed original NATO GDP share = 0.5018,MIGRATION 1.0,SSP3-7.0_zeromig,0.250958832980416,2.5233126409827893,76.46401942372088,1.009325056393116,0.250958832980416,48.2217854862283,10.213248304075037,2.5394245977498286
2041,SA1_AR6_fixed_split,SSP3-7.0,S2,"NATO→3.5%, nonNATO→3.5%",0.033,178.90912044074537,89.77659663716604,89.13252380357933,0.5018,0.035,0.035,3.1421808823008117,3.119638333125277,6.2618192154260885,0.5672815784382116,0.4262325457263019,0.42975877154409964,0.8581602133719632,3.552214688421635,73.58789871404352,77.14011340246515,76.8877638186501,0.046048865262727466,AR6 World GDP level and trajectory (unrebased),Fixed original NATO GDP share = 0.5018,MIGRATION 1.0,SSP3-7.0_zeromig,0.2523495838150467,2.537296206015454,76.8877638186501,1.014918482406181,0.2523495838150467,51.774000174649935,11.228166786481218,2.7917741815648753
2042,SA1_AR6_fixed_split,SSP3-7.0,S2,"NATO→3.5%, nonNATO→3.5%",0.033,181.22665069219272,90.93953331734231,90.28711737485041,0.5018,0.035,0.035,3.182883666106981,3.1600491081197646,6.342932774226746,0.5621319174341688,0.42236329771471737,0.42585751320770365,0.8503700182484247,3.5655649625321124,73.86446381644252,77.43002877897463,77.17673079073836,0.04604886526272746,AR6 World GDP level and trajectory (unrebased),Fixed original NATO GDP share = 0.5018,MIGRATION 1.0,SSP3-7.0_zeromig,0.2532979882362696,2.546832116094366,77.17673079073836,1.0187328464377465,0.2532979882362696,55.33956513718204,12.246899632918964,3.045072169801145
2043,SA1_AR6_fixed_split,SSP3-7.0,S2,"NATO→3.5%, nonNATO→3.5%",0.033,183.5742014727959,92.11753429904898,91.45666717374691,0.5018,0.035,0.035,3.224113700466715,3.2009833510811423,6.425097051547857,0.5571539139818114,0.4186230262784861,0.4220862984710692,0.8428394996008731,3.579767969982884,74.1586941953464,77.73846216532928,77.48415519443472,0.04604886526272746,AR6 World GDP level and trajectory (unrebased),Fixed original NATO GDP share = 0.5018,MIGRATION 1.0,SSP3-7.0_zeromig,0.2543069708945609,2.556977121416346,77.48415519443472,1.022790848566538,0.2543069708945609,58.91933310716493,13.269690481485503,3.299379140695706
2044,SA1_AR6_fixed_split,SSP3-7.0,S2,"NATO→3.5%, nonNATO→3.5%",0.033,185.95216165867362,93.31079472032242,92.6413669383512,0.5018,0.035,0.035,3.265877815211285,3.2424478428422923,6.508325658053577,0.5519540483986101,0.4147160565667878,0.4181470063625834,0.8349733570572164,3.5922966952592197,74.41824004139454,78.01053673665376,77.75533972422554,0.04604886526272746,AR6 World GDP level and trajectory (unrebased),Fixed original NATO GDP share = 0.5018,MIGRATION 1.0,SSP3-7.0_zeromig,0.25519701242822634,2.5659262108994425,77.75533972422554,1.0263704843597772,0.25519701242822634,62.511629802424146,14.29606096584528,3.554576153123932
2045,SA1_AR6_fixed_split,SSP3-7.0,S2,"NATO→3.5%, nonNATO→3.5%",0.033,188.36092516332008,94.51951224695402,93.84141291636605,0.5018,0.035,0.035,3.308182928643391,3.284449452072812,6.5926323807162035,0.5468178780818234,0.41085694491462565,0.4142559682438056,0.8272035700898639,3.604969249396754,74.68076545500783,78.28573470440459,78.02963743283017,0.04604886526272746,AR6 World GDP level and trajectory (unrebased),Fixed original NATO GDP share = 0.5018,MIGRATION 1.0,SSP3-7.0_zeromig,0.25609727157441853,2.5749780352833955,78.02963743283017,1.0299912141133585,0.25609727157441853,66.1165990518209,15.326052179958639,3.8106734246983507
2046,SA1_AR6_fixed_split,SSP3-7.0,S2,"NATO→3.5%, nonNATO→3.5%",0.033,190.33151516008925,95.5083543073328,94.82316085275646,0.5018,0.035,0.035,3.342792400756648,3.3188106298464763,6.661603030603125,0.5431119178973898,0.40807243559190043,0.4114484226495377,0.8215973461201427,3.6179959982219274,74.95062838762975,78.56862438585168,78.31160169311529,0.046048865262727466,AR6 World GDP level and trajectory (unrebased),Fixed original NATO GDP share = 0.5018,MIGRATION 1.0,SSP3-7.0_zeromig,0.2570226927363848,2.5842828558728046,78.31160169311528,1.0337131423491228,0.257022692736399,69.73459505004283,16.359765322307762,4.06769611743475
2047,SA1_AR6_fixed_split,SSP3-7.0,S2,"NATO→3.5%, nonNATO→3.5%",0.033,192.32272102998604,96.507541412847,95.81517961713904,0.5018,0.035,0.035,3.3777639494496454,3.3535312865998668,6.731295236049512,0.5397249580840225,0.4055276103086634,0.4088825440030474,0.8164736927765536,3.6330480391280036,75.26244739599272,78.89549543512072,78.63740344432908,0.04604886526272746,AR6 World GDP level and trajectory (unrebased),Fixed original NATO GDP share = 0.5018,MIGRATION 1.0,SSP3-7.0_zeromig,0.258091990791641,2.5950343136628593,78.63740344432908,1.0380137254651443,0.258091990791641,73.36764308917084,17.397779047772907,4.325788108226391
2048,SA1_AR6_fixed_split,SSP3-7.0,S2,"NATO→3.5%, nonNATO→3.5%",0.033,194.334758451678,97.51718179105202,96.81757666062597,0.5018,0.035,0.035,3.413101362686821,3.3886151831219093,6.8017165458087305,0.5362151684023869,0.40289049560614465,0.4062236124260507,0.811164227465913,3.64718358303613,75.55528019598356,79.20246377901968,78.94336759818462,0.04604886526272747,AR6 World GDP level and trajectory (unrebased),Fixed original NATO GDP share = 0.5018,MIGRATION 1.0,SSP3-7.0_zeromig,0.2590961808350585,2.605131130740092,78.94336759818462,1.042052452296038,0.2590961808350585,77.01482667220696,18.439831500068944,4.584884289061449
2049,SA1_AR6_fixed_split,SSP3-7.0,S2,"NATO→3.5%, nonNATO→3.5%",0.033,196.36784536021483,98.5373848017558,97.83046055845902,0.5018,0.035,0.035,3.4488084680614537,3.424066119546066,6.8728745876075195,0.5322550862129098,0.3999150492368949,0.40322355016129535,0.8051735781907359,3.6581224561575576,75.78189056667121,79.44001302282877,79.18013974367007,0.04604886526272747,AR6 World GDP level and trajectory (unrebased),Fixed original NATO GDP share = 0.5018,MIGRATION 1.0,SSP3-7.0_zeromig,0.25987327915869685,2.612944611541112,79.18013974367005,1.0451778446164455,0.25987327915871106,80.67294912836452,19.485009344685388,4.84475756822016
2050,SA1_AR6_fixed_split,SSP3-7.0,S2,"NATO→3.5%, nonNATO→3.5%",0.033,198.4222019706341,99.5682609488642,98.8539410217699,0.5018,0.035,0.035,3.484889133210247,3.4598879357619468,6.9447770689721935,0.5284925622828559,0.3970880401923245,0.4003731532445878,0.7994817869157194,3.6702630276643364,76.03339539527391,79.70365842293825,79.44292267671723,0.046048865262727466,AR6 World GDP level and trajectory (unrebased),Fixed original NATO GDP share = 0.5018,MIGRATION 1.0,SSP3-7.0_zeromig,0.26073574622101603,2.621616448331669,79.44292267671723,1.0486465793326674,0.26073574622101603,84.34321215602886,20.533655924018056,5.105493314441176
2025,SA1_AR6_fixed_split,SSP3-7.0,S3,"NATO→5%, nonNATO→3.5%",0.033,131.57368822870808,66.02367675316572,65.55001147554236,0.5018,0.027,0.022985547972701727,1.7826392723354743,1.5067029333822277,3.289342205717702,0.6610439048545443,0.49668178398938956,0.5007908370110185,1.0,2.1743996160704895,63.71649784061101,65.8908974566815,65.8908974566815,0.033,AR6 World GDP level and trajectory (unrebased),Fixed original NATO GDP share = 0.5018,MIGRATION 1.0,SSP3-7.0_zeromig,0.0,2.1743996160704895,65.8908974566815,0.0,0.0,2.1743996160704895,0.0,0.0
2026,SA1_AR6_fixed_split,SSP3-7.0,S3,"NATO→5%, nonNATO→3.5%",0.033,134.8941946705815,67.6899068856978,67.2042877848837,0.5018,0.02817523080613562,0.023599450326672138,1.907178749750364,1.585984251318742,3.493163001069106,0.6553251689882162,0.4923849560307732,0.4964584613547093,0.9913489318571261,2.2891576339789967,64.6998912009911,66.9890488349701,66.96936433183951,0.03417211729066967,AR6 World GDP level and trajectory (unrebased),Fixed original NATO GDP share = 0.5018,MIGRATION 1.0,SSP3-7.0_zeromig,0.019684503130591224,2.2099890229507038,66.96936433183951,0.07916861102829298,0.019684503130591224,4.463557250049487,0.07916861102829298,0.019684503130591224
2027,SA1_AR6_fixed_split,SSP3-7.0,S3,"NATO→5%, nonNATO→3.5%",0.033,138.29850026089372,69.39818743091647,68.90031282997725,0.5018,0.029889421405294894,0.024494887749248,2.074271668886302,1.6877054286583646,3.7619770975446665,0.6496442600139989,0.4881165496764079,0.49215474243484764,0.9827550866790704,2.443946827724016,65.66950349195406,68.11345031967808,68.06426277502585,0.03588053191041999,AR6 World GDP level and trajectory (unrebased),Fixed original NATO GDP share = 0.5018,MIGRATION 1.0,SSP3-7.0_zeromig,0.04918754465222719,2.246120671575853,68.06426277502585,0.1978261561481629,0.04918754465222719,6.907504077773503,0.2769947671764559,0.06887204778281841
2028,SA1_AR6_fixed_split,SSP3-7.0,S3,"NATO→5%, nonNATO→3.5%",0.033,141.78871982682614,71.14957960910137,70.63914021772477,0.5018,0.03223517646908584,0.025720233909322272,2.2935192544006537,1.8168552095532955,4.110374463953949,0.6436538653828238,0.4836156082557813,0.4876165646839574,0.9736930643426066,2.6456584118948117,66.58339673631497,69.22905514820978,69.13852847289309,0.03821601213870137,AR6 World GDP level and trajectory (unrebased),Fixed original NATO GDP share = 0.5018,MIGRATION 1.0,SSP3-7.0_zeromig,0.09052667531669556,2.2815714396054716,69.13852847289307,0.36408697228934006,0.09052667531670977,9.553162489668313,0.6410817394657959,0.15939872309952818
2029,SA1_AR6_fixed_split,SSP3-7.0,S3,"NATO→5%, nonNATO→3.5%",0.033,145.36702156715262,72.9451714223972,72.42185014475542,0.5018,0.03517969004118492,0.027258352042179364,2.5661885206410338,1.974100286791702,4.540288807432736,0.6372354275564843,0.4787930524064649,0.48275411178521543,0.9639835158856827,2.89323287943432,67.42686123845579,70.32009411789011,70.17652737951302,0.04114375721090301,AR6 World GDP level and trajectory (unrebased),Fixed original NATO GDP share = 0.5018,MIGRATION 1.0,SSP3-7.0_zeromig,0.1435667383770891,2.315825403523929,70.17652737951302,0.5774074759103907,0.1435667383770891,12.446395369102634,1.2184892153761866,0.3029654614766173
2030,SA1_AR6_fixed_split,SSP3-7.0,S3,"NATO→5%, nonNATO→3.5%",0.033,149.0356283991709,74.78607833070396,74.24955006846693,0.5018,0.03849999999998644,0.028992773986343784,2.8792640157310885,2.1527004237227785,5.031964439453867,0.6306305973322774,0.47383044881143144,0.4777504525244526,0.953992000684192,3.173310740207571,68.23332072452327,71.40663146473084,71.20183890997005,0.04444000053097215,AR6 World GDP level and trajectory (unrebased),Fixed original NATO GDP share = 0.5018,MIGRATION 1.0,SSP3-7.0_zeromig,0.20479255476078606,2.3496606840290117,71.20183890997006,0.8236500561785594,0.20479255476077185,15.619706109310204,2.042139271554746,0.5077580162373891
2031,SA1_AR6_fixed_split,SSP3-7.0,S3,"NATO→5%, nonNATO→3.5%",0.033,151.81959450515436,76.18307252268646,75.6365219824679,0.5018,0.041820309958787966,0.0307271959305082,3.1859997065115704,2.3240982304574818,5.510097936969052,0.6237120856202252,0.46863215757168436,0.47250915577289787,0.9435259610440949,3.436714676238667,68.56533504997563,72.0020497262143,71.73614842941417,0.04773078946094833,AR6 World GDP level and trajectory (unrebased),Fixed original NATO GDP share = 0.5018,MIGRATION 1.0,SSP3-7.0_zeromig,0.26590129680012353,2.3672928981706676,71.73614842941416,1.0694217780679995,0.26590129680013774,19.056420785548873,3.1115610496227455,0.7736593130375269
2032,SA1_AR6_fixed_split,SSP3-7.0,S3,"NATO→5%, nonNATO→3.5%",0.033,154.65556473500078,77.60616238402339,77.04940235097739,0.5018,0.04476482353088705,0.032265314063365295,3.474026164030172,2.4860231652488816,5.9600493292790535,0.617120501606805,0.46367950664629404,0.46751553152030684,0.9335544841648541,3.678068631685991,68.94706322384147,72.62513185552746,72.30387854965711,0.050644570794070864,AR6 World GDP level and trajectory (unrebased),Fixed original NATO GDP share = 0.5018,MIGRATION 1.0,SSP3-7.0_zeromig,0.32125330587034284,2.3860279921386844,72.3038785496571,1.2920406395473067,0.32125330587035705,22.73448941723486,4.403601689170053,1.094912618907884
2033,SA1_AR6_fixed_split,SSP3-7.0,S3,"NATO→5%, nonNATO→3.5%",0.033,157.54451051896345,79.05583537841586,78.48867514054758,0.5018,0.04711057859467799,0.033490660223439564,3.7243661459627853,2.628637550520007,6.3530036964827925,0.6102942219388422,0.4585505148522614,0.46234410752942595,0.9232279693632921,3.8772014479195542,69.3289432947377,73.20614474265726,72.83977611205042,0.052962786956602385,AR6 World GDP level and trajectory (unrebased),Fixed original NATO GDP share = 0.5018,MIGRATION 1.0,SSP3-7.0_zeromig,0.36636863060684277,2.4037126116976637,72.8397761120504,1.4734888362218905,0.366368630606857,26.61169086515442,5.877090525391942,1.461281249514741
2034,SA1_AR6_fixed_split,SSP3-7.0,S3,"NATO→5%, nonNATO→3.5%",0.033,160.48742143348534,80.53258807532295,79.95483335816239,0.5018,0.04882476919383726,0.034386097646015426,3.931985025360014,2.7493347071246634,6.681319732484678,0.6035105064147404,0.4534535040427769,0.45720492910207605,0.9129658438459339,4.032246655270625,69.74391575947847,73.7761624147491,73.37564013827166,0.05465514230196,AR6 World GDP level and trajectory (unrebased),Fixed original NATO GDP share = 0.5018,MIGRATION 1.0,SSP3-7.0_zeromig,0.40052227647743166,2.421396124562965,73.37564013827165,1.6108505307076602,0.40052227647744587,30.64393752042504,7.4879410560996025,1.8618035259921868
2035,SA1_AR6_fixed_split,SSP3-7.0,S3,"NATO→5%, nonNATO→3.5%",0.033,163.48530554016915,82.03692632005688,81.44837922011227,0.5018,0.049999999999972886,0.03499999999998584,4.1018463160006196,2.8506932727027765,6.952539588703396,0.5968024762618647,0.4484133601749985,0.4521230880771702,0.9028182120417322,4.149292842846833,70.19138355778335,74.34067640063019,73.91548119606098,0.05581456940862135,AR6 World GDP level and trajectory (unrebased),Fixed original NATO GDP share = 0.5018,MIGRATION 1.0,SSP3-7.0_zeromig,0.42519520456920645,2.439210879470012,73.91548119606098,1.7100819633768212,0.42519520456920645,34.793230363271874,9.198023019476423,2.2869987305613932
2036,SA1_AR6_fixed_split,SSP3-7.0,S3,"NATO→5%, nonNATO→3.5%",0.033,166.0319077353614,83.31481130160435,82.71709643375704,0.5018,0.05,0.035,4.165740565080218,2.8950983751814965,7.060838940261714,0.5883802809306836,0.44208526158505906,0.4457426370686997,0.8900774617385669,4.154458399277498,70.27876653273806,74.43322493201556,74.00750039150702,0.05581456940864809,AR6 World GDP level and trajectory (unrebased),Fixed original NATO GDP share = 0.5018,MIGRATION 1.0,SSP3-7.0_zeromig,0.4257245405085399,2.4422475129197316,74.00750039150704,1.7122108863577665,0.4257245405085257,38.947688762549376,10.91023390583419,2.712723271069919
2037,SA1_AR6_fixed_split,SSP3-7.0,S3,"NATO→5%, nonNATO→3.5%",0.033,168.61817822195806,84.61260183177856,84.0055763901795,0.5018,0.05,0.035,4.230630091588928,2.940195173656283,7.170825265245211,0.5844020691620777,0.43909619337974287,0.44272884027430126,0.8840593867825907,4.1906451226090065,70.89091811452839,75.0815632371374,74.65213049337294,0.05581456940864809,AR6 World GDP level and trajectory (unrebased),Fixed original NATO GDP share = 0.5018,MIGRATION 1.0,SSP3-7.0_zeromig,0.4294327437644654,2.463520306281307,74.65213049337294,1.7271248163276995,0.4294327437644654,43.13833388515838,12.63735872216189,3.1421560148343843
2038,SA1_AR6_fixed_split,SSP3-7.0,S3,"NATO→5%, nonNATO→3.5%",0.033,171.24473491089452,85.93060797828687,85.31412693260765,0.5018,0.05,0.035,4.296530398914344,2.985994442641268,7.282524841555611,0.5799063818259454,0.43571831486067536,0.43932301653480715,0.8772584960957285,4.2231826314240815,71.4413378722444,75.66452050366848,75.23175350675758,0.055814569408648096,AR6 World GDP level and trajectory (unrebased),Fixed original NATO GDP share = 0.5018,MIGRATION 1.0,SSP3-7.0_zeromig,0.4327669969108996,2.4826478657230004,75.23175350675757,1.740534765701081,0.4327669969109138,47.36151651658246,14.377893487862972,3.574923011745298
2039,SA1_AR6_fixed_split,SSP3-7.0,S3,"NATO→5%, nonNATO→3.5%",0.033,173.91220533827186,87.26914463874482,86.64306069952704,0.5018,0.05,0.035,4.363457231937241,3.0325071244834465,7.395964356420688,0.5753711207526082,0.4323107022282612,0.4358872126913699,0.8703977398887182,4.255424300800114,71.98675307127445,76.24217737207456,75.8061064379085,0.05581456940864808,AR6 World GDP level and trajectory (unrebased),Fixed original NATO GDP share = 0.5018,MIGRATION 1.0,SSP3-7.0_zeromig,0.436070934166068,2.5016015124509807,75.80610643790848,1.7538227883491335,0.4360709341660822,51.61694081738258,16.131716276212103,4.01099394591138
2040,SA1_AR6_fixed_split,SSP3-7.0,S3,"NATO→5%, nonNATO→3.5%",0.033,176.62122681528984,88.62853161591245,87.9926951993774,0.5018,0.05,0.035,4.431426580795622,3.079744331978209,7.5111709127738315,0.5714630537860922,0.42937433800400243,0.43292655589855467,0.8644857771010482,4.292356667323003,72.61151830296266,76.90387497028567,76.46401942372088,0.055814569408648075,AR6 World GDP level and trajectory (unrebased),Fixed original NATO GDP share = 0.5018,MIGRATION 1.0,SSP3-7.0_zeromig,0.439855546564786,2.5233126409827893,76.46401942372088,1.7690440263402136,0.439855546564786,55.909297484705576,17.900760302552317,4.450849492476166
2041,SA1_AR6_fixed_split,SSP3-7.0,S3,"NATO→5%, nonNATO→3.5%",0.033,178.90912044074537,89.77659663716604,89.13252380357933,0.5018,0.05,0.035,4.488829831858302,3.119638333125277,7.608468164983579,0.5672815784382116,0.4262325457263019,0.42975877154409964,0.8581602133719632,4.316143830128768,73.01391310407398,77.33005693420274,76.8877638186501,0.05581456940864809,AR6 World GDP level and trajectory (unrebased),Fixed original NATO GDP share = 0.5018,MIGRATION 1.0,SSP3-7.0_zeromig,0.44229311555264417,2.537296206015454,76.8877638186501,1.7788476241133138,0.44229311555264417,60.22544131483435,19.679607926665632,4.8931426080288105
2042,SA1_AR6_fixed_split,SSP3-7.0,S3,"NATO→5%, nonNATO→3.5%",0.033,181.22665069219272,90.93953331734231,90.28711737485041,0.5018,0.05,0.035,4.546976665867116,3.1600491081197646,7.707025773986881,0.5621319174341688,0.42236329771471737,0.42585751320770365,0.8503700182484247,4.332365176045804,73.28832099867427,77.62068617472006,77.17673079073836,0.05581456940864809,AR6 World GDP level and trajectory (unrebased),Fixed original NATO GDP share = 0.5018,MIGRATION 1.0,SSP3-7.0_zeromig,0.4439553839817023,2.546832116094366,77.17673079073836,1.785533059951438,0.4439553839817023,64.55780649088015,21.46514098661707,5.337097992010513
2043,SA1_AR6_fixed_split,SSP3-7.0,S3,"NATO→5%, nonNATO→3.5%",0.033,183.5742014727959,92.11753429904898,91.45666717374691,0.5018,0.05,0.035,4.6058767149524495,3.2009833510811423,7.806860066033591,0.5571539139818114,0.4186230262784861,0.4220862984710692,0.8428394996008731,4.349622641698918,73.5802563806227,77.92987902232161,77.48415519443472,0.05581456940864808,AR6 World GDP level and trajectory (unrebased),Fixed original NATO GDP share = 0.5018,MIGRATION 1.0,SSP3-7.0_zeromig,0.44572382788689424,2.556977121416346,77.48415519443472,1.792645520282572,0.44572382788689424,68.90742913257907,23.25778650689964,5.782821819897407
2044,SA1_AR6_fixed_split,SSP3-7.0,S3,"NATO→5%, nonNATO→3.5%",0.033,185.95216165867362,93.31079472032242,92.6413669383512,0.5018,0.05,0.035,4.665539736016121,3.2424478428422923,7.907987578858413,0.5519540483986101,0.4147160565667878,0.4181470063625834,0.8349733570572164,4.3648457588368235,73.83777776907165,78.20262352790847,77.75533972422554,0.05581456940864809,AR6 World GDP level and trajectory (unrebased),Fixed original NATO GDP share = 0.5018,MIGRATION 1.0,SSP3-7.0_zeromig,0.44728380368293585,2.5659262108994425,77.75533972422554,1.798919547937381,0.44728380368293585,73.27227489141589,25.056706054837022,6.230105623580343
2045,SA1_AR6_fixed_split,SSP3-7.0,S3,"NATO→5%, nonNATO→3.5%",0.033,188.36092516332008,94.51951224695402,93.84141291636605,0.5018,0.05,0.035,4.7259756123477015,3.284449452072812,8.010425064420513,0.5468178780818234,0.41085694491462565,0.4142559682438056,0.8272035700898639,4.380243636259878,74.09825548445878,78.47849912071865,78.02963743283017,0.05581456940864807,AR6 World GDP level and trajectory (unrebased),Fixed original NATO GDP share = 0.5018,MIGRATION 1.0,SSP3-7.0_zeromig,0.44886168788848124,2.5749780352833955,78.02963743283017,1.8052656009764823,0.44886168788848124,77.65251852767577,26.861971655813505,6.678967311468824
2046,SA1_AR6_fixed_split,SSP3-7.0,S3,"NATO→5%, nonNATO→3.5%",0.033,190.33151516008925,95.5083543073328,94.82316085275646,0.5018,0.05,0.035,4.77541771536664,3.3188106298464763,8.094228345213116,0.5431119178973898,0.40807243559190043,0.4114484226495377,0.8215973461201427,4.396071880468111,74.36601348620623,78.76208536667434,78.31160169311529,0.05581456940864809,AR6 World GDP level and trajectory (unrebased),Fixed original NATO GDP share = 0.5018,MIGRATION 1.0,SSP3-7.0_zeromig,0.4504836735590487,2.5842828558728046,78.31160169311528,1.8117890245953063,0.45048367355906294,82.04859040814388,28.67376068040881,7.129450985027887
2047,SA1_AR6_fixed_split,SSP3-7.0,S3,"NATO→5%, nonNATO→3.5%",0.033,192.32272102998604,96.507541412847,95.81517961713904,0.5018,0.05,0.035,4.82537707064235,3.3535312865998668,8.178908357242218,0.5397249580840225,0.4055276103086634,0.4088825440030474,0.8164736927765536,4.4143609702856175,74.67540030630397,79.08976127658958,78.63740344432908,0.05581456940864809,AR6 World GDP level and trajectory (unrebased),Fixed original NATO GDP share = 0.5018,MIGRATION 1.0,SSP3-7.0_zeromig,0.4523578322605033,2.5950343136628593,78.63740344432908,1.8193266566227582,0.4523578322605033,86.4629513784295,30.493087337031568,7.58180881728839
2048,SA1_AR6_fixed_split,SSP3-7.0,S3,"NATO→5%, nonNATO→3.5%",0.033,194.334758451678,97.51718179105202,96.81757666062597,0.5018,0.05,0.035,4.875859089552602,3.3886151831219093,8.264474272674512,0.5362151684023869,0.40289049560614465,0.4062236124260507,0.811164227465913,4.4315364638793575,74.96594901045489,79.39748547433425,78.94336759818462,0.055814569408648096,AR6 World GDP level and trajectory (unrebased),Fixed original NATO GDP share = 0.5018,MIGRATION 1.0,SSP3-7.0_zeromig,0.45411787614962407,2.605131130740092,78.94336759818462,1.8264053331392653,0.45411787614962407,90.89448784230886,32.31949267017084,8.035926693438014
2049,SA1_AR6_fixed_split,SSP3-7.0,S3,"NATO→5%, nonNATO→3.5%",0.033,196.36784536021483,98.5373848017558,97.83046055845902,0.5018,0.05,0.035,4.9268692400877905,3.424066119546066,8.350935359633857,0.5322550862129098,0.3999150492368949,0.40322355016129535,0.8051735781907359,4.444827819800356,75.19079182025118,79.63561964005153,79.18013974367007,0.055814569408648096,AR6 World GDP level and trajectory (unrebased),Fixed original NATO GDP share = 0.5018,MIGRATION 1.0,SSP3-7.0_zeromig,0.4554798963814619,2.612944611541112,79.18013974367005,1.8318832082592436,0.4554798963814761,95.33931566210921,34.15137587843008,8.49140658981949
2050,SA1_AR6_fixed_split,SSP3-7.0,S3,"NATO→5%, nonNATO→3.5%",0.033,198.4222019706341,99.5682609488642,98.8539410217699,0.5018,0.05,0.035,4.97841304744321,3.4598879357619468,8.438300983205156,0.5284925622828559,0.3970880401923245,0.4003731532445878,0.7994817869157194,4.459579307928036,75.44033491119079,79.89991421911883,79.44292267671723,0.05581456940864808,AR6 World GDP level and trajectory (unrebased),Fixed original NATO GDP share = 0.5018,MIGRATION 1.0,SSP3-7.0_zeromig,0.456991542401596,2.621616448331669,79.44292267671723,1.8379628595963666,0.456991542401596,99.79889497003725,35.98933873802645,8.948398132221087
2025,SA1_AR6_fixed_split,SSP5-8.5,S0,Baseline,0.033,144.2051385147961,72.36213850672468,71.84300000807141,0.5018,0.027,0.022985547972701727,1.9537777396815663,1.651350723188336,3.605128462869902,0.5912714801213955,0.4442575922901239,0.4479329394859057,1.0,2.1316096422688586,62.462621941635945,64.5942315839048,64.5942315839048,0.033,AR6 World GDP level and trajectory (unrebased),Fixed original NATO GDP share = 0.5018,MIGRATION 1.0,SSP5-8.5_zeromig,0.0,2.1316096422688586,64.5942315839048,0.0,0.0,2.1316096422688586,0.0,0.0
2026,SA1_AR6_fixed_split,SSP5-8.5,S0,Baseline,0.033,151.357011624834,75.95094843334171,75.4060631914923,0.5018,0.027,0.022985547972701727,2.050675607700226,1.733249682920624,3.78392529062085,0.5737796839703209,0.431114960683217,0.4346815787653946,0.9704166415273685,2.171139457419736,63.620965312875285,65.79210477029503,65.79210477029503,0.033,AR6 World GDP level and trajectory (unrebased),Fixed original NATO GDP share = 0.5018,MIGRATION 1.0,SSP5-8.5_zeromig,0.0,2.171139457419736,65.79210477029503,0.0,0.0,4.302749099688595,0.0,0.0
2027,SA1_AR6_fixed_split,SSP5-8.5,S0,Baseline,0.033,158.86358283723416,79.7177458677241,79.14583696951006,0.5018,0.027,0.022985547972701727,2.1523791384285507,1.8192104325023033,3.971589570930854,0.5567314800395258,0.4183056264166444,0.42176627275721645,0.941583517482057,2.2111089399338795,64.79219227018368,67.00330121011756,67.00330121011756,0.033,AR6 World GDP level and trajectory (unrebased),Fixed original NATO GDP share = 0.5018,MIGRATION 1.0,SSP5-8.5_zeromig,0.0,2.2111089399338795,67.00330121011756,0.0,0.0,6.513858039622474,0.0,0.0
2028,SA1_AR6_fixed_split,SSP5-8.5,S0,Baseline,0.033,166.7424434517702,83.67135812409829,83.07108532767192,0.5018,0.027,0.022985547972701727,2.2591266693506538,1.9094344169436015,4.168561086294256,0.540186505029089,0.4058743981065494,0.40923220077961286,0.913601489654434,2.251800444205557,65.98457665293252,68.23637709713807,68.23637709713807,0.03300000000000001,AR6 World GDP level and trajectory (unrebased),Fixed original NATO GDP share = 0.5018,MIGRATION 1.0,SSP5-8.5_zeromig,0.0,2.251800444205557,68.23637709713807,0.0,0.0,8.76565848382803,0.0,0.0
2029,SA1_AR6_fixed_split,SSP5-8.5,S0,Baseline,0.033,175.0120572110772,87.82105030851855,87.19100690255866,0.5018,0.027,0.022985547972701727,2.3711683583300007,2.0041330719469292,4.37530143027693,0.5237927016197961,0.39355675405310236,0.39681265274226973,0.885875133893241,2.291750956565711,67.1552477272437,69.44699868380941,69.44699868380943,0.03300000000000001,AR6 World GDP level and trajectory (unrebased),Fixed original NATO GDP share = 0.5018,MIGRATION 1.0,SSP5-8.5_zeromig,-1.4210854715202004e-14,2.291750956565711,69.44699868380941,0.0,0.0,11.057409440393743,0.0,0.0
2030,SA1_AR6_fixed_split,SSP5-8.5,S0,Baseline,0.033,183.69180356957398,92.17654703121222,91.51525653836175,0.5018,0.027,0.022985547972701727,2.48876676984273,2.1035283193966197,4.59229508923935,0.507695686848064,0.3814621050365795,0.38461794458186666,0.8586507279935566,2.331488409540363,68.31967551592517,70.65116392546554,70.65116392546554,0.03300000000000001,AR6 World GDP level and trajectory (unrebased),Fixed original NATO GDP share = 0.5018,MIGRATION 1.0,SSP5-8.5_zeromig,0.0,2.331488409540363,70.65116392546554,0.0,0.0,13.388897849934105,0.0,0.0
2031,SA1_AR6_fixed_split,SSP5-8.5,S0,Baseline,0.033,192.3472811262712,96.5198656691629,95.82741545710832,0.5018,0.027,0.022985547972701727,2.6060363730673983,2.2026456550893823,4.808682028156781,0.49546145895237304,0.37226979860679466,0.3753495901154341,0.8379593395078831,2.382516613308615,69.81495651725547,72.19747313056408,72.19747313056408,0.033,AR6 World GDP level and trajectory (unrebased),Fixed original NATO GDP share = 0.5018,MIGRATION 1.0,SSP5-8.5_zeromig,0.0,2.382516613308615,72.19747313056408,0.0,0.0,15.77141446324272,0.0,0.0
2032,SA1_AR6_fixed_split,SSP5-8.5,S0,Baseline,0.033,201.41060100515517,101.06783958438687,100.3427614207683,0.5018,0.027,0.022985547972701727,2.7288316687784455,2.306433356350434,5.035265025128879,0.48322789560555174,0.3630779914922832,0.36608173909511493,0.8172690749540954,2.433180521909264,71.29956256625024,73.73274308815951,73.73274308815951,0.033,AR6 World GDP level and trajectory (unrebased),Fixed original NATO GDP share = 0.5018,MIGRATION 1.0,SSP5-8.5_zeromig,0.0,2.433180521909264,73.73274308815951,0.0,0.0,18.204594985151985,0.0,0.0
2033,SA1_AR6_fixed_split,SSP5-8.5,S0,Baseline,0.033,210.9009805583224,105.83011204416619,105.07086851415622,0.5018,0.027,0.022985547972701727,2.857413025192487,2.415111488765573,5.27252451395806,0.47064988225491444,0.3536273785085488,0.3565529411022079,0.7959962522770151,2.4815130416805107,72.71585185772892,75.19736489940944,75.19736489940942,0.03299999999999999,AR6 World GDP level and trajectory (unrebased),Fixed original NATO GDP share = 0.5018,MIGRATION 1.0,SSP5-8.5_zeromig,1.4210854715202004e-14,2.4815130416805107,75.19736489940944,0.0,0.0,20.686108026832496,0.0,0.0
2034,SA1_AR6_fixed_split,SSP5-8.5,S0,Baseline,0.033,220.8385426511057,110.81678070232485,110.02176194878086,0.5018,0.027,0.022985547972701727,2.992053078962771,2.528910487314872,5.520963566277643,0.45803712695549664,0.34415066182281684,0.3469978234511338,0.7746646715675443,2.528806289923784,74.10168734413028,76.63049363405406,76.63049363405406,0.033,AR6 World GDP level and trajectory (unrebased),Fixed original NATO GDP share = 0.5018,MIGRATION 1.0,SSP5-8.5_zeromig,0.0,2.528806289923784,76.63049363405406,0.0,0.0,23.21491431675628,0.0,0.0
2035,SA1_AR6_fixed_split,SSP5-8.5,S0,Baseline,0.033,231.244358329465,116.03841900972554,115.20593931973946,0.5018,0.027,0.022985547972701727,3.1330373132625895,2.6480716449740354,5.781108958236625,0.4454577955111513,0.3346990584765216,0.3374680269023873,0.7533896196374855,2.575240052145855,75.46233728560733,78.03757733775319,78.03757733775319,0.032999999999999995,AR6 World GDP level and trajectory (unrebased),Fixed original NATO GDP share = 0.5018,MIGRATION 1.0,SSP5-8.5_zeromig,0.0,2.575240052145855,78.03757733775319,0.0,0.0,25.790154368902133,0.0,0.0
2036,SA1_AR6_fixed_split,SSP5-8.5,S0,Baseline,0.033,240.72811483684964,120.79736802513115,119.93074681171849,0.5018,0.027,0.022985547972701727,3.261528936678541,2.7566739342427002,6.018202870921241,0.4317827824037168,0.3244242040282783,0.3271081684876643,0.7302614736551581,2.5985563806764103,76.1455763670936,78.74413274777001,78.74413274777001,0.033,AR6 World GDP level and trajectory (unrebased),Fixed original NATO GDP share = 0.5018,MIGRATION 1.0,SSP5-8.5_zeromig,0.0,2.5985563806764103,78.74413274777001,0.0,0.0,28.388710749578543,0.0,0.0
2037,SA1_AR6_fixed_split,SSP5-8.5,S0,Baseline,0.033,250.6008176439028,125.75149029371042,124.84932735019237,0.5018,0.027,0.022985547972701727,3.395290237930181,2.8697302031673884,6.265020441097569,0.42353806701541824,0.31822945672409436,0.32086217198137745,0.7163174299028604,2.6534746474345474,77.7548480020972,80.40832264953175,80.40832264953174,0.032999999999999995,AR6 World GDP level and trajectory (unrebased),Fixed original NATO GDP share = 0.5018,MIGRATION 1.0,SSP5-8.5_zeromig,1.4210854715202004e-14,2.6534746474345474,80.40832264953175,0.0,0.0,31.042185397013093,0.0,0.0
2038,SA1_AR6_fixed_split,SSP5-8.5,S0,Baseline,0.033,260.8784181538368,130.9087902295953,129.96962792424148,0.5018,0.027,0.022985547972701727,3.534537336199073,2.9874231176468466,6.521960453845919,0.4144990527668096,0.3114379052257225,0.31401443391424966,0.7010300119358162,2.703346430301725,79.21624236672025,81.91958879702197,81.91958879702197,0.033,AR6 World GDP level and trajectory (unrebased),Fixed original NATO GDP share = 0.5018,MIGRATION 1.0,SSP5-8.5_zeromig,0.0,2.703346430301725,81.91958879702197,0.0,0.0,33.745531827314814,0.0,0.0
2039,SA1_AR6_fixed_split,SSP5-8.5,S0,Baseline,0.033,271.5775219662541,136.27760052266632,135.29992144358778,0.5018,0.027,0.022985547972701727,3.6794952141119905,3.109942835044362,6.789438049156352,0.40495768984112174,0.3042689091502445,0.3067861286675164,0.6848929864805567,2.7494351477057686,80.56678144943874,83.3162165971445,83.31621659714449,0.033,AR6 World GDP level and trajectory (unrebased),Fixed original NATO GDP share = 0.5018,MIGRATION 1.0,SSP5-8.5_zeromig,1.4210854715202004e-14,2.7494351477057686,83.3162165971445,0.0,0.0,36.49496697502059,0.0,0.0
2040,SA1_AR6_fixed_split,SSP5-8.5,S0,Baseline,0.033,282.7154157069408,141.86659560174292,140.8488201051979,0.5018,0.027,0.022985547972701727,3.8303980812470586,3.2374873114264617,7.067885392673521,0.39542508165563395,0.2971064910341865,0.2995644557997227,0.6687707676589579,2.7948191585305895,81.8966704939115,84.69148965244209,84.69148965244209,0.03300000000000001,AR6 World GDP level and trajectory (unrebased),Fixed original NATO GDP share = 0.5018,MIGRATION 1.0,SSP5-8.5_zeromig,0.0,2.7948191585305895,84.69148965244209,0.0,0.0,39.289786133551175,0.0,0.0
2041,SA1_AR6_fixed_split,SSP5-8.5,S0,Baseline,0.033,292.8311588771492,146.9426755245535,145.88848335259573,0.5018,0.027,0.022985547972701727,3.9674522391629443,3.3533267327657863,7.32077897192873,0.388880857488708,0.29218942439128254,0.29460671021871815,0.6577027145108806,2.846910804088947,83.42311356224278,86.27002436633173,86.27002436633171,0.033,AR6 World GDP level and trajectory (unrebased),Fixed original NATO GDP share = 0.5018,MIGRATION 1.0,SSP5-8.5_zeromig,1.4210854715202004e-14,2.846910804088947,86.27002436633173,0.0,0.0,42.136696937640124,0.0,0.0
2042,SA1_AR6_fixed_split,SSP5-8.5,S0,Baseline,0.033,303.30884997874205,152.20038091933276,151.1084690594093,0.5018,0.027,0.022985547972701727,4.109410284821984,3.4733109646465667,7.582721249468551,0.38225667166343913,0.2872122777766477,0.2895883876238175,0.6464994245705153,2.8985457869734828,84.93617503040478,87.83472081737827,87.83472081737825,0.033,AR6 World GDP level and trajectory (unrebased),Fixed original NATO GDP share = 0.5018,MIGRATION 1.0,SSP5-8.5_zeromig,1.4210854715202004e-14,2.8985457869734828,87.83472081737827,0.0,0.0,45.0352427246136,0.0,0.0
2043,SA1_AR6_fixed_split,SSP5-8.5,S0,Baseline,0.033,314.16143974631484,157.6462104647008,156.51522928161404,0.5018,0.027,0.022985547972701727,4.256447682546922,3.5975883111109495,7.854035993657871,0.3756935248908705,0.282280993449473,0.2846163067355079,0.6353993681781097,2.950710467077096,86.46475823222885,89.41546869930595,89.41546869930593,0.032999999999999995,AR6 World GDP level and trajectory (unrebased),Fixed original NATO GDP share = 0.5018,MIGRATION 1.0,SSP5-8.5_zeromig,1.4210854715202004e-14,2.950710467077096,89.41546869930595,0.0,0.0,47.9859531916907,0.0,0.0
2044,SA1_AR6_fixed_split,SSP5-8.5,S0,Baseline,0.033,325.4023423002487,163.2868953662648,162.1154469339839,0.5018,0.027,0.022985547972701727,4.408746174889149,3.726312382617068,8.135058557506216,0.3690863407022564,0.27731662118032785,0.27961086416837605,0.6242248326039306,3.0025389943885457,87.9834911385977,90.98603013298624,90.98603013298624,0.032999999999999995,AR6 World GDP level and trajectory (unrebased),Fixed original NATO GDP share = 0.5018,MIGRATION 1.0,SSP5-8.5_zeromig,0.0,3.0025389943885457,90.98603013298624,0.0,0.0,50.98849218607925,0.0,0.0
2045,SA1_AR6_fixed_split,SSP5-8.5,S0,Baseline,0.033,337.04545172695816,169.12940767658762,167.91604405037054,0.5018,0.027,0.022985547972701727,4.566494007267866,3.8596422859060886,8.426136293173954,0.36246602232829406,0.2723423804129451,0.2745954714608288,0.613028083569793,3.0541881057828393,89.49696661490927,92.55115472069211,92.55115472069208,0.032999999999999995,AR6 World GDP level and trajectory (unrebased),Fixed original NATO GDP share = 0.5018,MIGRATION 1.0,SSP5-8.5_zeromig,2.842170943040401e-14,3.0541881057828393,92.55115472069211,0.0,0.0,54.042680291862084,0.0,0.0
2046,SA1_AR6_fixed_split,SSP5-8.5,S0,Baseline,0.033,347.51518409717266,174.38311937996124,173.13206471721142,0.5018,0.027,0.022985547972701727,4.708344223258954,3.979535379170363,8.687879602429316,0.3572989399230903,0.26846004266171586,0.2706810150932502,0.6042891496301027,3.104170172127434,90.961592619613,94.06576279174044,94.06576279174041,0.032999999999999995,AR6 World GDP level and trajectory (unrebased),Fixed original NATO GDP share = 0.5018,MIGRATION 1.0,SSP5-8.5_zeromig,2.842170943040401e-14,3.104170172127434,94.06576279174044,0.0,0.0,57.14685046398952,0.0,0.0
2047,SA1_AR6_fixed_split,SSP5-8.5,S0,Baseline,0.033,358.3101405442649,179.80002852511214,178.51011201915279,0.5018,0.027,0.022985547972701727,4.854600770178028,4.103152743428596,8.957753513606622,0.35208375202800224,0.2645415603815681,0.266730115172729,0.5954688562954449,3.15387946681264,92.41822558811585,95.57210505492849,95.57210505492849,0.033,AR6 World GDP level and trajectory (unrebased),Fixed original NATO GDP share = 0.5018,MIGRATION 1.0,SSP5-8.5_zeromig,0.0,3.15387946681264,95.57210505492849,0.0,0.0,60.30072993080216,0.0,0.0
2048,SA1_AR6_fixed_split,SSP5-8.5,S0,Baseline,0.033,369.4404235901001,185.38520455751225,184.05521903258787,0.5018,0.027,0.022985547972701727,5.005400523052831,4.230610066699672,9.236010589752503,0.34683725381263497,0.2605995527869604,0.2627554953126022,0.5865956087403791,3.2033925491341733,93.86910893978018,97.07250148891436,97.07250148891433,0.032999999999999995,AR6 World GDP level and trajectory (unrebased),Fixed original NATO GDP share = 0.5018,MIGRATION 1.0,SSP5-8.5_zeromig,2.842170943040401e-14,3.2033925491341733,97.07250148891436,0.0,0.0,63.504122479936335,0.0,0.0
2049,SA1_AR6_fixed_split,SSP5-8.5,S0,Baseline,0.033,380.9164495738606,191.14387439616326,189.77257517769732,0.5018,0.027,0.022985547972701727,5.160884608696408,4.3620266306501065,9.522911239346515,0.3415820890500057,0.25665103349755675,0.25877430988636796,0.5777077037097655,3.2528559149737615,95.31853544786749,98.57139136284125,98.57139136284125,0.033,AR6 World GDP level and trajectory (unrebased),Fixed original NATO GDP share = 0.5018,MIGRATION 1.0,SSP5-8.5_zeromig,0.0,3.2528559149737615,98.57139136284125,0.0,0.0,66.75697839491009,0.0,0.0
2050,SA1_AR6_fixed_split,SSP5-8.5,S0,Baseline,0.033,392.7489584002411,197.081427325241,195.6675310750001,0.5018,0.027,0.022985547972701727,5.321198537781507,4.497525422224521,9.818723960006029,0.33633877242513927,0.2527114164219966,0.2548021003220752,0.5688398370847934,3.3024175634897297,96.77084193619905,100.07325949968877,100.07325949968876,0.033,AR6 World GDP level and trajectory (unrebased),Fixed original NATO GDP share = 0.5018,MIGRATION 1.0,SSP5-8.5_zeromig,1.4210854715202004e-14,3.3024175634897297,100.07325949968877,0.0,0.0,70.05939595839982,0.0,0.0
2025,SA1_AR6_fixed_split,SSP5-8.5,S1,"NATO→3.5%, nonNATO holds",0.033,144.2051385147961,72.36213850672468,71.84300000807141,0.5018,0.027,0.022985547972701727,1.9537777396815663,1.651350723188336,3.605128462869902,0.5912714801213955,0.4442575922901239,0.4479329394859057,1.0,2.1316096422688586,62.462621941635945,64.5942315839048,64.5942315839048,0.033,AR6 World GDP level and trajectory (unrebased),Fixed original NATO GDP share = 0.5018,MIGRATION 1.0,SSP5-8.5_zeromig,0.0,2.1316096422688586,64.5942315839048,0.0,0.0,2.1316096422688586,0.0,0.0
2026,SA1_AR6_fixed_split,SSP5-8.5,S1,"NATO→3.5%, nonNATO holds",0.033,151.357011624834,75.95094843334171,75.4060631914923,0.5018,0.02740877593256891,0.022985547972701727,2.0817225274755584,1.733249682920624,3.8149722103961823,0.5737796839703209,0.431114960683217,0.4346815787653946,0.9704166415273685,2.188953549236678,63.607580521277015,65.79653407051369,65.79210477029503,0.03326852364124213,AR6 World GDP level and trajectory (unrebased),Fixed original NATO GDP share = 0.5018,MIGRATION 1.0,SSP5-8.5_zeromig,0.0044293002186606145,2.171139457419736,65.79210477029503,0.017814091816942046,0.0044293002186606145,4.320563191505537,0.017814091816942046,0.0044293002186606145
2027,SA1_AR6_fixed_split,SSP5-8.5,S1,"NATO→3.5%, nonNATO holds",0.033,158.86358283723416,79.7177458677241,79.14583696951006,0.5018,0.028005016140972137,0.022985547972701727,2.2324967597475283,1.8192104325023033,4.051707192249832,0.5567314800395258,0.4183056264166444,0.42176627275721645,0.941583517482057,2.25571294182804,64.75867861841083,67.01439156023886,67.00330121011756,0.03366012716537749,AR6 World GDP level and trajectory (unrebased),Fixed original NATO GDP share = 0.5018,MIGRATION 1.0,SSP5-8.5_zeromig,0.011090350121307324,2.2111089399338795,67.00330121011756,0.04460400189416047,0.011090350121307324,6.576276133333577,0.06241809371110252,0.015519650339967939
2028,SA1_AR6_fixed_split,SSP5-8.5,S1,"NATO→3.5%, nonNATO holds",0.033,166.7424434517702,83.67135812409829,83.07108532767192,0.5018,0.028820930945768986,0.022985547972701727,2.4114864346333436,1.9094344169436015,4.320920851576945,0.540186505029089,0.4058743981065494,0.40923220077961286,0.913601489654434,2.334103133320665,65.92273772490276,68.25684085822343,68.23637709713807,0.034195885774567863,AR6 World GDP level and trajectory (unrebased),Fixed original NATO GDP share = 0.5018,MIGRATION 1.0,SSP5-8.5_zeromig,0.020463761085352417,2.251800444205557,68.23637709713807,0.08230268911510796,0.020463761085352417,8.910379266654243,0.14472078282621048,0.035983411425320355
2029,SA1_AR6_fixed_split,SSP5-8.5,S1,"NATO→3.5%, nonNATO holds",0.033,175.0120572110772,87.82105030851855,87.19100690255866,0.5018,0.029845109579542582,0.022985547972701727,2.6210288698482582,2.0041330719469292,4.625161941795188,0.5237927016197961,0.39355675405310236,0.39681265274226973,0.885875133893241,2.4226260689219634,67.05691343536454,69.47953950428649,69.44699868380943,0.03486819409291711,AR6 World GDP level and trajectory (unrebased),Fixed original NATO GDP share = 0.5018,MIGRATION 1.0,SSP5-8.5_zeromig,0.032540820477066745,2.291750956565711,69.44699868380941,0.13087511235625238,0.032540820477080956,11.333005335576205,0.27559589518246286,0.06852423190240131
2030,SA1_AR6_fixed_split,SSP5-8.5,S1,"NATO→3.5%, nonNATO holds",0.033,183.69180356957398,92.17654703121222,91.51525653836175,0.5018,0.030999999999995285,0.022985547972701727,2.8574729579671443,2.1035283193966197,4.9610012773637635,0.507695686848064,0.3814621050365795,0.38461794458186666,0.8586507279935566,2.518678950965319,68.17902807726323,70.69770702822855,70.65116392546554,0.035626034518483715,AR6 World GDP level and trajectory (unrebased),Fixed original NATO GDP share = 0.5018,MIGRATION 1.0,SSP5-8.5_zeromig,0.046543102763010324,2.331488409540363,70.65116392546554,0.18719054142495573,0.046543102763010324,13.851684286541524,0.4627864366074186,0.11506733466541164
2031,SA1_AR6_fixed_split,SSP5-8.5,S1,"NATO→3.5%, nonNATO holds",0.033,192.3472811262712,96.5198656691629,95.82741545710832,0.5018,0.03215489042044799,0.022985547972701727,3.103585703988293,2.2026456550893823,5.306231359077675,0.49546145895237304,0.37226979860679466,0.3753495901154341,0.8379593395078831,2.629033130707458,69.62973392803659,72.25876705874404,72.19747313056408,0.03638358690192069,AR6 World GDP level and trajectory (unrebased),Fixed original NATO GDP share = 0.5018,MIGRATION 1.0,SSP5-8.5_zeromig,0.06129392817996404,2.382516613308615,72.19747313056408,0.24651651739884306,0.06129392817996404,16.480717417248982,0.7093029540062616,0.17636126284537568
2032,SA1_AR6_fixed_split,SSP5-8.5,S1,"NATO→3.5%, nonNATO holds",0.033,201.41060100515517,101.06783958438687,100.3427614207683,0.5018,0.033179069054221584,0.022985547972701727,3.353336828731362,2.306433356350434,5.659770185081795,0.48322789560555174,0.3630779914922832,0.36608173909511493,0.8172690749540954,2.73495883614812,71.07281848709798,73.8077773232461,73.73274308815951,0.03705515780769531,AR6 World GDP level and trajectory (unrebased),Fixed original NATO GDP share = 0.5018,MIGRATION 1.0,SSP5-8.5_zeromig,0.07503423508659068,2.433180521909264,73.73274308815951,0.3017783142388559,0.07503423508659068,19.215676253397103,1.0110812682451176,0.25139549793196636
2033,SA1_AR6_fixed_split,SSP5-8.5,S1,"NATO→3.5%, nonNATO holds",0.033,210.9009805583224,105.83011204416619,105.07086851415622,0.5018,0.03399498385901843,0.022985547972701727,3.5976929507395417,2.415111488765573,6.012804439505114,0.47064988225491444,0.3536273785085488,0.3565529411022079,0.7959962522770151,2.8299257014749086,72.45406860829522,75.28399430977012,75.19736489940942,0.0375900047204011,AR6 World GDP level and trajectory (unrebased),Fixed original NATO GDP share = 0.5018,MIGRATION 1.0,SSP5-8.5_zeromig,0.08662941036070038,2.4815130416805107,75.19736489940944,0.34841265979439795,0.08662941036068617,22.045601954872012,1.3594939280395155,0.3380249082926525
2034,SA1_AR6_fixed_split,SSP5-8.5,S1,"NATO→3.5%, nonNATO holds",0.033,220.8385426511057,110.81678070232485,110.02176194878086,0.5018,0.034591224067421655,0.022985547972701727,3.8332880917044467,2.528910487314872,6.362198579019319,0.45803712695549664,0.34415066182281684,0.3469978234511338,0.7746646715675443,2.9141231582543523,73.81217575774672,76.72629891600107,76.63049363405406,0.03798076017513494,AR6 World GDP level and trajectory (unrebased),Fixed original NATO GDP share = 0.5018,MIGRATION 1.0,SSP5-8.5_zeromig,0.09580528194700833,2.528806289923784,76.63049363405406,0.38531686833056833,0.09580528194700833,24.959725113126364,1.7448107963700838,0.43383019023966085
2035,SA1_AR6_fixed_split,SSP5-8.5,S1,"NATO→3.5%, nonNATO holds",0.033,231.244358329465,116.03841900972554,115.20593931973946,0.5018,0.03499999999999057,0.022985547972701727,4.0613446653393,2.6480716449740354,6.709416310313335,0.4454577955111513,0.3346990584765216,0.3374680269023873,0.7533896196374855,2.9887617987587407,75.15163368889043,78.14039548764917,78.03757733775319,0.03824861366655282,AR6 World GDP level and trajectory (unrebased),Fixed original NATO GDP share = 0.5018,MIGRATION 1.0,SSP5-8.5_zeromig,0.10281814989598104,2.575240052145855,78.03757733775319,0.41352174661288554,0.10281814989598104,27.948486911885105,2.1583325429829694,0.5366483401356419
2036,SA1_AR6_fixed_split,SSP5-8.5,S1,"NATO→3.5%, nonNATO holds",0.033,240.72811483684964,120.79736802513115,119.93074681171849,0.5018,0.035,0.022985547972701727,4.227907880879591,2.7566739342427002,6.984581815122291,0.4317827824037168,0.3244242040282783,0.3271081684876643,0.7302614736551581,3.0158221700599057,75.83205964733149,78.8478818173914,78.74413274777001,0.038248613666559,AR6 World GDP level and trajectory (unrebased),Fixed original NATO GDP share = 0.5018,MIGRATION 1.0,SSP5-8.5_zeromig,0.10374906962138652,2.5985563806764103,78.74413274777001,0.41726578938349546,0.10374906962138652,30.96430908194501,2.575598332366465,0.6403974097570284
2037,SA1_AR6_fixed_split,SSP5-8.5,S1,"NATO→3.5%, nonNATO holds",0.033,250.6008176439028,125.75149029371042,124.84932735019237,0.5018,0.035,0.022985547972701727,4.401302160279865,2.8697302031673884,7.271032363447254,0.42353806701541824,0.31822945672409436,0.32086217198137745,0.7163174299028604,3.079558992420998,77.4347053745899,80.5142643670109,80.40832264953174,0.03824861366655901,AR6 World GDP level and trajectory (unrebased),Fixed original NATO GDP share = 0.5018,MIGRATION 1.0,SSP5-8.5_zeromig,0.10594171747915482,2.6534746474345474,80.40832264953175,0.4260843449864504,0.1059417174791406,34.04386807436601,3.0016826773529153,0.746339127236169
2038,SA1_AR6_fixed_split,SSP5-8.5,S1,"NATO→3.5%, nonNATO holds",0.033,260.8784181538368,130.9087902295953,129.96962792424148,0.5018,0.035,0.022985547972701727,4.581807658035836,2.9874231176468466,7.569230775682683,0.4144990527668096,0.3114379052257225,0.31401443391424966,0.7010300119358162,3.1374389866938555,78.89008269148233,82.02752167817619,81.91958879702197,0.03824861366655902,AR6 World GDP level and trajectory (unrebased),Fixed original NATO GDP share = 0.5018,MIGRATION 1.0,SSP5-8.5_zeromig,0.10793288115421262,2.703346430301725,81.91958879702197,0.4340925563921303,0.10793288115421262,37.18130706105986,3.4357752337450456,0.8542720083903816
2039,SA1_AR6_fixed_split,SSP5-8.5,S1,"NATO→3.5%, nonNATO holds",0.033,271.5775219662541,136.27760052266632,135.29992144358778,0.5018,0.035,0.022985547972701727,4.769716018293321,3.109942835044362,7.879658853337683,0.40495768984112174,0.3042689091502445,0.3067861286675164,0.6848929864805567,3.1909284459837703,80.23506115461758,83.42598960060135,83.31621659714449,0.038248613666559,AR6 World GDP level and trajectory (unrebased),Fixed original NATO GDP share = 0.5018,MIGRATION 1.0,SSP5-8.5_zeromig,0.10977300345686558,2.7494351477057686,83.3162165971445,0.44149329827800177,0.10977300345685137,40.372235507043634,3.8772685320230473,0.964045011847233
2040,SA1_AR6_fixed_split,SSP5-8.5,S1,"NATO→3.5%, nonNATO holds",0.033,282.7154157069408,141.86659560174292,140.8488201051979,0.5018,0.035,0.022985547972701727,4.965330846061002,3.2374873114264617,8.202818157487464,0.39542508165563395,0.2971064910341865,0.2995644557997227,0.6687707676589579,3.243600039730797,81.55947460259792,84.80307464232871,84.69148965244209,0.038248613666559,AR6 World GDP level and trajectory (unrebased),Fixed original NATO GDP share = 0.5018,MIGRATION 1.0,SSP5-8.5_zeromig,0.11158498988662302,2.7948191585305895,84.69148965244209,0.44878088120020765,0.11158498988662302,43.61583554677443,4.326049413223255,1.075630001733856
2041,SA1_AR6_fixed_split,SSP5-8.5,S1,"NATO→3.5%, nonNATO holds",0.033,292.8311588771492,146.9426755245535,145.88848335259573,0.5018,0.035,0.022985547972701727,5.142993643359373,3.3533267327657863,8.496320376125158,0.388880857488708,0.29218942439128254,0.29460671021871815,0.6577027145108806,3.3040563533663336,83.0796327960025,86.38368914936883,86.27002436633171,0.038248613666559,AR6 World GDP level and trajectory (unrebased),Fixed original NATO GDP share = 0.5018,MIGRATION 1.0,SSP5-8.5_zeromig,0.11366478303712313,2.846910804088947,86.27002436633173,0.4571455492773868,0.11366478303710892,46.91989190014076,4.783194962500642,1.189294784770965
2042,SA1_AR6_fixed_split,SSP5-8.5,S1,"NATO→3.5%, nonNATO holds",0.033,303.30884997874205,152.20038091933276,151.1084690594093,0.5018,0.035,0.022985547972701727,5.327013332176647,3.4733109646465667,8.800324296823213,0.38225667166343913,0.2872122777766477,0.2895883876238175,0.6464994245705153,3.3639826752625366,84.58646448574626,87.9504471610088,87.83472081737825,0.038248613666559,AR6 World GDP level and trajectory (unrebased),Fixed original NATO GDP share = 0.5018,MIGRATION 1.0,SSP5-8.5_zeromig,0.11572634363054135,2.8985457869734828,87.83472081737827,0.46543688828905383,0.11572634363052714,50.2838745754033,5.248631850789696,1.305021128401492
2043,SA1_AR6_fixed_split,SSP5-8.5,S1,"NATO→3.5%, nonNATO holds",0.033,314.16143974631484,157.6462104647008,156.51522928161404,0.5018,0.035,0.022985547972701727,5.5176173662645285,3.5975883111109495,9.115205677375478,0.3756935248908705,0.282280993449473,0.2846163067355079,0.6353993681781097,3.424523751038468,86.10875400100069,89.53327775203915,89.41546869930593,0.038248613666559,AR6 World GDP level and trajectory (unrebased),Fixed original NATO GDP share = 0.5018,MIGRATION 1.0,SSP5-8.5_zeromig,0.11780905273322162,2.950710467077096,89.41546869930595,0.473813283961372,0.11780905273320741,53.70839832644177,5.722445134751068,1.4228301811346995
2044,SA1_AR6_fixed_split,SSP5-8.5,S1,"NATO→3.5%, nonNATO holds",0.033,325.4023423002487,163.2868953662648,162.1154469339839,0.5018,0.035,0.022985547972701727,5.715041337819268,3.726312382617068,9.441353720436336,0.3690863407022564,0.27731662118032785,0.27961086416837605,0.6242248326039306,3.4846746959514814,87.62123377774972,91.1059084737012,90.98603013298624,0.038248613666559,AR6 World GDP level and trajectory (unrebased),Fixed original NATO GDP share = 0.5018,MIGRATION 1.0,SSP5-8.5_zeromig,0.11987834071496195,3.0025389943885457,90.98603013298624,0.4821357015629357,0.11987834071496195,57.19307302239325,6.204580836314003,1.5427085218496615
2045,SA1_AR6_fixed_split,SSP5-8.5,S1,"NATO→3.5%, nonNATO holds",0.033,337.04545172695816,169.12940767658762,167.91604405037054,0.5018,0.035,0.022985547972701727,5.919529268680567,3.8596422859060886,9.779171554586656,0.36246602232829406,0.2723423804129451,0.2745954714608288,0.613028083569793,3.544617415057025,89.12847777103349,92.6730951860905,92.55115472069208,0.038248613666559,AR6 World GDP level and trajectory (unrebased),Fixed original NATO GDP share = 0.5018,MIGRATION 1.0,SSP5-8.5_zeromig,0.12194046539842418,3.0541881057828393,92.55115472069211,0.4904293092741856,0.12194046539839576,60.737690437450276,6.6950101455881885,1.6646489872480572
2046,SA1_AR6_fixed_split,SSP5-8.5,S1,"NATO→3.5%, nonNATO holds",0.033,347.51518409717266,174.38311937996124,173.13206471721142,0.5018,0.035,0.022985547972701727,6.103409178298644,3.979535379170363,10.082944557469007,0.3572989399230903,0.26846004266171586,0.2706810150932502,0.6042891496301027,3.602625401686969,90.58707342226717,94.18969882395413,94.06576279174041,0.03824861366655901,AR6 World GDP level and trajectory (unrebased),Fixed original NATO GDP share = 0.5018,MIGRATION 1.0,SSP5-8.5_zeromig,0.12393603221372018,3.104170172127434,94.06576279174044,0.49845522955953525,0.12393603221369176,64.34031583913725,7.193465375147724,1.788585019461749
2047,SA1_AR6_fixed_split,SSP5-8.5,S1,"NATO→3.5%, nonNATO holds",0.033,358.3101405442649,179.80002852511214,178.51011201915279,0.5018,0.035,0.022985547972701727,6.2930009983789255,4.103152743428596,10.39615374180752,0.35208375202800224,0.2645415603815681,0.266730115172729,0.5954688562954449,3.6603168160755466,92.03770894729439,95.69802576336994,95.57210505492849,0.038248613666558996,AR6 World GDP level and trajectory (unrebased),Fixed original NATO GDP share = 0.5018,MIGRATION 1.0,SSP5-8.5_zeromig,0.12592070844145553,3.15387946681264,95.57210505492849,0.5064373492629066,0.12592070844145553,68.0006326552128,7.699902724410631,1.9145057279032045
2048,SA1_AR6_fixed_split,SSP5-8.5,S1,"NATO→3.5%, nonNATO holds",0.033,369.4404235901001,185.38520455751225,184.05521903258787,0.5018,0.035,0.022985547972701727,6.488482159512929,4.230610066699672,10.719092226212602,0.34683725381263497,0.2605995527869604,0.2627554953126022,0.5865956087403791,3.7177805111039426,93.48261852857212,97.20039903967606,97.07250148891433,0.03824861366655901,AR6 World GDP level and trajectory (unrebased),Fixed original NATO GDP share = 0.5018,MIGRATION 1.0,SSP5-8.5_zeromig,0.12789755076173037,3.2033925491341733,97.07250148891436,0.5143879619697693,0.12789755076170195,71.71841316631674,8.2142906863804,2.0424032786649065
2049,SA1_AR6_fixed_split,SSP5-8.5,S1,"NATO→3.5%, nonNATO holds",0.033,380.9164495738606,191.14387439616326,189.77257517769732,0.5018,0.035,0.022985547972701727,6.690035603865715,4.3620266306501065,11.052062234515821,0.3415820890500057,0.25665103349755675,0.25877430988636796,0.5777077037097655,3.7751865063765884,94.92607726458348,98.70126377096007,98.57139136284125,0.038248613666559,AR6 World GDP level and trajectory (unrebased),Fixed original NATO GDP share = 0.5018,MIGRATION 1.0,SSP5-8.5_zeromig,0.12987240811881406,3.2528559149737615,98.57139136284125,0.5223305914028269,0.12987240811881406,75.49359967269332,8.736621277783227,2.1722756867837205
2050,SA1_AR6_fixed_split,SSP5-8.5,S1,"NATO→3.5%, nonNATO holds",0.033,392.7489584002411,197.081427325241,195.6675310750001,0.5018,0.035,0.022985547972701727,6.897849956383436,4.497525422224521,11.395375378607957,0.33633877242513927,0.2527114164219966,0.2548021003220752,0.5688398370847934,3.832706566164657,96.3724041230004,100.20511068916505,100.07325949968876,0.03824861366655901,AR6 World GDP level and trajectory (unrebased),Fixed original NATO GDP share = 0.5018,MIGRATION 1.0,SSP5-8.5_zeromig,0.13185118947629348,3.3024175634897297,100.07325949968877,0.5302890026749272,0.13185118947627927,79.32630623885798,9.266910280458154,2.30412687626
2025,SA1_AR6_fixed_split,SSP5-8.5,S2,"NATO→3.5%, nonNATO→3.5%",0.033,144.2051385147961,72.36213850672468,71.84300000807141,0.5018,0.027,0.022985547972701727,1.9537777396815663,1.651350723188336,3.605128462869902,0.5912714801213955,0.4442575922901239,0.4479329394859057,1.0,2.1316096422688586,62.462621941635945,64.5942315839048,64.5942315839048,0.033,AR6 World GDP level and trajectory (unrebased),Fixed original NATO GDP share = 0.5018,MIGRATION 1.0,SSP5-8.5_zeromig,0.0,2.1316096422688586,64.5942315839048,0.0,0.0,2.1316096422688586,0.0,0.0
2026,SA1_AR6_fixed_split,SSP5-8.5,S2,"NATO→3.5%, nonNATO→3.5%",0.033,151.357011624834,75.95094843334171,75.4060631914923,0.5018,0.02740877593256891,0.023599450326672138,2.0817225274755584,1.7795416426175228,3.861264170093081,0.5737796839703209,0.431114960683217,0.4346815787653946,0.9704166415273685,2.215514935241931,63.58762336489233,65.80313830013426,65.79210477029503,0.033668833926077515,AR6 World GDP level and trajectory (unrebased),Fixed original NATO GDP share = 0.5018,MIGRATION 1.0,SSP5-8.5_zeromig,0.011033529839238554,2.171139457419736,65.79210477029503,0.0443754778221952,0.011033529839238554,4.34712457751079,0.0443754778221952,0.011033529839238554
2027,SA1_AR6_fixed_split,SSP5-8.5,S2,"NATO→3.5%, nonNATO→3.5%",0.033,158.86358283723416,79.7177458677241,79.14583696951006,0.5018,0.028005016140972137,0.024494887749248,2.2324967597475283,1.9386683923884314,4.171165152135959,0.5567314800395258,0.4183056264166444,0.42176627275721645,0.941583517482057,2.3222189486379463,64.70870868167022,67.03092763030816,67.00330121011756,0.03464399241862723,AR6 World GDP level and trajectory (unrebased),Fixed original NATO GDP share = 0.5018,MIGRATION 1.0,SSP5-8.5_zeromig,0.027626420190600243,2.2111089399338795,67.00330121011756,0.11111000870406684,0.027626420190600243,6.669343526148737,0.15548548652626204,0.0386599500298388
2028,SA1_AR6_fixed_split,SSP5-8.5,S2,"NATO→3.5%, nonNATO→3.5%",0.033,166.7424434517702,83.67135812409829,83.07108532767192,0.5018,0.028820930945768986,0.025720233909322272,2.4114864346333436,2.136607745728991,4.548094180362335,0.540186505029089,0.4058743981065494,0.40923220077961286,0.913601489654434,2.456819099833069,65.83053388681613,68.2873529866492,68.23637709713807,0.03597765900097782,AR6 World GDP level and trajectory (unrebased),Fixed original NATO GDP share = 0.5018,MIGRATION 1.0,SSP5-8.5_zeromig,0.050975889511121864,2.251800444205557,68.23637709713807,0.20501865562751176,0.050975889511121864,9.126162625981806,0.3605041421537738,0.08963583954096066
2029,SA1_AR6_fixed_split,SSP5-8.5,S2,"NATO→3.5%, nonNATO→3.5%",0.033,175.0120572110772,87.82105030851855,87.19100690255866,0.5018,0.029845109579542582,0.027258352042179364,2.6210288698482582,2.3766831610620347,4.997712030910293,0.5237927016197961,0.39355675405310236,0.39681265274226973,0.885875133893241,2.61776508658826,66.9102938315702,69.52805891815846,69.44699868380943,0.03765048424075284,AR6 World GDP level and trajectory (unrebased),Fixed original NATO GDP share = 0.5018,MIGRATION 1.0,SSP5-8.5_zeromig,0.08106023434903875,2.291750956565711,69.44699868380941,0.326014130022549,0.08106023434905296,11.743927712570065,0.6865182721763228,0.17069607389001362
2030,SA1_AR6_fixed_split,SSP5-8.5,S2,"NATO→3.5%, nonNATO→3.5%",0.033,183.69180356957398,92.17654703121222,91.51525653836175,0.5018,0.030999999999995285,0.028992773986343784,2.8574729579671443,2.6532811491189925,5.510754107086137,0.507695686848064,0.3814621050365795,0.38461794458186666,0.8586507279935566,2.7977860914478856,67.9693182055875,70.76710429703539,70.65116392546554,0.03953512185131322,AR6 World GDP level and trajectory (unrebased),Fixed original NATO GDP share = 0.5018,MIGRATION 1.0,SSP5-8.5_zeromig,0.11594037156984882,2.331488409540363,70.65116392546554,0.4662976819075224,0.11594037156984882,14.54171380401795,1.1528159540838452,0.28663644545986244
2031,SA1_AR6_fixed_split,SSP5-8.5,S2,"NATO→3.5%, nonNATO→3.5%",0.033,192.3472811262712,96.5198656691629,95.82741545710832,0.5018,0.03215489042044799,0.0307271959305082,3.103585703988293,2.944507770264777,6.04809347425307,0.49546145895237304,0.37226979860679466,0.3753495901154341,0.8379593395078831,2.9965972166337527,69.35356106782623,72.35015828446,72.19747313056408,0.04141797734362923,AR6 World GDP level and trajectory (unrebased),Fixed original NATO GDP share = 0.5018,MIGRATION 1.0,SSP5-8.5_zeromig,0.15268515389591641,2.382516613308615,72.19747313056408,0.6140806033251378,0.15268515389591641,17.538311020651705,1.766896557408983,0.43932159935577886
2032,SA1_AR6_fixed_split,SSP5-8.5,S2,"NATO→3.5%, nonNATO→3.5%",0.033,201.41060100515517,101.06783958438687,100.3427614207683,0.5018,0.033179069054221584,0.032265314063365295,3.353336828731362,3.237590711226424,6.590927539957786,0.48322789560555174,0.3630779914922832,0.36608173909511493,0.8172690749540954,3.184920045222477,70.73473574492633,73.91965579014881,73.73274308815951,0.04308624020469164,AR6 World GDP level and trajectory (unrebased),Fixed original NATO GDP share = 0.5018,MIGRATION 1.0,SSP5-8.5_zeromig,0.1869127019893,2.433180521909264,73.73274308815951,0.7517395233132129,0.1869127019893,20.72323106587418,2.518636080722196,0.6262343013450788
2033,SA1_AR6_fixed_split,SSP5-8.5,S2,"NATO→3.5%, nonNATO→3.5%",0.033,210.9009805583224,105.83011204416619,105.07086851415622,0.5018,0.03399498385901843,0.033490660223439564,3.5976929507395417,3.5188927567893002,7.1165857075288415,0.47064988225491444,0.3536273785085488,0.3565529411022079,0.7959962522770151,3.3494202253054564,72.06374133203714,75.41316155734259,75.19736489940942,0.044414266106038096,AR6 World GDP level and trajectory (unrebased),Fixed original NATO GDP share = 0.5018,MIGRATION 1.0,SSP5-8.5_zeromig,0.2157966579331685,2.4815130416805107,75.19736489940944,0.8679071836249457,0.21579665793315428,24.072651291179636,3.3865432643471416,0.8420309592782331
2034,SA1_AR6_fixed_split,SSP5-8.5,S2,"NATO→3.5%, nonNATO→3.5%",0.033,220.8385426511057,110.81678070232485,110.02176194878086,0.5018,0.034591224067421655,0.034386097646015426,3.8332880917044467,3.7832190495574434,7.61650714126189,0.45803712695549664,0.34415066182281684,0.3469978234511338,0.7746646715675443,3.488643048419619,73.38050463592091,76.86914768434053,76.63049363405406,0.04538417757336877,AR6 World GDP level and trajectory (unrebased),Fixed original NATO GDP share = 0.5018,MIGRATION 1.0,SSP5-8.5_zeromig,0.23865405028647046,2.528806289923784,76.63049363405406,0.9598367584958352,0.23865405028647046,27.561294339599257,4.346380022842977,1.0806850095647036
2035,SA1_AR6_fixed_split,SSP5-8.5,S2,"NATO→3.5%, nonNATO→3.5%",0.033,231.244358329465,116.03841900972554,115.20593931973946,0.5018,0.03499999999999057,0.03499999999998584,4.0613446653393,4.03220787618925,8.093552541528549,0.4454577955111513,0.3346990584765216,0.3374680269023873,0.7533896196374855,3.605336073002983,74.68836459549946,78.29370066850245,78.03757733775319,0.04604886526271212,AR6 World GDP level and trajectory (unrebased),Fixed original NATO GDP share = 0.5018,MIGRATION 1.0,SSP5-8.5_zeromig,0.2561233307492614,2.575240052145855,78.03757733775319,1.030096020857128,0.2561233307492614,31.166630412602238,5.376476043700105,1.336808340313965
2036,SA1_AR6_fixed_split,SSP5-8.5,S2,"NATO→3.5%, nonNATO→3.5%",0.033,240.72811483684964,120.79736802513115,119.93074681171849,0.5018,0.035,0.035,4.227907880879591,4.197576138410148,8.425484019289739,0.4317827824037168,0.3244242040282783,0.3271081684876643,0.7302614736551581,3.6379789329469747,75.36459609666187,79.00257502960885,78.74413274777001,0.04604886526272746,AR6 World GDP level and trajectory (unrebased),Fixed original NATO GDP share = 0.5018,MIGRATION 1.0,SSP5-8.5_zeromig,0.258442281838839,2.5985563806764103,78.74413274777001,1.0394225522705645,0.258442281838839,34.80460934554921,6.415898595970669,1.595250622152804
2037,SA1_AR6_fixed_split,SSP5-8.5,S2,"NATO→3.5%, nonNATO→3.5%",0.033,250.6008176439028,125.75149029371042,124.84932735019237,0.5018,0.035,0.035,4.401302160279865,4.369726457256733,8.771028617536597,0.42353806701541824,0.31822945672409436,0.32086217198137745,0.7163174299028604,3.7148645064083667,76.95736238156287,80.67222688797123,80.40832264953174,0.04604886526272746,AR6 World GDP level and trajectory (unrebased),Fixed original NATO GDP share = 0.5018,MIGRATION 1.0,SSP5-8.5_zeromig,0.26390423843949407,2.6534746474345474,80.40832264953175,1.0613898589738193,0.26390423843947985,38.51947385195758,7.477288454944489,1.8591548605922839
2038,SA1_AR6_fixed_split,SSP5-8.5,S2,"NATO→3.5%, nonNATO→3.5%",0.033,260.8784181538368,130.9087902295953,129.96962792424148,0.5018,0.035,0.035,4.581807658035836,4.548936977348452,9.13074463538429,0.4144990527668096,0.3114379052257225,0.31401443391424966,0.7010300119358162,3.784685002422416,78.40376808603594,82.18845308845836,81.91958879702197,0.046048865262727466,AR6 World GDP level and trajectory (unrebased),Fixed original NATO GDP share = 0.5018,MIGRATION 1.0,SSP5-8.5_zeromig,0.2688642914363868,2.703346430301725,81.91958879702197,1.081338572120691,0.2688642914363868,42.30415885438,8.55862702706518,2.1280191520286706
2039,SA1_AR6_fixed_split,SSP5-8.5,S2,"NATO→3.5%, nonNATO→3.5%",0.033,271.5775219662541,136.27760052266632,135.29992144358778,0.5018,0.035,0.035,4.769716018293321,4.735497250525572,9.505213268818894,0.40495768984112174,0.3042689091502445,0.3067861286675164,0.6848929864805567,3.8492092067880765,79.74045548585474,83.58966469264281,83.31621659714449,0.04604886526272747,AR6 World GDP level and trajectory (unrebased),Fixed original NATO GDP share = 0.5018,MIGRATION 1.0,SSP5-8.5_zeromig,0.27344809549832405,2.7494351477057686,83.3162165971445,1.099774059082308,0.27344809549830984,46.153368061168074,9.658401086147487,2.4014672475269805
2040,SA1_AR6_fixed_split,SSP5-8.5,S2,"NATO→3.5%, nonNATO→3.5%",0.033,282.7154157069408,141.86659560174292,140.8488201051979,0.5018,0.035,0.035,4.965330846061002,4.929708703681927,9.895039549742929,0.39542508165563395,0.2971064910341865,0.2995644557997227,0.6687707676589579,3.912746821942825,81.0567046426919,84.96945146463472,84.69148965244209,0.046048865262727466,AR6 World GDP level and trajectory (unrebased),Fixed original NATO GDP share = 0.5018,MIGRATION 1.0,SSP5-8.5_zeromig,0.27796181219262905,2.7948191585305895,84.69148965244209,1.1179276634122357,0.27796181219262905,50.0661148831109,10.776328749559724,2.6794290597196095
2041,SA1_AR6_fixed_split,SSP5-8.5,S2,"NATO→3.5%, nonNATO→3.5%",0.033,292.8311588771492,146.9426755245535,145.88848335259573,0.5018,0.035,0.035,5.142993643359373,5.106096917340851,10.249090560700225,0.388880857488708,0.29218942439128254,0.29460671021871815,0.6577027145108806,3.9856751257245264,82.56749188468132,86.55316701040584,86.27002436633171,0.046048865262727466,AR6 World GDP level and trajectory (unrebased),Fixed original NATO GDP share = 0.5018,MIGRATION 1.0,SSP5-8.5_zeromig,0.2831426440741325,2.846910804088947,86.27002436633173,1.1387643216355796,0.28314264407411827,54.051790008835425,11.915093071195303,2.962571703793728
2042,SA1_AR6_fixed_split,SSP5-8.5,S2,"NATO→3.5%, nonNATO→3.5%",0.033,303.30884997874205,152.20038091933276,151.1084690594093,0.5018,0.035,0.035,5.327013332176647,5.288796417079325,10.615809749255973,0.38225667166343913,0.2872122777766477,0.2895883876238175,0.6464994245705153,4.0579641017628765,84.06503477368268,88.12299887544556,87.83472081737825,0.046048865262727466,AR6 World GDP level and trajectory (unrebased),Fixed original NATO GDP share = 0.5018,MIGRATION 1.0,SSP5-8.5_zeromig,0.28827805806730566,2.8985457869734828,87.83472081737827,1.1594183147893937,0.28827805806729145,58.1097541105983,13.074511385984696,3.2508497618610193
2043,SA1_AR6_fixed_split,SSP5-8.5,S2,"NATO→3.5%, nonNATO→3.5%",0.033,314.16143974631484,157.6462104647008,156.51522928161404,0.5018,0.035,0.035,5.5176173662645285,5.478033024856492,10.995650391121021,0.3756935248908705,0.282280993449473,0.2846163067355079,0.6353993681781097,4.130994653907935,85.57794019907777,89.7089348529857,89.41546869930593,0.04604886526272747,AR6 World GDP level and trajectory (unrebased),Fixed original NATO GDP share = 0.5018,MIGRATION 1.0,SSP5-8.5_zeromig,0.29346615367977336,2.950710467077096,89.41546869930595,1.1802841868308391,0.29346615367975915,62.240748764506236,14.254795572815535,3.5443159155407784
2044,SA1_AR6_fixed_split,SSP5-8.5,S2,"NATO→3.5%, nonNATO→3.5%",0.033,325.4023423002487,163.2868953662648,162.1154469339839,0.5018,0.035,0.035,5.715041337819268,5.6740406426894365,11.389081980508704,0.3690863407022564,0.27731662118032785,0.27961086416837605,0.6242248326039306,4.2035545921439645,87.081096357689,91.28465094983297,90.98603013298624,0.04604886526272746,AR6 World GDP level and trajectory (unrebased),Fixed original NATO GDP share = 0.5018,MIGRATION 1.0,SSP5-8.5_zeromig,0.2986208168467215,3.0025389943885457,90.98603013298624,1.2010155977554189,0.2986208168467215,66.4443033566502,15.455811170570954,3.8429367323875
2045,SA1_AR6_fixed_split,SSP5-8.5,S2,"NATO→3.5%, nonNATO→3.5%",0.033,337.04545172695816,169.12940767658762,167.91604405037054,0.5018,0.035,0.035,5.919529268680567,5.87706154176297,11.796590810443536,0.36246602232829406,0.2723423804129451,0.2745954714608288,0.613028083569793,4.275863348095975,88.5790490086025,92.85491235669848,92.55115472069208,0.04604886526272746,AR6 World GDP level and trajectory (unrebased),Fixed original NATO GDP share = 0.5018,MIGRATION 1.0,SSP5-8.5_zeromig,0.30375763600639516,3.0541881057828393,92.55115472069211,1.221675242313136,0.30375763600636674,70.72016670474618,16.67748641288409,4.146694368393867
2046,SA1_AR6_fixed_split,SSP5-8.5,S2,"NATO→3.5%, nonNATO→3.5%",0.033,347.51518409717266,174.38311937996124,173.13206471721142,0.5018,0.035,0.035,6.103409178298644,6.0596222651024005,12.163031443401046,0.3572989399230903,0.26846004266171586,0.2706810150932502,0.6042891496301027,4.345838240978408,90.02865320812978,94.37449144910819,94.06576279174041,0.046048865262727466,AR6 World GDP level and trajectory (unrebased),Fixed original NATO GDP share = 0.5018,MIGRATION 1.0,SSP5-8.5_zeromig,0.3087286573677801,3.104170172127434,94.06576279174044,1.2416680688509745,0.3087286573677517,75.06600494572459,17.919154481735063,4.455423025761618
2047,SA1_AR6_fixed_split,SSP5-8.5,S2,"NATO→3.5%, nonNATO→3.5%",0.033,358.3101405442649,179.80002852511214,178.51011201915279,0.5018,0.035,0.035,6.2930009983789255,6.247853920670348,12.540854919049274,0.35208375202800224,0.2645415603815681,0.266730115172729,0.5954688562954449,4.4154312535376965,91.47034635131466,95.88577760485235,95.57210505492849,0.046048865262727466,AR6 World GDP level and trajectory (unrebased),Fixed original NATO GDP share = 0.5018,MIGRATION 1.0,SSP5-8.5_zeromig,0.31367254992386506,3.15387946681264,95.57210505492849,1.2615517867250565,0.31367254992386506,79.48143619926228,19.18070626846012,4.769095575685483
2048,SA1_AR6_fixed_split,SSP5-8.5,S2,"NATO→3.5%, nonNATO→3.5%",0.033,369.4404235901001,185.38520455751225,184.05521903258787,0.5018,0.035,0.035,6.488482159512929,6.441932666140576,12.930414825653505,0.34683725381263497,0.2605995527869604,0.2627554953126022,0.5865956087403791,4.484749568787843,92.90634884809013,97.39109841687798,97.07250148891433,0.04604886526272746,AR6 World GDP level and trajectory (unrebased),Fixed original NATO GDP share = 0.5018,MIGRATION 1.0,SSP5-8.5_zeromig,0.3185969279636538,3.2033925491341733,97.07250148891436,1.28135701965367,0.3185969279636254,83.96618576805012,20.462063288113793,5.087692503649109
2049,SA1_AR6_fixed_split,SSP5-8.5,S2,"NATO→3.5%, nonNATO→3.5%",0.033,380.9164495738606,191.14387439616326,189.77257517769732,0.5018,0.035,0.035,6.690035603865715,6.642040131219407,13.332075735085121,0.3415820890500057,0.25665103349755675,0.25877430988636796,0.5777077037097655,4.553998280963266,94.34090944327397,98.89490772423724,98.57139136284125,0.04604886526272746,AR6 World GDP level and trajectory (unrebased),Fixed original NATO GDP share = 0.5018,MIGRATION 1.0,SSP5-8.5_zeromig,0.3235163613959884,3.2528559149737615,98.57139136284125,1.3011423659895045,0.3235163613959884,88.5201840490134,21.763205654103295,5.411208865045097
2050,SA1_AR6_fixed_split,SSP5-8.5,S2,"NATO→3.5%, nonNATO→3.5%",0.033,392.7489584002411,197.081427325241,195.6675310750001,0.5018,0.035,0.035,6.897849956383436,6.848363587625005,13.746213544008441,0.33633877242513927,0.2527114164219966,0.2548021003220752,0.5688398370847934,4.623384588885622,95.77832048044316,100.40170506932878,100.07325949968876,0.04604886526272746,AR6 World GDP level and trajectory (unrebased),Fixed original NATO GDP share = 0.5018,MIGRATION 1.0,SSP5-8.5_zeromig,0.32844556964002436,3.3024175634897297,100.07325949968877,1.320967025395892,0.32844556964001015,93.14356863789901,23.08417267949919,5.739654434685107
2025,SA1_AR6_fixed_split,SSP5-8.5,S3,"NATO→5%, nonNATO→3.5%",0.033,144.2051385147961,72.36213850672468,71.84300000807141,0.5018,0.027,0.022985547972701727,1.9537777396815663,1.651350723188336,3.605128462869902,0.5912714801213955,0.4442575922901239,0.4479329394859057,1.0,2.1316096422688586,62.462621941635945,64.5942315839048,64.5942315839048,0.033,AR6 World GDP level and trajectory (unrebased),Fixed original NATO GDP share = 0.5018,MIGRATION 1.0,SSP5-8.5_zeromig,0.0,2.1316096422688586,64.5942315839048,0.0,0.0,2.1316096422688586,0.0,0.0
2026,SA1_AR6_fixed_split,SSP5-8.5,S3,"NATO→5%, nonNATO→3.5%",0.033,151.357011624834,75.95094843334171,75.4060631914923,0.5018,0.02817523080613562,0.023599450326672138,2.139935502054307,1.7795416426175228,3.9194771446718297,0.5737796839703209,0.431114960683217,0.4346815787653946,0.9704166415273685,2.248916357398698,63.56252688064557,65.81144323804426,65.79210477029503,0.03417211729066967,AR6 World GDP level and trajectory (unrebased),Fixed original NATO GDP share = 0.5018,MIGRATION 1.0,SSP5-8.5_zeromig,0.019338467749236088,2.171139457419736,65.79210477029503,0.07777689997896209,0.019338467749236088,4.380525999667556,0.07777689997896209,0.019338467749236088
2027,SA1_AR6_fixed_split,SSP5-8.5,S3,"NATO→5%, nonNATO→3.5%",0.033,158.86358283723416,79.7177458677241,79.14583696951006,0.5018,0.029889421405294894,0.024494887749248,2.3827172997206114,1.9386683923884314,4.321385692109043,0.5567314800395258,0.4183056264166444,0.42176627275721645,0.941583517482057,2.405851452189498,64.64587058459612,67.05172203678562,67.00330121011756,0.03588053191042,AR6 World GDP level and trajectory (unrebased),Fixed original NATO GDP share = 0.5018,MIGRATION 1.0,SSP5-8.5_zeromig,0.04842082666806391,2.2111089399338795,67.00330121011756,0.19474251225561856,0.04842082666806391,6.786377451857055,0.27251941223458065,0.0677592944173
2028,SA1_AR6_fixed_split,SSP5-8.5,S3,"NATO→5%, nonNATO→3.5%",0.033,166.7424434517702,83.67135812409829,83.07108532767192,0.5018,0.03223517646908584,0.025720233909322272,2.6971609945383874,2.136607745728991,4.833768740267379,0.540186505029089,0.4058743981065494,0.40923220077961286,0.913601489654434,2.611136641923898,65.71458589676031,68.3257225386842,68.23637709713807,0.038216012138701384,AR6 World GDP level and trajectory (unrebased),Fixed original NATO GDP share = 0.5018,MIGRATION 1.0,SSP5-8.5_zeromig,0.08934544154612922,2.251800444205557,68.23637709713807,0.35933619771834113,0.08934544154612922,9.397514093780952,0.6318556099529218,0.15710473596342922
2029,SA1_AR6_fixed_split,SSP5-8.5,S3,"NATO→5%, nonNATO→3.5%",0.033,175.0120572110772,87.82105030851855,87.19100690255866,0.5018,0.03517969004118492,0.027258352042179364,3.08951732894499,2.3766831610620347,5.466200490007025,0.5237927016197961,0.39355675405310236,0.39681265274226973,0.885875133893241,2.8631559222562326,66.72591703429676,69.58907295655298,69.44699868380943,0.04114375721090301,AR6 World GDP level and trajectory (unrebased),Fixed original NATO GDP share = 0.5018,MIGRATION 1.0,SSP5-8.5_zeromig,0.14207427274355666,2.291750956565711,69.44699868380941,0.5714049656905216,0.14207427274357087,12.260670016037185,1.2032605756434434,0.2991790087070001
2030,SA1_AR6_fixed_split,SSP5-8.5,S3,"NATO→5%, nonNATO→3.5%",0.033,183.69180356957398,92.17654703121222,91.51525653836175,0.5018,0.03849999999998644,0.028992773986343784,3.5487970607004207,2.6532811491189925,6.202078209819414,0.507695686848064,0.3814621050365795,0.38461794458186666,0.8586507279935566,3.1487683566196782,67.70560425809634,70.85437261471603,70.65116392546554,0.04444000053097214,AR6 World GDP level and trajectory (unrebased),Fixed original NATO GDP share = 0.5018,MIGRATION 1.0,SSP5-8.5_zeromig,0.20320868925048785,2.331488409540363,70.65116392546554,0.8172799470793151,0.20320868925048785,15.409438372656863,2.0205405227227584,0.5023876979574879
2031,SA1_AR6_fixed_split,SSP5-8.5,S3,"NATO→5%, nonNATO→3.5%",0.033,192.3472811262712,96.5198656691629,95.82741545710832,0.5018,0.041820309958787966,0.0307271959305082,4.03649069946497,2.944507770264777,6.980998469729747,0.49546145895237304,0.37226979860679466,0.3753495901154341,0.8379593395078831,3.458815686756584,69.00626871304087,72.46508439979745,72.19747313056408,0.04773078946094834,AR6 World GDP level and trajectory (unrebased),Fixed original NATO GDP share = 0.5018,MIGRATION 1.0,SSP5-8.5_zeromig,0.2676112692333703,2.382516613308615,72.19747313056408,1.0762990734479692,0.2676112692333703,18.86825405941345,3.0968395961707276,0.7699989671908583
2032,SA1_AR6_fixed_split,SSP5-8.5,S3,"NATO→5%, nonNATO→3.5%",0.033,201.41060100515517,101.06783958438687,100.3427614207683,0.5018,0.04476482353088705,0.032265314063365295,4.524284003643079,3.237590711226424,7.761874714869503,0.48322789560555174,0.3630779914922832,0.36608173909511493,0.8172690749540954,3.7507543844203317,70.30959059651582,74.06034498093615,73.73274308815951,0.050644570794070864,AR6 World GDP level and trajectory (unrebased),Fixed original NATO GDP share = 0.5018,MIGRATION 1.0,SSP5-8.5_zeromig,0.32760189277664153,2.433180521909264,73.73274308815951,1.3175738625110678,0.32760189277664153,22.619008443833778,4.414413458681795,1.0976008599674998
2033,SA1_AR6_fixed_split,SSP5-8.5,S3,"NATO→5%, nonNATO→3.5%",0.033,210.9009805583224,105.83011204416619,105.07086851415622,0.5018,0.04711057859467799,0.033490660223439564,4.985717811140269,3.5188927567893002,8.50461056792957,0.47064988225491444,0.3536273785085488,0.3565529411022079,0.7959962522770151,4.002693962419953,71.57289773934893,75.57559170176889,75.19736489940942,0.05296278695660239,AR6 World GDP level and trajectory (unrebased),Fixed original NATO GDP share = 0.5018,MIGRATION 1.0,SSP5-8.5_zeromig,0.37822680235946393,2.4815130416805107,75.19736489940944,1.5211809207394427,0.3782268023594497,26.621702406253732,5.935594379421238,1.4758276623269495
2034,SA1_AR6_fixed_split,SSP5-8.5,S3,"NATO→5%, nonNATO→3.5%",0.033,220.8385426511057,110.81678070232485,110.02176194878086,0.5018,0.04882476919383726,0.034386097646015426,5.41060374059509,3.7832190495574434,9.193822790152534,0.45803712695549664,0.34415066182281684,0.3469978234511338,0.7746646715675443,4.211112176539435,72.83767041145171,77.04878258799114,76.63049363405406,0.05465514230196001,AR6 World GDP level and trajectory (unrebased),Fixed original NATO GDP share = 0.5018,MIGRATION 1.0,SSP5-8.5_zeromig,0.4182889539370791,2.528806289923784,76.63049363405406,1.6823058866156506,0.4182889539370791,30.83281458279317,7.617900266036889,1.8941166162640286
2035,SA1_AR6_fixed_split,SSP5-8.5,S3,"NATO→5%, nonNATO→3.5%",0.033,231.244358329465,116.03841900972554,115.20593931973946,0.5018,0.049999999999972886,0.03499999999998584,5.801920950483131,4.03220787618925,9.83412882667238,0.4454577955111513,0.3346990584765216,0.3374680269023873,0.7533896196374855,4.380689347902143,74.10579535165525,78.4864846995574,78.03757733775319,0.05581456940862134,AR6 World GDP level and trajectory (unrebased),Fixed original NATO GDP share = 0.5018,MIGRATION 1.0,SSP5-8.5_zeromig,0.44890736180420276,2.575240052145855,78.03757733775319,1.8054492957562878,0.44890736180420276,35.21350393069531,9.423349561793177,2.3430239780682314
2036,SA1_AR6_fixed_split,SSP5-8.5,S3,"NATO→5%, nonNATO→3.5%",0.033,240.72811483684964,120.79736802513115,119.93074681171849,0.5018,0.05,0.035,6.039868401256558,4.197576138410148,10.237444539666706,0.4317827824037168,0.3244242040282783,0.3271081684876643,0.7302614736551581,4.420352288041028,74.77675224710791,79.19710453514894,78.74413274777001,0.055814569408648075,AR6 World GDP level and trajectory (unrebased),Fixed original NATO GDP share = 0.5018,MIGRATION 1.0,SSP5-8.5_zeromig,0.45297178737892807,2.5985563806764103,78.74413274777001,1.8217959073646175,0.45297178737892807,39.63385621873634,11.245145469157794,2.7959957654471594
2037,SA1_AR6_fixed_split,SSP5-8.5,S3,"NATO→5%, nonNATO→3.5%",0.033,250.6008176439028,125.75149029371042,124.84932735019237,0.5018,0.05,0.035,6.287574514685521,4.369726457256733,10.657300971942254,0.42353806701541824,0.31822945672409436,0.32086217198137745,0.7163174299028604,4.51377265325796,76.35709495498668,80.87086760824464,80.40832264953174,0.05581456940864808,AR6 World GDP level and trajectory (unrebased),Fixed original NATO GDP share = 0.5018,MIGRATION 1.0,SSP5-8.5_zeromig,0.4625449587128969,2.6534746474345474,80.40832264953175,1.8602980058234126,0.4625449587128827,44.1476288719943,13.105443474981207,3.258540724160042
2038,SA1_AR6_fixed_split,SSP5-8.5,S3,"NATO→5%, nonNATO→3.5%",0.033,260.8784181538368,130.9087902295953,129.96962792424148,0.5018,0.05,0.035,6.545439511479765,4.548936977348452,11.094376488828217,0.4144990527668096,0.3114379052257225,0.31401443391424966,0.7010300119358162,4.598608545657659,77.79221869496486,82.39082724062251,81.91958879702197,0.05581456940864809,AR6 World GDP level and trajectory (unrebased),Fixed original NATO GDP share = 0.5018,MIGRATION 1.0,SSP5-8.5_zeromig,0.4712384436005408,2.703346430301725,81.91958879702197,1.895262115355934,0.4712384436005408,48.746237417651955,15.000705590337141,3.729779167760583
2039,SA1_AR6_fixed_split,SSP5-8.5,S3,"NATO→5%, nonNATO→3.5%",0.033,271.5775219662541,136.27760052266632,135.29992144358778,0.5018,0.05,0.035,6.813880026133316,4.735497250525572,11.549377276658888,0.40495768984112174,0.3042689091502445,0.3067861286675164,0.6848929864805567,4.677009141059329,79.11847993306507,83.7954890741244,83.31621659714449,0.05581456940864808,AR6 World GDP level and trajectory (unrebased),Fixed original NATO GDP share = 0.5018,MIGRATION 1.0,SSP5-8.5_zeromig,0.47927247697991504,2.7494351477057686,83.3162165971445,1.92757399335356,0.47927247697990083,53.423246558711284,16.9282795836907,4.209051644740484
2040,SA1_AR6_fixed_split,SSP5-8.5,S3,"NATO→5%, nonNATO→3.5%",0.033,282.7154157069408,141.86659560174292,140.8488201051979,0.5018,0.05,0.035,7.093329780087146,4.929708703681927,12.023038483769072,0.39542508165563395,0.2971064910341865,0.2995644557997227,0.6687707676589579,4.754210974193215,80.4244623464789,85.17867332067212,84.69148965244209,0.05581456940864808,AR6 World GDP level and trajectory (unrebased),Fixed original NATO GDP share = 0.5018,MIGRATION 1.0,SSP5-8.5_zeromig,0.48718366823003123,2.7948191585305895,84.69148965244209,1.959391815662625,0.48718366823003123,58.1774575329045,18.887671399353327,4.696235312970515
2041,SA1_AR6_fixed_split,SSP5-8.5,S3,"NATO→5%, nonNATO→3.5%",0.033,292.8311588771492,146.9426755245535,145.88848335259573,0.5018,0.05,0.035,7.347133776227675,5.106096917340851,12.453230693568527,0.388880857488708,0.29218942439128254,0.29460671021871815,0.6577027145108806,4.842823030619626,81.9234654479808,86.76628847860043,86.27002436633171,0.05581456940864808,AR6 World GDP level and trajectory (unrebased),Fixed original NATO GDP share = 0.5018,MIGRATION 1.0,SSP5-8.5_zeromig,0.4962641122687188,2.846910804088947,86.27002436633173,1.9959122265306792,0.4962641122687046,63.020280563524125,20.883583625884004,5.19249942523922
2042,SA1_AR6_fixed_split,SSP5-8.5,S3,"NATO→5%, nonNATO→3.5%",0.033,303.30884997874205,152.20038091933276,151.1084690594093,0.5018,0.05,0.035,7.610019045966638,5.288796417079325,12.898815463045963,0.38225667166343913,0.2872122777766477,0.2895883876238175,0.6464994245705153,4.930658267304852,83.40932750244797,88.33998576975281,87.83472081737825,0.05581456940864808,AR6 World GDP level and trajectory (unrebased),Fixed original NATO GDP share = 0.5018,MIGRATION 1.0,SSP5-8.5_zeromig,0.50526495237456,2.8985457869734828,87.83472081737827,2.0321124803313695,0.5052649523745458,67.95093883082897,22.915696106215375,5.697764377613765
2043,SA1_AR6_fixed_split,SSP5-8.5,S3,"NATO→5%, nonNATO→3.5%",0.033,314.16143974631484,157.6462104647008,156.51522928161404,0.5018,0.05,0.035,7.8823105232350406,5.478033024856492,13.360343548091532,0.3756935248908705,0.282280993449473,0.2846163067355079,0.6353993681781097,5.019394561335507,84.91043226552497,89.92982682686048,89.41546869930593,0.05581456940864809,AR6 World GDP level and trajectory (unrebased),Fixed original NATO GDP share = 0.5018,MIGRATION 1.0,SSP5-8.5_zeromig,0.5143581275545444,2.950710467077096,89.41546869930595,2.068684094258411,0.5143581275545301,72.97033339216449,24.984380200473787,6.212122505168296
2044,SA1_AR6_fixed_split,SSP5-8.5,S3,"NATO→5%, nonNATO→3.5%",0.033,325.4023423002487,163.2868953662648,162.1154469339839,0.5018,0.05,0.035,8.16434476831324,5.6740406426894365,13.838385411002676,0.3690863407022564,0.27731662118032785,0.27961086416837605,0.6242248326039306,5.107559032574468,86.40186380609903,91.5094228386735,90.98603013298624,0.055814569408648075,AR6 World GDP level and trajectory (unrebased),Fixed original NATO GDP share = 0.5018,MIGRATION 1.0,SSP5-8.5_zeromig,0.5233927056872574,3.0025389943885457,90.98603013298624,2.105020038185922,0.5233927056872574,78.07789242473895,27.089400238659707,6.735515210855553
2045,SA1_AR6_fixed_split,SSP5-8.5,S3,"NATO→5%, nonNATO→3.5%",0.033,337.04545172695816,169.12940767658762,167.91604405037054,0.5018,0.05,0.035,8.456470383829382,5.87706154176297,14.333531925592352,0.36246602232829406,0.2723423804129451,0.2745954714608288,0.613028083569793,5.195418302985074,87.8881324263354,93.08355072932048,92.55115472069208,0.05581456940864809,AR6 World GDP level and trajectory (unrebased),Fixed original NATO GDP share = 0.5018,MIGRATION 1.0,SSP5-8.5_zeromig,0.5323960086283961,3.0541881057828393,92.55115472069211,2.1412301972022343,0.5323960086283677,83.27331072772402,29.23063043586194,7.267911219483921
2046,SA1_AR6_fixed_split,SSP5-8.5,S3,"NATO→5%, nonNATO→3.5%",0.033,347.51518409717266,174.38311937996124,173.13206471721142,0.5018,0.05,0.035,8.719155968998063,6.0596222651024005,14.778778234100464,0.3572989399230903,0.26846004266171586,0.2706810150932502,0.6042891496301027,5.2804417964025365,89.32642971310636,94.6068715095089,94.06576279174041,0.05581456940864809,AR6 World GDP level and trajectory (unrebased),Fixed original NATO GDP share = 0.5018,MIGRATION 1.0,SSP5-8.5_zeromig,0.5411087177684948,3.104170172127434,94.06576279174044,2.1762716242751026,0.5411087177684664,88.55375252412657,31.406902060137043,7.809019937252387
2047,SA1_AR6_fixed_split,SSP5-8.5,S3,"NATO→5%, nonNATO→3.5%",0.033,358.3101405442649,179.80002852511214,178.51011201915279,0.5018,0.05,0.035,8.990001426255608,6.247853920670348,15.237855346925956,0.35208375202800224,0.2645415603815681,0.266730115172729,0.5954688562954449,5.365001283405646,90.7568776497744,96.12187893318004,95.57210505492849,0.05581456940864809,AR6 World GDP level and trajectory (unrebased),Fixed original NATO GDP share = 0.5018,MIGRATION 1.0,SSP5-8.5_zeromig,0.5497738782515569,3.15387946681264,95.57210505492849,2.211121816593006,0.5497738782515569,93.91875380753221,33.61802387673005,8.358793815503944
2048,SA1_AR6_fixed_split,SSP5-8.5,S3,"NATO→5%, nonNATO→3.5%",0.033,369.4404235901001,185.38520455751225,184.05521903258787,0.5018,0.05,0.035,9.269260227875613,6.441932666140576,15.71119289401619,0.34683725381263497,0.2605995527869604,0.2627554953126022,0.5865956087403791,5.44922699748116,92.18167932707503,97.6309063245562,97.07250148891433,0.055814569408648075,AR6 World GDP level and trajectory (unrebased),Fixed original NATO GDP share = 0.5018,MIGRATION 1.0,SSP5-8.5_zeromig,0.5584048356418663,3.2033925491341733,97.07250148891436,2.245834448346987,0.5584048356418378,99.36798080501337,35.86385832507704,8.917198651145782
2049,SA1_AR6_fixed_split,SSP5-8.5,S3,"NATO→5%, nonNATO→3.5%",0.033,380.9164495738606,191.14387439616326,189.77257517769732,0.5018,0.05,0.035,9.557193719808163,6.642040131219407,16.19923385102757,0.3415820890500057,0.25665103349755675,0.25877430988636796,0.5777077037097655,5.533368139843566,93.60505034961643,99.13841848946,98.57139136284125,0.055814569408648096,AR6 World GDP level and trajectory (unrebased),Fixed original NATO GDP share = 0.5018,MIGRATION 1.0,SSP5-8.5_zeromig,0.5670271266187399,3.2528559149737615,98.57139136284125,2.280512224869805,0.5670271266187399,104.90134894485693,38.14437054994684,9.484225777764522
2050,SA1_AR6_fixed_split,SSP5-8.5,S3,"NATO→5%, nonNATO→3.5%",0.033,392.7489584002411,197.081427325241,195.6675310750001,0.5018,0.05,0.035,9.854071366262051,6.848363587625005,16.702434953887057,0.33633877242513927,0.2527114164219966,0.2548021003220752,0.5688398370847934,5.61767646890111,95.0312495806957,100.64892604959681,100.07325949968876,0.055814569408648096,AR6 World GDP level and trajectory (unrebased),Fixed original NATO GDP share = 0.5018,MIGRATION 1.0,SSP5-8.5_zeromig,0.5756665499080498,3.3024175634897297,100.07325949968877,2.3152589054113806,0.5756665499080356,110.51902541375804,40.459629455358225,10.059892327672557
2025,SA1_AR6_fixed_split,SSP1-1.9,S0,Baseline,0.055,138.56683200039697,69.53283629779921,69.03399570259776,0.5018,0.027,0.022985547972701727,1.8773865800405787,1.5867842199693458,3.4641708000099243,0.5825932533906624,0.25666695778749465,0.26481511517757383,1.0,2.0182025366787153,34.67638903929793,36.694591575976645,36.694591575976645,0.05499999999999999,AR6 World GDP level and trajectory (unrebased),Fixed original NATO GDP share = 0.5018,IMAGE 3.0.1,SSP1-19,0.0,2.0182025366787153,36.694591575976645,0.0,0.0,2.0182025366787153,0.0,0.0
2026,SA1_AR6_fixed_split,SSP1-1.9,S0,Baseline,0.055,144.59391012503605,72.55722410074308,72.03668602429296,0.5018,0.027,0.022985547972701727,1.9590450507200632,1.655802702405838,3.6148477531259013,0.5286412838450313,0.23289790826739143,0.24029149265683242,0.9073934185958498,1.9109577571168033,32.83372873591598,34.74468649303279,34.74468649303279,0.055,AR6 World GDP level and trajectory (unrebased),Fixed original NATO GDP share = 0.5018,IMAGE 3.0.1,SSP1-19,0.0,1.9109577571168033,34.74468649303279,0.0,0.0,3.9291602937955186,0.0,0.0
2027,SA1_AR6_fixed_split,SSP1-1.9,S0,Baseline,0.055,150.8831409610859,75.71316013427291,75.16998082681299,0.5018,0.027,0.022985547972701727,2.0442553236253684,1.727823200401779,3.7720785240271475,0.47819994401908644,0.21067549981260456,0.2173636109177666,0.820812704637391,1.8038077390253802,30.99269660689063,32.796504345916006,32.796504345916006,0.05499999999999999,AR6 World GDP level and trajectory (unrebased),Fixed original NATO GDP share = 0.5018,IMAGE 3.0.1,SSP1-19,0.0,1.8038077390253802,32.796504345916006,0.0,0.0,5.7329680328208985,0.0,0.0
2028,SA1_AR6_fixed_split,SSP1-1.9,S0,Baseline,0.055,157.44592705596344,79.00636619668245,78.43956085928099,0.5018,0.027,0.022985547972701727,2.133171887310426,1.8029762890886598,3.9361481763990858,0.4310692601997735,0.18991163211598416,0.19594057281807886,0.7399146105640133,1.6967524824370415,29.1532926527819,30.85004513521894,30.850045135218938,0.054999999999999986,AR6 World GDP level and trajectory (unrebased),Fixed original NATO GDP share = 0.5018,IMAGE 3.0.1,SSP1-19,3.552713678800501e-15,1.6967524824370415,30.85004513521894,0.0,0.0,7.42972051525794,0.0,0.0
2029,SA1_AR6_fixed_split,SSP1-1.9,S0,Baseline,0.055,164.2941669202464,82.44281296057964,81.85135395966675,0.5018,0.027,0.022985547972701727,2.2259559499356505,1.8813982230705095,4.10735417300616,0.3870598739376787,0.17052288152499134,0.17593630633530852,0.6643741095266902,1.5897919884211626,27.315516891963618,28.90530888038478,28.90530888038478,0.05499999999999999,AR6 World GDP level and trajectory (unrebased),Fixed original NATO GDP share = 0.5018,IMAGE 3.0.1,SSP1-19,0.0,1.5897919884211626,28.90530888038478,0.0,0.0,9.019512503679103,0.0,0.0
2030,SA1_AR6_fixed_split,SSP1-1.9,S0,Baseline,0.055,171.44027659999995,86.02873079787997,85.41154580211997,0.5018,0.027,0.022985547972701727,2.3227757315427593,1.9632311834572393,4.286006914999999,0.3459925019508753,0.15243026309723878,0.1572693190685797,0.5938834683326951,1.482926255899602,25.479369305911348,26.96229556181095,26.962295561810947,0.054999999999999986,AR6 World GDP level and trajectory (unrebased),Fixed original NATO GDP share = 0.5018,IMAGE 3.0.1,SSP1-19,3.552713678800501e-15,1.482926255899602,26.96229556181095,0.0,0.0,10.502438759578705,0.0,0.0
2031,SA1_AR6_fixed_split,SSP1-1.9,S0,Baseline,0.055,177.7089843520823,89.1743683478749,88.5346160042074,0.5018,0.027,0.022985547972701727,2.4077079453926222,2.035016663409435,4.442724608802058,0.3175411683113456,0.1398957594658376,0.14433689468697528,0.5450477952898914,1.4107479627645714,24.239214996591272,25.649962959355843,25.64996295935584,0.055,AR6 World GDP level and trajectory (unrebased),Fixed original NATO GDP share = 0.5018,IMAGE 3.0.1,SSP1-19,3.552713678800501e-15,1.4107479627645714,25.649962959355843,0.0,0.0,11.913186722343276,0.0,0.0
2032,SA1_AR6_fixed_split,SSP1-1.9,S0,Baseline,0.055,184.20690718512637,92.43502602549641,91.77188115962996,0.5018,0.027,0.022985547972701727,2.495745702688403,2.1094269769397562,4.60517267962816,0.29068151672254855,0.12806248638825568,0.132127962146613,0.49894418624108205,1.3386385792835567,23.000244680417474,24.33888325970103,24.338883259701028,0.055,AR6 World GDP level and trajectory (unrebased),Fixed original NATO GDP share = 0.5018,IMAGE 3.0.1,SSP1-19,3.552713678800501e-15,1.3386385792835567,24.33888325970103,0.0,0.0,13.251825301626832,0.0,0.0
2033,SA1_AR6_fixed_split,SSP1-1.9,S0,Baseline,0.055,190.94242634059682,95.81490953771149,95.12751680288534,0.5018,0.027,0.022985547972701727,2.5870025575182103,2.1865581009967103,4.773560658514921,0.2653361288096339,0.11689633646858,0.12060733127710635,0.45543975537888826,1.266598105768316,21.76245836274652,23.02905646851484,23.02905646851484,0.05499999999999999,AR6 World GDP level and trajectory (unrebased),Fixed original NATO GDP share = 0.5018,IMAGE 3.0.1,SSP1-19,0.0,1.266598105768316,23.02905646851484,0.0,0.0,14.518423407395149,0.0,0.0
2034,SA1_AR6_fixed_split,SSP1-1.9,S0,Baseline,0.055,197.92422951976133,99.31837837301624,98.60585114674508,0.5018,0.027,0.022985547972701727,2.6815962160714384,2.2665095219225946,4.948105737994033,0.24143108591056997,0.10636474414241895,0.10974140268662272,0.41440762402491554,1.1946265415242217,20.525856031643446,21.72048257316767,21.72048257316767,0.05499999999999999,AR6 World GDP level and trajectory (unrebased),Fixed original NATO GDP share = 0.5018,IMAGE 3.0.1,SSP1-19,0.0,1.1946265415242217,21.72048257316767,0.0,0.0,15.71304994891937,0.0,0.0
2035,SA1_AR6_fixed_split,SSP1-1.9,S0,Baseline,0.055,205.16132208938131,102.94995142445156,102.21137066492976,0.5018,0.027,0.022985547972701727,2.779648688460192,2.349384363774341,5.129033052234533,0.21889581852041462,0.0964366193481547,0.0994980993274612,0.3757266622063547,1.1227238881871386,19.290437715215383,20.41316160340252,20.41316160340252,0.055,AR6 World GDP level and trajectory (unrebased),Fixed original NATO GDP share = 0.5018,IMAGE 3.0.1,SSP1-19,0.0,1.1227238881871386,20.41316160340252,0.0,0.0,16.835773837106508,0.0,0.0
2036,SA1_AR6_fixed_split,SSP1-1.9,S0,Baseline,0.055,212.66303869714082,106.71431281822527,105.94872587891555,0.5018,0.027,0.022985547972701727,2.881286446092082,2.4352895213364385,5.316575967428521,0.1976628687545031,0.08708224287785803,0.08984675852477415,0.3392810809327357,1.050889657673169,18.056195027293544,19.107084684966715,19.10708468496671,0.054999999999999986,AR6 World GDP level and trajectory (unrebased),Fixed original NATO GDP share = 0.5018,IMAGE 3.0.1,SSP1-19,3.552713678800501e-15,1.050889657673169,19.107084684966715,0.0,0.0,17.88666349477968,0.0,0.0
2037,SA1_AR6_fixed_split,SSP1-1.9,S0,Baseline,0.055,220.4390553117926,110.61631795545753,109.82273735633507,0.5018,0.027,0.022985547972701727,2.986640584797353,2.5243357979974617,5.510976382794815,0.17766801934733895,0.07827332320896752,0.0807581906124268,0.3049606536178034,0.9791242586011172,16.823134988691926,17.802259247293044,17.80225924729304,0.054999999999999986,AR6 World GDP level and trajectory (unrebased),Fixed original NATO GDP share = 0.5018,IMAGE 3.0.1,SSP1-19,3.552713678800501e-15,0.9791242586011172,17.802259247293044,0.0,0.0,18.865787753380797,0.0,0.0
2038,SA1_AR6_fixed_split,SSP1-1.9,S0,Baseline,0.055,228.49940170355023,114.66099977484151,113.83840192870872,0.5018,0.027,0.022985547972701727,3.0958469939207207,2.616638048668035,5.712485042588756,0.15884990232262855,0.06998282410017903,0.07220450105574026,0.27266004437595254,0.9074276910347004,15.591257600505312,16.498685291540014,16.49868529154001,0.05499999999999998,AR6 World GDP level and trajectory (unrebased),Fixed original NATO GDP share = 0.5018,IMAGE 3.0.1,SSP1-19,3.552713678800501e-15,0.9074276910347004,16.498685291540014,0.0,0.0,19.773215444415495,0.0,0.0
2039,SA1_AR6_fixed_split,SSP1-1.9,S0,Baseline,0.055,236.85447438082582,118.8535752442984,118.00089913652742,0.5018,0.027,0.022985547972701727,3.209046531596057,2.7123153279245886,5.921361859520646,0.14114995415492745,0.06218494483748554,0.06415907007042158,0.24227873105883407,0.8357999550060752,14.360562863286201,15.196362818292277,15.196362818292279,0.05499999999999999,AR6 World GDP level and trajectory (unrebased),Fixed original NATO GDP share = 0.5018,IMAGE 3.0.1,SSP1-19,-1.7763568394002505e-15,0.8357999550060752,15.196362818292277,0.0,0.0,20.609015399421573,0.0,0.0
2040,SA1_AR6_fixed_split,SSP1-1.9,S0,Baseline,0.055,245.51504999999977,123.1994520899999,122.31559790999988,0.5018,0.027,0.022985547972701727,3.3263852064299972,2.811491043569997,6.137876249999994,0.12451229371327449,0.05485506646109297,0.056596497142397506,0.21372079575006994,0.7642410504157311,13.131050775324837,13.895291825740568,13.895291825740568,0.05499999999999999,AR6 World GDP level and trajectory (unrebased),Fixed original NATO GDP share = 0.5018,IMAGE 3.0.1,SSP1-19,0.0,0.7642410504157311,13.895291825740568,0.0,0.0,21.373256449837303,0.0,0.0
2041,SA1_AR6_fixed_split,SSP1-1.9,S0,Baseline,0.055,252.1412108463452,126.52445960269603,125.61675124364916,0.5018,0.027,0.022985547972701727,3.4161604092727926,2.887369861885837,6.30353027115863,0.11569457613161875,0.050970337736307575,0.05258844369619035,0.19858550619713214,0.7292842628545255,12.53042960722776,13.259713870082285,13.259713870082283,0.054999999999999986,AR6 World GDP level and trajectory (unrebased),Fixed original NATO GDP share = 0.5018,IMAGE 3.0.1,SSP1-19,1.7763568394002505e-15,0.7292842628545255,13.259713870082285,0.0,0.0,22.102540712691827,0.0,0.0
2042,SA1_AR6_fixed_split,SSP1-1.9,S0,Baseline,0.055,258.9462039376452,129.93920513591036,129.00699880173482,0.5018,0.027,0.022985547972701727,3.5083585386695795,2.96529655977155,6.47365509844113,0.10725830348912786,0.04725365818052487,0.04875377431323994,0.18410495292365664,0.6943532632325387,11.93025152281362,12.62460478604616,12.624604786046156,0.05499999999999999,AR6 World GDP level and trajectory (unrebased),Fixed original NATO GDP share = 0.5018,IMAGE 3.0.1,SSP1-19,3.552713678800501e-15,0.6943532632325387,12.62460478604616,0.0,0.0,22.796893975924366,0.0,0.0
2043,SA1_AR6_fixed_split,SSP1-1.9,S0,Baseline,0.055,265.9348557446994,133.44611061269018,132.48874513200923,0.5018,0.027,0.022985547972701727,3.603044986542635,3.0453264070748505,6.648371393617485,0.09918941234639513,0.04369883201274751,0.0450860965210887,0.17025499655054005,0.6594480515935024,11.330516522833815,11.989964574427317,11.989964574427317,0.055,AR6 World GDP level and trajectory (unrebased),Fixed original NATO GDP share = 0.5018,IMAGE 3.0.1,SSP1-19,0.0,0.6594480515935024,11.989964574427317,0.0,0.0,23.45634202751787,0.0,0.0
2044,SA1_AR6_fixed_split,SSP1-1.9,S0,Baseline,0.055,273.11212299904514,137.04766332092086,136.06445967812428,0.5018,0.027,0.022985547972701727,3.700286909664863,3.1275161653112655,6.827803074976129,0.09147431772033003,0.040299874240425124,0.04157923532742275,0.157012318951437,0.6245686278122128,10.731224605137111,11.355793232949324,11.355793232949324,0.05499999999999999,AR6 World GDP level and trajectory (unrebased),Fixed original NATO GDP share = 0.5018,IMAGE 3.0.1,SSP1-19,0.0,0.6245686278122128,11.355793232949324,0.0,0.0,24.080910655330083,0.0,0.0
2045,SA1_AR6_fixed_split,SSP1-1.9,S0,Baseline,0.055,280.48309620854303,140.7464176774469,139.73667853109612,0.5018,0.027,0.022985547972701727,3.8001532772910664,3.2119241279225093,7.012077405213576,0.08409989764652431,0.03705100385825897,0.0382272262029656,0.14435439675462647,0.5897149920679675,10.13237577280417,10.722090764872139,10.722090764872137,0.054999999999999986,AR6 World GDP level and trajectory (unrebased),Fixed original NATO GDP share = 0.5018,IMAGE 3.0.1,SSP1-19,1.7763568394002505e-15,0.5897149920679675,10.722090764872139,0.0,0.0,24.670625647398047,0.0,0.0
2046,SA1_AR6_fixed_split,SSP1-1.9,S0,Baseline,0.055,288.05300326784055,144.54499703980238,143.50800622803817,0.5018,0.027,0.022985547972701727,3.9027149200746645,3.2986101616213497,7.201325081696014,0.07705542303060489,0.03394749406243433,0.03502519228663859,0.1322628138622381,0.5549011505509917,9.534210677648858,10.089111828199849,10.08911182819985,0.05499999999999999,AR6 World GDP level and trajectory (unrebased),Fixed original NATO GDP share = 0.5018,IMAGE 3.0.1,SSP1-19,-1.7763568394002505e-15,0.5549011505509917,10.089111828199849,0.0,0.0,25.22552679794904,0.0,0.0
2047,SA1_AR6_fixed_split,SSP1-1.9,S0,Baseline,0.055,295.82721316627885,148.44609556683872,147.38111759944013,0.5018,0.027,0.022985547972701727,4.008044580304645,3.387635748852326,7.395680329156971,0.07032661277944442,0.030983053182552442,0.03196664217247474,0.12071305730052176,0.5201131467491763,8.936489521417668,9.456602668166845,9.456602668166845,0.054999999999999986,AR6 World GDP level and trajectory (unrebased),Fixed original NATO GDP share = 0.5018,IMAGE 3.0.1,SSP1-19,0.0,0.5201131467491763,9.456602668166845,0.0,0.0,25.745639944698215,0.0,0.0
2048,SA1_AR6_fixed_split,SSP1-1.9,S0,Baseline,0.055,303.81123979587244,152.45248012956878,151.35875966630365,0.5018,0.027,0.022985547972701727,4.116216963498357,3.4790640313984538,7.595280994896811,0.06390164903626282,0.028152474750241664,0.02904620410739219,0.10968484215077766,0.4853509804676931,8.33921230076309,8.824563281230784,8.824563281230784,0.055,AR6 World GDP level and trajectory (unrebased),Fixed original NATO GDP share = 0.5018,IMAGE 3.0.1,SSP1-19,0.0,0.4853509804676931,8.824563281230784,0.0,0.0,26.23099092516591,0.0,0.0
2049,SA1_AR6_fixed_split,SSP1-1.9,S0,Baseline,0.055,312.0107458620589,156.56699227358118,155.44375358847773,0.5018,0.027,0.022985547972701727,4.227308791386692,3.572959855164781,7.800268646551473,0.05776911951013576,0.025450730972996875,0.02625869068642535,0.09915857963325612,0.45061465165379694,7.7423790147788765,8.192993666432674,8.192993666432672,0.054999999999999986,AR6 World GDP level and trajectory (unrebased),Fixed original NATO GDP share = 0.5018,IMAGE 3.0.1,SSP1-19,1.7763568394002505e-15,0.45061465165379694,8.192993666432674,0.0,0.0,26.681605576819706,0.0,0.0
2050,SA1_AR6_fixed_split,SSP1-1.9,S0,Baseline,0.055,320.4315469000001,160.79255023442008,159.63899666558004,0.5018,0.027,0.022985547972701727,4.341398856329342,3.669389816170661,8.010788672500004,0.0519180042963748,0.02287296692777352,0.02359909286198855,0.08911535448482234,0.4159041607162058,7.145989670487537,7.561893831203743,7.561893831203742,0.05499999999999999,AR6 World GDP level and trajectory (unrebased),Fixed original NATO GDP share = 0.5018,IMAGE 3.0.1,SSP1-19,8.881784197001252e-16,0.4159041607162058,7.561893831203743,0.0,0.0,27.097509737535912,0.0,0.0
2025,SA1_AR6_fixed_split,SSP1-1.9,S1,"NATO→3.5%, nonNATO holds",0.055,138.56683200039697,69.53283629779921,69.03399570259776,0.5018,0.027,0.022985547972701727,1.8773865800405787,1.5867842199693458,3.4641708000099243,0.5825932533906624,0.25666695778749465,0.26481511517757383,1.0,2.0182025366787153,34.67638903929793,36.694591575976645,36.694591575976645,0.05499999999999999,AR6 World GDP level and trajectory (unrebased),Fixed original NATO GDP share = 0.5018,IMAGE 3.0.1,SSP1-19,0.0,2.0182025366787153,36.694591575976645,0.0,0.0,2.0182025366787153,0.0,0.0
2026,SA1_AR6_fixed_split,SSP1-1.9,S1,"NATO→3.5%, nonNATO holds",0.055,144.59391012503605,72.55722410074308,72.03668602429296,0.5018,0.02740877593256891,0.022985547972701727,1.988704697666456,1.655802702405838,3.644507400072294,0.5286412838450313,0.23289790826739143,0.24029149265683242,0.9073934185958498,1.9266370709569345,32.82682106618222,34.753458137139155,34.74468649303279,0.0554372765827882,AR6 World GDP level and trajectory (unrebased),Fixed original NATO GDP share = 0.5018,IMAGE 3.0.1,SSP1-19,0.00877164410636766,1.9109577571168033,34.74468649303279,0.015679313840131215,0.00877164410636766,3.94483960763565,0.015679313840131215,0.00877164410636766
2027,SA1_AR6_fixed_split,SSP1-1.9,S1,"NATO→3.5%, nonNATO holds",0.055,150.8831409610859,75.71316013427291,75.16998082681299,0.5018,0.028005016140972137,0.022985547972701727,2.120348271644321,1.727823200401779,3.8481714720461,0.47819994401908644,0.21067549981260456,0.2173636109177666,0.820812704637391,1.8401953825082906,30.976665687034522,32.81686106954281,32.796504345916006,0.05607469217146329,AR6 World GDP level and trajectory (unrebased),Fixed original NATO GDP share = 0.5018,IMAGE 3.0.1,SSP1-19,0.020356723626804296,1.8038077390253802,32.796504345916006,0.03638764348291046,0.020356723626804296,5.785034990143941,0.052066957323041674,0.029128367733171956
2028,SA1_AR6_fixed_split,SSP1-1.9,S1,"NATO→3.5%, nonNATO holds",0.055,157.44592705596344,79.00636619668245,78.43956085928099,0.5018,0.028820930945768986,0.022985547972701727,2.277037024430722,1.8029762890886598,4.080013313519382,0.4310692601997735,0.18991163211598416,0.19594057281807886,0.7399146105640133,1.7587683206640266,29.125970989786797,30.884739310450822,30.850045135218938,0.0569461928425244,AR6 World GDP level and trajectory (unrebased),Fixed original NATO GDP share = 0.5018,IMAGE 3.0.1,SSP1-19,0.03469417523188412,1.6967524824370415,30.85004513521894,0.06201583822698509,0.034694175231880564,7.5438033108079665,0.11408279555002676,0.06382254296505252
2029,SA1_AR6_fixed_split,SSP1-1.9,S1,"NATO→3.5%, nonNATO holds",0.055,164.2941669202464,82.44281296057964,81.85135395966675,0.5018,0.029845109579542582,0.022985547972701727,2.4605147868542327,1.8813982230705095,4.341913009924742,0.3870598739376787,0.17052288152499134,0.17593630633530852,0.6643741095266902,1.6805803022698378,27.27551924320511,28.95609954547495,28.90530888038478,0.058038904709196815,AR6 World GDP level and trajectory (unrebased),Fixed original NATO GDP share = 0.5018,IMAGE 3.0.1,SSP1-19,0.05079066509016883,1.5897919884211626,28.90530888038478,0.09078831384867514,0.05079066509016883,9.224383613077805,0.2048711093987019,0.11461320805522135
2030,SA1_AR6_fixed_split,SSP1-1.9,S1,"NATO→3.5%, nonNATO holds",0.055,171.44027659999995,86.02873079787997,85.41154580211997,0.5018,0.030999999999995285,0.022985547972701727,2.6668906547338733,1.9632311834572393,4.630121838191113,0.3459925019508753,0.15243026309723878,0.1572693190685797,0.5938834683326951,1.6019874391331288,25.42691577763364,27.028903216766768,26.962295561810947,0.05926942082279433,AR6 World GDP level and trajectory (unrebased),Fixed original NATO GDP share = 0.5018,IMAGE 3.0.1,SSP1-19,0.06660765495582055,1.482926255899602,26.96229556181095,0.11906118323352688,0.066607654955817,10.826371052210934,0.3239322926322288,0.18122086301103835
2031,SA1_AR6_fixed_split,SSP1-1.9,S1,"NATO→3.5%, nonNATO holds",0.055,177.7089843520823,89.1743683478749,88.5346160042074,0.5018,0.03215489042044799,0.022985547972701727,2.867392042538583,2.035016663409435,4.902408705948018,0.3175411683113456,0.1398957594658376,0.14433689468697528,0.5450477952898914,1.5567165880264455,24.174907140706672,25.73162372873312,25.64996295935584,0.0604981871504729,AR6 World GDP level and trajectory (unrebased),Fixed original NATO GDP share = 0.5018,IMAGE 3.0.1,SSP1-19,0.08166076937727951,1.4107479627645714,25.649962959355843,0.14596862526187415,0.08166076937727595,12.38308764023738,0.46990091789410293,0.2628816323883143
2032,SA1_AR6_fixed_split,SSP1-1.9,S1,"NATO→3.5%, nonNATO holds",0.055,184.20690718512637,92.43502602549641,91.77188115962996,0.5018,0.033179069054221584,0.022985547972701727,3.066908111528715,2.1094269769397562,5.176335088468472,0.29068151672254855,0.12806248638825568,0.132127962146613,0.49894418624108205,1.5046649345801628,22.92710020220988,24.43176513679004,24.338883259701028,0.06158641940751124,AR6 World GDP level and trajectory (unrebased),Fixed original NATO GDP share = 0.5018,IMAGE 3.0.1,SSP1-19,0.09288187708901319,1.3386385792835567,24.33888325970103,0.16602635529660614,0.09288187708900963,13.887752574817542,0.6359272731907091,0.35576350947732394
2033,SA1_AR6_fixed_split,SSP1-1.9,S1,"NATO→3.5%, nonNATO holds",0.055,190.94242634059682,95.81490953771149,95.12751680288534,0.5018,0.03399498385901843,0.022985547972701727,3.2572263031878133,2.1865581009967103,5.443784404184523,0.2653361288096339,0.11689633646858,0.12060733127710635,0.45543975537888826,1.4444326798805809,21.684111662263497,23.128544342144078,23.02905646851484,0.062452381719872566,AR6 World GDP level and trajectory (unrebased),Fixed original NATO GDP share = 0.5018,IMAGE 3.0.1,SSP1-19,0.09948787362923994,1.266598105768316,23.02905646851484,0.1778345741122649,0.09948787362923994,15.332185254698123,0.813761847302974,0.4552513831065639
2034,SA1_AR6_fixed_split,SSP1-1.9,S1,"NATO→3.5%, nonNATO holds",0.055,197.92422951976133,99.31837837301624,98.60585114674508,0.5018,0.034591224067421655,0.022985547972701727,3.43554428031397,2.2665095219225946,5.7020538022365646,0.24143108591056997,0.10636474414241895,0.10974140268662272,0.41440762402491554,1.3766530413944682,20.445662538693618,21.822315580088087,21.72048257316767,0.0630846454558014,AR6 World GDP level and trajectory (unrebased),Fixed original NATO GDP share = 0.5018,IMAGE 3.0.1,SSP1-19,0.10183300692041897,1.1946265415242217,21.72048257316767,0.18202649987024655,0.10183300692041897,16.70883829609259,0.9957883471732205,0.5570843900269828
2035,SA1_AR6_fixed_split,SSP1-1.9,S1,"NATO→3.5%, nonNATO holds",0.055,205.16132208938131,102.94995142445156,102.21137066492976,0.5018,0.03499999999999057,0.022985547972701727,3.603248299854834,2.349384363774341,5.952632663629175,0.21889581852041462,0.0964366193481547,0.0994980993274612,0.3757266622063547,1.3030063992564642,19.21101255299603,20.514018952252496,20.41316160340252,0.06351785100176045,AR6 World GDP level and trajectory (unrebased),Fixed original NATO GDP share = 0.5018,IMAGE 3.0.1,SSP1-19,0.10085734884997422,1.1227238881871386,20.41316160340252,0.18028251106932558,0.10085734884997422,18.011844695349055,1.176070858242546,0.6579417388769571
2036,SA1_AR6_fixed_split,SSP1-1.9,S1,"NATO→3.5%, nonNATO holds",0.055,212.66303869714082,106.71431281822527,105.94872587891555,0.5018,0.035,0.022985547972701727,3.7350009486378846,2.4352895213364385,6.170290469974323,0.1976628687545031,0.08708224287785803,0.08984675852477415,0.3392810809327357,1.219637315343696,17.9818516536345,19.201488968978197,19.10708468496671,0.06351785100177045,AR6 World GDP level and trajectory (unrebased),Fixed original NATO GDP share = 0.5018,IMAGE 3.0.1,SSP1-19,0.09440428401148537,1.050889657673169,19.107084684966715,0.1687476576705269,0.09440428401148182,19.23148201069275,1.344818515913073,0.7523460228884389
2037,SA1_AR6_fixed_split,SSP1-1.9,S1,"NATO→3.5%, nonNATO holds",0.055,220.4390553117926,110.61631795545753,109.82273735633507,0.5018,0.035,0.022985547972701727,3.871571128441014,2.5243357979974617,6.395906926438476,0.17766801934733895,0.07827332320896752,0.0807581906124268,0.3049606536178034,1.1363481155502504,16.753868534231817,17.89021664978207,17.80225924729304,0.06351785100177045,AR6 World GDP level and trajectory (unrebased),Fixed original NATO GDP share = 0.5018,IMAGE 3.0.1,SSP1-19,0.08795740248902817,0.9791242586011172,17.802259247293044,0.1572238569491332,0.08795740248902462,20.367830126243,1.5020423728622063,0.8403034253774635
2038,SA1_AR6_fixed_split,SSP1-1.9,S1,"NATO→3.5%, nonNATO holds",0.055,228.49940170355023,114.66099977484151,113.83840192870872,0.5018,0.035,0.022985547972701727,4.013134992119453,2.616638048668035,6.629773040787488,0.15884990232262855,0.06998282410017903,0.07220450105574026,0.27266004437595254,1.0531387999502886,15.527063195878165,16.580201995828453,16.49868529154001,0.06351785100177045,AR6 World GDP level and trajectory (unrebased),Fixed original NATO GDP share = 0.5018,IMAGE 3.0.1,SSP1-19,0.08151670428844326,0.9074276910347004,16.498685291540014,0.14571110891558814,0.08151670428843971,21.42096892619329,1.6477534817777943,0.9218201296659032
2039,SA1_AR6_fixed_split,SSP1-1.9,S1,"NATO→3.5%, nonNATO holds",0.055,236.85447438082582,118.8535752442984,118.00089913652742,0.5018,0.035,0.022985547972701727,4.159875133550444,2.7123153279245886,6.872190461475032,0.14114995415492745,0.06218494483748554,0.06415907007042158,0.24227873105883407,0.9700093685811305,14.301435639123765,15.271445007704896,15.196362818292279,0.06351785100177043,AR6 World GDP level and trajectory (unrebased),Fixed original NATO GDP share = 0.5018,IMAGE 3.0.1,SSP1-19,0.07508218941261724,0.8357999550060752,15.196362818292277,0.13420941357505534,0.07508218941261902,22.39097829477442,1.7819628953528497,0.9969023190785222
2040,SA1_AR6_fixed_split,SSP1-1.9,S1,"NATO→3.5%, nonNATO holds",0.055,245.51504999999977,123.1994520899999,122.31559790999988,0.5018,0.035,0.022985547972701727,4.311980823149996,2.811491043569997,7.123471866719994,0.12451229371327449,0.05485506646109297,0.056596497142397506,0.21372079575006994,0.8869598213272876,13.0769858622659,13.963945683593188,13.895291825740568,0.06351785100177043,AR6 World GDP level and trajectory (unrebased),Fixed original NATO GDP share = 0.5018,IMAGE 3.0.1,SSP1-19,0.06865385785262035,0.7642410504157311,13.895291825740568,0.12271877091155647,0.06865385785262035,23.27793811610171,1.9046816662644062,1.0655561769311426
2041,SA1_AR6_fixed_split,SSP1-1.9,S1,"NATO→3.5%, nonNATO holds",0.055,252.1412108463452,126.52445960269603,125.61675124364916,0.5018,0.035,0.022985547972701727,4.428356086094361,2.887369861885837,7.315725947980198,0.11569457613161875,0.050970337736307575,0.05258844369619035,0.19858550619713214,0.8463898126466538,12.478837651724934,13.325227464371588,13.259713870082283,0.06351785100177043,AR6 World GDP level and trajectory (unrebased),Fixed original NATO GDP share = 0.5018,IMAGE 3.0.1,SSP1-19,0.06551359428930503,0.7292842628545255,13.259713870082285,0.11710554979212828,0.06551359428930326,24.12432792874836,2.021787216056534,1.1310697712204458
2042,SA1_AR6_fixed_split,SSP1-1.9,S1,"NATO→3.5%, nonNATO holds",0.055,258.9462039376452,129.93920513591036,129.00699880173482,0.5018,0.035,0.022985547972701727,4.547872179756863,2.96529655977155,7.513168739528412,0.10725830348912786,0.04725365818052487,0.04875377431323994,0.18410495292365664,0.8058497328293667,11.881130700543688,12.686980433373055,12.624604786046156,0.06351785100177045,AR6 World GDP level and trajectory (unrebased),Fixed original NATO GDP share = 0.5018,IMAGE 3.0.1,SSP1-19,0.06237564732689904,0.6943532632325387,12.62460478604616,0.11149646959682802,0.06237564732689549,24.93017766157773,2.1332836856533626,1.1934454185473413
2043,SA1_AR6_fixed_split,SSP1-1.9,S1,"NATO→3.5%, nonNATO holds",0.055,265.9348557446994,133.44611061269018,132.48874513200923,0.5018,0.035,0.022985547972701727,4.670613871444156,3.0453264070748505,7.715940278519007,0.09918941234639513,0.04369883201274751,0.0450860965210887,0.17025499655054005,0.7653395819261806,11.283865009470468,12.049204591396649,11.989964574427317,0.06351785100177043,AR6 World GDP level and trajectory (unrebased),Fixed original NATO GDP share = 0.5018,IMAGE 3.0.1,SSP1-19,0.05924001696933168,0.6594480515935024,11.989964574427317,0.10589153033267817,0.05924001696933168,25.695517243503907,2.2391752159860405,1.252685435516673
2044,SA1_AR6_fixed_split,SSP1-1.9,S1,"NATO→3.5%, nonNATO holds",0.055,273.11212299904514,137.04766332092086,136.06445967812428,0.5018,0.035,0.022985547972701727,4.796668216232231,3.1275161653112655,7.924184381543496,0.09147431772033003,0.040299874240425124,0.04157923532742275,0.157012318951437,0.7248593597917866,10.687040576362893,11.41189993615468,11.355793232949324,0.06351785100177045,AR6 World GDP level and trajectory (unrebased),Fixed original NATO GDP share = 0.5018,IMAGE 3.0.1,SSP1-19,0.056106703205355046,0.6245686278122128,11.355793232949324,0.10029073197957383,0.056106703205355046,26.420376603295697,2.3394659479656146,1.308792138722028
2045,SA1_AR6_fixed_split,SSP1-1.9,S1,"NATO→3.5%, nonNATO holds",0.055,280.48309620854303,140.7464176774469,139.73667853109612,0.5018,0.035,0.022985547972701727,4.9261246187106424,3.2119241279225093,8.138048746633151,0.08409989764652431,0.03705100385825897,0.0382272262029656,0.14435439675462647,0.6844090666342735,10.090657404288946,10.77506647092322,10.722090764872137,0.06351785100177045,AR6 World GDP level and trajectory (unrebased),Fixed original NATO GDP share = 0.5018,IMAGE 3.0.1,SSP1-19,0.05297570605108248,0.5897149920679675,10.722090764872139,0.09469407456630596,0.052975706051080707,27.10478566992997,2.4341600225319207,1.3617678447731087
2046,SA1_AR6_fixed_split,SSP1-1.9,S1,"NATO→3.5%, nonNATO holds",0.055,288.05300326784055,144.54499703980238,143.50800622803817,0.5018,0.035,0.022985547972701727,5.059074896393084,3.2986101616213497,8.357685058014434,0.07705542303060489,0.03394749406243433,0.03502519228663859,0.1322628138622381,0.6440049577018678,9.494955154218752,10.138960111920621,10.08911182819985,0.06351785100177045,AR6 World GDP level and trajectory (unrebased),Fixed original NATO GDP share = 0.5018,IMAGE 3.0.1,SSP1-19,0.049848283720770326,0.5549011505509917,10.089111828199849,0.08910380715087618,0.0498482837207721,27.748790627631838,2.5232638296827967,1.4116161284938809
2047,SA1_AR6_fixed_split,SSP1-1.9,S1,"NATO→3.5%, nonNATO holds",0.055,295.82721316627885,148.44609556683872,147.38111759944013,0.5018,0.035,0.022985547972701727,5.195613344839356,3.387635748852326,8.583249093691682,0.07032661277944442,0.030983053182552442,0.03196664217247474,0.12071305730052176,0.6036308354015723,8.89969501522815,9.503325850629723,9.456602668166845,0.06351785100177046,AR6 World GDP level and trajectory (unrebased),Fixed original NATO GDP share = 0.5018,IMAGE 3.0.1,SSP1-19,0.046723182462878654,0.5201131467491763,9.456602668166845,0.08351768865239595,0.046723182462878654,28.35242146303341,2.6067815183351923,1.4583393109567595
2048,SA1_AR6_fixed_split,SSP1-1.9,S1,"NATO→3.5%, nonNATO holds",0.055,303.81123979587244,152.45248012956878,151.35875966630365,0.5018,0.035,0.022985547972701727,5.335836804534908,3.4790640313984538,8.814900835933361,0.06390164903626282,0.028152474750241664,0.02904620410739219,0.10968484215077766,0.5632866995072734,8.304876983983416,8.868163683490689,8.824563281230784,0.06351785100177045,AR6 World GDP level and trajectory (unrebased),Fixed original NATO GDP share = 0.5018,IMAGE 3.0.1,SSP1-19,0.043600402259905024,0.4853509804676931,8.824563281230784,0.0779357190395803,0.043600402259905024,28.91570816254068,2.6847172373747727,1.5019397132166645
2049,SA1_AR6_fixed_split,SSP1-1.9,S1,"NATO→3.5%, nonNATO holds",0.055,312.0107458620589,156.56699227358118,155.44375358847773,0.5018,0.035,0.022985547972701727,5.479844729575341,3.572959855164781,9.052804584740123,0.05776911951013576,0.025450730972996875,0.02625869068642535,0.09915857963325612,0.5229725499577571,7.710501059582026,8.233473609539784,8.192993666432672,0.06351785100177045,AR6 World GDP level and trajectory (unrebased),Fixed original NATO GDP share = 0.5018,IMAGE 3.0.1,SSP1-19,0.04047994310711189,0.45061465165379694,8.192993666432674,0.07235789830396017,0.04047994310711012,29.43868071249844,2.757075135678733,1.5424196563237746
2050,SA1_AR6_fixed_split,SSP1-1.9,S1,"NATO→3.5%, nonNATO holds",0.055,320.4315469000001,160.79255023442008,159.63899666558004,0.5018,0.035,0.022985547972701727,5.627739258204703,3.669389816170661,9.297129074375365,0.0519180042963748,0.02287296692777352,0.02359909286198855,0.08911535448482234,0.4826883872273713,7.116567249017582,7.599255636244954,7.561893831203742,0.06351785100177045,AR6 World GDP level and trajectory (unrebased),Fixed original NATO GDP share = 0.5018,IMAGE 3.0.1,SSP1-19,0.037361805041212115,0.4159041607162058,7.561893831203743,0.0667842265111655,0.03736180504121123,29.921369099725812,2.8238593621898986,1.5797814613649859
2025,SA1_AR6_fixed_split,SSP1-1.9,S2,"NATO→3.5%, nonNATO→3.5%",0.055,138.56683200039697,69.53283629779921,69.03399570259776,0.5018,0.027,0.022985547972701727,1.8773865800405787,1.5867842199693458,3.4641708000099243,0.5825932533906624,0.25666695778749465,0.26481511517757383,1.0,2.0182025366787153,34.67638903929793,36.694591575976645,36.694591575976645,0.05499999999999999,AR6 World GDP level and trajectory (unrebased),Fixed original NATO GDP share = 0.5018,IMAGE 3.0.1,SSP1-19,0.0,2.0182025366787153,36.694591575976645,0.0,0.0,2.0182025366787153,0.0,0.0
2026,SA1_AR6_fixed_split,SSP1-1.9,S2,"NATO→3.5%, nonNATO→3.5%",0.055,144.59391012503605,72.55722410074308,72.03668602429296,0.5018,0.02740877593256891,0.023599450326672138,1.988704697666456,1.7000261935283787,3.688730891194835,0.5286412838450313,0.23289790826739143,0.24029149265683242,0.9073934185958498,1.950015434080064,32.8165215076035,34.76653694168356,34.74468649303279,0.05608886031274747,AR6 World GDP level and trajectory (unrebased),Fixed original NATO GDP share = 0.5018,IMAGE 3.0.1,SSP1-19,0.021850448650774013,1.9109577571168033,34.74468649303279,0.03905767696326068,0.021850448650774013,3.9682179707587792,0.03905767696326068,0.021850448650774013
2027,SA1_AR6_fixed_split,SSP1-1.9,S2,"NATO→3.5%, nonNATO→3.5%",0.055,150.8831409610859,75.71316013427291,75.16998082681299,0.5018,0.028005016140972137,0.024494887749248,2.120348271644321,1.8412802424659085,3.9616285141102296,0.47819994401908644,0.21067549981260456,0.2173636109177666,0.820812704637391,1.8944505336719284,30.9527630679904,32.847213601662325,32.796504345916006,0.057674619121302104,AR6 World GDP level and trajectory (unrebased),Fixed original NATO GDP share = 0.5018,IMAGE 3.0.1,SSP1-19,0.05070925574631957,1.8038077390253802,32.796504345916006,0.09064279464654823,0.05070925574631957,5.862668504430708,0.1297004716098089,0.07255970439709358
2028,SA1_AR6_fixed_split,SSP1-1.9,S2,"NATO→3.5%, nonNATO→3.5%",0.055,157.44592705596344,79.00636619668245,78.43956085928099,0.5018,0.028820930945768986,0.025720233909322272,2.277037024430722,2.017483853045227,4.294520877475948,0.4310692601997735,0.18991163211598416,0.19594057281807886,0.7399146105640133,1.851235937566039,29.085233508214582,30.93646944578062,30.850045135218938,0.0598399226133584,AR6 World GDP level and trajectory (unrebased),Fixed original NATO GDP share = 0.5018,IMAGE 3.0.1,SSP1-19,0.0864243105616822,1.6967524824370415,30.85004513521894,0.15448345512899753,0.08642431056167865,7.713904441996746,0.28418392673880644,0.15898401495877224
2029,SA1_AR6_fixed_split,SSP1-1.9,S2,"NATO→3.5%, nonNATO→3.5%",0.055,164.2941669202464,82.44281296057964,81.85135395966675,0.5018,0.029845109579542582,0.027258352042179364,2.4605147868542327,2.2311330213616283,4.691647808215861,0.3870598739376787,0.17052288152499134,0.17593630633530852,0.6643741095266902,1.8159486092080177,27.21588145763095,29.031830066838967,28.90530888038478,0.06255026310870596,AR6 World GDP level and trajectory (unrebased),Fixed original NATO GDP share = 0.5018,IMAGE 3.0.1,SSP1-19,0.12652118645418753,1.5897919884211626,28.90530888038478,0.22615662078685506,0.12652118645418753,9.529853051204764,0.5103405475256615,0.28550520141295976
2030,SA1_AR6_fixed_split,SSP1-1.9,S2,"NATO→3.5%, nonNATO→3.5%",0.055,171.44027659999995,86.02873079787997,85.41154580211997,0.5018,0.030999999999995285,0.028992773986343784,2.6668906547338733,2.4763176432651144,5.143208297998988,0.3459925019508753,0.15243026309723878,0.1572693190685797,0.5938834683326951,1.7795115070791727,25.348705873573493,27.128217380652664,26.962295561810947,0.06559633027521694,AR6 World GDP level and trajectory (unrebased),Fixed original NATO GDP share = 0.5018,IMAGE 3.0.1,SSP1-19,0.16592181884171708,1.482926255899602,26.96229556181095,0.2965852511795708,0.16592181884171353,11.309364558283937,0.8069257987052323,0.4514270202546733
2031,SA1_AR6_fixed_split,SSP1-1.9,S2,"NATO→3.5%, nonNATO→3.5%",0.055,177.7089843520823,89.1743683478749,88.5346160042074,0.5018,0.03215489042044799,0.0307271959305082,2.867392042538583,2.7204204925935875,5.587812535132171,0.3175411683113456,0.1398957594658376,0.14433689468697528,0.5450477952898914,1.7743605207106514,24.07902205148216,25.85338257219281,25.64996295935584,0.06863165838187475,AR6 World GDP level and trajectory (unrebased),Fixed original NATO GDP share = 0.5018,IMAGE 3.0.1,SSP1-19,0.20341961283697074,1.4107479627645714,25.649962959355843,0.36361255794608005,0.2034196128369672,13.083725078994588,1.1705383566513123,0.6548466330916405
2032,SA1_AR6_fixed_split,SSP1-1.9,S2,"NATO→3.5%, nonNATO→3.5%",0.055,184.20690718512637,92.43502602549641,91.77188115962996,0.5018,0.033179069054221584,0.032265314063365295,3.066908111528715,2.961048567801297,6.027956679330012,0.29068151672254855,0.12806248638825568,0.132127962146613,0.49894418624108205,1.7522155902854653,22.81803942382223,24.570255014107698,24.338883259701028,0.0713145056605795,AR6 World GDP level and trajectory (unrebased),Fixed original NATO GDP share = 0.5018,IMAGE 3.0.1,SSP1-19,0.2313717544066698,1.3386385792835567,24.33888325970103,0.4135770110019086,0.23137175440666624,14.835940669280054,1.584115367653221,0.8862183874983067
2033,SA1_AR6_fixed_split,SSP1-1.9,S2,"NATO→3.5%, nonNATO→3.5%",0.055,190.94242634059682,95.81490953771149,95.12751680288534,0.5018,0.03399498385901843,0.033490660223439564,3.2572263031878133,3.1858833431449707,6.443109646332784,0.2653361288096339,0.11689633646858,0.12060733127710635,0.45543975537888826,1.7095897710539505,21.56729420251579,23.27688397356974,23.02905646851484,0.0734458174468345,AR6 World GDP level and trajectory (unrebased),Fixed original NATO GDP share = 0.5018,IMAGE 3.0.1,SSP1-19,0.24782750505490014,1.266598105768316,23.02905646851484,0.4429916652856345,0.24782750505490014,16.545530440334005,2.027107032938855,1.1340458925532069
2034,SA1_AR6_fixed_split,SSP1-1.9,S2,"NATO→3.5%, nonNATO→3.5%",0.055,197.92422951976133,99.31837837301624,98.60585114674508,0.5018,0.034591224067421655,0.034386097646015426,3.43554428031397,3.3906704260004386,6.826214706314408,0.24143108591056997,0.10636474414241895,0.10974140268662272,0.41440762402491554,1.64806042920419,20.32609145175647,21.974151880960658,21.72048257316767,0.07499995622730449,AR6 World GDP level and trajectory (unrebased),Fixed original NATO GDP share = 0.5018,IMAGE 3.0.1,SSP1-19,0.2536693077929897,1.1946265415242217,21.72048257316767,0.4534338876799684,0.2536693077929897,18.193590869538195,2.480540920618824,1.3877152003461966
2035,SA1_AR6_fixed_split,SSP1-1.9,S2,"NATO→3.5%, nonNATO→3.5%",0.055,205.16132208938131,102.94995142445156,102.21137066492976,0.5018,0.03499999999999057,0.03499999999998584,3.603248299854834,3.5773979732710943,7.180646273125928,0.21889581852041462,0.0964366193481547,0.0994980993274612,0.3757266622063547,1.5718134434614648,19.09258707198264,20.664400515444104,20.41316160340252,0.0760638297872095,AR6 World GDP level and trajectory (unrebased),Fixed original NATO GDP share = 0.5018,IMAGE 3.0.1,SSP1-19,0.25123891204158255,1.1227238881871386,20.41316160340252,0.44908955527432615,0.25123891204158255,19.76540431299966,2.92963047589315,1.638954112387779
2036,SA1_AR6_fixed_split,SSP1-1.9,S2,"NATO→3.5%, nonNATO→3.5%",0.055,212.66303869714082,106.71431281822527,105.94872587891555,0.5018,0.035,0.035,3.7350009486378846,3.708205405762045,7.44320635439993,0.1976628687545031,0.08708224287785803,0.08984675852477415,0.3392810809327357,1.4712455207424366,17.871003283423867,19.342248804166303,19.10708468496671,0.07606382978723403,AR6 World GDP level and trajectory (unrebased),Fixed original NATO GDP share = 0.5018,IMAGE 3.0.1,SSP1-19,0.23516411919959168,1.050889657673169,19.107084684966715,0.42035586306926764,0.23516411919958813,21.236649833742096,3.3499863389624176,1.8741182315873672
2037,SA1_AR6_fixed_split,SSP1-1.9,S2,"NATO→3.5%, nonNATO→3.5%",0.055,220.4390553117926,110.61631795545753,109.82273735633507,0.5018,0.035,0.035,3.871571128441014,3.8437958074717278,7.715366935912742,0.17766801934733895,0.07827332320896752,0.0807581906124268,0.3049606536178034,1.3707739620415642,16.65059001444893,18.021363976490495,17.80225924729304,0.07606382978723404,AR6 World GDP level and trajectory (unrebased),Fixed original NATO GDP share = 0.5018,IMAGE 3.0.1,SSP1-19,0.21910472919745416,0.9791242586011172,17.802259247293044,0.39164970344044703,0.2191047291974506,22.60742379578366,3.7416360424028645,2.093222960784818
2038,SA1_AR6_fixed_split,SSP1-1.9,S2,"NATO→3.5%, nonNATO→3.5%",0.055,228.49940170355023,114.66099977484151,113.83840192870872,0.5018,0.035,0.035,4.013134992119453,3.9843440675048054,7.997479059624259,0.15884990232262855,0.06998282410017903,0.07220450105574026,0.27266004437595254,1.2703987674485808,15.431347266141156,16.701746033589735,16.49868529154001,0.07606382978723404,AR6 World GDP level and trajectory (unrebased),Fixed original NATO GDP share = 0.5018,IMAGE 3.0.1,SSP1-19,0.20306074204972546,0.9074276910347004,16.498685291540014,0.3629710764138804,0.2030607420497219,23.87782256323224,4.104607118816745,2.2962837028345398
2039,SA1_AR6_fixed_split,SSP1-1.9,S2,"NATO→3.5%, nonNATO→3.5%",0.055,236.85447438082582,118.8535752442984,118.00089913652742,0.5018,0.035,0.035,4.159875133550444,4.13003146977846,8.289906603328905,0.14114995415492745,0.06218494483748554,0.06415907007042158,0.24227873105883407,1.1701199370085054,14.21327503904737,15.383394976055875,15.196362818292279,0.07606382978723404,AR6 World GDP level and trajectory (unrebased),Fixed original NATO GDP share = 0.5018,IMAGE 3.0.1,SSP1-19,0.18703215776359627,0.8357999550060752,15.196362818292277,0.3343199820024302,0.18703215776359805,25.047942500240747,4.438927100819175,2.483315860598138
2040,SA1_AR6_fixed_split,SSP1-1.9,S2,"NATO→3.5%, nonNATO→3.5%",0.055,245.51504999999977,123.1994520899999,122.31559790999988,0.5018,0.035,0.035,4.311980823149996,4.2810459268499965,8.593026749999993,0.12451229371327449,0.05485506646109297,0.056596497142397506,0.21372079575006994,1.0699374705820237,12.99637333147535,14.066310802057375,13.895291825740568,0.07606382978723404,AR6 World GDP level and trajectory (unrebased),Fixed original NATO GDP share = 0.5018,IMAGE 3.0.1,SSP1-19,0.17101897631680707,0.7642410504157311,13.895291825740568,0.3056964201662926,0.17101897631680707,26.11787997082277,4.744623520985468,2.654334836914945
2041,SA1_AR6_fixed_split,SSP1-1.9,S2,"NATO→3.5%, nonNATO→3.5%",0.055,252.1412108463452,126.52445960269603,125.61675124364916,0.5018,0.035,0.035,4.428356086094361,4.396586293527721,8.824942379622083,0.11569457613161875,0.050970337736307575,0.05258844369619035,0.19858550619713214,1.020997967996336,12.401912380486962,13.422910348483299,13.259713870082283,0.07606382978723403,AR6 World GDP level and trajectory (unrebased),Fixed original NATO GDP share = 0.5018,IMAGE 3.0.1,SSP1-19,0.1631964784010158,0.7292842628545255,13.259713870082285,0.2917137051418104,0.16319647840101403,27.138877938819107,5.036337226127278,2.817531315315959
2042,SA1_AR6_fixed_split,SSP1-1.9,S2,"NATO→3.5%, nonNATO→3.5%",0.055,258.9462039376452,129.93920513591036,129.00699880173482,0.5018,0.035,0.035,4.547872179756863,4.51524495806072,9.063117137817581,0.10725830348912786,0.04725365818052487,0.04875377431323994,0.18410495292365664,0.972094568525554,11.807889968733479,12.779984537259033,12.624604786046156,0.07606382978723404,AR6 World GDP level and trajectory (unrebased),Fixed original NATO GDP share = 0.5018,IMAGE 3.0.1,SSP1-19,0.15537975121287673,0.6943532632325387,12.62460478604616,0.27774130529301533,0.15537975121287317,28.11097250734466,5.314078531420294,2.972911066528832
2043,SA1_AR6_fixed_split,SSP1-1.9,S2,"NATO→3.5%, nonNATO→3.5%",0.055,265.9348557446994,133.44611061269018,132.48874513200923,0.5018,0.035,0.035,4.670613871444156,4.637106079620324,9.307719951064481,0.09918941234639513,0.04369883201274751,0.0450860965210887,0.17025499655054005,0.9232272722309035,11.214306096958596,12.1375333691895,11.989964574427317,0.07606382978723404,AR6 World GDP level and trajectory (unrebased),Fixed original NATO GDP share = 0.5018,IMAGE 3.0.1,SSP1-19,0.14756879476218288,0.6594480515935024,11.989964574427317,0.2637792206374011,0.14756879476218288,29.034199779575562,5.577857752057694,3.120479861291015
2044,SA1_AR6_fixed_split,SSP1-1.9,S2,"NATO→3.5%, nonNATO→3.5%",0.055,273.11212299904514,137.04766332092086,136.06445967812428,0.5018,0.035,0.035,4.796668216232231,4.76225608873435,9.558924304966581,0.09147431772033003,0.040299874240425124,0.04157923532742275,0.157012318951437,0.8743960789370979,10.62116076303314,11.495556841970238,11.355793232949324,0.07606382978723404,AR6 World GDP level and trajectory (unrebased),Fixed original NATO GDP share = 0.5018,IMAGE 3.0.1,SSP1-19,0.139763609020914,0.6245686278122128,11.355793232949324,0.24982745112488514,0.139763609020914,29.908595858512662,5.82768520318258,3.260243470311929
2045,SA1_AR6_fixed_split,SSP1-1.9,S2,"NATO→3.5%, nonNATO→3.5%",0.055,280.48309620854303,140.7464176774469,139.73667853109612,0.5018,0.035,0.035,4.9261246187106424,4.8907837485883645,9.816908367299007,0.08409989764652431,0.03705100385825897,0.0382272262029656,0.14435439675462647,0.8256009888951545,10.02845397000618,10.854054958901333,10.722090764872137,0.07606382978723404,AR6 World GDP level and trajectory (unrebased),Fixed original NATO GDP share = 0.5018,IMAGE 3.0.1,SSP1-19,0.13196419402919624,0.5897149920679675,10.722090764872139,0.23588599682718703,0.13196419402919446,30.734196847407816,6.063571200009767,3.3922076643411234
2046,SA1_AR6_fixed_split,SSP1-1.9,S2,"NATO→3.5%, nonNATO→3.5%",0.055,288.05300326784055,144.54499703980238,143.50800622803817,0.5018,0.035,0.035,5.059074896393084,5.022780217981336,10.08185511437442,0.07705542303060489,0.03394749406243433,0.03502519228663859,0.1322628138622381,0.7768616107713884,9.436423901467844,10.213285512239231,10.08911182819985,0.07606382978723404,AR6 World GDP level and trajectory (unrebased),Fixed original NATO GDP share = 0.5018,IMAGE 3.0.1,SSP1-19,0.12417368403938056,0.5549011505509917,10.089111828199849,0.22196046022039673,0.12417368403938234,31.511058458179203,6.285531660230164,3.5163813483805058
2047,SA1_AR6_fixed_split,SSP1-1.9,S2,"NATO→3.5%, nonNATO→3.5%",0.055,295.82721316627885,148.44609556683872,147.38111759944013,0.5018,0.035,0.035,5.195613344839356,5.1583391159804055,10.353952460819762,0.07032661277944442,0.030983053182552442,0.03196664217247474,0.12071305730052176,0.7281584054488471,8.844833218633898,9.572991624082745,9.456602668166845,0.07606382978723406,AR6 World GDP level and trajectory (unrebased),Fixed original NATO GDP share = 0.5018,IMAGE 3.0.1,SSP1-19,0.11638895591589993,0.5201131467491763,9.456602668166845,0.20804525869967083,0.11638895591589993,32.23921686362805,6.4935769189298345,3.6327703042964057
2048,SA1_AR6_fixed_split,SSP1-1.9,S2,"NATO→3.5%, nonNATO→3.5%",0.055,303.81123979587244,152.45248012956878,151.35875966630365,0.5018,0.035,0.035,5.335836804534908,5.297556588320629,10.633393392855536,0.06390164903626282,0.028152474750241664,0.02904620410739219,0.10968484215077766,0.6794913726547704,8.253681918191162,8.933173290845932,8.824563281230784,0.07606382978723406,AR6 World GDP level and trajectory (unrebased),Fixed original NATO GDP share = 0.5018,IMAGE 3.0.1,SSP1-19,0.10861000961514833,0.4853509804676931,8.824563281230784,0.19414039218707735,0.10861000961514833,32.918708236282825,6.687717311116912,3.741380313911554
2049,SA1_AR6_fixed_split,SSP1-1.9,S2,"NATO→3.5%, nonNATO→3.5%",0.055,312.0107458620589,156.56699227358118,155.44375358847773,0.5018,0.035,0.035,5.479844729575341,5.440531375596721,10.920376105172062,0.05776911951013576,0.025450730972996875,0.02625869068642535,0.09915857963325612,0.6308605123153157,7.662969999242682,8.293830511557998,8.192993666432672,0.07606382978723403,AR6 World GDP level and trajectory (unrebased),Fixed original NATO GDP share = 0.5018,IMAGE 3.0.1,SSP1-19,0.10083684512532542,0.45061465165379694,8.192993666432674,0.18024586066151876,0.10083684512532365,33.54956874859814,6.86796317177843,3.8422171590368777
2050,SA1_AR6_fixed_split,SSP1-1.9,S2,"NATO→3.5%, nonNATO→3.5%",0.055,320.4315469000001,160.79255023442008,159.63899666558004,0.5018,0.035,0.035,5.627739258204703,5.587364883295302,11.215104141500005,0.0519180042963748,0.02287296692777352,0.02359909286198855,0.08911535448482234,0.5822658250026881,7.072697468738947,7.654963293741635,7.561893831203742,0.07606382978723403,AR6 World GDP level and trajectory (unrebased),Fixed original NATO GDP share = 0.5018,IMAGE 3.0.1,SSP1-19,0.09306946253789317,0.4159041607162058,7.561893831203743,0.1663616642864823,0.09306946253789228,34.13183457360083,7.034324836064913,3.93528662157477
2025,SA1_AR6_fixed_split,SSP1-1.9,S3,"NATO→5%, nonNATO→3.5%",0.055,138.56683200039697,69.53283629779921,69.03399570259776,0.5018,0.027,0.022985547972701727,1.8773865800405787,1.5867842199693458,3.4641708000099243,0.5825932533906624,0.25666695778749465,0.26481511517757383,1.0,2.0182025366787153,34.67638903929793,36.694591575976645,36.694591575976645,0.05499999999999999,AR6 World GDP level and trajectory (unrebased),Fixed original NATO GDP share = 0.5018,IMAGE 3.0.1,SSP1-19,0.0,2.0182025366787153,36.694591575976645,0.0,0.0,2.0182025366787153,0.0,0.0
2026,SA1_AR6_fixed_split,SSP1-1.9,S3,"NATO→5%, nonNATO→3.5%",0.055,144.59391012503605,72.55722410074308,72.03668602429296,0.5018,0.02817523080613562,0.023599450326672138,2.0443165356909425,1.7000261935283787,3.744342729219321,0.5286412838450313,0.23289790826739143,0.24029149265683242,0.9073934185958498,1.9794141475303102,32.80356962685269,34.782983774383005,34.74468649303279,0.056907543078236734,AR6 World GDP level and trajectory (unrebased),Fixed original NATO GDP share = 0.5018,IMAGE 3.0.1,SSP1-19,0.038297281350217816,1.9109577571168033,34.74468649303279,0.06845639041350693,0.038297281350217816,3.9976166842090253,0.06845639041350693,0.038297281350217816
2027,SA1_AR6_fixed_split,SSP1-1.9,S3,"NATO→5%, nonNATO→3.5%",0.055,150.8831409610859,75.71316013427291,75.16998082681299,0.5018,0.029889421405294894,0.024494887749248,2.263022549179857,1.8412802424659085,4.1043027916457655,0.47819994401908644,0.21067549981260456,0.2173636109177666,0.820812704637391,1.9626773652023852,30.922705093260195,32.88538245846258,32.796504345916006,0.059682363970722754,AR6 World GDP level and trajectory (unrebased),Fixed original NATO GDP share = 0.5018,IMAGE 3.0.1,SSP1-19,0.08887811254657407,1.8038077390253802,32.796504345916006,0.15886962617700506,0.08887811254657407,5.960294049411411,0.227326016590512,0.1271753938967919
2028,SA1_AR6_fixed_split,SSP1-1.9,S3,"NATO→5%, nonNATO→3.5%",0.055,157.44592705596344,79.00636619668245,78.43956085928099,0.5018,0.03223517646908584,0.025720233909322272,2.546784156531277,2.017483853045227,4.564268009576503,0.4310692601997735,0.18991163211598416,0.19594057281807886,0.7399146105640133,1.967515634241636,29.03400539009876,31.001521024340395,30.850045135218938,0.06346513233001921,AR6 World GDP level and trajectory (unrebased),Fixed original NATO GDP share = 0.5018,IMAGE 3.0.1,SSP1-19,0.15147588912145693,1.6967524824370415,30.85004513521894,0.27076315180459454,0.15147588912145338,7.927809683653047,0.49808916839510653,0.27865128301824527
2029,SA1_AR6_fixed_split,SSP1-1.9,S3,"NATO→5%, nonNATO→3.5%",0.055,164.2941669202464,82.44281296057964,81.85135395966675,0.5018,0.03517969004118492,0.027258352042179364,2.900312606076575,2.2311330213616283,5.131445627438204,0.3870598739376787,0.17052288152499134,0.17593630633530852,0.6643741095266902,1.9861766976742838,27.140885866208748,29.127062563883033,28.90530888038478,0.06819007901391,AR6 World GDP level and trajectory (unrebased),Fixed original NATO GDP share = 0.5018,IMAGE 3.0.1,SSP1-19,0.2217536834982532,1.5897919884211626,28.90530888038478,0.3963847092531212,0.2217536834982532,9.91398638132733,0.8944738776482277,0.5004049665164985
2030,SA1_AR6_fixed_split,SSP1-1.9,S3,"NATO→5%, nonNATO→3.5%",0.055,171.44027659999995,86.02873079787997,85.41154580211997,0.5018,0.03849999999998644,0.028992773986343784,3.3121061357172126,2.4763176432651144,5.788423778982327,0.3459925019508753,0.15243026309723878,0.1572693190685797,0.5938834683326951,2.0027512256420357,25.25035550805279,27.25310673369483,26.962295561810947,0.0734870796644223,AR6 World GDP level and trajectory (unrebased),Fixed original NATO GDP share = 0.5018,IMAGE 3.0.1,SSP1-19,0.29081117188388106,1.482926255899602,26.96229556181095,0.5198249697424338,0.2908111718838775,11.916737606969367,1.4142988473906615,0.791216138400376
2031,SA1_AR6_fixed_split,SSP1-1.9,S3,"NATO→5%, nonNATO→3.5%",0.055,177.7089843520823,89.1743683478749,88.5346160042074,0.5018,0.041820309958787966,0.0307271959305082,3.7292997246872592,2.7204204925935875,6.449720217280847,0.3175411683113456,0.1398957594658376,0.14433689468697528,0.5450477952898914,2.048051693076666,23.95844482169853,26.006496514775197,25.64996295935584,0.07875154163549467,AR6 World GDP level and trajectory (unrebased),Fixed original NATO GDP share = 0.5018,IMAGE 3.0.1,SSP1-19,0.3565335554193574,1.4107479627645714,25.649962959355843,0.6373037303120945,0.35653355541935383,13.964789300046032,2.051602577702756,1.1477496938197298
2032,SA1_AR6_fixed_split,SSP1-1.9,S3,"NATO→5%, nonNATO→3.5%",0.055,184.20690718512637,92.43502602549641,91.77188115962996,0.5018,0.04476482353088705,0.032265314063365295,4.137837628104299,2.961048567801297,7.098886195905596,0.29068151672254855,0.12806248638825568,0.132127962146613,0.49894418624108205,2.0635150064666017,22.680893527182985,24.744408533649587,24.338883259701028,0.08339318370291436,AR6 World GDP level and trajectory (unrebased),Fixed original NATO GDP share = 0.5018,IMAGE 3.0.1,SSP1-19,0.40552527394855886,1.3386385792835567,24.33888325970103,0.724876427183045,0.4055252739485553,16.028304306512634,2.7764790048858012,1.553274967768285
2033,SA1_AR6_fixed_split,SSP1-1.9,S3,"NATO→5%, nonNATO→3.5%",0.055,190.94242634059682,95.81490953771149,95.12751680288534,0.5018,0.04711057859467799,0.033490660223439564,4.513895826318318,3.1858833431449707,7.699779169463289,0.2653361288096339,0.11689633646858,0.12060733127710635,0.45543975537888826,2.0430295975144475,21.420394139110115,23.463423736624563,23.02905646851484,0.08707295322487138,AR6 World GDP level and trajectory (unrebased),Fixed original NATO GDP share = 0.5018,IMAGE 3.0.1,SSP1-19,0.4343672681097246,1.266598105768316,23.02905646851484,0.7764314917461315,0.4343672681097246,18.07133390402708,3.5529104966319327,1.9876422358780097
2034,SA1_AR6_fixed_split,SSP1-1.9,S3,"NATO→5%, nonNATO→3.5%",0.055,197.92422951976133,99.31837837301624,98.60585114674508,0.5018,0.04882476919383726,0.034386097646015426,4.849196900768717,3.3906704260004386,8.239867326769154,0.24143108591056997,0.10636474414241895,0.10974140268662272,0.41440762402491554,1.9893601164609023,20.175728652475538,22.16508876893644,21.72048257316767,0.08975195800925091,AR6 World GDP level and trajectory (unrebased),Fixed original NATO GDP share = 0.5018,IMAGE 3.0.1,SSP1-19,0.44460619576877036,1.1946265415242217,21.72048257316767,0.7947335749366806,0.44460619576877036,20.060694020487983,4.347644071568613,2.43224843164678
2035,SA1_AR6_fixed_split,SSP1-1.9,S3,"NATO→5%, nonNATO→3.5%",0.055,205.16132208938131,102.94995142445156,102.21137066492976,0.5018,0.049999999999972886,0.03499999999998584,5.147497571219787,3.5773979732710943,8.724895544490881,0.21889581852041462,0.0964366193481547,0.0994980993274612,0.3757266622063547,1.90984315171645,18.94366489282135,20.8535080445378,20.41316160340252,0.09158378281666134,AR6 World GDP level and trajectory (unrebased),Fixed original NATO GDP share = 0.5018,IMAGE 3.0.1,SSP1-19,0.4403464411352793,1.1227238881871386,20.41316160340252,0.7871192635293114,0.4403464411352793,21.970537172204434,5.134763335097924,2.8725948727820594
2036,SA1_AR6_fixed_split,SSP1-1.9,S3,"NATO→5%, nonNATO→3.5%",0.055,212.66303869714082,106.71431281822527,105.94872587891555,0.5018,0.05,0.035,5.335715640911264,3.708205405762045,9.043921046673308,0.1976628687545031,0.08708224287785803,0.08984675852477415,0.3392810809327357,1.7876473788746743,17.73160945781316,19.519256836687834,19.10708468496671,0.09158378281670354,AR6 World GDP level and trajectory (unrebased),Fixed original NATO GDP share = 0.5018,IMAGE 3.0.1,SSP1-19,0.41217215172112276,1.050889657673169,19.107084684966715,0.7367577212015053,0.4121721517211192,23.758184551079108,5.8715210562994296,3.2847670245031786
2037,SA1_AR6_fixed_split,SSP1-1.9,S3,"NATO→5%, nonNATO→3.5%",0.055,220.4390553117926,110.61631795545753,109.82273735633507,0.5018,0.05,0.035,5.530815897772877,3.8437958074717278,9.374611705244604,0.17766801934733895,0.07827332320896752,0.0807581906124268,0.3049606536178034,1.6655686938211884,16.52071541233623,18.18628410615742,17.80225924729304,0.09158378281670353,AR6 World GDP level and trajectory (unrebased),Fixed original NATO GDP share = 0.5018,IMAGE 3.0.1,SSP1-19,0.38402485886437887,0.9791242586011172,17.802259247293044,0.6864444352200713,0.3840248588643753,25.423753244900297,6.557965491519501,3.668791883367554
2038,SA1_AR6_fixed_split,SSP1-1.9,S3,"NATO→5%, nonNATO→3.5%",0.055,228.49940170355023,114.66099977484151,113.83840192870872,0.5018,0.05,0.035,5.733049988742076,3.9843440675048054,9.717394056246881,0.15884990232262855,0.06998282410017903,0.07220450105574026,0.27266004437595254,1.5436070966653084,15.310982757465254,16.854589854130563,16.49868529154001,0.09158378281670354,AR6 World GDP level and trajectory (unrebased),Fixed original NATO GDP share = 0.5018,IMAGE 3.0.1,SSP1-19,0.3559045625905526,0.9074276910347004,16.498685291540014,0.6361794056306079,0.35590456259054903,26.967360341565605,7.1941448971501085,4.024696445958103
2039,SA1_AR6_fixed_split,SSP1-1.9,S3,"NATO→5%, nonNATO→3.5%",0.055,236.85447438082582,118.8535752442984,118.00089913652742,0.5018,0.05,0.035,5.94267876221492,4.13003146977846,10.07271023199338,0.14114995415492745,0.06218494483748554,0.06415907007042158,0.24227873105883407,1.4217625874617343,14.102411493742801,15.524174081204535,15.196362818292279,0.09158378281670354,AR6 World GDP level and trajectory (unrebased),Fixed original NATO GDP share = 0.5018,IMAGE 3.0.1,SSP1-19,0.32781126291225604,0.8357999550060752,15.196362818292277,0.5859626324556592,0.3278112629122578,28.389122929027337,7.780107529605768,4.352507708870361
2040,SA1_AR6_fixed_split,SSP1-1.9,S3,"NATO→5%, nonNATO→3.5%",0.055,245.51504999999977,123.1994520899999,122.31559790999988,0.5018,0.05,0.035,6.159972604499995,4.2810459268499965,10.441018531349991,0.12451229371327449,0.05485506646109297,0.056596497142397506,0.21372079575006994,1.300035166041192,12.895001619489845,14.195036785531038,13.895291825740568,0.09158378281670353,AR6 World GDP level and trajectory (unrebased),Fixed original NATO GDP share = 0.5018,IMAGE 3.0.1,SSP1-19,0.2997449597904698,0.7642410504157311,13.895291825740568,0.5357941156254609,0.2997449597904698,29.68915809506853,8.315901645231229,4.6522526686608305
2041,SA1_AR6_fixed_split,SSP1-1.9,S3,"NATO→5%, nonNATO→3.5%",0.055,252.1412108463452,126.52445960269603,125.61675124364916,0.5018,0.05,0.035,6.326222980134801,4.396586293527721,10.722809273662524,0.11569457613161875,0.050970337736307575,0.05258844369619035,0.19858550619713214,1.2405708738565764,12.305177463919163,13.54574833777574,13.259713870082283,0.09158378281670354,AR6 World GDP level and trajectory (unrebased),Fixed original NATO GDP share = 0.5018,IMAGE 3.0.1,SSP1-19,0.2860344676934563,0.7292842628545255,13.259713870082285,0.5112866110020509,0.28603446769345453,30.929728968925108,8.82718825623328,4.938287136354285
2042,SA1_AR6_fixed_split,SSP1-1.9,S3,"NATO→5%, nonNATO→3.5%",0.055,258.9462039376452,129.93920513591036,129.00699880173482,0.5018,0.05,0.035,6.496960256795518,4.51524495806072,11.012205214856237,0.10725830348912786,0.04725365818052487,0.04875377431323994,0.18410495292365664,1.1811504490196068,11.715788426977358,12.896938875996964,12.624604786046156,0.09158378281670355,AR6 World GDP level and trajectory (unrebased),Fixed original NATO GDP share = 0.5018,IMAGE 3.0.1,SSP1-19,0.27233408995080843,0.6943532632325387,12.62460478604616,0.4867971857870681,0.2723340899508049,32.110879417944716,9.313985442020348,5.21062122630509
2043,SA1_AR6_fixed_split,SSP1-1.9,S3,"NATO→5%, nonNATO→3.5%",0.055,265.9348557446994,133.44611061269018,132.48874513200923,0.5018,0.05,0.035,6.672305530634509,4.637106079620324,11.309411610254834,0.09918941234639513,0.04369883201274751,0.0450860965210887,0.17025499655054005,1.121773891604675,11.12683450940232,12.248608401006996,11.989964574427317,0.09158378281670354,AR6 World GDP level and trajectory (unrebased),Fixed original NATO GDP share = 0.5018,IMAGE 3.0.1,SSP1-19,0.25864382657967866,0.6594480515935024,11.989964574427317,0.4623258400111727,0.25864382657967866,33.23265330954939,9.776311282031521,5.469265052884769
2044,SA1_AR6_fixed_split,SSP1-1.9,S3,"NATO→5%, nonNATO→3.5%",0.055,273.11212299904514,137.04766332092086,136.06445967812428,0.5018,0.05,0.035,6.852383166046043,4.76225608873435,11.614639254780393,0.09147431772033003,0.040299874240425124,0.04157923532742275,0.157012318951437,1.062441201398799,10.538315709081482,11.600756910480282,11.355793232949324,0.09158378281670354,AR6 World GDP level and trajectory (unrebased),Fixed original NATO GDP share = 0.5018,IMAGE 3.0.1,SSP1-19,0.24496367753095782,0.6245686278122128,11.355793232949324,0.43787257358658616,0.24496367753095782,34.29509451094819,10.214183855618106,5.714228730415726
2045,SA1_AR6_fixed_split,SSP1-1.9,S3,"NATO→5%, nonNATO→3.5%",0.055,280.48309620854303,140.7464176774469,139.73667853109612,0.5018,0.05,0.035,7.037320883872346,4.8907837485883645,11.92810463246071,0.08409989764652431,0.03705100385825897,0.0382272262029656,0.14435439675462647,1.0031523787069783,9.950232029040132,10.95338440774711,10.722090764872137,0.09158378281670354,AR6 World GDP level and trajectory (unrebased),Fixed original NATO GDP share = 0.5018,IMAGE 3.0.1,SSP1-19,0.23129364287497367,0.5897149920679675,10.722090764872139,0.41343738663901075,0.2312936428749719,35.29824688965517,10.627621242257117,5.945522373290698
2046,SA1_AR6_fixed_split,SSP1-1.9,S3,"NATO→5%, nonNATO→3.5%",0.055,288.05300326784055,144.54499703980238,143.50800622803817,0.5018,0.05,0.035,7.22724985199012,5.022780217981336,12.250030069971455,0.07705542303060489,0.03394749406243433,0.03502519228663859,0.1322628138622381,0.943931249179281,9.362819795036396,10.306751044215677,10.08911182819985,0.09158378281670354,AR6 World GDP level and trajectory (unrebased),Fixed original NATO GDP share = 0.5018,IMAGE 3.0.1,SSP1-19,0.2176392160158258,0.5549011505509917,10.089111828199849,0.3890300986282893,0.21763921601582759,36.24217813883445,11.016651340885407,6.163161589306526
2047,SA1_AR6_fixed_split,SSP1-1.9,S3,"NATO→5%, nonNATO→3.5%",0.055,295.82721316627885,148.44609556683872,147.38111759944013,0.5018,0.05,0.035,7.422304778341936,5.1583391159804055,12.580643894322343,0.07032661277944442,0.030983053182552442,0.03196664217247474,0.12071305730052176,0.8847540716720891,8.775843519528552,9.660597591200641,9.456602668166845,0.09158378281670355,AR6 World GDP level and trajectory (unrebased),Fixed original NATO GDP share = 0.5018,IMAGE 3.0.1,SSP1-19,0.20399492303379674,0.5201131467491763,9.456602668166845,0.3646409249229128,0.20399492303379674,37.12693221050654,11.38129226580832,6.367156512340323
2048,SA1_AR6_fixed_split,SSP1-1.9,S3,"NATO→5%, nonNATO→3.5%",0.055,303.81123979587244,152.45248012956878,151.35875966630365,0.5018,0.05,0.035,7.622624006478439,5.297556588320629,12.920180594799067,0.06390164903626282,0.028152474750241664,0.02904620410739219,0.10968484215077766,0.8256208458539833,8.18930319922927,9.014924045083253,8.824563281230784,0.09158378281670355,AR6 World GDP level and trajectory (unrebased),Fixed original NATO GDP share = 0.5018,IMAGE 3.0.1,SSP1-19,0.19036076385246936,0.4853509804676931,8.824563281230784,0.3402698653862902,0.19036076385246936,37.95255305636052,11.72156213119461,6.557517276192792
2049,SA1_AR6_fixed_split,SSP1-1.9,S3,"NATO→5%, nonNATO→3.5%",0.055,312.0107458620589,156.56699227358118,155.44375358847773,0.5018,0.05,0.035,7.828349613679059,5.440531375596721,13.268880989275779,0.05776911951013576,0.025450730972996875,0.02625869068642535,0.09915857963325612,0.7665315716352409,7.603198833248589,8.36973040488383,8.192993666432672,0.09158378281670354,AR6 World GDP level and trajectory (unrebased),Fixed original NATO GDP share = 0.5018,IMAGE 3.0.1,SSP1-19,0.176736738451158,0.45061465165379694,8.192993666432674,0.31591691998144394,0.17673673845115623,38.71908462799576,12.037479051176053,6.734254014643948
2050,SA1_AR6_fixed_split,SSP1-1.9,S3,"NATO→5%, nonNATO→3.5%",0.055,320.4315469000001,160.79255023442008,159.63899666558004,0.5018,0.05,0.035,8.039627511721005,5.587364883295302,13.626992395016305,0.0519180042963748,0.02287296692777352,0.02359909286198855,0.08911535448482234,0.7074862497111233,7.017530428482782,7.725016678193906,7.561893831203742,0.09158378281670354,AR6 World GDP level and trajectory (unrebased),Fixed original NATO GDP share = 0.5018,IMAGE 3.0.1,SSP1-19,0.16312284699016377,0.4159041607162058,7.561893831203743,0.2915820889949175,0.16312284699016288,39.42657087770689,12.329061140170971,6.897376861634111
2025,SA1_AR6_fixed_split,SSP1-2.6,S0,Baseline,0.055,138.56683200039697,69.53283629779921,69.03399570259776,0.5018,0.027,0.022985547972701727,1.8773865800405787,1.5867842199693458,3.4641708000099243,0.7816910574368426,0.3443813749546929,0.3553141170167466,1.0,2.7079113358015907,46.52684022422733,49.23475156002892,49.23475156002892,0.05500000000000001,AR6 World GDP level and trajectory (unrebased),Fixed original NATO GDP share = 0.5018,IMAGE 3.0.1,SSP1-26,0.0,2.7079113358015907,49.23475156002892,0.0,0.0,2.7079113358015907,0.0,0.0
2026,SA1_AR6_fixed_split,SSP1-2.6,S0,Baseline,0.055,144.59391012503605,72.55722410074308,72.03668602429296,0.5018,0.027,0.022985547972701727,1.9590450507200632,1.655802702405838,3.6148477531259013,0.7385488535962761,0.32537466976619156,0.33570402436194363,0.9448091372798489,2.669741663996209,45.87101586320759,48.540757527203795,48.54075752720379,0.055,AR6 World GDP level and trajectory (unrebased),Fixed original NATO GDP share = 0.5018,IMAGE 3.0.1,SSP1-26,7.105427357601002e-15,2.669741663996209,48.540757527203795,0.0,0.0,5.3776529997977995,0.0,0.0
2027,SA1_AR6_fixed_split,SSP1-2.6,S0,Baseline,0.055,150.8831409610859,75.71316013427291,75.16998082681299,0.5018,0.027,0.022985547972701727,2.0442553236253684,1.727823200401779,3.7720785240271475,0.6976527219887668,0.307357492904142,0.31711487363125757,0.8924916248579884,2.6316008498429095,45.21568732911908,47.84728817896199,47.847288178961975,0.055,AR6 World GDP level and trajectory (unrebased),Fixed original NATO GDP share = 0.5018,IMAGE 3.0.1,SSP1-26,1.4210854715202004e-14,2.6316008498429095,47.84728817896199,0.0,0.0,8.009253849640709,0.0,0.0
2028,SA1_AR6_fixed_split,SSP1-2.6,S0,Baseline,0.055,157.44592705596344,79.00636619668245,78.43956085928099,0.5018,0.027,0.022985547972701727,2.133171887310426,1.8029762890886598,3.9361481763990858,0.6588900561684657,0.29028023453575763,0.2994954800765753,0.842903407810446,2.5934888930349977,44.56085461669223,47.15434350972723,47.15434350972723,0.05500000000000001,AR6 World GDP level and trajectory (unrebased),Fixed original NATO GDP share = 0.5018,IMAGE 3.0.1,SSP1-26,0.0,2.5934888930349977,47.15434350972723,0.0,0.0,10.602742742675707,0.0,0.0
2029,SA1_AR6_fixed_split,SSP1-2.6,S0,Baseline,0.055,164.2941669202464,82.44281296057964,81.85135395966675,0.5018,0.027,0.022985547972701727,2.2259559499356505,1.8813982230705095,4.10735417300616,0.6221537481536524,0.27409570722853216,0.28279715825166013,0.7959074652762288,2.5554057937303276,43.90651772863926,46.46192352236959,46.46192352236958,0.05500000000000001,AR6 World GDP level and trajectory (unrebased),Fixed original NATO GDP share = 0.5018,IMAGE 3.0.1,SSP1-26,7.105427357601002e-15,2.5554057937303276,46.46192352236959,0.0,0.0,13.158148536406035,0.0,0.0
2030,SA1_AR6_fixed_split,SSP1-2.6,S0,Baseline,0.055,171.44027659999995,86.02873079787997,85.41154580211997,0.5018,0.027,0.022985547972701727,2.3227757315427593,1.9632311834572393,4.286006914999999,0.5873419249771357,0.2587590298850318,0.26697360226233435,0.7513734734321051,2.517351551921414,43.25267666483157,45.77002821675298,45.77002821675297,0.055,AR6 World GDP level and trajectory (unrebased),Fixed original NATO GDP share = 0.5018,IMAGE 3.0.1,SSP1-26,1.4210854715202004e-14,2.517351551921414,45.77002821675298,0.0,0.0,15.675500088327448,0.0,0.0
2031,SA1_AR6_fixed_split,SSP1-2.6,S0,Baseline,0.055,177.7089843520823,89.1743683478749,88.5346160042074,0.5018,0.027,0.022985547972701727,2.4077079453926222,2.035016663409435,4.442724608802058,0.5532170853428023,0.24372500962654928,0.2514623115194556,0.7077183243681919,2.457791159062216,42.229320823887164,44.68711198294938,44.687111982949375,0.055,AR6 World GDP level and trajectory (unrebased),Fixed original NATO GDP share = 0.5018,IMAGE 3.0.1,SSP1-26,7.105427357601002e-15,2.457791159062216,44.68711198294938,0.0,0.0,18.133291247389664,0.0,0.0
2032,SA1_AR6_fixed_split,SSP1-2.6,S0,Baseline,0.055,184.20690718512637,92.43502602549641,91.77188115962996,0.5018,0.027,0.022985547972701727,2.495745702688403,2.1094269769397562,4.60517267962816,0.5207774535212345,0.22943342357928512,0.2367170243278338,0.6662190242125305,2.398270101122313,41.206640828374276,43.60491092949659,43.60491092949658,0.05500000000000001,AR6 World GDP level and trajectory (unrebased),Fixed original NATO GDP share = 0.5018,IMAGE 3.0.1,SSP1-26,7.105427357601002e-15,2.398270101122313,43.60491092949659,0.0,0.0,20.53156134851198,0.0,0.0
2033,SA1_AR6_fixed_split,SSP1-2.6,S0,Baseline,0.055,190.94242634059682,95.81490953771149,95.12751680288534,0.5018,0.027,0.022985547972701727,2.5870025575182103,2.1865581009967103,4.773560658514921,0.4899462991174637,0.21585046744335812,0.2227028632352107,0.6267774134758466,2.3387883782521084,40.18463668087713,42.52342505912924,42.52342505912923,0.05500000000000001,AR6 World GDP level and trajectory (unrebased),Fixed original NATO GDP share = 0.5018,IMAGE 3.0.1,SSP1-26,7.105427357601002e-15,2.3387883782521084,42.52342505912924,0.0,0.0,22.870349726764086,0.0,0.0
2034,SA1_AR6_fixed_split,SSP1-2.6,S0,Baseline,0.055,197.92422951976133,99.31837837301624,98.60585114674508,0.5018,0.027,0.022985547972701727,2.6815962160714384,2.2665095219225946,4.948105737994033,0.4606502187228109,0.2029438026541055,0.20938646305582312,0.5892995888084974,2.279345990470547,39.163308381721215,41.44265437219176,41.44265437219176,0.05500000000000001,AR6 World GDP level and trajectory (unrebased),Fixed original NATO GDP share = 0.5018,IMAGE 3.0.1,SSP1-26,0.0,2.279345990470547,41.44265437219176,0.0,0.0,25.149695717234632,0.0,0.0
2035,SA1_AR6_fixed_split,SSP1-2.6,S0,Baseline,0.055,205.16132208938131,102.94995142445156,102.21137066492976,0.5018,0.027,0.022985547972701727,2.779648688460192,2.349384363774341,5.129033052234533,0.4328189962923145,0.19068249487004066,0.19673590740559746,0.5536957243844183,2.219942937618257,38.14265592816823,40.36259886578649,40.36259886578648,0.055,AR6 World GDP level and trajectory (unrebased),Fixed original NATO GDP share = 0.5018,IMAGE 3.0.1,SSP1-26,7.105427357601002e-15,2.219942937618257,40.36259886578649,0.0,0.0,27.36963865485289,0.0,0.0
2036,SA1_AR6_fixed_split,SSP1-2.6,S0,Baseline,0.055,212.66303869714082,106.71431281822527,105.94872587891555,0.5018,0.027,0.022985547972701727,2.881286446092082,2.4352895213364385,5.316575967428521,0.4065371587699483,0.17910378323431286,0.18478961762270374,0.5200739536447809,2.16138568818298,37.136535915143924,39.297921603326905,39.2979216033269,0.05500000000000001,AR6 World GDP level and trajectory (unrebased),Fixed original NATO GDP share = 0.5018,IMAGE 3.0.1,SSP1-26,7.105427357601002e-15,2.16138568818298,39.297921603326905,0.0,0.0,29.53102434303587,0.0,0.0
2037,SA1_AR6_fixed_split,SSP1-2.6,S0,Baseline,0.055,220.4390553117926,110.61631795545753,109.82273735633507,0.5018,0.027,0.022985547972701727,2.986640584797353,2.5243357979974617,5.510976382794815,0.3815798277424987,0.16810859543900292,0.1734453762465903,0.4881465946325333,2.102877418839824,36.13125746915698,38.2341348879968,38.234134887996795,0.055,AR6 World GDP level and trajectory (unrebased),Fixed original NATO GDP share = 0.5018,IMAGE 3.0.1,SSP1-26,7.105427357601002e-15,2.102877418839824,38.2341348879968,0.0,0.0,31.633901761875695,0.0,0.0
2038,SA1_AR6_fixed_split,SSP1-2.6,S0,Baseline,0.055,228.49940170355023,114.66099977484151,113.83840192870872,0.5018,0.027,0.022985547972701727,3.0958469939207207,2.616638048668035,5.712485042588756,0.3578859487292993,0.15767003335626473,0.16267543124059056,0.4578355417072364,2.0444181290688084,35.126820581273165,37.171238710341974,37.17123871034197,0.05499999999999999,AR6 World GDP level and trajectory (unrebased),Fixed original NATO GDP share = 0.5018,IMAGE 3.0.1,SSP1-26,7.105427357601002e-15,2.0444181290688084,37.171238710341974,0.0,0.0,33.6783198909445,0.0,0.0
2039,SA1_AR6_fixed_split,SSP1-2.6,S0,Baseline,0.055,236.85447438082582,118.8535752442984,118.00089913652742,0.5018,0.027,0.022985547972701727,3.209046531596057,2.7123153279245886,5.921361859520646,0.3353971378392393,0.14776237541169282,0.15245324447238146,0.42906610565432746,1.9860078197936604,34.12322526736379,36.109233087157456,36.10923308715745,0.05500000000000001,AR6 World GDP level and trajectory (unrebased),Fixed original NATO GDP share = 0.5018,IMAGE 3.0.1,SSP1-26,7.105427357601002e-15,1.9860078197936604,36.109233087157456,0.0,0.0,35.66432771073816,0.0,0.0
2040,SA1_AR6_fixed_split,SSP1-2.6,S0,Baseline,0.055,245.51504999999977,123.1994520899999,122.31559790999988,0.5018,0.027,0.022985547972701727,3.3263852064299972,2.811491043569997,6.137876249999994,0.31405756837384824,0.13836102662624084,0.142753440169931,0.4017668686189656,1.9276464900545924,33.120471510937996,35.04811800099259,35.04811800099259,0.055,AR6 World GDP level and trajectory (unrebased),Fixed original NATO GDP share = 0.5018,IMAGE 3.0.1,SSP1-26,0.0,1.9276464900545924,35.04811800099259,0.0,0.0,37.591974200792755,0.0,0.0
2041,SA1_AR6_fixed_split,SSP1-2.6,S0,Baseline,0.055,252.1412108463452,126.52445960269603,125.61675124364916,0.5018,0.027,0.022985547972701727,3.4161604092727926,2.887369861885837,6.30353027115863,0.29753757175968387,0.13108298615986072,0.13524435079985628,0.38063320403754736,1.8755370903942004,32.22513728040944,34.100674370803645,34.10067437080364,0.05499999999999999,AR6 World GDP level and trajectory (unrebased),Fixed original NATO GDP share = 0.5018,IMAGE 3.0.1,SSP1-26,7.105427357601002e-15,1.8755370903942004,34.100674370803645,0.0,0.0,39.46751129118695,0.0,0.0
2042,SA1_AR6_fixed_split,SSP1-2.6,S0,Baseline,0.055,258.9462039376452,129.93920513591036,129.00699880173482,0.5018,0.027,0.022985547972701727,3.5083585386695795,2.96529655977155,6.47365509844113,0.2816755296496956,0.124094813761754,0.12803433165895253,0.36034124603306444,1.8234702286228577,31.33053392815637,33.15400415677923,33.15400415677922,0.055,AR6 World GDP level and trajectory (unrebased),Fixed original NATO GDP share = 0.5018,IMAGE 3.0.1,SSP1-26,7.105427357601002e-15,1.8234702286228577,33.15400415677923,0.0,0.0,41.29098151980981,0.0,0.0
2043,SA1_AR6_fixed_split,SSP1-2.6,S0,Baseline,0.055,265.9348557446994,133.44611061269018,132.48874513200923,0.5018,0.027,0.022985547972701727,3.603044986542635,3.0453264070748505,6.648371393617485,0.2664480969375391,0.1173862245249298,0.12111277133524503,0.34086112972971677,1.7714459055633538,30.4366614683158,32.20810737387915,32.20810737387915,0.055000000000000014,AR6 World GDP level and trajectory (unrebased),Fixed original NATO GDP share = 0.5018,IMAGE 3.0.1,SSP1-26,0.0,1.7714459055633538,32.20810737387915,0.0,0.0,43.062427425373166,0.0,0.0
2044,SA1_AR6_fixed_split,SSP1-2.6,S0,Baseline,0.055,273.11212299904514,137.04766332092086,136.06445967812428,0.5018,0.027,0.022985547972701727,3.700286909664863,3.1275161653112655,6.827803074976129,0.25183270541396935,0.11094727581174874,0.11446941155180422,0.3221639841189003,1.7194641204050576,29.543519886959622,31.26298400736468,31.262984007364672,0.05500000000000001,AR6 World GDP level and trajectory (unrebased),Fixed original NATO GDP share = 0.5018,IMAGE 3.0.1,SSP1-26,7.105427357601002e-15,1.7194641204050576,31.26298400736468,0.0,0.0,44.78189154577822,0.0,0.0
2045,SA1_AR6_fixed_split,SSP1-2.6,S0,Baseline,0.055,280.48309620854303,140.7464176774469,139.73667853109612,0.5018,0.027,0.022985547972701727,3.8001532772910664,3.2119241279225093,7.012077405213576,0.23780753951682743,0.10476835657035054,0.10809433614401244,0.3042219010367037,1.6675248746353801,28.651109209644257,30.318634084279637,30.31863408427963,0.055,AR6 World GDP level and trajectory (unrebased),Fixed original NATO GDP share = 0.5018,IMAGE 3.0.1,SSP1-26,7.105427357601002e-15,1.6675248746353801,30.318634084279637,0.0,0.0,46.449416420413606,0.0,0.0
2046,SA1_AR6_fixed_split,SSP1-2.6,S0,Baseline,0.055,288.05300326784055,144.54499703980238,143.50800622803817,0.5018,0.027,0.022985547972701727,3.9027149200746645,3.2986101616213497,7.201325081696014,0.22435151150459184,0.09884017639712787,0.10197795977481446,0.2870079034039845,1.615628166914429,27.759429413347913,29.375057580262343,29.37505758026234,0.05500000000000001,AR6 World GDP level and trajectory (unrebased),Fixed original NATO GDP share = 0.5018,IMAGE 3.0.1,SSP1-26,3.552713678800501e-15,1.615628166914429,29.375057580262343,0.0,0.0,48.06504458732803,0.0,0.0
2047,SA1_AR6_fixed_split,SSP1-2.6,S0,Baseline,0.055,295.82721316627885,148.44609556683872,147.38111759944013,0.5018,0.027,0.022985547972701727,4.008044580304645,3.387635748852326,7.395680329156971,0.21144423878508417,0.09315375554867344,0.09611101762958368,0.27049591622348573,1.5637739974964164,26.86848050243843,28.432254499934846,28.43225449993484,0.055,AR6 World GDP level and trajectory (unrebased),Fixed original NATO GDP share = 0.5018,IMAGE 3.0.1,SSP1-26,7.105427357601002e-15,1.5637739974964164,28.432254499934846,0.0,0.0,49.62881858482445,0.0,0.0
2048,SA1_AR6_fixed_split,SSP1-2.6,S0,Baseline,0.055,303.81123979587244,152.45248012956878,151.35875966630365,0.5018,0.027,0.022985547972701727,4.116216963498357,3.4790640313984538,7.595280994896811,0.1990660211188346,0.08770041489850755,0.09048455505401572,0.2546607374166082,1.5119623669336115,25.97826248640478,27.490224853338393,27.49022485333839,0.05499999999999999,AR6 World GDP level and trajectory (unrebased),Fixed original NATO GDP share = 0.5018,IMAGE 3.0.1,SSP1-26,3.552713678800501e-15,1.5119623669336115,27.490224853338393,0.0,0.0,51.14078095175806,0.0,0.0
2049,SA1_AR6_fixed_split,SSP1-2.6,S0,Baseline,0.055,312.0107458620589,156.56699227358118,155.44375358847773,0.5018,0.027,0.022985547972701727,4.227308791386692,3.572959855164781,7.800268646551473,0.18719781853980066,0.08247176620984224,0.0850899175180912,0.23947800957787657,1.460193274658839,25.088775355501873,26.54896863016071,26.548968630160708,0.055,AR6 World GDP level and trajectory (unrebased),Fixed original NATO GDP share = 0.5018,IMAGE 3.0.1,SSP1-26,3.552713678800501e-15,1.460193274658839,26.54896863016071,0.0,0.0,52.6009742264169,0.0,0.0
2050,SA1_AR6_fixed_split,SSP1-2.6,S0,Baseline,0.055,320.4315469000001,160.79255023442008,159.63899666558004,0.5018,0.027,0.022985547972701727,4.341398856329342,3.669389816170661,8.010788672500004,0.17582123037909755,0.07745970289428773,0.07991874108140797,0.22492419314046352,1.4084667207058883,24.200019110310258,25.608485831016147,25.608485831016143,0.05500000000000001,AR6 World GDP level and trajectory (unrebased),Fixed original NATO GDP share = 0.5018,IMAGE 3.0.1,SSP1-26,3.552713678800501e-15,1.4084667207058883,25.608485831016147,0.0,0.0,54.00944094712279,0.0,0.0
2025,SA1_AR6_fixed_split,SSP1-2.6,S1,"NATO→3.5%, nonNATO holds",0.055,138.56683200039697,69.53283629779921,69.03399570259776,0.5018,0.027,0.022985547972701727,1.8773865800405787,1.5867842199693458,3.4641708000099243,0.7816910574368426,0.3443813749546929,0.3553141170167466,1.0,2.7079113358015907,46.52684022422733,49.23475156002892,49.23475156002892,0.05500000000000001,AR6 World GDP level and trajectory (unrebased),Fixed original NATO GDP share = 0.5018,IMAGE 3.0.1,SSP1-26,0.0,2.7079113358015907,49.23475156002892,0.0,0.0,2.7079113358015907,0.0,0.0
2026,SA1_AR6_fixed_split,SSP1-2.6,S1,"NATO→3.5%, nonNATO holds",0.055,144.59391012503605,72.55722410074308,72.03668602429296,0.5018,0.02740877593256891,0.022985547972701727,1.988704697666456,1.655802702405838,3.644507400072294,0.7385488535962761,0.32537466976619156,0.33570402436194363,0.9448091372798489,2.6916467622465374,45.861365365377026,48.55301212762356,48.54075752720379,0.05543727658278821,AR6 World GDP level and trajectory (unrebased),Fixed original NATO GDP share = 0.5018,IMAGE 3.0.1,SSP1-26,0.012254600419772999,2.669741663996209,48.540757527203795,0.021905098250328603,0.012254600419765893,5.399558098048129,0.021905098250328603,0.012254600419765893
2027,SA1_AR6_fixed_split,SSP1-2.6,S1,"NATO→3.5%, nonNATO holds",0.055,150.8831409610859,75.71316013427291,75.16998082681299,0.5018,0.028005016140972137,0.022985547972701727,2.120348271644321,1.727823200401779,3.8481714720461,0.6976527219887668,0.307357492904142,0.31711487363125757,0.8924916248579884,2.6846873021524815,45.192299591388284,47.87698689354077,47.847288178961975,0.056074692171463304,AR6 World GDP level and trajectory (unrebased),Fixed original NATO GDP share = 0.5018,IMAGE 3.0.1,SSP1-26,0.029698714578792362,2.6316008498429095,47.84728817896199,0.053086452309571985,0.02969871457877815,8.08424540020061,0.07499155055990059,0.041953314998544045
2028,SA1_AR6_fixed_split,SSP1-2.6,S1,"NATO→3.5%, nonNATO holds",0.055,157.44592705596344,79.00636619668245,78.43956085928099,0.5018,0.028820930945768986,0.022985547972701727,2.277037024430722,1.8029762890886598,4.080013313519382,0.6588900561684657,0.29028023453575763,0.2994954800765753,0.842903407810446,2.6882802013128737,44.519093410947434,47.207373612260305,47.15434350972723,0.05694619284252442,AR6 World GDP level and trajectory (unrebased),Fixed original NATO GDP share = 0.5018,IMAGE 3.0.1,SSP1-26,0.053030102533078605,2.5934888930349977,47.15434350972723,0.09479130827787596,0.053030102533078605,10.772525601513482,0.16978285883777655,0.09498341753162265
2029,SA1_AR6_fixed_split,SSP1-2.6,S1,"NATO→3.5%, nonNATO holds",0.055,164.2941669202464,82.44281296057964,81.85135395966675,0.5018,0.029845109579542582,0.022985547972701727,2.4605147868542327,1.8813982230705095,4.341913009924742,0.6221537481536524,0.27409570722853216,0.28279715825166013,0.7959074652762288,2.7013374532817847,43.84222615834736,46.543563611629146,46.46192352236958,0.05803890470919682,AR6 World GDP level and trajectory (unrebased),Fixed original NATO GDP share = 0.5018,IMAGE 3.0.1,SSP1-26,0.08164008925956523,2.5554057937303276,46.46192352236959,0.14593165955145704,0.08164008925955812,13.473863054795268,0.3157145183892336,0.17662350679118077
2030,SA1_AR6_fixed_split,SSP1-2.6,S1,"NATO→3.5%, nonNATO holds",0.055,171.44027659999995,86.02873079787997,85.41154580211997,0.5018,0.030999999999995285,0.022985547972701727,2.6668906547338733,1.9632311834572393,4.630121838191113,0.5873419249771357,0.2587590298850318,0.26697360226233435,0.7513734734321051,2.719464673321842,43.16363382113767,45.88309849445952,45.77002821675297,0.05926942082279433,AR6 World GDP level and trajectory (unrebased),Fixed original NATO GDP share = 0.5018,IMAGE 3.0.1,SSP1-26,0.11307027770654798,2.517351551921414,45.77002821675298,0.20211312140042814,0.11307027770653377,16.19332772811711,0.5178276397896617,0.28969378449771455
2031,SA1_AR6_fixed_split,SSP1-2.6,S1,"NATO→3.5%, nonNATO holds",0.055,177.7089843520823,89.1743683478749,88.5346160042074,0.5018,0.03215489042044799,0.022985547972701727,2.867392042538583,2.035016663409435,4.902408705948018,0.5532170853428023,0.24372500962654928,0.2514623115194556,0.7077183243681919,2.7120962554637416,42.1172843128851,44.82938056834884,44.687111982949375,0.06049818715047291,AR6 World GDP level and trajectory (unrebased),Fixed original NATO GDP share = 0.5018,IMAGE 3.0.1,SSP1-26,0.14226858539946363,2.457791159062216,44.68711198294938,0.25430509640152543,0.14226858539945653,18.905423983580853,0.7721327361911872,0.4319623698971711
2032,SA1_AR6_fixed_split,SSP1-2.6,S1,"NATO→3.5%, nonNATO holds",0.055,184.20690718512637,92.43502602549641,91.77188115962996,0.5018,0.033179069054221584,0.022985547972701727,3.066908111528715,2.1094269769397562,5.176335088468472,0.5207774535212345,0.22943342357928512,0.2367170243278338,0.6662190242125305,2.695718605945225,41.07559708149425,43.771315687439476,43.60491092949658,0.06158641940751127,AR6 World GDP level and trajectory (unrebased),Fixed original NATO GDP share = 0.5018,IMAGE 3.0.1,SSP1-26,0.16640475794289245,2.398270101122313,43.60491092949659,0.2974485048229121,0.16640475794288534,21.601142589526077,1.0695812410140992,0.5983671278400564
2033,SA1_AR6_fixed_split,SSP1-2.6,S1,"NATO→3.5%, nonNATO holds",0.055,190.94242634059682,95.81490953771149,95.12751680288534,0.5018,0.03399498385901843,0.022985547972701727,3.2572263031878133,2.1865581009967103,5.443784404184523,0.4899462991174637,0.21585046744335812,0.2227028632352107,0.6267774134758466,2.6671620220235743,40.03996857208271,42.70713059410628,42.52342505912923,0.062452381719872586,AR6 World GDP level and trajectory (unrebased),Fixed original NATO GDP share = 0.5018,IMAGE 3.0.1,SSP1-26,0.1837055349770509,2.3387883782521084,42.52342505912924,0.32837364377146594,0.18370553497704378,24.268304611549652,1.3979548847855652,0.7820726628171002
2034,SA1_AR6_fixed_split,SSP1-2.6,S1,"NATO→3.5%, nonNATO holds",0.055,197.92422951976133,99.31837837301624,98.60585114674508,0.5018,0.034591224067421655,0.022985547972701727,3.43554428031397,2.2665095219225946,5.7020538022365646,0.4606502187228109,0.2029438026541055,0.20938646305582312,0.5892995888084974,2.626652331169509,39.010299294560134,41.636951625729644,41.44265437219176,0.06308464545580142,AR6 World GDP level and trajectory (unrebased),Fixed original NATO GDP share = 0.5018,IMAGE 3.0.1,SSP1-26,0.19429725353788285,2.279345990470547,41.44265437219176,0.34730634069896205,0.19429725353788285,26.894956942719162,1.7452612254845272,0.976369916354983
2035,SA1_AR6_fixed_split,SSP1-2.6,S1,"NATO→3.5%, nonNATO holds",0.055,205.16132208938131,102.94995142445156,102.21137066492976,0.5018,0.03499999999999057,0.022985547972701727,3.603248299854834,2.349384363774341,5.952632663629175,0.4328189962923145,0.19068249487004066,0.19673590740559746,0.5536957243844183,2.5764124947688263,37.985609899493504,40.56202239426233,40.36259886578648,0.06351785100176048,AR6 World GDP level and trajectory (unrebased),Fixed original NATO GDP share = 0.5018,IMAGE 3.0.1,SSP1-26,0.19942352847584743,2.219942937618257,40.36259886578649,0.3564695571505694,0.19942352847584033,29.471369437487986,2.1017307826350966,1.1757934448308234
2036,SA1_AR6_fixed_split,SSP1-2.6,S1,"NATO→3.5%, nonNATO holds",0.055,212.66303869714082,106.71431281822527,105.94872587891555,0.5018,0.035,0.022985547972701727,3.7350009486378846,2.4352895213364385,6.170290469974323,0.4065371587699483,0.17910378323431286,0.18478961762270374,0.5200739536447809,2.5084523564486503,36.983632417935965,39.492084774384615,39.2979216033269,0.06351785100177047,AR6 World GDP level and trajectory (unrebased),Fixed original NATO GDP share = 0.5018,IMAGE 3.0.1,SSP1-26,0.19416317105771697,2.16138568818298,39.297921603326905,0.34706666826567023,0.19416317105770986,31.979821793936637,2.448797450900767,1.3699566158885332
2037,SA1_AR6_fixed_split,SSP1-2.6,S1,"NATO→3.5%, nonNATO holds",0.055,220.4390553117926,110.61631795545753,109.82273735633507,0.5018,0.035,0.022985547972701727,3.871571128441014,2.5243357979974617,6.395906926438476,0.3815798277424987,0.16810859543900292,0.1734453762465903,0.4881465946325333,2.440549063247448,35.982493038403966,38.42304210165141,38.234134887996795,0.06351785100177047,AR6 World GDP level and trajectory (unrebased),Fixed original NATO GDP share = 0.5018,IMAGE 3.0.1,SSP1-26,0.18890721365461616,2.102877418839824,38.2341348879968,0.337671644407624,0.18890721365460905,34.42037085718408,2.786469095308391,1.5588638295431423
2038,SA1_AR6_fixed_split,SSP1-2.6,S1,"NATO→3.5%, nonNATO holds",0.055,228.49940170355023,114.66099977484151,113.83840192870872,0.5018,0.035,0.022985547972701727,4.013134992119453,2.616638048668035,6.629773040787488,0.3578859487292993,0.15767003335626473,0.16267543124059056,0.4578355417072364,2.372702614562162,34.98219175199987,37.354894366562036,37.17123871034197,0.06351785100177046,AR6 World GDP level and trajectory (unrebased),Fixed original NATO GDP share = 0.5018,IMAGE 3.0.1,SSP1-26,0.1836556562200684,2.0444181290688084,37.171238710341974,0.32828448549335354,0.1836556562200613,36.79307347174625,3.1147535808017444,1.7425194857632036
2039,SA1_AR6_fixed_split,SSP1-2.6,S1,"NATO→3.5%, nonNATO holds",0.055,236.85447438082582,118.8535752442984,118.00089913652742,0.5018,0.035,0.022985547972701727,4.159875133550444,2.7123153279245886,6.872190461475032,0.3353971378392393,0.14776237541169282,0.15245324447238146,0.42906610565432746,2.304913011464847,33.98272857452964,36.287641585994486,36.10923308715745,0.06351785100177045,AR6 World GDP level and trajectory (unrebased),Fixed original NATO GDP share = 0.5018,IMAGE 3.0.1,SSP1-26,0.1784084988370367,1.9860078197936604,36.109233087157456,0.31890519167118647,0.17840849883702958,39.097986483211095,3.433658772472931,1.9209279846002332
2040,SA1_AR6_fixed_split,SSP1-2.6,S1,"NATO→3.5%, nonNATO holds",0.055,245.51504999999977,123.1994520899999,122.31559790999988,0.5018,0.035,0.022985547972701727,4.311980823149996,2.811491043569997,7.123471866719994,0.31405756837384824,0.13836102662624084,0.142753440169931,0.4017668686189656,2.2371802528415987,32.984103489570295,35.22128374241189,35.04811800099259,0.06351785100177046,AR6 World GDP level and trajectory (unrebased),Fixed original NATO GDP share = 0.5018,IMAGE 3.0.1,SSP1-26,0.17316574141930374,1.9276464900545924,35.04811800099259,0.3095337627870063,0.17316574141930374,41.33516673605269,3.7431925352599373,2.094093726019537
2041,SA1_AR6_fixed_split,SSP1-2.6,S1,"NATO→3.5%, nonNATO holds",0.055,252.1412108463452,126.52445960269603,125.61675124364916,0.5018,0.035,0.022985547972701727,4.428356086094361,2.887369861885837,7.315725947980198,0.29753757175968387,0.13108298615986072,0.13524435079985628,0.38063320403754736,2.1767033342213393,32.09245564851357,34.26915898273491,34.10067437080364,0.06351785100177045,AR6 World GDP level and trajectory (unrebased),Fixed original NATO GDP share = 0.5018,IMAGE 3.0.1,SSP1-26,0.1684846119312695,1.8755370903942004,34.100674370803645,0.30116624382713897,0.1684846119312624,43.51187007027403,4.0443587790870765,2.2625783379507993
2042,SA1_AR6_fixed_split,SSP1-2.6,S1,"NATO→3.5%, nonNATO holds",0.055,258.9462039376452,129.93920513591036,129.00699880173482,0.5018,0.035,0.022985547972701727,4.547872179756863,2.96529655977155,7.513168739528412,0.2816755296496956,0.124094813761754,0.12803433165895253,0.36034124603306444,2.1162757840542015,31.20153567646284,33.31781146051704,33.15400415677922,0.06351785100177046,AR6 World GDP level and trajectory (unrebased),Fixed original NATO GDP share = 0.5018,IMAGE 3.0.1,SSP1-26,0.16380730373781915,1.8234702286228577,33.15400415677923,0.2928055554313438,0.16380730373781205,45.62814585432823,4.33716433451842,2.4263856416886114
2043,SA1_AR6_fixed_split,SSP1-2.6,S1,"NATO→3.5%, nonNATO holds",0.055,265.9348557446994,133.44611061269018,132.48874513200923,0.5018,0.035,0.022985547972701727,4.670613871444156,3.0453264070748505,7.715940278519007,0.2664480969375391,0.1173862245249298,0.12111277133524503,0.34086112972971677,2.055897603295095,30.311343587496925,32.36724119079202,32.20810737387915,0.06351785100177046,AR6 World GDP level and trajectory (unrebased),Fixed original NATO GDP share = 0.5018,IMAGE 3.0.1,SSP1-26,0.15913381691287043,1.7714459055633538,32.20810737387915,0.2844516977317413,0.15913381691287043,47.684043457623325,4.621616032250161,2.585519458601482
2044,SA1_AR6_fixed_split,SSP1-2.6,S1,"NATO→3.5%, nonNATO holds",0.055,273.11212299904514,137.04766332092086,136.06445967812428,0.5018,0.035,0.022985547972701727,4.796668216232231,3.1275161653112655,7.924184381543496,0.25183270541396935,0.11094727581174874,0.11446941155180422,0.3221639841189003,1.99556879100322,29.421879367745046,31.417448158748265,31.262984007364672,0.06351785100177046,AR6 World GDP level and trajectory (unrebased),Fixed original NATO GDP share = 0.5018,IMAGE 3.0.1,SSP1-26,0.1544641513835927,1.7194641204050576,31.26298400736468,0.27610467059816246,0.1544641513835856,49.67961224862655,4.897720702848323,2.7399836099850674
2045,SA1_AR6_fixed_split,SSP1-2.6,S1,"NATO→3.5%, nonNATO holds",0.055,280.48309620854303,140.7464176774469,139.73667853109612,0.5018,0.035,0.022985547972701727,4.9261246187106424,3.2119241279225093,8.138048746633151,0.23780753951682743,0.10476835657035054,0.10809433614401244,0.3042219010367037,1.935289348904831,28.533143042658413,30.468432391563244,30.31863408427963,0.06351785100177046,AR6 World GDP level and trajectory (unrebased),Fixed original NATO GDP share = 0.5018,IMAGE 3.0.1,SSP1-26,0.1497983072836142,1.6675248746353801,30.318634084279637,0.26776447426945094,0.1497983072836071,51.61490159753138,5.165485177117775,2.8897819172686745
2046,SA1_AR6_fixed_split,SSP1-2.6,S1,"NATO→3.5%, nonNATO holds",0.055,288.05300326784055,144.54499703980238,143.50800622803817,0.5018,0.035,0.022985547972701727,5.059074896393084,3.2986101616213497,8.357685058014434,0.22435151150459184,0.09884017639712787,0.10197795977481446,0.2870079034039845,1.8750592754448807,27.645134589310025,29.520193864754905,29.37505758026234,0.06351785100177047,AR6 World GDP level and trajectory (unrebased),Fixed original NATO GDP share = 0.5018,IMAGE 3.0.1,SSP1-26,0.14513628449256544,1.615628166914429,29.375057580262343,0.2594311085304517,0.14513628449256188,53.48996087297626,5.4249162856482265,3.0349182017612364
2047,SA1_AR6_fixed_split,SSP1-2.6,S1,"NATO→3.5%, nonNATO holds",0.055,295.82721316627885,148.44609556683872,147.38111759944013,0.5018,0.035,0.022985547972701727,5.195613344839356,3.387635748852326,8.583249093691682,0.21144423878508417,0.09315375554867344,0.09611101762958368,0.27049591622348573,1.8148785709184014,26.757854012049723,28.572732582968126,28.43225449993484,0.06351785100177046,AR6 World GDP level and trajectory (unrebased),Fixed original NATO GDP share = 0.5018,IMAGE 3.0.1,SSP1-26,0.1404780830332868,1.5637739974964164,28.432254499934846,0.251104573421985,0.1404780830332797,55.304839443894664,5.676020859070212,3.175396284794516
2048,SA1_AR6_fixed_split,SSP1-2.6,S1,"NATO→3.5%, nonNATO holds",0.055,303.81123979587244,152.45248012956878,151.35875966630365,0.5018,0.035,0.022985547972701727,5.335836804534908,3.4790640313984538,8.814900835933361,0.1990660211188346,0.08770041489850755,0.09048455505401572,0.2546607374166082,1.7547472359663432,25.871301320327422,27.626048556293764,27.49022485333839,0.06351785100177046,AR6 World GDP level and trajectory (unrebased),Fixed original NATO GDP share = 0.5018,IMAGE 3.0.1,SSP1-26,0.13582370295537416,1.5119623669336115,27.490224853338393,0.24278486903273166,0.1358237029553706,57.059586679861006,5.918805728102943,3.3112199877498867
2049,SA1_AR6_fixed_split,SSP1-2.6,S1,"NATO→3.5%, nonNATO holds",0.055,312.0107458620589,156.56699227358118,155.44375358847773,0.5018,0.035,0.022985547972701727,5.479844729575341,3.572959855164781,9.052804584740123,0.18719781853980066,0.08247176620984224,0.0850899175180912,0.23947800957787657,1.694665269930457,24.98547650443815,26.680141774368607,26.548968630160708,0.06351785100177046,AR6 World GDP level and trajectory (unrebased),Fixed original NATO GDP share = 0.5018,IMAGE 3.0.1,SSP1-26,0.13117314420789938,1.460193274658839,26.54896863016071,0.23447199527161788,0.13117314420789583,58.75425194979146,6.153277723374561,3.4423931319577825
2050,SA1_AR6_fixed_split,SSP1-2.6,S1,"NATO→3.5%, nonNATO holds",0.055,320.4315469000001,160.79255023442008,159.63899666558004,0.5018,0.035,0.022985547972701727,5.627739258204703,3.669389816170661,9.297129074375365,0.17582123037909755,0.07745970289428773,0.07991874108140797,0.22492419314046352,1.634632672849957,24.100379564960072,25.73501223781003,25.608485831016143,0.06351785100177047,AR6 World GDP level and trajectory (unrebased),Fixed original NATO GDP share = 0.5018,IMAGE 3.0.1,SSP1-26,0.12652640679388583,1.4084667207058883,25.608485831016147,0.22616595214406865,0.12652640679388227,60.38888462264142,6.37944367551863,3.568919538751665
2025,SA1_AR6_fixed_split,SSP1-2.6,S2,"NATO→3.5%, nonNATO→3.5%",0.055,138.56683200039697,69.53283629779921,69.03399570259776,0.5018,0.027,0.022985547972701727,1.8773865800405787,1.5867842199693458,3.4641708000099243,0.7816910574368426,0.3443813749546929,0.3553141170167466,1.0,2.7079113358015907,46.52684022422733,49.23475156002892,49.23475156002892,0.05500000000000001,AR6 World GDP level and trajectory (unrebased),Fixed original NATO GDP share = 0.5018,IMAGE 3.0.1,SSP1-26,0.0,2.7079113358015907,49.23475156002892,0.0,0.0,2.7079113358015907,0.0,0.0
2026,SA1_AR6_fixed_split,SSP1-2.6,S2,"NATO→3.5%, nonNATO→3.5%",0.055,144.59391012503605,72.55722410074308,72.03668602429296,0.5018,0.02740877593256891,0.023599450326672138,1.988704697666456,1.7000261935283787,3.688730891194835,0.7385488535962761,0.32537466976619156,0.33570402436194363,0.9448091372798489,2.724307970917115,45.846976161557116,48.57128413247423,48.54075752720379,0.05608886031274748,AR6 World GDP level and trajectory (unrebased),Fixed original NATO GDP share = 0.5018,IMAGE 3.0.1,SSP1-26,0.030526605270445373,2.669741663996209,48.540757527203795,0.05456630692090636,0.030526605270438267,5.4322193067187055,0.05456630692090636,0.030526605270438267
2027,SA1_AR6_fixed_split,SSP1-2.6,S2,"NATO→3.5%, nonNATO→3.5%",0.055,150.8831409610859,75.71316013427291,75.16998082681299,0.5018,0.028005016140972137,0.024494887749248,2.120348271644321,1.8412802424659085,3.9616285141102296,0.6976527219887668,0.307357492904142,0.31711487363125757,0.8924916248579884,2.7638409163773154,45.15742771938714,47.92126863576445,47.847288178961975,0.05767461912130211,AR6 World GDP level and trajectory (unrebased),Fixed original NATO GDP share = 0.5018,IMAGE 3.0.1,SSP1-26,0.07398045680247378,2.6316008498429095,47.84728817896199,0.1322400665344059,0.07398045680245957,8.196060223096021,0.18680637345531226,0.10450706207289784
2028,SA1_AR6_fixed_split,SSP1-2.6,S2,"NATO→3.5%, nonNATO→3.5%",0.055,157.44592705596344,79.00636619668245,78.43956085928099,0.5018,0.028820930945768986,0.025720233909322272,2.277037024430722,2.017483853045227,4.294520877475948,0.6588900561684657,0.29028023453575763,0.2994954800765753,0.842903407810446,2.829617102176776,44.45682610497243,47.286443207149205,47.15434350972723,0.059839922613358416,AR6 World GDP level and trajectory (unrebased),Fixed original NATO GDP share = 0.5018,IMAGE 3.0.1,SSP1-26,0.13209969742197814,2.5934888930349977,47.15434350972723,0.23612820914177846,0.13209969742197814,11.025677325272797,0.4229345825970907,0.23660675949487597
2029,SA1_AR6_fixed_split,SSP1-2.6,S2,"NATO→3.5%, nonNATO→3.5%",0.055,164.2941669202464,82.44281296057964,81.85135395966675,0.5018,0.029845109579542582,0.027258352042179364,2.4605147868542327,2.2311330213616283,4.691647808215861,0.6221537481536524,0.27409570722853216,0.28279715825166013,0.7959074652762288,2.918926268898366,43.74636535146733,46.6652916203657,46.46192352236958,0.06255026310870597,AR6 World GDP level and trajectory (unrebased),Fixed original NATO GDP share = 0.5018,IMAGE 3.0.1,SSP1-26,0.203368097996119,2.5554057937303276,46.46192352236959,0.36352047516803854,0.20336809799611189,13.944603594171163,0.7864550577651293,0.43997485749098786
2030,SA1_AR6_fixed_split,SSP1-2.6,S2,"NATO→3.5%, nonNATO→3.5%",0.055,171.44027659999995,86.02873079787997,85.41154580211997,0.5018,0.030999999999995285,0.028992773986343784,2.6668906547338733,2.4763176432651144,5.143208297998988,0.5873419249771357,0.2587590298850318,0.26697360226233435,0.7513734734321051,3.020821862305103,43.03086806655064,46.051689928855744,45.77002821675297,0.06559633027521694,AR6 World GDP level and trajectory (unrebased),Fixed original NATO GDP share = 0.5018,IMAGE 3.0.1,SSP1-26,0.2816617121027747,2.517351551921414,45.77002821675298,0.5034703103836891,0.2816617121027605,16.965425456476268,1.2899253681488183,0.7216365695937483
2031,SA1_AR6_fixed_split,SSP1-2.6,S2,"NATO→3.5%, nonNATO→3.5%",0.055,177.7089843520823,89.1743683478749,88.5346160042074,0.5018,0.03215489042044799,0.0307271959305082,2.867392042538583,2.7204204925935875,5.587812535132171,0.5532170853428023,0.24372500962654928,0.2514623115194556,0.7077183243681919,3.0912733641277947,41.95023425801911,45.0415076221469,44.687111982949375,0.06863165838187477,AR6 World GDP level and trajectory (unrebased),Fixed original NATO GDP share = 0.5018,IMAGE 3.0.1,SSP1-26,0.35439563919752715,2.457791159062216,44.68711198294938,0.6334822050655786,0.35439563919752004,20.056698820604062,1.923407573214397,1.0760322087912684
2032,SA1_AR6_fixed_split,SSP1-2.6,S2,"NATO→3.5%, nonNATO→3.5%",0.055,184.20690718512637,92.43502602549641,91.77188115962996,0.5018,0.033179069054221584,0.032265314063365295,3.066908111528715,2.961048567801297,6.027956679330012,0.5207774535212345,0.22943342357928512,0.2367170243278338,0.6662190242125305,3.1392239293978004,40.880206624308855,44.019430553706655,43.60491092949658,0.07131450566057952,AR6 World GDP level and trajectory (unrebased),Fixed original NATO GDP share = 0.5018,IMAGE 3.0.1,SSP1-26,0.4145196242100724,2.398270101122313,43.60491092949659,0.7409538282754875,0.4145196242100653,23.195922750001863,2.6643614014898844,1.4905518330013336
2033,SA1_AR6_fixed_split,SSP1-2.6,S2,"NATO→3.5%, nonNATO→3.5%",0.055,190.94242634059682,95.81490953771149,95.12751680288534,0.5018,0.03399498385901843,0.033490660223439564,3.2572263031878133,3.1858833431449707,6.443109646332784,0.4899462991174637,0.21585046744335812,0.2227028632352107,0.6267774134758466,3.156777726028778,39.82426375143706,42.98104147746584,42.52342505912923,0.07344581744683451,AR6 World GDP level and trajectory (unrebased),Fixed original NATO GDP share = 0.5018,IMAGE 3.0.1,SSP1-26,0.45761641833660605,2.3387883782521084,42.52342505912924,0.8179893477766695,0.45761641833659894,26.35270047603064,3.482350749266554,1.9481682513379326
2034,SA1_AR6_fixed_split,SSP1-2.6,S2,"NATO→3.5%, nonNATO→3.5%",0.055,197.92422951976133,99.31837837301624,98.60585114674508,0.5018,0.034591224067421655,0.034386097646015426,3.43554428031397,3.3906704260004386,6.826214706314408,0.4606502187228109,0.2029438026541055,0.20938646305582312,0.5892995888084974,3.1444972975126007,38.7821578058915,41.9266551034041,41.44265437219176,0.0749999562273045,AR6 World GDP level and trajectory (unrebased),Fixed original NATO GDP share = 0.5018,IMAGE 3.0.1,SSP1-26,0.48400073121234044,2.279345990470547,41.44265437219176,0.8651513070420536,0.48400073121234044,29.497197773543242,4.347502056308608,2.432168982550273
2035,SA1_AR6_fixed_split,SSP1-2.6,S2,"NATO→3.5%, nonNATO→3.5%",0.055,205.16132208938131,102.94995142445156,102.21137066492976,0.5018,0.03499999999999057,0.03499999999998584,3.603248299854834,3.5773979732710943,7.180646273125928,0.4328189962923145,0.19068249487004066,0.19673590740559746,0.5536957243844183,3.1079201126645133,37.7514492007003,40.859369313364816,40.36259886578648,0.07606382978720952,AR6 World GDP level and trajectory (unrebased),Fixed original NATO GDP share = 0.5018,IMAGE 3.0.1,SSP1-26,0.496770447578335,2.219942937618257,40.36259886578649,0.8879771750462564,0.4967704475783279,32.60511788620775,5.235479231354864,2.928939430128601
2036,SA1_AR6_fixed_split,SSP1-2.6,S2,"NATO→3.5%, nonNATO→3.5%",0.055,212.66303869714082,106.71431281822527,105.94872587891555,0.5018,0.035,0.035,3.7350009486378846,3.708205405762045,7.44320635439993,0.4065371587699483,0.17910378323431286,0.18478961762270374,0.5200739536447809,3.0259399634561723,36.75564836729629,39.78158833075246,39.2979216033269,0.07606382978723407,AR6 World GDP level and trajectory (unrebased),Fixed original NATO GDP share = 0.5018,IMAGE 3.0.1,SSP1-26,0.4836667274255646,2.16138568818298,39.297921603326905,0.8645542752731923,0.4836667274255575,35.631057849663925,6.100033506628057,3.4126061575541584
2037,SA1_AR6_fixed_split,SSP1-2.6,S2,"NATO→3.5%, nonNATO→3.5%",0.055,220.4390553117926,110.61631795545753,109.82273735633507,0.5018,0.035,0.035,3.871571128441014,3.8437958074717278,7.715366935912742,0.3815798277424987,0.16810859543900292,0.1734453762465903,0.4881465946325333,2.9440283863757544,35.760680469473314,38.70470885584907,38.234134887996795,0.07606382978723406,AR6 World GDP level and trajectory (unrebased),Fixed original NATO GDP share = 0.5018,IMAGE 3.0.1,SSP1-26,0.4705739678522747,2.102877418839824,38.2341348879968,0.8411509675359303,0.47057396785226757,38.57508623603968,6.941184474163986,3.883180125406426
2038,SA1_AR6_fixed_split,SSP1-2.6,S2,"NATO→3.5%, nonNATO→3.5%",0.055,228.49940170355023,114.66099977484151,113.83840192870872,0.5018,0.035,0.035,4.013134992119453,3.9843440675048054,7.997479059624259,0.3578859487292993,0.15767003335626473,0.16267543124059056,0.4578355417072364,2.862185380696332,34.76654549838831,37.62873087908464,37.17123871034197,0.07606382978723404,AR6 World GDP level and trajectory (unrebased),Fixed original NATO GDP share = 0.5018,IMAGE 3.0.1,SSP1-26,0.4574921687426752,2.0444181290688084,37.171238710341974,0.8177672516275236,0.45749216874266807,41.43727161673601,7.75895172579151,4.340672294149094
2039,SA1_AR6_fixed_split,SSP1-2.6,S2,"NATO→3.5%, nonNATO→3.5%",0.055,236.85447438082582,118.8535752442984,118.00089913652742,0.5018,0.035,0.035,4.159875133550444,4.13003146977846,8.289906603328905,0.3353971378392393,0.14776237541169282,0.15245324447238146,0.42906610565432746,2.780410947711125,33.77324346974981,36.55365441746093,36.10923308715745,0.07606382978723407,AR6 World GDP level and trajectory (unrebased),Fixed original NATO GDP share = 0.5018,IMAGE 3.0.1,SSP1-26,0.4444213303034843,1.9860078197936604,36.109233087157456,0.7944031279174646,0.4444213303034772,44.21768256444714,8.553354853708974,4.785093624452571
2040,SA1_AR6_fixed_split,SSP1-2.6,S2,"NATO→3.5%, nonNATO→3.5%",0.055,245.51504999999977,123.1994520899999,122.31559790999988,0.5018,0.035,0.035,4.311980823149996,4.2810459268499965,8.593026749999993,0.31405756837384824,0.13836102662624084,0.142753440169931,0.4017668686189656,2.6987050860764294,32.78077436723607,35.4794794533125,35.04811800099259,0.07606382978723404,AR6 World GDP level and trajectory (unrebased),Fixed original NATO GDP share = 0.5018,IMAGE 3.0.1,SSP1-26,0.4313614523199121,1.9276464900545924,35.04811800099259,0.771058596021837,0.4313614523199121,46.91638765052357,9.324413449730812,5.216455076772483
2041,SA1_AR6_fixed_split,SSP1-2.6,S2,"NATO→3.5%, nonNATO→3.5%",0.055,252.1412108463452,126.52445960269603,125.61675124364916,0.5018,0.035,0.035,4.428356086094361,4.396586293527721,8.824942379622083,0.29753757175968387,0.13108298615986072,0.13524435079985628,0.38063320403754736,2.6257519265518807,31.89462305189242,34.5203749784443,34.10067437080364,0.07606382978723406,AR6 World GDP level and trajectory (unrebased),Fixed original NATO GDP share = 0.5018,IMAGE 3.0.1,SSP1-26,0.41970060764066375,1.8755370903942004,34.100674370803645,0.7502148361576804,0.41970060764065664,49.542139577075446,10.074628285888492,5.63615568441314
2042,SA1_AR6_fixed_split,SSP1-2.6,S2,"NATO→3.5%, nonNATO→3.5%",0.055,258.9462039376452,129.93920513591036,129.00699880173482,0.5018,0.035,0.035,4.547872179756863,4.51524495806072,9.063117137817581,0.2816755296496956,0.124094813761754,0.12803433165895253,0.36034124603306444,2.5528583200720005,31.009195118636818,33.562053438708816,33.15400415677922,0.07606382978723406,AR6 World GDP level and trajectory (unrebased),Fixed original NATO GDP share = 0.5018,IMAGE 3.0.1,SSP1-26,0.40804928192959267,1.8234702286228577,33.15400415677923,0.7293880914491429,0.40804928192958556,52.09499789714745,10.804016377337636,6.0442049663427255
2043,SA1_AR6_fixed_split,SSP1-2.6,S2,"NATO→3.5%, nonNATO→3.5%",0.055,265.9348557446994,133.44611061269018,132.48874513200923,0.5018,0.035,0.035,4.670613871444156,4.637106079620324,9.307719951064481,0.2664480969375391,0.1173862245249298,0.12111277133524503,0.34086112972971677,2.480024267788696,30.12449058146128,32.60451484924997,32.20810737387915,0.07606382978723408,AR6 World GDP level and trajectory (unrebased),Fixed original NATO GDP share = 0.5018,IMAGE 3.0.1,SSP1-26,0.39640747537082177,1.7714459055633538,32.20810737387915,0.7085783622253421,0.39640747537082177,54.575022164936144,11.512594739562978,6.440612441713547
2044,SA1_AR6_fixed_split,SSP1-2.6,S2,"NATO→3.5%, nonNATO→3.5%",0.055,273.11212299904514,137.04766332092086,136.06445967812428,0.5018,0.035,0.035,4.796668216232231,4.76225608873435,9.558924304966581,0.25183270541396935,0.11094727581174874,0.11446941155180422,0.3221639841189003,2.407249768567081,29.24050942658055,31.647759195147632,31.262984007364672,0.07606382978723406,AR6 World GDP level and trajectory (unrebased),Fixed original NATO GDP share = 0.5018,IMAGE 3.0.1,SSP1-26,0.38477518778296016,1.7194641204050576,31.26298400736468,0.6877856481620233,0.38477518778295305,56.98227193350323,12.200380387725,6.8253876294965
2045,SA1_AR6_fixed_split,SSP1-2.6,S2,"NATO→3.5%, nonNATO→3.5%",0.055,280.48309620854303,140.7464176774469,139.73667853109612,0.5018,0.035,0.035,4.9261246187106424,4.8907837485883645,9.816908367299007,0.23780753951682743,0.10476835657035054,0.10809433614401244,0.3042219010367037,2.3345348244895323,28.357251679288932,30.691786503778467,30.31863408427963,0.07606382978723404,AR6 World GDP level and trajectory (unrebased),Fixed original NATO GDP share = 0.5018,IMAGE 3.0.1,SSP1-26,0.3731524194988367,1.6675248746353801,30.318634084279637,0.6670099498541522,0.3731524194988296,59.31680675799276,12.867390337579153,7.19854004899533
2046,SA1_AR6_fixed_split,SSP1-2.6,S2,"NATO→3.5%, nonNATO→3.5%",0.055,288.05300326784055,144.54499703980238,143.50800622803817,0.5018,0.035,0.035,5.059074896393084,5.022780217981336,10.08185511437442,0.22435151150459184,0.09884017639712787,0.10197795977481446,0.2870079034039845,2.261879433680201,27.474717316800756,29.736596750480956,29.37505758026234,0.07606382978723407,AR6 World GDP level and trajectory (unrebased),Fixed original NATO GDP share = 0.5018,IMAGE 3.0.1,SSP1-26,0.3615391702186166,1.615628166914429,29.375057580262343,0.646251266765772,0.36153917021861304,61.57868619167296,13.513641604344924,7.560079219213943
2047,SA1_AR6_fixed_split,SSP1-2.6,S2,"NATO→3.5%, nonNATO→3.5%",0.055,295.82721316627885,148.44609556683872,147.38111759944013,0.5018,0.035,0.035,5.195613344839356,5.1583391159804055,10.353952460819762,0.21144423878508417,0.09315375554867344,0.09611101762958368,0.27049591622348573,2.1892835964949837,26.59290634343906,28.782189939934046,28.43225449993484,0.07606382978723406,AR6 World GDP level and trajectory (unrebased),Fixed original NATO GDP share = 0.5018,IMAGE 3.0.1,SSP1-26,0.3499354399992072,1.5637739974964164,28.432254499934846,0.6255095989985673,0.34993543999920007,63.76796978816794,14.139151203343491,7.910014659213143
2048,SA1_AR6_fixed_split,SSP1-2.6,S2,"NATO→3.5%, nonNATO→3.5%",0.055,303.81123979587244,152.45248012956878,151.35875966630365,0.5018,0.035,0.035,5.335836804534908,5.297556588320629,10.633393392855536,0.1990660211188346,0.08770041489850755,0.09048455505401572,0.2546607374166082,2.1167473137070565,25.711818768595503,27.828566082302558,27.49022485333839,0.07606382978723406,AR6 World GDP level and trajectory (unrebased),Fixed original NATO GDP share = 0.5018,IMAGE 3.0.1,SSP1-26,0.3383412289641683,1.5119623669336115,27.490224853338393,0.604784946773445,0.33834122896416474,65.884717101875,14.743936150116937,8.248355888177308
2049,SA1_AR6_fixed_split,SSP1-2.6,S2,"NATO→3.5%, nonNATO→3.5%",0.055,312.0107458620589,156.56699227358118,155.44375358847773,0.5018,0.035,0.035,5.479844729575341,5.440531375596721,10.920376105172062,0.18719781853980066,0.08247176620984224,0.0850899175180912,0.23947800957787657,2.044270584522375,24.83145458262493,26.875725167147305,26.548968630160708,0.07606382978723406,AR6 World GDP level and trajectory (unrebased),Fixed original NATO GDP share = 0.5018,IMAGE 3.0.1,SSP1-26,0.326756536986597,1.460193274658839,26.54896863016071,0.5840773098635359,0.32675653698659346,67.92898768639738,15.328013459980472,8.575112425163901
2050,SA1_AR6_fixed_split,SSP1-2.6,S2,"NATO→3.5%, nonNATO→3.5%",0.055,320.4315469000001,160.79255023442008,159.63899666558004,0.5018,0.035,0.035,5.627739258204703,5.587364883295302,11.215104141500005,0.17582123037909755,0.07745970289428773,0.07991874108140797,0.22492419314046352,1.9718534089882434,23.95181378610195,25.923667195090193,25.608485831016143,0.07606382978723404,AR6 World GDP level and trajectory (unrebased),Fixed original NATO GDP share = 0.5018,IMAGE 3.0.1,SSP1-26,0.31518136407404995,1.4084667207058883,25.608485831016147,0.563386688282355,0.3151813640740464,69.90084109538562,15.891400148262829,8.890293789237948
2025,SA1_AR6_fixed_split,SSP1-2.6,S3,"NATO→5%, nonNATO→3.5%",0.055,138.56683200039697,69.53283629779921,69.03399570259776,0.5018,0.027,0.022985547972701727,1.8773865800405787,1.5867842199693458,3.4641708000099243,0.7816910574368426,0.3443813749546929,0.3553141170167466,1.0,2.7079113358015907,46.52684022422733,49.23475156002892,49.23475156002892,0.05500000000000001,AR6 World GDP level and trajectory (unrebased),Fixed original NATO GDP share = 0.5018,IMAGE 3.0.1,SSP1-26,0.0,2.7079113358015907,49.23475156002892,0.0,0.0,2.7079113358015907,0.0,0.0
2026,SA1_AR6_fixed_split,SSP1-2.6,S3,"NATO→5%, nonNATO→3.5%",0.055,144.59391012503605,72.55722410074308,72.03668602429296,0.5018,0.02817523080613562,0.023599450326672138,2.0443165356909425,1.7000261935283787,3.744342729219321,0.7385488535962761,0.32537466976619156,0.33570402436194363,0.9448091372798489,2.7653800301364813,45.82888147812481,48.5942615082613,48.54075752720379,0.05690754307823674,AR6 World GDP level and trajectory (unrebased),Fixed original NATO GDP share = 0.5018,IMAGE 3.0.1,SSP1-26,0.053503981057509975,2.669741663996209,48.540757527203795,0.09563836614027243,0.05350398105750287,5.473291365938072,0.09563836614027243,0.05350398105750287
2027,SA1_AR6_fixed_split,SSP1-2.6,S3,"NATO→5%, nonNATO→3.5%",0.055,150.8831409610859,75.71316013427291,75.16998082681299,0.5018,0.029889421405294894,0.024494887749248,2.263022549179857,1.8412802424659085,4.1043027916457655,0.6976527219887668,0.307357492904142,0.31711487363125757,0.8924916248579884,2.863378014457763,45.1135757111419,47.976953725599664,47.847288178961975,0.05968236397072277,AR6 World GDP level and trajectory (unrebased),Fixed original NATO GDP share = 0.5018,IMAGE 3.0.1,SSP1-26,0.12966554663768903,2.6316008498429095,47.84728817896199,0.23177716461485343,0.12966554663767482,8.336669380395834,0.32741553075512586,0.1831695276951777
2028,SA1_AR6_fixed_split,SSP1-2.6,S3,"NATO→5%, nonNATO→3.5%",0.055,157.44592705596344,79.00636619668245,78.43956085928099,0.5018,0.03223517646908584,0.025720233909322272,2.546784156531277,2.017483853045227,4.564268009576503,0.6588900561684657,0.29028023453575763,0.2994954800765753,0.842903407810446,3.0073508051977935,44.378523844200934,47.38587464939873,47.15434350972723,0.06346513233001921,AR6 World GDP level and trajectory (unrebased),Fixed original NATO GDP share = 0.5018,IMAGE 3.0.1,SSP1-26,0.23153113967150318,2.5934888930349977,47.15434350972723,0.4138619121627958,0.23153113967150318,11.344020185593628,0.7412774429179216,0.4147006673666809
2029,SA1_AR6_fixed_split,SSP1-2.6,S3,"NATO→5%, nonNATO→3.5%",0.055,164.2941669202464,82.44281296057964,81.85135395966675,0.5018,0.03517969004118492,0.027258352042179364,2.900312606076575,2.2311330213616283,5.131445627438204,0.6221537481536524,0.27409570722853216,0.28279715825166013,0.7959074652762288,3.1925481305573493,43.625818657170015,46.81836678772736,46.46192352236958,0.06819007901391001,AR6 World GDP level and trajectory (unrebased),Fixed original NATO GDP share = 0.5018,IMAGE 3.0.1,SSP1-26,0.3564432653577825,2.5554057937303276,46.46192352236959,0.6371423368270217,0.3564432653577754,14.536568316150978,1.3784197797449433,0.7711439327244562
2030,SA1_AR6_fixed_split,SSP1-2.6,S3,"NATO→5%, nonNATO→3.5%",0.055,171.44027659999995,86.02873079787997,85.41154580211997,0.5018,0.03849999999998644,0.028992773986343784,3.3121061357172126,2.4763176432651144,5.788423778982327,0.5873419249771357,0.2587590298850318,0.26697360226233435,0.7513734734321051,3.399783964930906,42.86391273462459,46.263696699555496,45.77002821675297,0.0734870796644223,AR6 World GDP level and trajectory (unrebased),Fixed original NATO GDP share = 0.5018,IMAGE 3.0.1,SSP1-26,0.4936684828025264,2.517351551921414,45.77002821675298,0.882432413009492,0.4936684828025122,17.936352281081884,2.2608521927544354,1.2648124155269684
2031,SA1_AR6_fixed_split,SSP1-2.6,S3,"NATO→5%, nonNATO→3.5%",0.055,177.7089843520823,89.1743683478749,88.5346160042074,0.5018,0.041820309958787966,0.0307271959305082,3.7292997246872592,2.7204204925935875,6.449720217280847,0.5532170853428023,0.24372500962654928,0.2514623115194556,0.7077183243681919,3.568095419880656,41.74016579989023,45.308261219770884,44.687111982949375,0.07875154163549469,AR6 World GDP level and trajectory (unrebased),Fixed original NATO GDP share = 0.5018,IMAGE 3.0.1,SSP1-26,0.621149236821509,2.457791159062216,44.68711198294938,1.11030426081844,0.6211492368215019,21.50444770096254,3.3711564535728753,1.8859616523484704
2032,SA1_AR6_fixed_split,SSP1-2.6,S3,"NATO→5%, nonNATO→3.5%",0.055,184.20690718512637,92.43502602549641,91.77188115962996,0.5018,0.04476482353088705,0.032265314063365295,4.137837628104299,2.961048567801297,7.098886195905596,0.5207774535212345,0.22943342357928512,0.2367170243278338,0.6662190242125305,3.69693987594076,40.6344995989088,44.33143947484956,43.60491092949658,0.08339318370291439,AR6 World GDP level and trajectory (unrebased),Fixed original NATO GDP share = 0.5018,IMAGE 3.0.1,SSP1-26,0.7265285453529771,2.398270101122313,43.60491092949659,1.298669774818447,0.72652854535297,25.2013875769033,4.669826228391322,2.6124901977014403
2033,SA1_AR6_fixed_split,SSP1-2.6,S3,"NATO→5%, nonNATO→3.5%",0.055,190.94242634059682,95.81490953771149,95.12751680288534,0.5018,0.04711057859467799,0.033490660223439564,4.513895826318318,3.1858833431449707,7.699779169463289,0.4899462991174637,0.21585046744335812,0.2227028632352107,0.6267774134758466,3.772478308100277,39.55301104744752,43.325489355547795,42.52342505912923,0.0870729532248714,AR6 World GDP level and trajectory (unrebased),Fixed original NATO GDP share = 0.5018,IMAGE 3.0.1,SSP1-26,0.802064296418564,2.3387883782521084,42.52342505912924,1.4336899298481685,0.8020642964185569,28.973865885003576,6.103516158239491,3.4145544941199972
2034,SA1_AR6_fixed_split,SSP1-2.6,S3,"NATO→5%, nonNATO→3.5%",0.055,197.92422951976133,99.31837837301624,98.60585114674508,0.5018,0.04882476919383726,0.034386097646015426,4.849196900768717,3.3906704260004386,8.239867326769154,0.4606502187228109,0.2029438026541055,0.20938646305582312,0.5892995888084974,3.7956966863231543,38.495265767464474,42.29096245378763,41.44265437219176,0.08975195800925091,AR6 World GDP level and trajectory (unrebased),Fixed original NATO GDP share = 0.5018,IMAGE 3.0.1,SSP1-26,0.8483080815958672,2.279345990470547,41.44265437219176,1.5163506958526072,0.8483080815958672,32.76956257132673,7.619866854092098,4.2628625757158645
2035,SA1_AR6_fixed_split,SSP1-2.6,S3,"NATO→5%, nonNATO→3.5%",0.055,205.16132208938131,102.94995142445156,102.21137066492976,0.5018,0.049999999999972886,0.03499999999998584,5.147497571219787,3.5773979732710943,8.724895544490881,0.4328189962923145,0.19068249487004066,0.19673590740559746,0.5536957243844183,3.77630053232183,37.45698789693519,41.233288429257016,40.36259886578648,0.09158378281666135,AR6 World GDP level and trajectory (unrebased),Fixed original NATO GDP share = 0.5018,IMAGE 3.0.1,SSP1-26,0.8706895634705347,2.219942937618257,40.36259886578649,1.5563575947035733,0.8706895634705276,36.545863103648564,9.176224448795672,5.133552139186392
2036,SA1_AR6_fixed_split,SSP1-2.6,S3,"NATO→5%, nonNATO→3.5%",0.055,212.66303869714082,106.71431281822527,105.94872587891555,0.5018,0.05,0.035,5.335715640911264,3.708205405762045,9.043921046673308,0.4065371587699483,0.17910378323431286,0.18478961762270374,0.5200739536447809,3.6766899664543033,36.46895431003138,40.14564427648568,39.2979216033269,0.09158378281670357,AR6 World GDP level and trajectory (unrebased),Fixed original NATO GDP share = 0.5018,IMAGE 3.0.1,SSP1-26,0.8477226731587848,2.16138568818298,39.297921603326905,1.5153042782713233,0.8477226731587777,40.22255307010286,10.691528727066995,5.98127481234517
2037,SA1_AR6_fixed_split,SSP1-2.6,S3,"NATO→5%, nonNATO→3.5%",0.055,220.4390553117926,110.61631795545753,109.82273735633507,0.5018,0.05,0.035,5.530815897772877,3.8437958074717278,9.374611705244604,0.3815798277424987,0.16810859543900292,0.1734453762465903,0.4881465946325333,3.577162719640048,35.48174716181142,39.05890988145147,38.234134887996795,0.09158378281670355,AR6 World GDP level and trajectory (unrebased),Fixed original NATO GDP share = 0.5018,IMAGE 3.0.1,SSP1-26,0.8247749934546746,2.102877418839824,38.2341348879968,1.474285300800224,0.8247749934546675,43.79971578974291,12.165814027867219,6.806049805799837
2038,SA1_AR6_fixed_split,SSP1-2.6,S3,"NATO→5%, nonNATO→3.5%",0.055,228.49940170355023,114.66099977484151,113.83840192870872,0.5018,0.05,0.035,5.733049988742076,3.9843440675048054,9.717394056246881,0.3578859487292993,0.15767003335626473,0.16267543124059056,0.4578355417072364,3.477718790996369,34.495366443500885,37.973085234497255,37.17123871034197,0.09158378281670355,AR6 World GDP level and trajectory (unrebased),Fixed original NATO GDP share = 0.5018,IMAGE 3.0.1,SSP1-26,0.8018465241552875,2.0444181290688084,37.171238710341974,1.4333006619275608,0.8018465241552803,47.27743458073928,13.59911468979478,7.607896329955118
2039,SA1_AR6_fixed_split,SSP1-2.6,S3,"NATO→5%, nonNATO→3.5%",0.055,236.85447438082582,118.8535752442984,118.00089913652742,0.5018,0.05,0.035,5.94267876221492,4.13003146977846,10.07271023199338,0.3353971378392393,0.14776237541169282,0.15245324447238146,0.42906610565432746,3.3783581820946,33.50981217068576,36.888170352780364,36.10923308715745,0.09158378281670355,AR6 World GDP level and trajectory (unrebased),Fixed original NATO GDP share = 0.5018,IMAGE 3.0.1,SSP1-26,0.7789372656229148,1.9860078197936604,36.109233087157456,1.3923503623009394,0.7789372656229077,50.65579276283388,14.99146505209572,8.386833595578025
2040,SA1_AR6_fixed_split,SSP1-2.6,S3,"NATO→5%, nonNATO→3.5%",0.055,245.51504999999977,123.1994520899999,122.31559790999988,0.5018,0.05,0.035,6.159972604499995,4.2810459268499965,10.441018531349991,0.31405756837384824,0.13836102662624084,0.142753440169931,0.4017668686189656,3.2790808913020664,32.525084327171626,35.80416521847369,35.04811800099259,0.09158378281670357,AR6 World GDP level and trajectory (unrebased),Fixed original NATO GDP share = 0.5018,IMAGE 3.0.1,SSP1-26,0.7560472174811039,1.9276464900545924,35.04811800099259,1.351434401247474,0.7560472174811039,53.93487365413595,16.342899453343193,9.14288081305913
2041,SA1_AR6_fixed_split,SSP1-2.6,S3,"NATO→5%, nonNATO→3.5%",0.055,252.1412108463452,126.52445960269603,125.61675124364916,0.5018,0.05,0.035,6.326222980134801,4.396586293527721,10.722809273662524,0.29753757175968387,0.13108298615986072,0.13524435079985628,0.38063320403754736,3.1904386337277666,31.645844992087657,34.836283625815426,34.10067437080364,0.09158378281670357,AR6 World GDP level and trajectory (unrebased),Fixed original NATO GDP share = 0.5018,IMAGE 3.0.1,SSP1-26,0.7356092550117879,1.8755370903942004,34.100674370803645,1.3149015433335662,0.7356092550117808,57.125312287863714,17.65780099667676,9.87849006807091
2042,SA1_AR6_fixed_split,SSP1-2.6,S3,"NATO→5%, nonNATO→3.5%",0.055,258.9462039376452,129.93920513591036,129.00699880173482,0.5018,0.05,0.035,6.496960256795518,4.51524495806072,11.012205214856237,0.2816755296496956,0.124094813761754,0.12803433165895253,0.36034124603306444,3.1018687365057707,30.76732339671145,33.86919213321722,33.15400415677922,0.09158378281670357,AR6 World GDP level and trajectory (unrebased),Fixed original NATO GDP share = 0.5018,IMAGE 3.0.1,SSP1-26,0.7151879764379956,1.8234702286228577,33.15400415677923,1.278398507882913,0.7151879764379885,60.227181024369486,18.93619950455967,10.593678044508898
2043,SA1_AR6_fixed_split,SSP1-2.6,S3,"NATO→5%, nonNATO→3.5%",0.055,265.9348557446994,133.44611061269018,132.48874513200923,0.5018,0.05,0.035,6.672305530634509,4.637106079620324,11.309411610254834,0.2664480969375391,0.1173862245249298,0.12111277133524503,0.34086112972971677,3.0133712010357105,29.88951955492588,32.90289075596159,32.20810737387915,0.09158378281670358,AR6 World GDP level and trajectory (unrebased),Fixed original NATO GDP share = 0.5018,IMAGE 3.0.1,SSP1-26,0.6947833820824414,1.7714459055633538,32.20810737387915,1.2419252954723567,0.6947833820824414,63.240552225405196,20.17812480003203,11.28846142659134
2044,SA1_AR6_fixed_split,SSP1-2.6,S3,"NATO→5%, nonNATO→3.5%",0.055,273.11212299904514,137.04766332092086,136.06445967812428,0.5018,0.05,0.035,6.852383166046043,4.76225608873435,11.614639254780393,0.25183270541396935,0.11094727581174874,0.11446941155180422,0.3221639841189003,2.924946025938635,29.012433453053223,31.937379478991858,31.262984007364672,0.09158378281670355,AR6 World GDP level and trajectory (unrebased),Fixed original NATO GDP share = 0.5018,IMAGE 3.0.1,SSP1-26,0.6743954716271858,1.7194641204050576,31.26298400736468,1.2054819055335775,0.6743954716271787,66.16549825134383,21.383606705565604,11.962856898218519
2045,SA1_AR6_fixed_split,SSP1-2.6,S3,"NATO→5%, nonNATO→3.5%",0.055,280.48309620854303,140.7464176774469,139.73667853109612,0.5018,0.05,0.035,7.037320883872346,4.8907837485883645,11.92810463246071,0.23780753951682743,0.10476835657035054,0.10809433614401244,0.3042219010367037,2.8365932137447527,28.13606511619048,30.972658329935232,30.31863408427963,0.09158378281670355,AR6 World GDP level and trajectory (unrebased),Fixed original NATO GDP share = 0.5018,IMAGE 3.0.1,SSP1-26,0.6540242456556022,1.6675248746353801,30.318634084279637,1.1690683391093726,0.6540242456555951,69.00209146508858,22.552675044674977,12.616881143874114
2046,SA1_AR6_fixed_split,SSP1-2.6,S3,"NATO→5%, nonNATO→3.5%",0.055,288.05300326784055,144.54499703980238,143.50800622803817,0.5018,0.05,0.035,7.22724985199012,5.022780217981336,12.250030069971455,0.22435151150459184,0.09884017639712787,0.10197795977481446,0.2870079034039845,2.748312762174797,27.260414521729714,30.008727283904513,29.37505758026234,0.09158378281670354,AR6 World GDP level and trajectory (unrebased),Fixed original NATO GDP share = 0.5018,IMAGE 3.0.1,SSP1-26,0.6336697036421732,1.615628166914429,29.375057580262343,1.132684595260368,0.6336697036421697,71.75040422726337,23.685359639935346,13.250550847516283
2047,SA1_AR6_fixed_split,SSP1-2.6,S3,"NATO→5%, nonNATO→3.5%",0.055,295.82721316627885,148.44609556683872,147.38111759944013,0.5018,0.05,0.035,7.422304778341936,5.1583391159804055,12.580643894322343,0.21144423878508417,0.09315375554867344,0.09611101762958368,0.27049591622348573,2.6601046716612045,26.385481673960236,29.04558634562144,28.43225449993484,0.09158378281670355,AR6 World GDP level and trajectory (unrebased),Fixed original NATO GDP share = 0.5018,IMAGE 3.0.1,SSP1-26,0.6133318456866022,1.5637739974964164,28.432254499934846,1.096330674164788,0.613331845686595,74.41050889892459,24.781690314100135,13.863882693202878
2048,SA1_AR6_fixed_split,SSP1-2.6,S3,"NATO→5%, nonNATO→3.5%",0.055,303.81123979587244,152.45248012956878,151.35875966630365,0.5018,0.05,0.035,7.622624006478439,5.297556588320629,12.920180594799067,0.1990660211188346,0.08770041489850755,0.09048455505401572,0.2546607374166082,2.571968943143428,25.511266582200456,28.083235525343884,27.49022485333839,0.09158378281670354,AR6 World GDP level and trajectory (unrebased),Fixed original NATO GDP share = 0.5018,IMAGE 3.0.1,SSP1-26,0.5930106720054944,1.5119623669336115,27.490224853338393,1.0600065762098163,0.5930106720054908,76.98247784206801,25.84169689030995,14.45689336520837
2049,SA1_AR6_fixed_split,SSP1-2.6,S3,"NATO→5%, nonNATO→3.5%",0.055,312.0107458620589,156.56699227358118,155.44375358847773,0.5018,0.05,0.035,7.828349613679059,5.440531375596721,13.268880989275779,0.18719781853980066,0.08247176620984224,0.0850899175180912,0.23947800957787657,2.483905575656658,24.637769236880455,27.121674812537112,26.548968630160708,0.09158378281670355,AR6 World GDP level and trajectory (unrebased),Fixed original NATO GDP share = 0.5018,IMAGE 3.0.1,SSP1-26,0.5727061823764039,1.460193274658839,26.54896863016071,1.0237123009978188,0.5727061823764004,79.46638341772467,26.86540919130777,15.02959954758477
2050,SA1_AR6_fixed_split,SSP1-2.6,S3,"NATO→5%, nonNATO→3.5%",0.055,320.4315469000001,160.79255023442008,159.63899666558004,0.5018,0.05,0.035,8.039627511721005,5.587364883295302,13.626992395016305,0.17582123037909755,0.07745970289428773,0.07991874108140797,0.22492419314046352,2.3959145692583723,23.764989638570352,26.160904207828725,25.608485831016143,0.09158378281670357,AR6 World GDP level and trajectory (unrebased),Fixed original NATO GDP share = 0.5018,IMAGE 3.0.1,SSP1-26,0.5524183768125823,1.4084667207058883,25.608485831016147,0.987447848552484,0.5524183768125788,81.86229798698304,27.852857039860254,15.582017924397348
2025,SA1_AR6_fixed_split,SSP2-4.5,S0,Baseline,0.055,132.3421461836991,66.40928895498021,65.93285722871889,0.5018,0.027,0.022985547972701727,1.7930508017844657,1.515502852808012,3.308553654592478,0.9100880620821836,0.40094788749075233,0.41367639185553806,1.0,3.0110751838029945,51.73574633988782,54.74682152369081,54.74682152369081,0.055,AR6 World GDP level and trajectory (unrebased),Fixed original NATO GDP share = 0.5018,MESSAGE-GLOBIOM 1.0,SSP2-45,0.0,3.0110751838029945,54.74682152369081,0.0,0.0,3.0110751838029945,0.0,0.0
2026,SA1_AR6_fixed_split,SSP2-4.5,S0,Baseline,0.055,136.9984651539472,68.74582981425071,68.25263533969648,0.5018,0.027,0.022985547972701727,1.8561374049847692,1.5688242238639107,3.42496162884868,0.8836639841685245,0.3893065105078116,0.40166544734932935,0.9709653614693026,3.026515238572744,52.001034553658975,55.02754979223172,55.02754979223171,0.05499999999999999,AR6 World GDP level and trajectory (unrebased),Fixed original NATO GDP share = 0.5018,MESSAGE-GLOBIOM 1.0,SSP2-45,7.105427357601002e-15,3.026515238572744,55.02754979223172,0.0,0.0,6.037590422375739,0.0,0.0
2027,SA1_AR6_fixed_split,SSP2-4.5,S0,Baseline,0.055,141.81861180100074,71.16457940174217,70.65403239925857,0.5018,0.027,0.022985547972701727,1.9214436438470386,1.62402165117798,3.5454652950250187,0.857981088680002,0.37799166843944154,0.3899914039454555,0.9427451303086358,3.04194217370273,52.2660973481651,55.308039521867826,55.308039521867826,0.05499999999999999,AR6 World GDP level and trajectory (unrebased),Fixed original NATO GDP share = 0.5018,MESSAGE-GLOBIOM 1.0,SSP2-45,0.0,3.04194217370273,55.308039521867826,0.0,0.0,9.079532596078469,0.0,0.0
2028,SA1_AR6_fixed_split,SSP2-4.5,S0,Baseline,0.055,146.8083502290495,73.66843014493703,73.13992008411246,0.5018,0.027,0.022985547972701727,1.9890476139133,1.6811611418129375,3.6702087557262377,0.8330196434049916,0.3669946680735278,0.3786452924568144,0.9153176248671279,3.057355988916948,52.530934718663936,55.58829070758088,55.58829070758088,0.05499999999999999,AR6 World GDP level and trajectory (unrebased),Fixed original NATO GDP share = 0.5018,MESSAGE-GLOBIOM 1.0,SSP2-45,0.0,3.057355988916948,55.58829070758088,0.0,0.0,12.136888584995416,0.0,0.0
2029,SA1_AR6_fixed_split,SSP2-4.5,S0,Baseline,0.055,151.97364734621675,76.26037623833157,75.71327110788518,0.5018,0.027,0.022985547972701727,2.0590301584349526,1.7403110252204663,3.799341183655419,0.8087603972561511,0.35630702816180093,0.3676183623891596,0.8886616921507511,3.072756685004812,52.79554667871905,55.86830336372386,55.868303363723854,0.05499999999999999,AR6 World GDP level and trajectory (unrebased),Fixed original NATO GDP share = 0.5018,MESSAGE-GLOBIOM 1.0,SSP2-45,7.105427357601002e-15,3.072756685004812,55.86830336372386,0.0,0.0,15.209645270000228,0.0,0.0
2030,SA1_AR6_fixed_split,SSP2-4.5,S0,Baseline,0.055,157.32067999999987,78.94351722399993,78.37716277599993,0.5018,0.027,0.022985547972701727,2.1314749650479983,1.8015420349519986,3.933016999999997,0.7851845698105682,0.345920474811649,0.356902077186622,0.8627566963290897,3.088144261202649,53.059933215209156,56.14807747641181,56.14807747641181,0.05499999999999999,AR6 World GDP level and trajectory (unrebased),Fixed original NATO GDP share = 0.5018,MESSAGE-GLOBIOM 1.0,SSP2-45,0.0,3.088144261202649,56.14807747641181,0.0,0.0,18.297789531202877,0.0,0.0
2031,SA1_AR6_fixed_split,SSP2-4.5,S0,Baseline,0.055,161.48654563007247,81.03394859717037,80.4525970329021,0.5018,0.027,0.022985547972701727,2.1879166121236,1.8492470286282119,4.037163640751812,0.7646412808910803,0.33686993493802847,0.3475642185868547,0.8401838379702106,3.0869819774313627,53.03996306677524,56.12694504420661,56.12694504420659,0.054999999999999986,AR6 World GDP level and trajectory (unrebased),Fixed original NATO GDP share = 0.5018,MESSAGE-GLOBIOM 1.0,SSP2-45,1.4210854715202004e-14,3.0869819774313627,56.12694504420661,0.0,0.0,21.38477150863424,0.0,0.0
2032,SA1_AR6_fixed_split,SSP2-4.5,S0,Baseline,0.055,165.76272375337751,83.17973477944484,82.58298897393267,0.5018,0.027,0.022985547972701727,2.2458528390450105,1.898215254789427,4.144068093834438,0.7446365088291103,0.3280566437498878,0.3384711403768683,0.8182026991162393,3.0858243977429813,53.02007374303851,56.10589814078149,56.105898140781484,0.054999999999999986,AR6 World GDP level and trajectory (unrebased),Fixed original NATO GDP share = 0.5018,MESSAGE-GLOBIOM 1.0,SSP2-45,7.105427357601002e-15,3.0858243977429813,56.10589814078149,0.0,0.0,24.470595906377223,0.0,0.0
2033,SA1_AR6_fixed_split,SSP2-4.5,S0,Baseline,0.055,170.15213545456908,85.38234157110277,84.7697938834663,0.5018,0.027,0.022985547972701727,2.3053232224197746,1.9484801639444522,4.253803386364227,0.7251561112405603,0.3194743706864008,0.3296164142002547,0.7967977401895385,3.08467152163781,53.00026523541328,56.08493675705109,56.08493675705109,0.055,AR6 World GDP level and trajectory (unrebased),Fixed original NATO GDP share = 0.5018,MESSAGE-GLOBIOM 1.0,SSP2-45,0.0,3.08467152163781,56.08493675705109,0.0,0.0,27.555267428015032,0.0,0.0
2034,SA1_AR6_fixed_split,SSP2-4.5,S0,Baseline,0.055,174.65777916888334,87.64327358694567,87.01450558193767,0.5018,0.027,0.022985547972701727,2.366368386847533,2.0000760923745506,4.366444479222084,0.7061863179461751,0.31111704916509825,0.3209937808846251,0.7759538305892034,3.0835233492982477,52.98053754703354,56.06406089633179,56.064060896331775,0.054999999999999986,AR6 World GDP level and trajectory (unrebased),Fixed original NATO GDP share = 0.5018,MESSAGE-GLOBIOM 1.0,SSP2-45,1.4210854715202004e-14,3.0835233492982477,56.06406089633179,0.0,0.0,30.63879077731328,0.0,0.0
2035,SA1_AR6_fixed_split,SSP2-4.5,S0,Baseline,0.055,179.28273273038877,89.96407528410909,89.31865744627969,0.5018,0.027,0.022985547972701727,2.429030032670945,2.053038285588774,4.482068318259719,0.6877137211119276,0.3029787722381221,0.3125971459599672,0.7556562378573702,3.082379881428271,52.96089068999486,56.043270571423136,56.04327057142313,0.05499999999999997,AR6 World GDP level and trajectory (unrebased),Fixed original NATO GDP share = 0.5018,MESSAGE-GLOBIOM 1.0,SSP2-45,7.105427357601002e-15,3.082379881428271,56.043270571423136,0.0,0.0,33.72117065874155,0.0,0.0
2036,SA1_AR6_fixed_split,SSP2-4.5,S0,Baseline,0.055,184.0301554744741,92.34633201709111,91.68382345738299,0.5018,0.027,0.022985547972701727,2.49335096446146,2.1074029224003925,4.6007538868618525,0.6696860334656793,0.29503650425411054,0.3044027424843997,0.7358475090130395,3.081060621444321,52.938223404816064,56.01928402626039,56.01928402626037,0.05499999999999999,AR6 World GDP level and trajectory (unrebased),Fixed original NATO GDP share = 0.5018,MESSAGE-GLOBIOM 1.0,SSP2-45,1.4210854715202004e-14,3.081060621444321,56.01928402626039,0.0,0.0,36.80223128018587,0.0,0.0
2037,SA1_AR6_fixed_split,SSP2-4.5,S0,Baseline,0.055,188.9032903960116,94.79167112071863,94.11161927529298,0.5018,0.027,0.022985547972701727,2.559375120259403,2.163207139640887,4.722582259900291,0.6521317960557211,0.2873028192413317,0.29642354366169144,0.7165590048107143,3.079746051169663,52.91563669736966,55.99538274853933,55.99538274853933,0.05499999999999999,AR6 World GDP level and trajectory (unrebased),Fixed original NATO GDP share = 0.5018,MESSAGE-GLOBIOM 1.0,SSP2-45,0.0,3.079746051169663,55.99538274853933,0.0,0.0,39.881977331355536,0.0,0.0
2038,SA1_AR6_fixed_split,SSP2-4.5,S0,Baseline,0.055,193.905466364666,97.30176302178941,96.6037033428766,0.5018,0.027,0.022985547972701727,2.627147601588314,2.220489057528336,4.847636659116651,0.6350385530727026,0.2797722296753865,0.2886538877603194,0.6977770388722633,3.078436169827628,52.893130554311064,55.97156672413869,55.9715667241387,0.055,AR6 World GDP level and trajectory (unrebased),Fixed original NATO GDP share = 0.5018,MESSAGE-GLOBIOM 1.0,SSP2-45,-7.105427357601002e-15,3.078436169827628,55.97156672413869,0.0,0.0,42.96041350118316,0.0,0.0
2039,SA1_AR6_fixed_split,SSP2-4.5,S0,Baseline,0.055,199.04010039886774,99.87832238015183,99.1617780187159,0.5018,0.027,0.022985547972701727,2.6967147042640995,2.279287805707594,4.976002509971694,0.6183941773153875,0.27243939280328267,0.28108826241608525,0.6794882858924313,3.0771309784732486,52.870704993767646,55.947835972240895,55.94783597224089,0.054999999999999986,AR6 World GDP level and trajectory (unrebased),Fixed original NATO GDP share = 0.5018,MESSAGE-GLOBIOM 1.0,SSP2-45,7.105427357601002e-15,3.0771309784732486,55.947835972240895,0.0,0.0,46.03754447965641,0.0,0.0
2040,SA1_AR6_fixed_split,SSP2-4.5,S0,Baseline,0.055,204.31069999999988,102.52310925999994,101.78759073999994,0.5018,0.027,0.022985547972701727,2.7681239500199983,2.3396435499799986,5.107767499999997,0.6021868607569276,0.26529910648731786,0.27372130034405806,0.6616797712731105,3.0758304763012583,52.848360001903465,55.92419047820472,55.924190478204714,0.05499999999999997,AR6 World GDP level and trajectory (unrebased),Fixed original NATO GDP share = 0.5018,MESSAGE-GLOBIOM 1.0,SSP2-45,7.105427357601002e-15,3.0758304763012583,55.92419047820472,0.0,0.0,49.11337495595767,0.0,0.0
2041,SA1_AR6_fixed_split,SSP2-4.5,S0,Baseline,0.055,208.80012660245816,104.7759035291135,104.02422307334466,0.5018,0.027,0.022985547972701727,2.8289493952860645,2.3910537697753895,5.2200031650614545,0.5867880573215157,0.258515018260528,0.26672184423705264,0.6447596466423345,3.0630355164385743,52.62851932789915,55.69155484433772,55.691554844337716,0.05499999999999999,AR6 World GDP level and trajectory (unrebased),Fixed original NATO GDP share = 0.5018,MESSAGE-GLOBIOM 1.0,SSP2-45,7.105427357601002e-15,3.0630355164385743,55.69155484433772,0.0,0.0,52.17641047239624,0.0,0.0
2042,SA1_AR6_fixed_split,SSP2-4.5,S0,Baseline,0.055,213.3882017398134,107.07819963303838,106.31000210677503,0.5018,0.027,0.022985547972701727,2.8911113900920364,2.443593653403299,5.334705043495335,0.5717751205493151,0.251900927235013,0.2598977820678705,0.6282635102818018,3.0502516193395843,52.408868732289235,55.45912035162882,55.45912035162881,0.054999999999999986,AR6 World GDP level and trajectory (unrebased),Fixed original NATO GDP share = 0.5018,MESSAGE-GLOBIOM 1.0,SSP2-45,7.105427357601002e-15,3.0502516193395843,55.45912035162882,0.0,0.0,55.226662091735825,0.0,0.0
2043,SA1_AR6_fixed_split,SSP2-4.5,S0,Baseline,0.055,218.0770930682727,109.43108530165924,108.64600776661345,0.5018,0.027,0.022985547972701727,2.9546393031447993,2.497288023562018,5.451927326706818,0.5571385315856668,0.24545263978948967,0.2532447870843941,0.6121809029238268,3.0374787851132066,52.189408216945104,55.22688700205831,55.22688700205831,0.054999999999999986,AR6 World GDP level and trajectory (unrebased),Fixed original NATO GDP share = 0.5018,MESSAGE-GLOBIOM 1.0,SSP2-45,0.0,3.0374787851132066,55.22688700205831,0.0,0.0,58.264140876849034,0.0,0.0
2044,SA1_AR6_fixed_split,SSP2-4.5,S0,Baseline,0.055,222.86901587509283,111.83567216612158,111.03334370897124,0.5018,0.027,0.022985547972701727,3.0195631484852825,2.552162248392038,5.571725396877321,0.5428690033434466,0.23916606441004992,0.2467586378833848,0.5965016199656774,3.0247170131061605,51.97013777064222,54.99485478374838,54.99485478374837,0.05499999999999999,AR6 World GDP level and trajectory (unrebased),Fixed original NATO GDP share = 0.5018,MESSAGE-GLOBIOM 1.0,SSP2-45,7.105427357601002e-15,3.0247170131061605,54.99485478374838,0.0,0.0,61.288857889955196,0.0,0.0
2045,SA1_AR6_fixed_split,SSP2-4.5,S0,Baseline,0.055,227.7662341252057,114.29309628402822,113.47313784117748,0.5018,0.027,0.022985547972701727,3.085913599668762,2.6082422534613805,5.694155853130143,0.5289574752175431,0.233037209361575,0.24043521600797416,0.5812157056618733,3.0119663035669157,51.75105739764974,54.76302370121665,54.763023701216646,0.05499999999999999,AR6 World GDP level and trajectory (unrebased),Fixed original NATO GDP share = 0.5018,MESSAGE-GLOBIOM 1.0,SSP2-45,7.105427357601002e-15,3.0119663035669157,54.76302370121665,0.0,0.0,64.3008241935221,0.0,0.0
2046,SA1_AR6_fixed_split,SSP2-4.5,S0,Baseline,0.055,232.7710615308356,116.8045186761733,115.9665428546623,0.5018,0.027,0.022985547972701727,3.153722004256679,2.665554534014211,5.8192765382708895,0.5153909074062406,0.22706032983631586,0.23426859427556396,0.5663088319465279,2.9992022155072804,51.531747157352385,54.530949372859666,54.53094937285966,0.05499999999999998,AR6 World GDP level and trajectory (unrebased),Fixed original NATO GDP share = 0.5018,MESSAGE-GLOBIOM 1.0,SSP2-45,7.105427357601002e-15,2.9992022155072804,54.530949372859666,0.0,0.0,67.30002640902939,0.0,0.0
2047,SA1_AR6_fixed_split,SSP2-4.5,S0,Baseline,0.055,237.88586264462404,119.37112587507235,118.51473676955169,0.5018,0.027,0.022985547972701727,3.2230203986269537,2.7241261674886474,5.947146566115601,0.5021651032071643,0.22123357693742213,0.22825686509416565,0.551776387505034,2.9864494691615735,51.3126317883216,54.299081257483174,54.29908125748317,0.05499999999999998,AR6 World GDP level and trajectory (unrebased),Fixed original NATO GDP share = 0.5018,MESSAGE-GLOBIOM 1.0,SSP2-45,7.105427357601002e-15,2.9864494691615735,54.299081257483174,0.0,0.0,70.28647587819097,0.0,0.0
2048,SA1_AR6_fixed_split,SSP2-4.5,S0,Baseline,0.055,243.11305397677407,121.99413048554523,121.11892349122884,0.5018,0.027,0.022985547972701727,3.293841523109721,2.7839848263096307,6.077826349419352,0.489271639712812,0.2155532398734767,0.22239619986946002,0.537609117290706,2.9737080638701405,51.09371127922334,54.06741934309348,54.06741934309347,0.05499999999999998,AR6 World GDP level and trajectory (unrebased),Fixed original NATO GDP share = 0.5018,MESSAGE-GLOBIOM 1.0,SSP2-45,1.4210854715202004e-14,2.9737080638701405,54.06741934309348,0.0,0.0,73.2601839420611,0.0,0.0
2049,SA1_AR6_fixed_split,SSP2-4.5,S0,Baseline,0.055,248.45510513673833,124.6747717576153,123.78033337912302,0.5018,0.027,0.022985547972701727,3.3662188374556132,2.845158790962845,6.211377628418458,0.47670229971816847,0.2100156984772351,0.21668286350825844,0.5237979922816753,2.9609779998850625,50.87498563438881,53.83596363427387,53.835963634273874,0.05499999999999999,AR6 World GDP level and trajectory (unrebased),Fixed original NATO GDP share = 0.5018,MESSAGE-GLOBIOM 1.0,SSP2-45,-7.105427357601002e-15,2.9609779998850625,53.83596363427387,0.0,0.0,76.22116194194616,0.0,0.0
2050,SA1_AR6_fixed_split,SSP2-4.5,S0,Baseline,0.055,253.91454000000022,127.41431617200011,126.5002238280001,0.5018,0.027,0.022985547972701727,3.440186536644003,2.9076769633560025,6.347863500000006,0.46444906651581425,0.20461742091256158,0.21111321205264286,0.5103342037617818,2.948259276944812,50.656454849324504,53.604714126269315,53.604714126269315,0.055,AR6 World GDP level and trajectory (unrebased),Fixed original NATO GDP share = 0.5018,MESSAGE-GLOBIOM 1.0,SSP2-45,0.0,2.948259276944812,53.604714126269315,0.0,0.0,79.16942121889097,0.0,0.0
2025,SA1_AR6_fixed_split,SSP2-4.5,S1,"NATO→3.5%, nonNATO holds",0.055,132.3421461836991,66.40928895498021,65.93285722871889,0.5018,0.027,0.022985547972701727,1.7930508017844657,1.515502852808012,3.308553654592478,0.9100880620821836,0.40094788749075233,0.41367639185553806,1.0,3.0110751838029945,51.73574633988782,54.74682152369081,54.74682152369081,0.055,AR6 World GDP level and trajectory (unrebased),Fixed original NATO GDP share = 0.5018,MESSAGE-GLOBIOM 1.0,SSP2-45,0.0,3.0110751838029945,54.74682152369081,0.0,0.0,3.0110751838029945,0.0,0.0
2026,SA1_AR6_fixed_split,SSP2-4.5,S1,"NATO→3.5%, nonNATO holds",0.055,136.9984651539472,68.74582981425071,68.25263533969648,0.5018,0.02740877593256891,0.022985547972701727,1.8842390456773133,1.5688242238639107,3.4530632695412242,0.8836639841685245,0.3893065105078116,0.40166544734932935,0.9709653614693026,3.05134764634879,51.99009440198142,55.04144204833021,55.02754979223171,0.05543727658278819,AR6 World GDP level and trajectory (unrebased),Fixed original NATO GDP share = 0.5018,MESSAGE-GLOBIOM 1.0,SSP2-45,0.013892256098500866,3.026515238572744,55.02754979223172,0.024832407776045784,0.01389225609849376,6.062422830151784,0.024832407776045784,0.01389225609849376
2027,SA1_AR6_fixed_split,SSP2-4.5,S1,"NATO→3.5%, nonNATO holds",0.055,141.81861180100074,71.16457940174217,70.65403239925857,0.5018,0.028005016140972137,0.022985547972701727,1.9929651948112828,1.62402165117798,3.6169868459892625,0.857981088680002,0.37799166843944154,0.3899914039454555,0.9427451303086358,3.1033063118631143,52.23906279778675,55.342369109649866,55.308039521867826,0.056074692171463277,AR6 World GDP level and trajectory (unrebased),Fixed original NATO GDP share = 0.5018,MESSAGE-GLOBIOM 1.0,SSP2-45,0.03432958778203954,3.04194217370273,55.308039521867826,0.06136413816038422,0.03432958778203954,9.165729142014898,0.08619654593643,0.0482218438805333
2028,SA1_AR6_fixed_split,SSP2-4.5,S1,"NATO→3.5%, nonNATO holds",0.055,146.8083502290495,73.66843014493703,73.13992008411246,0.5018,0.028820930945768986,0.022985547972701727,2.1231927380904367,1.6811611418129375,3.804353879903374,0.8330196434049916,0.3669946680735278,0.3786452924568144,0.9153176248671279,3.169101512423505,52.48170417334286,55.650805685766365,55.58829070758088,0.056946192842524404,AR6 World GDP level and trajectory (unrebased),Fixed original NATO GDP share = 0.5018,MESSAGE-GLOBIOM 1.0,SSP2-45,0.06251497818548302,3.057355988916948,55.58829070758088,0.11174552350655675,0.06251497818548302,12.334830654438404,0.19794206944298676,0.11073682206601632
2029,SA1_AR6_fixed_split,SSP2-4.5,S1,"NATO→3.5%, nonNATO holds",0.055,151.97364734621675,76.26037623833157,75.71327110788518,0.5018,0.029845109579542582,0.022985547972701727,2.275999285410151,1.7403110252204663,4.016310310630617,0.8087603972561511,0.35630702816180093,0.3676183623891596,0.8886616921507511,3.2482327223295937,52.718239053883664,55.96647177621326,55.868303363723854,0.0580389047091968,AR6 World GDP level and trajectory (unrebased),Fixed original NATO GDP share = 0.5018,MESSAGE-GLOBIOM 1.0,SSP2-45,0.09816841248940733,3.072756685004812,55.86830336372386,0.17547603732478168,0.09816841248940023,15.583063376767997,0.37341810676776843,0.20890523455541654
2030,SA1_AR6_fixed_split,SSP2-4.5,S1,"NATO→3.5%, nonNATO holds",0.055,157.32067999999987,78.94351722399993,78.37716277599993,0.5018,0.030999999999995285,0.022985547972701727,2.4472490339436255,1.8015420349519986,4.248791068895624,0.7851845698105682,0.345920474811649,0.356902077186622,0.8627566963290897,3.3360851876457946,52.95070049936358,56.28678568700937,56.14807747641181,0.05926942082279432,AR6 World GDP level and trajectory (unrebased),Fixed original NATO GDP share = 0.5018,MESSAGE-GLOBIOM 1.0,SSP2-45,0.13870821059756366,3.088144261202649,56.14807747641181,0.24794092644314558,0.13870821059756366,18.919148564413792,0.621359033210914,0.3476134451529802
2031,SA1_AR6_fixed_split,SSP2-4.5,S1,"NATO→3.5%, nonNATO holds",0.055,161.48654563007247,81.03394859717037,80.4525970329021,0.5018,0.03215489042044799,0.022985547972701727,2.605637737478228,1.8492470286282119,4.45488476610644,0.7646412808910803,0.33686993493802847,0.3475642185868547,0.8401838379702106,3.406388793777789,52.89924537845479,56.30563417223258,56.12694504420659,0.0604981871504729,AR6 World GDP level and trajectory (unrebased),Fixed original NATO GDP share = 0.5018,MESSAGE-GLOBIOM 1.0,SSP2-45,0.17868912802598658,3.0869819774313627,56.12694504420661,0.3194068163464263,0.17868912802597237,22.325537358191582,0.9407658495573403,0.5263025731789526
2032,SA1_AR6_fixed_split,SSP2-4.5,S1,"NATO→3.5%, nonNATO holds",0.055,165.76272375337751,83.17973477944484,82.58298897393267,0.5018,0.033179069054221584,0.022985547972701727,2.7598261641590374,1.898215254789427,4.658041418948464,0.7446365088291103,0.3280566437498878,0.3384711403768683,0.8182026991162393,3.4685477001871794,52.851461379024634,56.320009079211815,56.105898140781484,0.061586419407511236,AR6 World GDP level and trajectory (unrebased),Fixed original NATO GDP share = 0.5018,MESSAGE-GLOBIOM 1.0,SSP2-45,0.21411093843033058,3.0858243977429813,56.10589814078149,0.38272330244419805,0.21411093843032347,25.794085058378762,1.3234891520015384,0.740413511609276
2033,SA1_AR6_fixed_split,SSP2-4.5,S1,"NATO→3.5%, nonNATO holds",0.055,170.15213545456908,85.38234157110277,84.7697938834663,0.5018,0.03399498385901843,0.022985547972701727,2.902571323554837,1.9484801639444522,4.851051487499289,0.7251561112405603,0.3194743706864008,0.3296164142002547,0.7967977401895385,3.51776963210272,52.809459774159514,56.327229406262234,56.08493675705109,0.062452381719872566,AR6 World GDP level and trajectory (unrebased),Fixed original NATO GDP share = 0.5018,MESSAGE-GLOBIOM 1.0,SSP2-45,0.24229264921114435,3.08467152163781,56.08493675705109,0.43309811046490987,0.24229264921114435,29.311854690481482,1.7565872624664483,0.9827061608204204
2034,SA1_AR6_fixed_split,SSP2-4.5,S1,"NATO→3.5%, nonNATO holds",0.055,174.65777916888334,87.64327358694567,87.01450558193767,0.5018,0.034591224067421655,0.022985547972701727,3.0316881146483756,2.0000760923745506,5.031764207022926,0.7061863179461751,0.31111704916509825,0.3209937808846251,0.7759538305892034,3.553363038130876,52.77354523656882,56.3269082746997,56.064060896331775,0.06308464545580139,AR6 World GDP level and trajectory (unrebased),Fixed original NATO GDP share = 0.5018,MESSAGE-GLOBIOM 1.0,SSP2-45,0.2628473783679226,3.0835233492982477,56.06406089633179,0.46983968883262817,0.2628473783679084,32.86521772861236,2.2264269512990764,1.2455535391883288
2035,SA1_AR6_fixed_split,SSP2-4.5,S1,"NATO→3.5%, nonNATO holds",0.055,179.28273273038877,89.96407528410909,89.31865744627969,0.5018,0.03499999999999057,0.022985547972701727,3.14874263494297,2.053038285588774,5.2017809205317445,0.6877137211119276,0.3029787722381221,0.3125971459599672,0.7556562378573702,3.5773361132679145,52.74283304939418,56.32016916266209,56.04327057142313,0.06351785100176045,AR6 World GDP level and trajectory (unrebased),Fixed original NATO GDP share = 0.5018,MESSAGE-GLOBIOM 1.0,SSP2-45,0.276898591238961,3.082379881428271,56.043270571423136,0.49495623183964366,0.2768985912389539,36.44255384188027,2.72138318313872,1.5224521304272827
2036,SA1_AR6_fixed_split,SSP2-4.5,S1,"NATO→3.5%, nonNATO holds",0.055,184.0301554744741,92.34633201709111,91.68382345738299,0.5018,0.035,0.022985547972701727,3.2321216205981895,2.1074029224003925,5.339524542998582,0.6696860334656793,0.29503650425411054,0.3044027424843997,0.7358475090130395,3.5758050117933644,52.72025909298397,56.29606410477734,56.01928402626037,0.06351785100177045,AR6 World GDP level and trajectory (unrebased),Fixed original NATO GDP share = 0.5018,MESSAGE-GLOBIOM 1.0,SSP2-45,0.27678007851696407,3.081060621444321,56.01928402626039,0.4947443903490436,0.27678007851694986,40.01835885367363,3.2161275734877637,1.7992322089442325
2037,SA1_AR6_fixed_split,SSP2-4.5,S1,"NATO→3.5%, nonNATO holds",0.055,188.9032903960116,94.79167112071863,94.11161927529298,0.5018,0.035,0.022985547972701727,3.3177084892251525,2.163207139640887,5.48091562886604,0.6521317960557211,0.2873028192413317,0.29642354366169144,0.7165590048107143,3.5742793530822827,52.69776538254103,56.27204473562331,55.99538274853933,0.06351785100177045,AR6 World GDP level and trajectory (unrebased),Fixed original NATO GDP share = 0.5018,MESSAGE-GLOBIOM 1.0,SSP2-45,0.27666198708398326,3.079746051169663,55.99538274853933,0.4945333019126199,0.27666198708398326,43.592638206755915,3.7106608754003836,2.075894196028216
2038,SA1_AR6_fixed_split,SSP2-4.5,S1,"NATO→3.5%, nonNATO holds",0.055,193.905466364666,97.30176302178941,96.6037033428766,0.5018,0.035,0.022985547972701727,3.4055617057626297,2.220489057528336,5.626050763290966,0.6350385530727026,0.2797722296753865,0.2886538877603194,0.6977770388722633,3.572759136233869,52.67535190477545,56.24811104100932,55.9715667241387,0.06351785100177045,AR6 World GDP level and trajectory (unrebased),Fixed original NATO GDP share = 0.5018,MESSAGE-GLOBIOM 1.0,SSP2-45,0.27654431687061987,3.078436169827628,55.97156672413869,0.4943229664062412,0.27654431687062697,47.165397342989785,4.204983841806625,2.3524385128988428
2039,SA1_AR6_fixed_split,SSP2-4.5,S1,"NATO→3.5%, nonNATO holds",0.055,199.04010039886774,99.87832238015183,99.1617780187159,0.5018,0.035,0.022985547972701727,3.4957412833053145,2.279287805707594,5.775029089012909,0.6183941773153875,0.27243939280328267,0.28108826241608525,0.6794882858924313,3.5712443624725694,52.65301867773997,56.22426304021254,55.94783597224089,0.06351785100177045,AR6 World GDP level and trajectory (unrebased),Fixed original NATO GDP share = 0.5018,MESSAGE-GLOBIOM 1.0,SSP2-45,0.2764270679716532,3.0771309784732486,55.947835972240895,0.4941133839993208,0.27642706797164607,50.736641705462354,4.699097225805946,2.628865580870489
2040,SA1_AR6_fixed_split,SSP2-4.5,S1,"NATO→3.5%, nonNATO holds",0.055,204.31069999999988,102.52310925999994,101.78759073999994,0.5018,0.035,0.022985547972701727,3.588308824099998,2.3396435499799986,5.927952374079997,0.6021868607569276,0.26529910648731786,0.27372130034405806,0.6616797712731105,3.5697350308638094,52.63076568765562,56.20050071851943,55.924190478204714,0.06351785100177043,AR6 World GDP level and trajectory (unrebased),Fixed original NATO GDP share = 0.5018,MESSAGE-GLOBIOM 1.0,SSP2-45,0.2763102403147144,3.0758304763012583,55.92419047820472,0.4939045545625511,0.2763102403147073,54.306376736326165,5.193001780368497,2.905175821185196
2041,SA1_AR6_fixed_split,SSP2-4.5,S1,"NATO→3.5%, nonNATO holds",0.055,208.80012660245816,104.7759035291135,104.02422307334466,0.5018,0.035,0.022985547972701727,3.667156623518973,2.3910537697753895,6.058210393294363,0.5867880573215157,0.258515018260528,0.26672184423705264,0.6447596466423345,3.5548855075262153,52.41183017098641,55.96671567851263,55.691554844337716,0.06351785100177045,AR6 World GDP level and trajectory (unrebased),Fixed original NATO GDP share = 0.5018,MESSAGE-GLOBIOM 1.0,SSP2-45,0.2751608341749119,3.0630355164385743,55.69155484433772,0.49184999108764105,0.2751608341749048,57.86126224385238,5.684851771456138,3.180336655360101
2042,SA1_AR6_fixed_split,SSP2-4.5,S1,"NATO→3.5%, nonNATO holds",0.055,213.3882017398134,107.07819963303838,106.31000210677503,0.5018,0.035,0.022985547972701727,3.7477369871563435,2.443593653403299,6.191330640559642,0.5717751205493151,0.251900927235013,0.2598977820678705,0.6282635102818018,3.540048823366658,52.19308395009549,55.73313277346215,55.45912035162881,0.06351785100177045,AR6 World GDP level and trajectory (unrebased),Fixed original NATO GDP share = 0.5018,MESSAGE-GLOBIOM 1.0,SSP2-45,0.2740124218333406,3.0502516193395843,55.45912035162882,0.4897972040270737,0.2740124218333335,61.40131106721904,6.174648975483212,3.4543490771934344
2043,SA1_AR6_fixed_split,SSP2-4.5,S1,"NATO→3.5%, nonNATO holds",0.055,218.0770930682727,109.43108530165924,108.64600776661345,0.5018,0.035,0.022985547972701727,3.8300879855580736,2.497288023562018,6.3273760091200915,0.5571385315856668,0.24545263978948967,0.2532447870843941,0.6121809029238268,3.525224978511545,51.97452702684654,55.49975200535808,55.22688700205831,0.06351785100177045,AR6 World GDP level and trajectory (unrebased),Fixed original NATO GDP share = 0.5018,MESSAGE-GLOBIOM 1.0,SSP2-45,0.2728650032997706,3.0374787851132066,55.22688700205831,0.48774619339833825,0.2728650032997706,64.92653604573059,6.66239516888155,3.727214080493205
2044,SA1_AR6_fixed_split,SSP2-4.5,S1,"NATO→3.5%, nonNATO holds",0.055,222.86901587509283,111.83567216612158,111.03334370897124,0.5018,0.035,0.022985547972701727,3.914248525814256,2.552162248392038,6.4664107742062935,0.5428690033434466,0.23916606441004992,0.2467586378833848,0.5965016199656774,3.5104139722026955,51.75615939006123,55.26657336226393,54.99485478374837,0.06351785100177045,AR6 World GDP level and trajectory (unrebased),Fixed original NATO GDP share = 0.5018,MESSAGE-GLOBIOM 1.0,SSP2-45,0.2717185785155536,3.0247170131061605,54.99485478374838,0.485696959096535,0.2717185785155465,68.43695001793328,7.148092127978085,3.9989326590087515
2045,SA1_AR6_fixed_split,SSP2-4.5,S1,"NATO→3.5%, nonNATO holds",0.055,227.7662341252057,114.29309628402822,113.47313784117748,0.5018,0.035,0.022985547972701727,4.000258369940989,2.6082422534613805,6.608500623402369,0.5289574752175431,0.233037209361575,0.24043521600797416,0.5812157056618733,3.4956158047284767,51.53798104399115,55.033596848719625,54.763023701216646,0.06351785100177045,AR6 World GDP level and trajectory (unrebased),Fixed original NATO GDP share = 0.5018,MESSAGE-GLOBIOM 1.0,SSP2-45,0.27057314750297934,3.0119663035669157,54.76302370121665,0.4836495011615609,0.27057314750297223,71.93256582266176,7.631741629139645,4.269505806511724
2046,SA1_AR6_fixed_split,SSP2-4.5,S1,"NATO→3.5%, nonNATO holds",0.055,232.7710615308356,116.8045186761733,115.9665428546623,0.5018,0.035,0.022985547972701727,4.088158153666066,2.665554534014211,6.753712687680276,0.5153909074062406,0.22706032983631586,0.23426859427556396,0.5663088319465279,3.4808021104645777,51.31957377705651,54.80037588752109,54.53094937285966,0.06351785100177043,AR6 World GDP level and trajectory (unrebased),Fixed original NATO GDP share = 0.5018,MESSAGE-GLOBIOM 1.0,SSP2-45,0.26942651466143275,2.9992022155072804,54.530949372859666,0.48159989495729727,0.26942651466142564,75.41336793312634,8.113341524096942,4.538932321173149
2047,SA1_AR6_fixed_split,SSP2-4.5,S1,"NATO→3.5%, nonNATO holds",0.055,237.88586264462404,119.37112587507235,118.51473676955169,0.5018,0.035,0.022985547972701727,4.177989405627533,2.7241261674886474,6.9021155731161805,0.5021651032071643,0.22123357693742213,0.22825686509416565,0.551776387505034,3.466001579121663,51.101360579038484,54.56736215816015,54.29908125748317,0.06351785100177043,AR6 World GDP level and trajectory (unrebased),Fixed original NATO GDP share = 0.5018,MESSAGE-GLOBIOM 1.0,SSP2-45,0.2682809006769844,2.9864494691615735,54.299081257483174,0.47955210996008946,0.2682809006769773,78.87936951224799,8.592893634057033,4.807213221850127
2048,SA1_AR6_fixed_split,SSP2-4.5,S1,"NATO→3.5%, nonNATO holds",0.055,243.11305397677407,121.99413048554523,121.11892349122884,0.5018,0.035,0.022985547972701727,4.269794566994084,2.7839848263096307,7.0537793933037145,0.489271639712812,0.2155532398734767,0.22239619986946002,0.537609117290706,3.4512142099341525,50.88334143864968,54.33455564858383,54.06741934309347,0.06351785100177045,AR6 World GDP level and trajectory (unrebased),Fixed original NATO GDP share = 0.5018,MESSAGE-GLOBIOM 1.0,SSP2-45,0.2671363054903608,2.9737080638701405,54.06741934309348,0.477506146064012,0.2671363054903466,82.33058372218215,9.070399780121043,5.074349527340473
2049,SA1_AR6_fixed_split,SSP2-4.5,S1,"NATO→3.5%, nonNATO holds",0.055,248.45510513673833,124.6747717576153,123.78033337912302,0.5018,0.035,0.022985547972701727,4.363617011516536,2.845158790962845,7.208775802479381,0.47670229971816847,0.2100156984772351,0.21668286350825844,0.5237979922816753,3.436440003194606,50.66551636020349,54.101956363398095,53.835963634273874,0.06351785100177043,AR6 World GDP level and trajectory (unrebased),Fixed original NATO GDP share = 0.5018,MESSAGE-GLOBIOM 1.0,SSP2-45,0.2659927291242212,2.9609779998850625,53.83596363427387,0.4754620033095436,0.26599272912422833,85.76702372537676,9.545861783430588,5.340342256464702
2050,SA1_AR6_fixed_split,SSP2-4.5,S1,"NATO→3.5%, nonNATO holds",0.055,253.91454000000022,127.41431617200011,126.5002238280001,0.5018,0.035,0.022985547972701727,4.459501066020004,2.9076769633560025,7.3671780293760065,0.46444906651581425,0.20461742091256158,0.21111321205264286,0.5103342037617818,3.421678958599502,50.44788533922489,53.86956429782439,53.604714126269315,0.06351785100177045,AR6 World GDP level and trajectory (unrebased),Fixed original NATO GDP share = 0.5018,MESSAGE-GLOBIOM 1.0,SSP2-45,0.26485017155507506,2.948259276944812,53.604714126269315,0.47341968165468984,0.26485017155507506,89.18870268397626,10.019281465085278,5.605192428019777
2025,SA1_AR6_fixed_split,SSP2-4.5,S2,"NATO→3.5%, nonNATO→3.5%",0.055,132.3421461836991,66.40928895498021,65.93285722871889,0.5018,0.027,0.022985547972701727,1.7930508017844657,1.515502852808012,3.308553654592478,0.9100880620821836,0.40094788749075233,0.41367639185553806,1.0,3.0110751838029945,51.73574633988782,54.74682152369081,54.74682152369081,0.055,AR6 World GDP level and trajectory (unrebased),Fixed original NATO GDP share = 0.5018,MESSAGE-GLOBIOM 1.0,SSP2-45,0.0,3.0110751838029945,54.74682152369081,0.0,0.0,3.0110751838029945,0.0,0.0
2026,SA1_AR6_fixed_split,SSP2-4.5,S2,"NATO→3.5%, nonNATO→3.5%",0.055,136.9984651539472,68.74582981425071,68.25263533969648,0.5018,0.02740877593256891,0.023599450326672138,1.8842390456773133,1.6107246773636346,3.494963723040948,0.8836639841685245,0.3893065105078116,0.40166544734932935,0.9709653614693026,3.0883735680268236,51.97378228264075,55.06215585066757,55.02754979223171,0.05608886031274746,AR6 World GDP level and trajectory (unrebased),Fixed original NATO GDP share = 0.5018,MESSAGE-GLOBIOM 1.0,SSP2-45,0.03460605843586251,3.026515238572744,55.02754979223172,0.06185832945407954,0.0346060584358554,6.099448751829819,0.06185832945407954,0.0346060584358554
2027,SA1_AR6_fixed_split,SSP2-4.5,S2,"NATO→3.5%, nonNATO→3.5%",0.055,141.81861180100074,71.16457940174217,70.65403239925857,0.5018,0.028005016140972137,0.024494887749248,1.9929651948112828,1.73066259265157,3.7236277874628527,0.857981088680002,0.37799166843944154,0.3899914039454555,0.9427451303086358,3.1948022229264854,52.1987534103952,55.39355563332168,55.308039521867826,0.05767461912130208,AR6 World GDP level and trajectory (unrebased),Fixed original NATO GDP share = 0.5018,MESSAGE-GLOBIOM 1.0,SSP2-45,0.08551611145385607,3.04194217370273,55.308039521867826,0.1528600492237553,0.08551611145385607,9.294250974756304,0.21471837867783483,0.12012216988971147
2028,SA1_AR6_fixed_split,SSP2-4.5,S2,"NATO→3.5%, nonNATO→3.5%",0.055,146.8083502290495,73.66843014493703,73.13992008411246,0.5018,0.028820930945768986,0.025720233909322272,2.1231927380904367,1.8811758526725104,4.004368590762947,0.8330196434049916,0.3669946680735278,0.3786452924568144,0.9153176248671279,3.335717695539499,52.40829984092114,55.74401753646064,55.58829070758088,0.059839922613358416,AR6 World GDP level and trajectory (unrebased),Fixed original NATO GDP share = 0.5018,MESSAGE-GLOBIOM 1.0,SSP2-45,0.1557268288797573,3.057355988916948,55.58829070758088,0.278361706622551,0.1557268288797573,12.629968670295803,0.49308008530038583,0.2758489987694688
2029,SA1_AR6_fixed_split,SSP2-4.5,S2,"NATO→3.5%, nonNATO→3.5%",0.055,151.97364734621675,76.26037623833157,75.71327110788518,0.5018,0.029845109579542582,0.027258352042179364,2.275999285410151,2.063818998123702,4.3398182835338535,0.8087603972561511,0.35630702816180093,0.3676183623891596,0.8886616921507511,3.5098731590103474,52.60297088947186,56.11284404848221,55.868303363723854,0.06255026310870596,AR6 World GDP level and trajectory (unrebased),Fixed original NATO GDP share = 0.5018,MESSAGE-GLOBIOM 1.0,SSP2-45,0.24454068475835555,3.072756685004812,55.86830336372386,0.4371164740055353,0.24454068475834845,16.13984182930615,0.9301965593059212,0.5203896835278172
2030,SA1_AR6_fixed_split,SSP2-4.5,S2,"NATO→3.5%, nonNATO→3.5%",0.055,157.32067999999987,78.94351722399993,78.37716277599993,0.5018,0.030999999999995285,0.028992773986343784,2.4472490339436255,2.2723713660554434,4.719620399999069,0.7851845698105682,0.345920474811649,0.356902077186622,0.8627566963290897,3.7057731134424508,52.787830993593026,56.49360410703548,56.14807747641181,0.06559633027521693,AR6 World GDP level and trajectory (unrebased),Fixed original NATO GDP share = 0.5018,MESSAGE-GLOBIOM 1.0,SSP2-45,0.3455266306236737,3.088144261202649,56.14807747641181,0.6176288522398017,0.3455266306236737,19.8456149427486,1.5478254115457228,0.865916314151491
2031,SA1_AR6_fixed_split,SSP2-4.5,S2,"NATO→3.5%, nonNATO→3.5%",0.055,161.48654563007247,81.03394859717037,80.4525970329021,0.5018,0.03215489042044799,0.0307271959305082,2.605637737478228,2.4720827121482056,5.077720449626433,0.7646412808910803,0.33686993493802847,0.3475642185868547,0.8401838379702106,3.882634668609188,52.68943076227033,56.57206543087951,56.12694504420659,0.06863165838187474,AR6 World GDP level and trajectory (unrebased),Fixed original NATO GDP share = 0.5018,MESSAGE-GLOBIOM 1.0,SSP2-45,0.44512038667291876,3.0869819774313627,56.12694504420661,0.7956526911778252,0.44512038667290454,23.72824961135779,2.343478102723548,1.3110367008243955
2032,SA1_AR6_fixed_split,SSP2-4.5,S2,"NATO→3.5%, nonNATO→3.5%",0.055,165.76272375337751,83.17973477944484,82.58298897393267,0.5018,0.033179069054221584,0.032265314063365295,2.7598261641590374,2.664566075535371,5.424392239694408,0.7446365088291103,0.3280566437498878,0.3384711403768683,0.8182026991162393,4.039200499885762,52.600054900835744,56.63925540072151,56.105898140781484,0.07131450566057951,AR6 World GDP level and trajectory (unrebased),Fixed original NATO GDP share = 0.5018,MESSAGE-GLOBIOM 1.0,SSP2-45,0.5333572599400256,3.0858243977429813,56.10589814078149,0.9533761021427809,0.5333572599400185,27.76745011124355,3.296854204866329,1.844393960764414
2033,SA1_AR6_fixed_split,SSP2-4.5,S2,"NATO→3.5%, nonNATO→3.5%",0.055,170.15213545456908,85.38234157110277,84.7697938834663,0.5018,0.03399498385901843,0.033490660223439564,2.902571323554837,2.8389963641621754,5.741567687717012,0.7251561112405603,0.3194743706864008,0.3296164142002547,0.7967977401895385,4.163532896849325,52.524962671508916,56.68849556835824,56.08493675705109,0.07344581744683447,AR6 World GDP level and trajectory (unrebased),Fixed original NATO GDP share = 0.5018,MESSAGE-GLOBIOM 1.0,SSP2-45,0.6035588113071526,3.08467152163781,56.08493675705109,1.0788613752115146,0.6035588113071526,31.930983008092877,4.375715580077843,2.4479527720715666
2034,SA1_AR6_fixed_split,SSP2-4.5,S2,"NATO→3.5%, nonNATO→3.5%",0.055,174.65777916888334,87.64327358694567,87.01450558193767,0.5018,0.034591224067421655,0.034386097646015426,3.0316881146483756,2.992089285560263,6.023777400208639,0.7061863179461751,0.31111704916509825,0.3209937808846251,0.7759538305892034,4.253909182380722,52.46491301917203,56.718822201552754,56.064060896331775,0.07499995622730449,AR6 World GDP level and trajectory (unrebased),Fixed original NATO GDP share = 0.5018,MESSAGE-GLOBIOM 1.0,SSP2-45,0.6547613052209798,3.0835233492982477,56.06406089633179,1.1703858330824746,0.6547613052209655,36.1848921904736,5.546101413160319,3.102714077292532
2035,SA1_AR6_fixed_split,SSP2-4.5,S2,"NATO→3.5%, nonNATO→3.5%",0.055,179.28273273038877,89.96407528410909,89.31865744627969,0.5018,0.03499999999999057,0.03499999999998584,3.14874263494297,3.1261530106185242,6.274895645561495,0.6877137211119276,0.3029787722381221,0.3125971459599672,0.7556562378573702,4.315331833998127,52.417702067534016,56.733033901532146,56.04327057142313,0.07606382978720949,AR6 World GDP level and trajectory (unrebased),Fixed original NATO GDP share = 0.5018,MESSAGE-GLOBIOM 1.0,SSP2-45,0.6897633301090167,3.082379881428271,56.043270571423136,1.2329519525698562,0.6897633301090096,40.50022402447173,6.779053365730174,3.7924774074015417
2036,SA1_AR6_fixed_split,SSP2-4.5,S2,"NATO→3.5%, nonNATO→3.5%",0.055,184.0301554744741,92.34633201709111,91.68382345738299,0.5018,0.035,0.035,3.2321216205981895,3.208933821008405,6.441055441606594,0.6696860334656793,0.29503650425411054,0.3044027424843997,0.7358475090130395,4.31348487002205,52.39526726733077,56.708752137352825,56.01928402626037,0.07606382978723404,AR6 World GDP level and trajectory (unrebased),Fixed original NATO GDP share = 0.5018,MESSAGE-GLOBIOM 1.0,SSP2-45,0.6894681110924523,3.081060621444321,56.01928402626039,1.232424248577729,0.6894681110924381,44.81370889449377,8.011477614307903,4.48194551849398
2037,SA1_AR6_fixed_split,SSP2-4.5,S2,"NATO→3.5%, nonNATO→3.5%",0.055,188.9032903960116,94.79167112071863,94.11161927529298,0.5018,0.035,0.035,3.3177084892251525,3.2939066746352546,6.611615163860407,0.6521317960557211,0.2873028192413317,0.29642354366169144,0.7165590048107143,4.3116444716375275,52.37291221842228,56.68455669005981,55.99538274853933,0.07606382978723404,AR6 World GDP level and trajectory (unrebased),Fixed original NATO GDP share = 0.5018,MESSAGE-GLOBIOM 1.0,SSP2-45,0.6891739415204796,3.079746051169663,55.99538274853933,1.2318984204678647,0.6891739415204796,49.1253533661313,9.243376034775768,5.171119460014459
2038,SA1_AR6_fixed_split,SSP2-4.5,S2,"NATO→3.5%, nonNATO→3.5%",0.055,193.905466364666,97.30176302178941,96.6037033428766,0.5018,0.035,0.035,3.4055617057626297,3.3811296170006813,6.7866913227633106,0.6350385530727026,0.2797722296753865,0.2886538877603194,0.6977770388722633,4.309810637758679,52.35063690760018,56.66044754535886,55.9715667241387,0.07606382978723404,AR6 World GDP level and trajectory (unrebased),Fixed original NATO GDP share = 0.5018,MESSAGE-GLOBIOM 1.0,SSP2-45,0.6888808212201667,3.078436169827628,55.97156672413869,1.2313744679310514,0.6888808212201738,53.43516400388998,10.474750502706819,5.860000281234633
2039,SA1_AR6_fixed_split,SSP2-4.5,S2,"NATO→3.5%, nonNATO→3.5%",0.055,199.04010039886774,99.87832238015183,99.1617780187159,0.5018,0.035,0.035,3.4957412833053145,3.470662230655057,6.966403513960372,0.6183941773153875,0.27243939280328267,0.28108826241608525,0.6794882858924313,4.307983369862549,52.32844135280593,56.63642472266848,55.94783597224089,0.07606382978723403,AR6 World GDP level and trajectory (unrebased),Fixed original NATO GDP share = 0.5018,MESSAGE-GLOBIOM 1.0,SSP2-45,0.6885887504275914,3.0771309784732486,55.947835972240895,1.2308523913893001,0.6885887504275843,57.74314737375253,11.70560289409612,6.5485890316622175
2040,SA1_AR6_fixed_split,SSP2-4.5,S2,"NATO→3.5%, nonNATO→3.5%",0.055,204.31069999999988,102.52310925999994,101.78759073999994,0.5018,0.035,0.035,3.588308824099998,3.5625656758999984,7.150874499999997,0.6021868607569276,0.26529910648731786,0.27372130034405806,0.6616797712731105,4.306162666821763,52.30632554034548,56.612488207167246,55.924190478204714,0.07606382978723403,AR6 World GDP level and trajectory (unrebased),Fixed original NATO GDP share = 0.5018,MESSAGE-GLOBIOM 1.0,SSP2-45,0.6882977289625316,3.0758304763012583,55.92419047820472,1.2303321905205045,0.6882977289625245,62.04931004057429,12.935935084616624,7.236886760624742
2041,SA1_AR6_fixed_split,SSP2-4.5,S2,"NATO→3.5%, nonNATO→3.5%",0.055,208.80012660245816,104.7759035291135,104.02422307334466,0.5018,0.035,0.035,3.667156623518973,3.6408478075670634,7.308004431086037,0.5867880573215157,0.258515018260528,0.26672184423705264,0.6447596466423345,4.288249723014005,52.088739642484796,56.3769893654988,55.691554844337716,0.07606382978723404,AR6 World GDP level and trajectory (unrebased),Fixed original NATO GDP share = 0.5018,MESSAGE-GLOBIOM 1.0,SSP2-45,0.6854345211610848,3.0630355164385743,55.69155484433772,1.2252142065754303,0.6854345211610777,66.3375597635883,14.161149291192054,7.92232128178582
2042,SA1_AR6_fixed_split,SSP2-4.5,S2,"NATO→3.5%, nonNATO→3.5%",0.055,213.3882017398134,107.07819963303838,106.31000210677503,0.5018,0.035,0.035,3.7477369871563435,3.7208500737371266,7.46858706089347,0.5717751205493151,0.251900927235013,0.2598977820678705,0.6282635102818018,4.270352267075419,51.871341873496526,56.14169414057194,55.45912035162881,0.07606382978723404,AR6 World GDP level and trajectory (unrebased),Fixed original NATO GDP share = 0.5018,MESSAGE-GLOBIOM 1.0,SSP2-45,0.6825737889431309,3.0502516193395843,55.45912035162882,1.2201006477358343,0.6825737889431238,70.60791203066371,15.381249938927889,8.604895070728944
2043,SA1_AR6_fixed_split,SSP2-4.5,S2,"NATO→3.5%, nonNATO→3.5%",0.055,218.0770930682727,109.43108530165924,108.64600776661345,0.5018,0.035,0.035,3.8300879855580736,3.802610271831471,7.632698257389545,0.5571385315856668,0.24545263978948967,0.2532447870843941,0.6121809029238268,4.252470299158489,51.65413223523285,55.90660253439134,55.22688700205831,0.07606382978723401,AR6 World GDP level and trajectory (unrebased),Fixed original NATO GDP share = 0.5018,MESSAGE-GLOBIOM 1.0,SSP2-45,0.6797155323330273,3.0374787851132066,55.22688700205831,1.2149915140452823,0.6797155323330273,74.8603823298222,16.59624145297317,9.28461060306197
2044,SA1_AR6_fixed_split,SSP2-4.5,S2,"NATO→3.5%, nonNATO→3.5%",0.055,222.86901587509283,111.83567216612158,111.03334370897124,0.5018,0.035,0.035,3.914248525814256,3.886167029813994,7.80041555562825,0.5428690033434466,0.23916606441004992,0.2467586378833848,0.5965016199656774,4.234603818348625,51.43711071658434,55.67171453493297,54.99485478374837,0.07606382978723406,AR6 World GDP level and trajectory (unrebased),Fixed original NATO GDP share = 0.5018,MESSAGE-GLOBIOM 1.0,SSP2-45,0.676859751184594,3.0247170131061605,54.99485478374838,1.2098868052424647,0.6768597511845869,79.09498614817083,17.806128258215637,9.961470354246558
2045,SA1_AR6_fixed_split,SSP2-4.5,S2,"NATO→3.5%, nonNATO→3.5%",0.055,227.7662341252057,114.29309628402822,113.47313784117748,0.5018,0.035,0.035,4.000258369940989,3.971559824441212,7.9718181943822,0.5289574752175431,0.233037209361575,0.24043521600797416,0.5812157056618733,4.216752824993682,51.22027732177641,55.43703014677009,54.763023701216646,0.07606382978723403,AR6 World GDP level and trajectory (unrebased),Fixed original NATO GDP share = 0.5018,MESSAGE-GLOBIOM 1.0,SSP2-45,0.6740064455534451,3.0119663035669157,54.76302370121665,1.2047865214267661,0.674006445553438,83.31173897316451,19.010914779642402,10.635476799799996
2046,SA1_AR6_fixed_split,SSP2-4.5,S2,"NATO→3.5%, nonNATO→3.5%",0.055,232.7710615308356,116.8045186761733,115.9665428546623,0.5018,0.035,0.035,4.088158153666066,4.058828999913181,8.146987153579246,0.5153909074062406,0.22706032983631586,0.23426859427556396,0.5663088319465279,4.1988831017101935,51.003216417276974,55.20209951898717,54.53094937285966,0.07606382978723403,AR6 World GDP level and trajectory (unrebased),Fixed original NATO GDP share = 0.5018,MESSAGE-GLOBIOM 1.0,SSP2-45,0.6711501461275091,2.9992022155072804,54.530949372859666,1.1996808862029131,0.671150146127502,87.5106220748747,20.210595665845315,11.306626945927498
2047,SA1_AR6_fixed_split,SSP2-4.5,S2,"NATO→3.5%, nonNATO→3.5%",0.055,237.88586264462404,119.37112587507235,118.51473676955169,0.5018,0.035,0.035,4.177989405627533,4.14801578693431,8.326005192561842,0.5021651032071643,0.22123357693742213,0.22825686509416565,0.551776387505034,4.1810292568262035,50.78634838536446,54.96737764219067,54.29908125748317,0.07606382978723401,AR6 World GDP level and trajectory (unrebased),Fixed original NATO GDP share = 0.5018,MESSAGE-GLOBIOM 1.0,SSP2-45,0.668296384707503,2.9864494691615735,54.299081257483174,1.19457978766463,0.6682963847074959,91.69165133170091,21.405175453509944,11.974923330634994
2048,SA1_AR6_fixed_split,SSP2-4.5,S2,"NATO→3.5%, nonNATO→3.5%",0.055,243.11305397677407,121.99413048554523,121.11892349122884,0.5018,0.035,0.035,4.269794566994084,4.2391623221930095,8.508956889187093,0.489271639712812,0.2155532398734767,0.22239619986946002,0.537609117290706,4.163191289418197,50.56967321482105,54.732864504239245,54.06741934309347,0.07606382978723403,AR6 World GDP level and trajectory (unrebased),Fixed original NATO GDP share = 0.5018,MESSAGE-GLOBIOM 1.0,SSP2-45,0.6654451611457759,2.9737080638701405,54.06741934309348,1.1894832255480567,0.6654451611457617,95.8548426211191,22.594658679058,12.640368491780755
2049,SA1_AR6_fixed_split,SSP2-4.5,S2,"NATO→3.5%, nonNATO→3.5%",0.055,248.45510513673833,124.6747717576153,123.78033337912302,0.5018,0.035,0.035,4.363617011516536,4.332311668269306,8.695928679785842,0.47670229971816847,0.2100156984772351,0.21668286350825844,0.5237979922816753,4.145369199839087,50.35319090993354,54.498560109772626,53.835963634273874,0.07606382978723403,AR6 World GDP level and trajectory (unrebased),Fixed original NATO GDP share = 0.5018,MESSAGE-GLOBIOM 1.0,SSP2-45,0.6625964754987521,2.9609779998850625,53.83596363427387,1.1843911999540246,0.6625964754987592,100.0002118209582,23.779049879012028,13.302964967279514
2050,SA1_AR6_fixed_split,SSP2-4.5,S2,"NATO→3.5%, nonNATO→3.5%",0.055,253.91454000000022,127.41431617200011,126.5002238280001,0.5018,0.035,0.035,4.459501066020004,4.427507833980004,8.887008900000009,0.46444906651581425,0.20461742091256158,0.21111321205264286,0.5103342037617818,4.1275629877227376,50.136901466254514,54.264464453977254,53.604714126269315,0.07606382978723404,AR6 World GDP level and trajectory (unrebased),Fixed original NATO GDP share = 0.5018,MESSAGE-GLOBIOM 1.0,SSP2-45,0.6597503277079397,2.948259276944812,53.604714126269315,1.1793037107779254,0.6597503277079397,104.12777480868093,24.95835358978995,13.962715294987454
2025,SA1_AR6_fixed_split,SSP2-4.5,S3,"NATO→5%, nonNATO→3.5%",0.055,132.3421461836991,66.40928895498021,65.93285722871889,0.5018,0.027,0.022985547972701727,1.7930508017844657,1.515502852808012,3.308553654592478,0.9100880620821836,0.40094788749075233,0.41367639185553806,1.0,3.0110751838029945,51.73574633988782,54.74682152369081,54.74682152369081,0.055,AR6 World GDP level and trajectory (unrebased),Fixed original NATO GDP share = 0.5018,MESSAGE-GLOBIOM 1.0,SSP2-45,0.0,3.0110751838029945,54.74682152369081,0.0,0.0,3.0110751838029945,0.0,0.0
2026,SA1_AR6_fixed_split,SSP2-4.5,S3,"NATO→5%, nonNATO→3.5%",0.055,136.9984651539472,68.74582981425071,68.25263533969648,0.5018,0.02817523080613562,0.023599450326672138,1.9369296219758332,1.6107246773636346,3.5476542993394675,0.8836639841685245,0.3893065105078116,0.40166544734932935,0.9709653614693026,3.1349343326069095,51.95326949824533,55.08820383085224,55.02754979223171,0.056907543078236734,AR6 World GDP level and trajectory (unrebased),Fixed original NATO GDP share = 0.5018,MESSAGE-GLOBIOM 1.0,SSP2-45,0.06065403862052676,3.026515238572744,55.02754979223172,0.10841909403416539,0.06065403862051966,6.1460095164099044,0.10841909403416539,0.06065403862051966
2027,SA1_AR6_fixed_split,SSP2-4.5,S3,"NATO→5%, nonNATO→3.5%",0.055,141.81861180100074,71.16457940174217,70.65403239925857,0.5018,0.029889421405294894,0.024494887749248,2.1270681028692406,1.73066259265157,3.857730695520811,0.857981088680002,0.37799166843944154,0.3899914039454555,0.9427451303086358,3.3098599819772065,52.148063628435786,55.45792361041299,55.308039521867826,0.05968236397072275,AR6 World GDP level and trajectory (unrebased),Fixed original NATO GDP share = 0.5018,MESSAGE-GLOBIOM 1.0,SSP2-45,0.14988408854516422,3.04194217370273,55.308039521867826,0.2679178082744764,0.14988408854516422,9.455869498387111,0.3763369023086418,0.21053812716568387
2028,SA1_AR6_fixed_split,SSP2-4.5,S3,"NATO→5%, nonNATO→3.5%",0.055,146.8083502290495,73.66843014493703,73.13992008411246,0.5018,0.03223517646908584,0.025720233909322272,2.374714845922568,1.8811758526725104,4.255890698595079,0.8330196434049916,0.3669946680735278,0.3786452924568144,0.9153176248671279,3.5452405521142927,52.31599256844413,55.861233120558424,55.58829070758088,0.06346513233001921,AR6 World GDP level and trajectory (unrebased),Fixed original NATO GDP share = 0.5018,MESSAGE-GLOBIOM 1.0,SSP2-45,0.2729424129775424,3.057355988916948,55.58829070758088,0.4878845631973445,0.2729424129775424,13.001110050501403,0.8642214655059863,0.4834805401432263
2029,SA1_AR6_fixed_split,SSP2-4.5,S3,"NATO→5%, nonNATO→3.5%",0.055,151.97364734621675,76.26037623833157,75.71327110788518,0.5018,0.03517969004118492,0.027258352042179364,2.6828163984886486,2.063818998123702,4.7466353966123505,0.8087603972561511,0.35630702816180093,0.3676183623891596,0.8886616921507511,3.838890728994313,52.458019092905495,56.29690982189981,55.868303363723854,0.06819007901390998,AR6 World GDP level and trajectory (unrebased),Fixed original NATO GDP share = 0.5018,MESSAGE-GLOBIOM 1.0,SSP2-45,0.4286064581759561,3.072756685004812,55.86830336372386,0.766134043989501,0.428606458175949,16.840000779495718,1.6303555094954874,0.9120869983191753
2030,SA1_AR6_fixed_split,SSP2-4.5,S3,"NATO→5%, nonNATO→3.5%",0.055,157.32067999999987,78.94351722399993,78.37716277599993,0.5018,0.03849999999998644,0.028992773986343784,3.039325413122927,2.2723713660554434,5.31169677917837,0.7851845698105682,0.345920474811649,0.356902077186622,0.8627566963290897,4.170662350523349,52.583019651382564,56.753682001905915,56.14807747641181,0.07348707966442228,AR6 World GDP level and trajectory (unrebased),Fixed original NATO GDP share = 0.5018,MESSAGE-GLOBIOM 1.0,SSP2-45,0.6056045254941083,3.088144261202649,56.14807747641181,1.0825180893207,0.6056045254941083,21.010663130019065,2.7128735988161874,1.5176915238132835
2031,SA1_AR6_fixed_split,SSP2-4.5,S3,"NATO→5%, nonNATO→3.5%",0.055,161.48654563007247,81.03394859717037,80.4525970329021,0.5018,0.041820309958787966,0.0307271959305082,3.388864847518156,2.4720827121482056,5.860947559666362,0.7646412808910803,0.33686993493802847,0.3475642185868547,0.8401838379702106,4.481522449258738,52.42558509666948,56.90710754592822,56.12694504420659,0.07875154163549465,AR6 World GDP level and trajectory (unrebased),Fixed original NATO GDP share = 0.5018,MESSAGE-GLOBIOM 1.0,SSP2-45,0.7801625017216267,3.0869819774313627,56.12694504420661,1.394540471827375,0.7801625017216125,25.492185579277802,4.1074140706435625,2.297854025534896
2032,SA1_AR6_fixed_split,SSP2-4.5,S3,"NATO→5%, nonNATO→3.5%",0.055,165.76272375337751,83.17973477944484,82.58298897393267,0.5018,0.04476482353088705,0.032265314063365295,3.7235261487478364,2.664566075535371,6.388092224283207,0.7446365088291103,0.3280566437498878,0.3384711403768683,0.8182026991162393,4.756806691968634,52.28390671830972,57.04071341027836,56.105898140781484,0.08339318370291436,AR6 World GDP level and trajectory (unrebased),Fixed original NATO GDP share = 0.5018,MESSAGE-GLOBIOM 1.0,SSP2-45,0.9348152694968732,3.0858243977429813,56.10589814078149,1.6709822942256523,0.9348152694968661,30.248992271246436,5.778396364869215,3.232669295031762
2033,SA1_AR6_fixed_split,SSP2-4.5,S3,"NATO→5%, nonNATO→3.5%",0.055,170.15213545456908,85.38234157110277,84.7697938834663,0.5018,0.04711057859467799,0.033490660223439564,4.022411513183079,2.8389963641621754,6.861407877345254,0.7251561112405603,0.3194743706864008,0.3296164142002547,0.7967977401895385,4.975591853971032,52.16720243165809,57.14279428562912,56.08493675705109,0.08707295322487138,AR6 World GDP level and trajectory (unrebased),Fixed original NATO GDP share = 0.5018,MESSAGE-GLOBIOM 1.0,SSP2-45,1.0578575285780332,3.08467152163781,56.08493675705109,1.8909203323332222,1.0578575285780332,35.22458412521747,7.6693166972024365,4.290526823609795
2034,SA1_AR6_fixed_split,SSP2-4.5,S3,"NATO→5%, nonNATO→3.5%",0.055,174.65777916888334,87.64327358694567,87.01450558193767,0.5018,0.04882476919383726,0.034386097646015426,4.279162604274956,2.992089285560263,7.271251889835218,0.7061863179461751,0.31111704916509825,0.3209937808846251,0.7759538305892034,5.1348585989419,52.076802437050674,57.21166103599258,56.064060896331775,0.08975195800925087,AR6 World GDP level and trajectory (unrebased),Fixed original NATO GDP share = 0.5018,MESSAGE-GLOBIOM 1.0,SSP2-45,1.1476001396608027,3.0835233492982477,56.06406089633179,2.0513352496436523,1.1476001396607884,40.359442724159365,9.72065194684609,5.438126963270584
2035,SA1_AR6_fixed_split,SSP2-4.5,S3,"NATO→5%, nonNATO→3.5%",0.055,179.28273273038877,89.96407528410909,89.31865744627969,0.5018,0.049999999999972886,0.03499999999998584,4.498203764203015,3.1261530106185242,7.624356774821539,0.6877137211119276,0.3029787722381221,0.3125971459599672,0.7556562378573702,5.243374768697456,52.00884399140774,57.252218760105194,56.04327057142313,0.09158378281666131,AR6 World GDP level and trajectory (unrebased),Fixed original NATO GDP share = 0.5018,MESSAGE-GLOBIOM 1.0,SSP2-45,1.208948188682065,3.082379881428271,56.043270571423136,2.1609948872691853,1.208948188682058,45.60281749285682,11.881646834115275,6.647075151952642
2036,SA1_AR6_fixed_split,SSP2-4.5,S3,"NATO→5%, nonNATO→3.5%",0.055,184.0301554744741,92.34633201709111,91.68382345738299,0.5018,0.05,0.035,4.617316600854556,3.208933821008405,7.8262504218629605,0.6696860334656793,0.29503650425411054,0.3044027424843997,0.7358475090130395,5.241130601926506,51.98658418264559,57.2277147845721,56.01928402626037,0.09158378281670355,AR6 World GDP level and trajectory (unrebased),Fixed original NATO GDP share = 0.5018,MESSAGE-GLOBIOM 1.0,SSP2-45,1.208430758311728,3.081060621444321,56.01928402626039,2.1600699804821852,1.2084307583117138,50.84394809478333,14.04171681459746,7.855505910264355
2037,SA1_AR6_fixed_split,SSP2-4.5,S3,"NATO→5%, nonNATO→3.5%",0.055,188.9032903960116,94.79167112071863,94.11161927529298,0.5018,0.05,0.035,4.739583556035932,3.2939066746352546,8.033490230671186,0.6521317960557211,0.2873028192413317,0.29642354366169144,0.7165590048107143,5.23889441272369,51.96440350311859,57.20329791584228,55.99538274853933,0.09158378281670355,AR6 World GDP level and trajectory (unrebased),Fixed original NATO GDP share = 0.5018,MESSAGE-GLOBIOM 1.0,SSP2-45,1.20791516730295,3.079746051169663,55.99538274853933,2.1591483615540272,1.20791516730295,56.082842507507024,16.20086517615149,9.063421077567305
2038,SA1_AR6_fixed_split,SSP2-4.5,S3,"NATO→5%, nonNATO→3.5%",0.055,193.905466364666,97.30176302178941,96.6037033428766,0.5018,0.05,0.035,4.865088151089471,3.3811296170006813,8.246217768090151,0.6350385530727026,0.2797722296753865,0.2886538877603194,0.6977770388722633,5.236666199770381,51.9423019397209,57.17896813949128,55.9715667241387,0.09158378281670354,AR6 World GDP level and trajectory (unrebased),Fixed original NATO GDP share = 0.5018,MESSAGE-GLOBIOM 1.0,SSP2-45,1.2074014153525852,3.078436169827628,55.97156672413869,2.1582300299427533,1.2074014153525923,61.3195087072774,18.35909520609424,10.270822492919898
2039,SA1_AR6_fixed_split,SSP2-4.5,S3,"NATO→5%, nonNATO→3.5%",0.055,199.04010039886774,99.87832238015183,99.1617780187159,0.5018,0.05,0.035,4.993916119007592,3.470662230655057,8.464578349662649,0.6183941773153875,0.27243939280328267,0.28108826241608525,0.6794882858924313,5.234445964861274,51.92027951025404,57.15472547511531,55.94783597224089,0.09158378281670354,AR6 World GDP level and trajectory (unrebased),Fixed original NATO GDP share = 0.5018,MESSAGE-GLOBIOM 1.0,SSP2-45,1.206889502874425,3.0771309784732486,55.947835972240895,2.157314986388025,1.206889502874418,66.55395467213867,20.516410192482265,11.477711995794316
2040,SA1_AR6_fixed_split,SSP2-4.5,S3,"NATO→5%, nonNATO→3.5%",0.055,204.31069999999988,102.52310925999994,101.78759073999994,0.5018,0.05,0.035,5.126155462999997,3.5625656758999984,8.688721138899997,0.6021868607569276,0.26529910648731786,0.27372130034405806,0.6616797712731105,5.232233706626546,51.89833620113078,57.13056990775733,55.924190478204714,0.09158378281670354,AR6 World GDP level and trajectory (unrebased),Fixed original NATO GDP share = 0.5018,MESSAGE-GLOBIOM 1.0,SSP2-45,1.2063794295526122,3.0758304763012583,55.92419047820472,2.1564032303252874,1.2063794295526051,71.78618837876522,22.672813422807554,12.68409142534692
2041,SA1_AR6_fixed_split,SSP2-4.5,S3,"NATO→5%, nonNATO→3.5%",0.055,208.80012660245816,104.7759035291135,104.02422307334466,0.5018,0.05,0.035,5.2387951764556755,3.6408478075670634,8.87964298402274,0.5867880573215157,0.258515018260528,0.26672184423705264,0.6447596466423345,5.21046845630333,51.68244747327341,56.892915929576745,55.691554844337716,0.09158378281670354,AR6 World GDP level and trajectory (unrebased),Fixed original NATO GDP share = 0.5018,MESSAGE-GLOBIOM 1.0,SSP2-45,1.2013610852390286,3.0630355164385743,55.69155484433772,2.1474329398647556,1.2013610852390215,76.99665683506855,24.820246362672307,13.885452510585942
2042,SA1_AR6_fixed_split,SSP2-4.5,S3,"NATO→5%, nonNATO→3.5%",0.055,213.3882017398134,107.07819963303838,106.31000210677503,0.5018,0.05,0.035,5.35390998165192,3.7208500737371266,9.074760055389046,0.5717751205493151,0.251900927235013,0.2598977820678705,0.6282635102818018,5.188722024626181,51.466745406883255,56.655467431509436,55.45912035162881,0.09158378281670355,AR6 World GDP level and trajectory (unrebased),Fixed original NATO GDP share = 0.5018,MESSAGE-GLOBIOM 1.0,SSP2-45,1.1963470798806242,3.0502516193395843,55.45912035162882,2.138470405286597,1.196347079880617,82.18537885969474,26.958716767958904,15.08179959046656
2043,SA1_AR6_fixed_split,SSP2-4.5,S3,"NATO→5%, nonNATO→3.5%",0.055,218.0770930682727,109.43108530165924,108.64600776661345,0.5018,0.05,0.035,5.471554265082962,3.802610271831471,9.274164536914434,0.5571385315856668,0.24545263978948967,0.2532447870843941,0.6121809029238268,5.166994411780373,51.25123000379803,56.4182244155784,55.22688700205831,0.09158378281670354,AR6 World GDP level and trajectory (unrebased),Fixed original NATO GDP share = 0.5018,MESSAGE-GLOBIOM 1.0,SSP2-45,1.1913374135200883,3.0374787851132066,55.22688700205831,2.1295156266671667,1.1913374135200883,87.3523732714751,29.088232394626072,16.273137003986648
2044,SA1_AR6_fixed_split,SSP2-4.5,S3,"NATO→5%, nonNATO→3.5%",0.055,222.86901587509283,111.83567216612158,111.03334370897124,0.5018,0.05,0.035,5.59178360830608,3.886167029813994,9.477950638120074,0.5428690033434466,0.23916606441004992,0.2467586378833848,0.5965016199656774,5.145285616654628,51.035901252995,56.18118686964962,54.99485478374837,0.09158378281670355,AR6 World GDP level and trajectory (unrebased),Fixed original NATO GDP share = 0.5018,MESSAGE-GLOBIOM 1.0,SSP2-45,1.186332085901249,3.0247170131061605,54.99485478374838,2.1205686035484677,1.1863320859012418,92.49765888812973,31.20880099817454,17.45946908988789
2045,SA1_AR6_fixed_split,SSP2-4.5,S3,"NATO→5%, nonNATO→3.5%",0.055,227.7662341252057,114.29309628402822,113.47313784117748,0.5018,0.05,0.035,5.7146548142014115,3.971559824441212,9.686214638642623,0.5289574752175431,0.233037209361575,0.24043521600797416,0.5812157056618733,5.123595639671608,50.820759158666554,55.94435479833816,54.763023701216646,0.09158378281670353,AR6 World GDP level and trajectory (unrebased),Fixed original NATO GDP share = 0.5018,MESSAGE-GLOBIOM 1.0,SSP2-45,1.1813310971215145,3.0119663035669157,54.76302370121665,2.1116293361046923,1.1813310971215074,97.62125452780134,33.32043033427923,18.640800187009397
2046,SA1_AR6_fixed_split,SSP2-4.5,S3,"NATO→5%, nonNATO→3.5%",0.055,232.7710615308356,116.8045186761733,115.9665428546623,0.5018,0.05,0.035,5.840225933808665,4.058828999913181,9.899054933721846,0.5153909074062406,0.22706032983631586,0.23426859427556396,0.5663088319465279,5.101882904755125,50.60539132922221,55.70727423397733,54.53094937285966,0.09158378281670354,AR6 World GDP level and trajectory (unrebased),Fixed original NATO GDP share = 0.5018,MESSAGE-GLOBIOM 1.0,SSP2-45,1.1763248611176707,2.9992022155072804,54.530949372859666,2.1026806892478445,1.1763248611176635,102.72313743255647,35.42311102352708,19.81712504812706
2047,SA1_AR6_fixed_split,SSP2-4.5,S3,"NATO→5%, nonNATO→3.5%",0.055,237.88586264462404,119.37112587507235,118.51473676955169,0.5018,0.05,0.035,5.968556293753618,4.14801578693431,10.116572080687927,0.5021651032071643,0.22123357693742213,0.22825686509416565,0.551776387505034,5.08018946300137,50.39021486795862,55.47040433095999,54.29908125748317,0.09158378281670353,AR6 World GDP level and trajectory (unrebased),Fixed original NATO GDP share = 0.5018,MESSAGE-GLOBIOM 1.0,SSP2-45,1.1713230734768203,2.9864494691615735,54.299081257483174,2.093739993839797,1.1713230734768132,107.80332689555783,37.516851017366875,20.988448121603874
2048,SA1_AR6_fixed_split,SSP2-4.5,S3,"NATO→5%, nonNATO→3.5%",0.055,243.11305397677407,121.99413048554523,121.11892349122884,0.5018,0.05,0.035,6.099706524277262,4.2391623221930095,10.338868846470271,0.489271639712812,0.2155532398734767,0.22239619986946002,0.537609117290706,5.058515313288219,50.17522976374545,55.23374507703367,54.06741934309347,0.09158378281670353,AR6 World GDP level and trajectory (unrebased),Fixed original NATO GDP share = 0.5018,MESSAGE-GLOBIOM 1.0,SSP2-45,1.166325733940198,2.9737080638701405,54.06741934309348,2.0848072494180787,1.1663257339401838,112.86184220884606,39.60165826678495,22.154773855544057
2049,SA1_AR6_fixed_split,SSP2-4.5,S3,"NATO→5%, nonNATO→3.5%",0.055,248.45510513673833,124.6747717576153,123.78033337912302,0.5018,0.05,0.035,6.233738587880765,4.332311668269306,10.56605025615007,0.47670229971816847,0.2100156984772351,0.21668286350825844,0.5237979922816753,5.036860456044482,49.960436020836056,54.997296476880535,53.835963634273874,0.09158378281670354,AR6 World GDP level and trajectory (unrebased),Fixed original NATO GDP share = 0.5018,MESSAGE-GLOBIOM 1.0,SSP2-45,1.1613328426066616,2.9609779998850625,53.83596363427387,2.0758824561594196,1.1613328426066687,117.89870266489054,41.67754072294437,23.316106698150726
2050,SA1_AR6_fixed_split,SSP2-4.5,S3,"NATO→5%, nonNATO→3.5%",0.055,253.91454000000022,127.41431617200011,126.5002238280001,0.5018,0.05,0.035,6.370715808600006,4.427507833980004,10.798223642580009,0.46444906651581425,0.20461742091256158,0.21111321205264286,0.5103342037617818,5.01522489082528,49.74583363481773,54.76105852564301,53.604714126269315,0.09158378281670353,AR6 World GDP level and trajectory (unrebased),Fixed original NATO GDP share = 0.5018,MESSAGE-GLOBIOM 1.0,SSP2-45,1.156344399373694,2.948259276944812,53.604714126269315,2.066965613880468,1.156344399373694,122.91392755571582,43.74450633682484,24.47245109752442
2025,SA1_AR6_fixed_split,SSP3-7.0,S0,Baseline,0.055,131.57368822870808,66.02367675316572,65.55001147554236,0.5018,0.027,0.022985547972701727,1.7826392723354743,1.5067029333822277,3.289342205717702,1.1017398414242405,0.4853818881799102,0.5007908370110185,1.0,3.6239993601174825,62.26689809656402,65.8908974566815,65.8908974566815,0.055,AR6 World GDP level and trajectory (unrebased),Fixed original NATO GDP share = 0.5018,MIGRATION 1.0,SSP3-7.0_zeromig,0.0,3.6239993601174825,65.8908974566815,0.0,0.0,3.6239993601174825,0.0,0.0
2026,SA1_AR6_fixed_split,SSP3-7.0,S0,Baseline,0.055,134.8941946705815,67.6899068856978,67.2042877848837,0.5018,0.027,0.022985547972701727,1.8276274859138404,1.544727380850697,3.372354866764537,1.0922086149803605,0.481182816389949,0.4964584613547093,0.9913489318571261,3.6833150382511732,63.28604929358834,66.96936433183951,66.96936433183951,0.055,AR6 World GDP level and trajectory (unrebased),Fixed original NATO GDP share = 0.5018,MIGRATION 1.0,SSP3-7.0_zeromig,0.0,3.6833150382511732,66.96936433183951,0.0,0.0,7.307314398368655,0.0,0.0
2027,SA1_AR6_fixed_split,SSP3-7.0,S0,Baseline,0.055,138.29850026089372,69.39818743091647,68.90031282997725,0.5018,0.027,0.022985547972701727,1.8737510606347445,1.5837114458875985,3.4574625065223428,1.0827404333566648,0.4770115195906985,0.49215474243484764,0.9827550866790704,3.743534452626422,64.32072832239943,68.06426277502585,68.06426277502585,0.055,AR6 World GDP level and trajectory (unrebased),Fixed original NATO GDP share = 0.5018,MIGRATION 1.0,SSP3-7.0_zeromig,0.0,3.743534452626422,68.06426277502585,0.0,0.0,11.050848850995077,0.0,0.0
2028,SA1_AR6_fixed_split,SSP3-7.0,S0,Baseline,0.055,141.78871982682614,71.14957960910137,70.63914021772477,0.5018,0.027,0.022985547972701727,1.9210386494457368,1.6236793462249166,3.5447179956706534,1.0727564423047062,0.47261297807829716,0.4876165646839574,0.9736930643426066,3.802619066009119,65.33590940688396,69.13852847289307,69.13852847289309,0.055,AR6 World GDP level and trajectory (unrebased),Fixed original NATO GDP share = 0.5018,MIGRATION 1.0,SSP3-7.0_zeromig,-1.4210854715202004e-14,3.802619066009119,69.13852847289307,0.0,0.0,14.853467917004197,0.0,0.0
2029,SA1_AR6_fixed_split,SSP3-7.0,S0,Baseline,0.055,145.36702156715262,72.9451714223972,72.42185014475542,0.5018,0.027,0.022985547972701727,1.9695196284047243,1.6646559107740913,3.6341755391788153,1.062059045927474,0.4679001391149011,0.48275411178521543,0.9639835158856827,3.8597090058732157,66.3168183736398,70.17652737951302,70.17652737951302,0.05499999999999999,AR6 World GDP level and trajectory (unrebased),Fixed original NATO GDP share = 0.5018,MIGRATION 1.0,SSP3-7.0_zeromig,0.0,3.8597090058732157,70.17652737951302,0.0,0.0,18.713176922877413,0.0,0.0
2030,SA1_AR6_fixed_split,SSP3-7.0,S0,Baseline,0.055,149.0356283991709,74.78607833070396,74.24955006846693,0.5018,0.027,0.022985547972701727,2.0192241149290067,1.7066665950502655,3.7258907099792724,1.0510509955537957,0.4630504386006233,0.4777504525244526,0.953992000684192,3.9161011400483527,67.2857377699217,71.20183890997005,71.20183890997005,0.055,AR6 World GDP level and trajectory (unrebased),Fixed original NATO GDP share = 0.5018,MIGRATION 1.0,SSP3-7.0_zeromig,0.0,3.9161011400483527,71.20183890997005,0.0,0.0,22.629278062925763,0.0,0.0
2031,SA1_AR6_fixed_split,SSP3-7.0,S0,Baseline,0.055,151.81959450515436,76.18307252268646,75.6365219824679,0.5018,0.027,0.022985547972701727,2.0569429581125345,1.7385469045163247,3.795489862628859,1.0395201427003753,0.4579704125183472,0.47250915577289787,0.9435259610440949,3.9454881636177794,67.79066026579639,71.73614842941417,71.73614842941417,0.055,AR6 World GDP level and trajectory (unrebased),Fixed original NATO GDP share = 0.5018,MIGRATION 1.0,SSP3-7.0_zeromig,0.0,3.9454881636177794,71.73614842941417,0.0,0.0,26.574766226543545,0.0,0.0
2032,SA1_AR6_fixed_split,SSP3-7.0,S0,Baseline,0.055,154.65556473500078,77.60616238402339,77.04940235097739,0.5018,0.027,0.022985547972701727,2.0953663843686314,1.771022734006388,3.8663891183750194,1.028534169344675,0.45313043824275895,0.46751553152030684,0.9335544841648541,3.976713320231141,68.32716522942597,72.30387854965711,72.30387854965711,0.05499999999999999,AR6 World GDP level and trajectory (unrebased),Fixed original NATO GDP share = 0.5018,MIGRATION 1.0,SSP3-7.0_zeromig,0.0,3.976713320231141,72.30387854965711,0.0,0.0,30.551479546774686,0.0,0.0
2033,SA1_AR6_fixed_split,SSP3-7.0,S0,Baseline,0.055,157.54451051896345,79.05583537841586,78.48867514054758,0.5018,0.027,0.022985547972701727,2.1345075552172283,1.804105207756858,3.9386127629740866,1.017157036564737,0.448118134990059,0.46234410752942595,0.9232279693632921,4.006187686162773,68.83358842588764,72.83977611205042,72.83977611205042,0.05500000000000001,AR6 World GDP level and trajectory (unrebased),Fixed original NATO GDP share = 0.5018,MIGRATION 1.0,SSP3-7.0_zeromig,0.0,4.006187686162773,72.83977611205042,0.0,0.0,34.55766723293746,0.0,0.0
2034,SA1_AR6_fixed_split,SSP3-7.0,S0,Baseline,0.055,160.48742143348534,80.53258807532295,79.95483335816239,0.5018,0.027,0.022985547972701727,2.1743798780337196,1.8378056578034139,4.012185535837133,1.0058508440245673,0.44313708512970446,0.45720492910207605,0.9129658438459339,4.035660207604941,69.33997993066671,73.37564013827165,73.37564013827166,0.05500000000000001,AR6 World GDP level and trajectory (unrebased),Fixed original NATO GDP share = 0.5018,MIGRATION 1.0,SSP3-7.0_zeromig,-1.4210854715202004e-14,4.035660207604941,73.37564013827165,0.0,0.0,38.5933274405424,0.0,0.0
2035,SA1_AR6_fixed_split,SSP3-7.0,S0,Baseline,0.055,163.48530554016915,82.03692632005688,81.44837922011227,0.5018,0.027,0.022985547972701727,2.2149970106415355,1.872135627862693,4.087132638504229,0.9946707937697744,0.4382116084440265,0.4521230880771702,0.9028182120417322,4.065351465783354,69.85012973027763,73.91548119606098,73.91548119606098,0.055,AR6 World GDP level and trajectory (unrebased),Fixed original NATO GDP share = 0.5018,MIGRATION 1.0,SSP3-7.0_zeromig,0.0,4.065351465783354,73.91548119606098,0.0,0.0,42.658678906325754,0.0,0.0
2036,SA1_AR6_fixed_split,SSP3-7.0,S0,Baseline,0.055,166.0319077353614,83.31481130160435,82.71709643375704,0.5018,0.027,0.022985547972701727,2.2494999051433173,1.9012977882407172,4.1507976933840345,0.9806338015511392,0.4320274790050474,0.4457426370686997,0.8900774617385669,4.0704125215328855,69.93708786997415,74.00750039150704,74.00750039150702,0.05499999999999998,AR6 World GDP level and trajectory (unrebased),Fixed original NATO GDP share = 0.5018,MIGRATION 1.0,SSP3-7.0_zeromig,1.4210854715202004e-14,4.0704125215328855,74.00750039150704,0.0,0.0,46.72909142785864,0.0,0.0
2037,SA1_AR6_fixed_split,SSP3-7.0,S0,Baseline,0.055,168.61817822195806,84.61260183177856,84.0055763901795,0.5018,0.027,0.022985547972701727,2.284540249458021,1.9309142060909303,4.215454455548952,0.9740034486034628,0.42910641441970737,0.44272884027430126,0.8840593867825907,4.1058671771355115,70.54626331623743,74.65213049337294,74.65213049337294,0.055,AR6 World GDP level and trajectory (unrebased),Fixed original NATO GDP share = 0.5018,MIGRATION 1.0,SSP3-7.0_zeromig,0.0,4.1058671771355115,74.65213049337294,0.0,0.0,50.83495860499415,0.0,0.0
2038,SA1_AR6_fixed_split,SSP3-7.0,S0,Baseline,0.055,171.24473491089452,85.93060797828687,85.31412693260765,0.5018,0.027,0.022985547972701727,2.3201264154137453,1.9609919573586176,4.281118372772363,0.9665106363765756,0.42580538525681305,0.43932301653480715,0.8772584960957285,4.137746442871667,71.09400706388591,75.23175350675758,75.23175350675758,0.055,AR6 World GDP level and trajectory (unrebased),Fixed original NATO GDP share = 0.5018,MIGRATION 1.0,SSP3-7.0_zeromig,0.0,4.137746442871667,75.23175350675758,0.0,0.0,54.972705047865816,0.0,0.0
2039,SA1_AR6_fixed_split,SSP3-7.0,S0,Baseline,0.055,173.91220533827186,87.26914463874482,86.64306069952704,0.5018,0.027,0.022985547972701727,2.3562669052461103,1.9915382282106864,4.347805133456797,0.9589518679210137,0.4224752984547123,0.4358872126913699,0.8703977398887182,4.169335854084967,71.63677058382352,75.80610643790848,75.8061064379085,0.055000000000000014,AR6 World GDP level and trajectory (unrebased),Fixed original NATO GDP share = 0.5018,MIGRATION 1.0,SSP3-7.0_zeromig,-1.4210854715202004e-14,4.169335854084967,75.80610643790848,0.0,0.0,59.142040901950786,0.0,0.0
2040,SA1_AR6_fixed_split,SSP3-7.0,S0,Baseline,0.055,176.62122681528984,88.62853161591245,87.9926951993774,0.5018,0.027,0.022985547972701727,2.3929703536296363,2.02256031675261,4.415530670382246,0.9524384229768202,0.4196057387939838,0.43292655589855467,0.8644857771010482,4.205521068304648,72.25849835541624,76.46401942372088,76.46401942372088,0.05499999999999999,AR6 World GDP level and trajectory (unrebased),Fixed original NATO GDP share = 0.5018,MIGRATION 1.0,SSP3-7.0_zeromig,0.0,4.205521068304648,76.46401942372088,0.0,0.0,63.347561970255434,0.0,0.0
2041,SA1_AR6_fixed_split,SSP3-7.0,S0,Baseline,0.055,178.90912044074537,89.77659663716604,89.13252380357933,0.5018,0.027,0.022985547972701727,2.423968109203483,2.0487599018151514,4.472728011018635,0.9454692973970192,0.4165354247273581,0.42975877154409964,0.8581602133719632,4.228827010025756,72.65893680862435,76.8877638186501,76.8877638186501,0.05500000000000001,AR6 World GDP level and trajectory (unrebased),Fixed original NATO GDP share = 0.5018,MIGRATION 1.0,SSP3-7.0_zeromig,0.0,4.228827010025756,76.8877638186501,0.0,0.0,67.5763889802812,0.0,0.0
2042,SA1_AR6_fixed_split,SSP3-7.0,S0,Baseline,0.055,181.22665069219272,90.93953331734231,90.28711737485041,0.5018,0.027,0.022985547972701727,2.4553673995682423,2.0752988677365756,4.530666267304818,0.936886529056948,0.41275420510900507,0.42585751320770365,0.8503700182484247,4.24472019349061,72.93201059724775,77.17673079073836,77.17673079073836,0.05500000000000001,AR6 World GDP level and trajectory (unrebased),Fixed original NATO GDP share = 0.5018,MIGRATION 1.0,SSP3-7.0_zeromig,0.0,4.24472019349061,77.17673079073836,0.0,0.0,71.8211091737718,0.0,0.0
2043,SA1_AR6_fixed_split,SSP3-7.0,S0,Baseline,0.055,183.5742014727959,92.11753429904898,91.45666717374691,0.5018,0.027,0.022985547972701727,2.4871734260743223,2.102181610745575,4.589355036819898,0.9285898566363522,0.40909902774888246,0.4220862984710692,0.8428394996008731,4.26162853569391,73.2225266587408,77.48415519443472,77.48415519443472,0.055,AR6 World GDP level and trajectory (unrebased),Fixed original NATO GDP share = 0.5018,MIGRATION 1.0,SSP3-7.0_zeromig,0.0,4.26162853569391,77.48415519443472,0.0,0.0,76.0827377094657,0.0,0.0
2044,SA1_AR6_fixed_split,SSP3-7.0,S0,Baseline,0.055,185.95216165867362,93.31079472032242,92.6413669383512,0.5018,0.027,0.022985547972701727,2.5193914574487053,2.129412584018135,4.648804041466841,0.9199234139976834,0.40528094462835,0.4181470063625834,0.8349733570572164,4.276543684832404,73.47879603939312,77.75533972422552,77.75533972422554,0.05500000000000001,AR6 World GDP level and trajectory (unrebased),Fixed original NATO GDP share = 0.5018,MIGRATION 1.0,SSP3-7.0_zeromig,-1.4210854715202004e-14,4.276543684832404,77.75533972422552,0.0,0.0,80.35928139429811,0.0,0.0
2045,SA1_AR6_fixed_split,SSP3-7.0,S0,Baseline,0.055,188.36092516332008,94.51951224695402,93.84141291636605,0.5018,0.027,0.022985547972701727,2.5520268306677587,2.1569962984152435,4.709023129083002,0.9113631301363723,0.4015096307593808,0.4142559682438056,0.8272035700898639,4.2916300588056595,73.7380073740245,78.02963743283017,78.02963743283017,0.055,AR6 World GDP level and trajectory (unrebased),Fixed original NATO GDP share = 0.5018,MIGRATION 1.0,SSP3-7.0_zeromig,0.0,4.2916300588056595,78.02963743283017,0.0,0.0,84.65091145310377,0.0,0.0
2046,SA1_AR6_fixed_split,SSP3-7.0,S0,Baseline,0.055,190.33151516008925,95.5083543073328,94.82316085275646,0.5018,0.027,0.022985547972701727,2.5787255662979853,2.179562312704246,4.758287879002231,0.9051865298289828,0.39878847118339805,0.4114484226495377,0.8215973461201427,4.307138093121341,74.00446359999394,78.31160169311528,78.31160169311529,0.05500000000000001,AR6 World GDP level and trajectory (unrebased),Fixed original NATO GDP share = 0.5018,MIGRATION 1.0,SSP3-7.0_zeromig,-1.4210854715202004e-14,4.307138093121341,78.31160169311528,0.0,0.0,88.95804954622511,0.0,0.0
2047,SA1_AR6_fixed_split,SSP3-7.0,S0,Baseline,0.055,192.32272102998604,96.507541412847,95.81517961713904,0.5018,0.027,0.022985547972701727,2.605703618146869,2.202364407602782,4.808068025749651,0.8995415968067042,0.39630154264910744,0.4088825440030474,0.8164736927765536,4.325057189438099,74.31234625489097,78.63740344432907,78.63740344432908,0.05500000000000001,AR6 World GDP level and trajectory (unrebased),Fixed original NATO GDP share = 0.5018,MIGRATION 1.0,SSP3-7.0_zeromig,-1.4210854715202004e-14,4.325057189438099,78.63740344432907,0.0,0.0,93.28310673566321,0.0,0.0
2048,SA1_AR6_fixed_split,SSP3-7.0,S0,Baseline,0.055,194.334758451678,97.51718179105202,96.81757666062597,0.5018,0.027,0.022985547972701727,2.6329639083584047,2.2254050529335454,4.85836896129195,0.8936919473373115,0.393724424351403,0.4062236124260507,0.811164227465913,4.3418852179001535,74.60148238028447,78.94336759818462,78.94336759818462,0.05499999999999999,AR6 World GDP level and trajectory (unrebased),Fixed original NATO GDP share = 0.5018,MIGRATION 1.0,SSP3-7.0_zeromig,0.0,4.3418852179001535,78.94336759818462,0.0,0.0,97.62499195356337,0.0,0.0
2049,SA1_AR6_fixed_split,SSP3-7.0,S0,Baseline,0.055,196.36784536021483,98.5373848017558,97.83046055845902,0.5018,0.027,0.022985547972701727,2.6605093896474066,2.248686744357964,4.90919613400537,0.8870918103548496,0.39081667169479395,0.40322355016129535,0.8051735781907359,4.3549076859018525,74.82523205776822,79.18013974367007,79.18013974367007,0.054999999999999986,AR6 World GDP level and trajectory (unrebased),Fixed original NATO GDP share = 0.5018,MIGRATION 1.0,SSP3-7.0_zeromig,0.0,4.3549076859018525,79.18013974367007,0.0,0.0,101.97989963946522,0.0,0.0
2050,SA1_AR6_fixed_split,SSP3-7.0,S0,Baseline,0.055,198.4222019706341,99.5682609488642,98.8539410217699,0.5018,0.027,0.022985547972701727,2.6883430456193333,2.272212003646519,4.960555049265853,0.8808209371380931,0.38805397929860047,0.4003731532445878,0.7994817869157194,4.3693607472194484,75.07356192949779,79.44292267671723,79.44292267671723,0.05500000000000001,AR6 World GDP level and trajectory (unrebased),Fixed original NATO GDP share = 0.5018,MIGRATION 1.0,SSP3-7.0_zeromig,0.0,4.3693607472194484,79.44292267671723,0.0,0.0,106.34926038668466,0.0,0.0
2025,SA1_AR6_fixed_split,SSP3-7.0,S1,"NATO→3.5%, nonNATO holds",0.055,131.57368822870808,66.02367675316572,65.55001147554236,0.5018,0.027,0.022985547972701727,1.7826392723354743,1.5067029333822277,3.289342205717702,1.1017398414242405,0.4853818881799102,0.5007908370110185,1.0,3.6239993601174825,62.26689809656402,65.8908974566815,65.8908974566815,0.055,AR6 World GDP level and trajectory (unrebased),Fixed original NATO GDP share = 0.5018,MIGRATION 1.0,SSP3-7.0_zeromig,0.0,3.6239993601174825,65.8908974566815,0.0,0.0,3.6239993601174825,0.0,0.0
2026,SA1_AR6_fixed_split,SSP3-7.0,S1,"NATO→3.5%, nonNATO holds",0.055,134.8941946705815,67.6899068856978,67.2042877848837,0.5018,0.02740877593256891,0.022985547972701727,1.8552974907265443,1.544727380850697,3.400024871577241,1.0922086149803605,0.481182816389949,0.4964584613547093,0.9913489318571261,3.7135364558841566,63.27273496274304,66.9862714186272,66.96936433183951,0.05543727658278821,AR6 World GDP level and trajectory (unrebased),Fixed original NATO GDP share = 0.5018,MIGRATION 1.0,SSP3-7.0_zeromig,0.0169070867876826,3.6833150382511732,66.96936433183951,0.03022141763298336,0.0169070867876826,7.337535816001639,0.03022141763298336,0.0169070867876826
2027,SA1_AR6_fixed_split,SSP3-7.0,S1,"NATO→3.5%, nonNATO holds",0.055,138.29850026089372,69.39818743091647,68.90031282997725,0.5018,0.028005016140972137,0.022985547972701727,1.9434973591570253,1.5837114458875985,3.5272088050446238,1.0827404333566648,0.4770115195906985,0.49215474243484764,0.9827550866790704,3.81905159011346,64.28745853455548,68.10651012466894,68.06426277502585,0.056074692171463304,AR6 World GDP level and trajectory (unrebased),Fixed original NATO GDP share = 0.5018,MIGRATION 1.0,SSP3-7.0_zeromig,0.04224734964309107,3.743534452626422,68.06426277502585,0.07551713748703781,0.04224734964309107,11.156587406115099,0.10573855512002117,0.05915443643077367
2028,SA1_AR6_fixed_split,SSP3-7.0,S1,"NATO→3.5%, nonNATO holds",0.055,141.78871982682614,71.14957960910137,70.63914021772477,0.5018,0.028820930945768986,0.022985547972701727,2.0505971207344036,1.6236793462249166,3.67427646695932,1.0727564423047062,0.47261297807829716,0.4876165646839574,0.9736930643426066,3.9416037507391857,65.27467839193295,69.21628214267214,69.13852847289309,0.0569461928425244,AR6 World GDP level and trajectory (unrebased),Fixed original NATO GDP share = 0.5018,MIGRATION 1.0,SSP3-7.0_zeromig,0.07775366977905662,3.802619066009119,69.13852847289307,0.13898468473006664,0.07775366977907083,15.098191156854284,0.24472323985008781,0.1369081062098445
2029,SA1_AR6_fixed_split,SSP3-7.0,S1,"NATO→3.5%, nonNATO holds",0.055,145.36702156715262,72.9451714223972,72.42185014475542,0.5018,0.029845109579542582,0.022985547972701727,2.177056634399962,1.6646559107740913,3.8417125451740537,1.062059045927474,0.4679001391149011,0.48275411178521543,0.9639835158856827,4.080125560455163,66.21971177966313,70.29983734011829,70.17652737951302,0.058038904709196835,AR6 World GDP level and trajectory (unrebased),Fixed original NATO GDP share = 0.5018,MIGRATION 1.0,SSP3-7.0_zeromig,0.123309960605269,3.8597090058732157,70.17652737951302,0.2204165545819472,0.123309960605269,19.17831671730945,0.465139794432035,0.2602180668151135
2030,SA1_AR6_fixed_split,SSP3-7.0,S1,"NATO→3.5%, nonNATO holds",0.055,149.0356283991709,74.78607833070396,74.24955006846693,0.5018,0.030999999999995285,0.022985547972701727,2.3183684282514703,1.7066665950502655,4.025035023301736,1.0510509955537957,0.4630504386006233,0.4777504525244526,0.953992000684192,4.230517068380184,67.14721886443284,71.37773593281302,71.20183890997005,0.05926942082279434,AR6 World GDP level and trajectory (unrebased),Fixed original NATO GDP share = 0.5018,MIGRATION 1.0,SSP3-7.0_zeromig,0.1758970228429746,3.9161011400483527,71.20183890997005,0.3144159283318313,0.1758970228429746,23.40883378568963,0.7795557227638663,0.4361150896580881
2031,SA1_AR6_fixed_split,SSP3-7.0,S1,"NATO→3.5%, nonNATO holds",0.055,151.81959450515436,76.18307252268646,75.6365219824679,0.5018,0.03215489042044799,0.022985547972701727,2.449658348860025,1.7385469045163247,4.18820525337635,1.0395201427003753,0.4579704125183472,0.47250915577289787,0.9435259610440949,4.353723722648245,67.61080823629347,71.9645319589417,71.73614842941417,0.06049818715047292,AR6 World GDP level and trajectory (unrebased),Fixed original NATO GDP share = 0.5018,MIGRATION 1.0,SSP3-7.0_zeromig,0.22838352952753382,3.9454881636177794,71.73614842941417,0.4082355590304654,0.22838352952753382,27.762557508337878,1.1877912817943317,0.6644986191856219
2032,SA1_AR6_fixed_split,SSP3-7.0,S1,"NATO→3.5%, nonNATO holds",0.055,154.65556473500078,77.60616238402339,77.04940235097739,0.5018,0.033179069054221584,0.022985547972701727,2.5749002207726455,1.771022734006388,4.3459229547790335,1.028534169344675,0.45313043824275895,0.46751553152030684,0.9335544841648541,4.469930256329609,68.10987385198399,72.5798041083136,72.30387854965711,0.06158641940751124,AR6 World GDP level and trajectory (unrebased),Fixed original NATO GDP share = 0.5018,MIGRATION 1.0,SSP3-7.0_zeromig,0.27592555865648194,3.976713320231141,72.30387854965711,0.49321693609846795,0.27592555865648194,32.23248776466748,1.6810082178927996,0.9404241778421039
2033,SA1_AR6_fixed_split,SSP3-7.0,S1,"NATO→3.5%, nonNATO holds",0.055,157.54451051896345,79.05583537841586,78.48867514054758,0.5018,0.03399498385901843,0.022985547972701727,2.6875018476504655,1.804105207756858,4.491607055407323,1.017157036564737,0.448118134990059,0.46234410752942595,0.9232279693632921,4.568669721891378,68.58578165490232,73.1544513767937,72.83977611205042,0.062452381719872566,AR6 World GDP level and trajectory (unrebased),Fixed original NATO GDP share = 0.5018,MIGRATION 1.0,SSP3-7.0_zeromig,0.3146752647432862,4.006187686162773,72.83977611205042,0.5624820357286042,0.3146752647432862,36.801157486558864,2.243490253621404,1.25509944258539
2034,SA1_AR6_fixed_split,SSP3-7.0,S1,"NATO→3.5%, nonNATO holds",0.055,160.48742143348534,80.53258807532295,79.95483335816239,0.5018,0.034591224067421655,0.022985547972701727,2.785720798842865,1.8378056578034139,4.623526456646279,1.0058508440245673,0.44313708512970446,0.45720492910207605,0.9129658438459339,4.6505779887875764,69.06907209699884,73.71965008578641,73.37564013827166,0.06308464545580142,AR6 World GDP level and trajectory (unrebased),Fixed original NATO GDP share = 0.5018,MIGRATION 1.0,SSP3-7.0_zeromig,0.3440099475147491,4.035660207604941,73.37564013827165,0.6149177811826352,0.3440099475147633,41.45173547534644,2.858408034804039,1.5991093901001534
2035,SA1_AR6_fixed_split,SSP3-7.0,S1,"NATO→3.5%, nonNATO holds",0.055,163.48530554016915,82.03692632005688,81.44837922011227,0.5018,0.03499999999999057,0.022985547972701727,2.8712924212012174,1.872135627862693,4.74342804906391,0.9946707937697744,0.4382116084440265,0.4521230880771702,0.9028182120417322,4.718149342752212,69.56253346280184,74.28068280555405,73.91548119606098,0.06351785100176045,AR6 World GDP level and trajectory (unrebased),Fixed original NATO GDP share = 0.5018,MIGRATION 1.0,SSP3-7.0_zeromig,0.3652016094930701,4.065351465783354,73.91548119606098,0.652797876968858,0.3652016094930701,46.16988481809865,3.511205911772897,1.9643109995932235
2036,SA1_AR6_fixed_split,SSP3-7.0,S1,"NATO→3.5%, nonNATO holds",0.055,166.0319077353614,83.31481130160435,82.71709643375704,0.5018,0.035,0.022985547972701727,2.9160183955561525,1.9012977882407172,4.817316183796869,0.9806338015511392,0.4320274790050474,0.4457426370686997,0.8900774617385669,4.72402308259055,69.64913356685084,74.37315664944138,74.00750039150702,0.06351785100177045,AR6 World GDP level and trajectory (unrebased),Fixed original NATO GDP share = 0.5018,MIGRATION 1.0,SSP3-7.0_zeromig,0.3656562579343614,4.0704125215328855,74.00750039150704,0.6536105610576648,0.3656562579343472,50.8939079006892,4.164816472830562,2.3299672575275707
2037,SA1_AR6_fixed_split,SSP3-7.0,S1,"NATO→3.5%, nonNATO holds",0.055,168.61817822195806,84.61260183177856,84.0055763901795,0.5018,0.035,0.022985547972701727,2.96144106411225,1.9309142060909303,4.89235527020318,0.9740034486034628,0.42910641441970737,0.44272884027430126,0.8840593867825907,4.765170904971224,70.25580083474337,75.0209717397146,74.65213049337294,0.06351785100177046,AR6 World GDP level and trajectory (unrebased),Fixed original NATO GDP share = 0.5018,MIGRATION 1.0,SSP3-7.0_zeromig,0.3688412463416597,4.1058671771355115,74.65213049337294,0.6593037278357121,0.3688412463416597,55.65907880566043,4.824120200666274,2.6988085038692304
2038,SA1_AR6_fixed_split,SSP3-7.0,S1,"NATO→3.5%, nonNATO holds",0.055,171.24473491089452,85.93060797828687,85.31412693260765,0.5018,0.035,0.022985547972701727,3.007571279240041,1.9609919573586176,4.9685632365986585,0.9665106363765756,0.42580538525681305,0.43932301653480715,0.8772584960957285,4.802169215682228,70.80128933880152,75.60345855448375,75.23175350675758,0.06351785100177047,AR6 World GDP level and trajectory (unrebased),Fixed original NATO GDP share = 0.5018,MIGRATION 1.0,SSP3-7.0_zeromig,0.3717050477261665,4.137746442871667,75.23175350675758,0.6644227728105605,0.3717050477261665,60.461248021342655,5.488542973476834,3.070513551595397
2039,SA1_AR6_fixed_split,SSP3-7.0,S1,"NATO→3.5%, nonNATO holds",0.055,173.91220533827186,87.26914463874482,86.64306069952704,0.5018,0.035,0.022985547972701727,3.054420062356069,1.9915382282106864,5.045958290566755,0.9589518679210137,0.4224752984547123,0.4358872126913699,0.8703977398887182,4.838831128190515,71.3418181204064,76.18064924859692,75.8061064379085,0.06351785100177045,AR6 World GDP level and trajectory (unrebased),Fixed original NATO GDP share = 0.5018,MIGRATION 1.0,SSP3-7.0_zeromig,0.37454281068842477,4.169335854084967,75.80610643790848,0.6694952741055475,0.374542810688439,65.30007914953316,6.1580382475823825,3.445056362283836
2040,SA1_AR6_fixed_split,SSP3-7.0,S1,"NATO→3.5%, nonNATO holds",0.055,176.62122681528984,88.62853161591245,87.9926951993774,0.5018,0.035,0.022985547972701727,3.1019986065569363,2.02256031675261,5.1245589233095465,0.9524384229768202,0.4196057387939838,0.43292655589855467,0.8644857771010482,4.880826819368736,71.96098603152087,76.84181285088961,76.46401942372088,0.06351785100177046,AR6 World GDP level and trajectory (unrebased),Fixed original NATO GDP share = 0.5018,MIGRATION 1.0,SSP3-7.0_zeromig,0.37779342716872577,4.205521068304648,76.46401942372088,0.6753057510640881,0.37779342716872577,70.18090596890191,6.83334399864647,3.8228497894525617
2041,SA1_AR6_fixed_split,SSP3-7.0,S1,"NATO→3.5%, nonNATO holds",0.055,178.90912044074537,89.77659663716604,89.13252380357933,0.5018,0.035,0.022985547972701727,3.1421808823008117,2.0487599018151514,5.190940784115963,0.9454692973970192,0.4165354247273581,0.42975877154409964,0.8581602133719632,4.907875135987651,72.35977574613763,77.26765088212528,76.8877638186501,0.06351785100177046,AR6 World GDP level and trajectory (unrebased),Fixed original NATO GDP share = 0.5018,MIGRATION 1.0,SSP3-7.0_zeromig,0.37988706347518075,4.228827010025756,76.8877638186501,0.679048125961895,0.37988706347518075,75.08878110488956,7.512392124608365,4.2027368529277425
2042,SA1_AR6_fixed_split,SSP3-7.0,S1,"NATO→3.5%, nonNATO holds",0.055,181.22665069219272,90.93953331734231,90.28711737485041,0.5018,0.035,0.022985547972701727,3.182883666106981,2.0752988677365756,5.258182533843557,0.936886529056948,0.41275420510900507,0.42585751320770365,0.8503700182484247,4.926320383280558,72.63172519894869,77.55804558222924,77.17673079073836,0.06351785100177046,AR6 World GDP level and trajectory (unrebased),Fixed original NATO GDP share = 0.5018,MIGRATION 1.0,SSP3-7.0_zeromig,0.38131479149087966,4.24472019349061,77.17673079073836,0.6816001897899477,0.38131479149087966,80.01510148817012,8.193992314398313,4.584051644418622
2043,SA1_AR6_fixed_split,SSP3-7.0,S1,"NATO→3.5%, nonNATO holds",0.055,183.5742014727959,92.11753429904898,91.45666717374691,0.5018,0.035,0.022985547972701727,3.224113700466715,2.102181610745575,5.32629531121229,0.9285898566363522,0.40909902774888246,0.4220862984710692,0.8428394996008731,4.945943799441495,72.92104510897789,77.86698890841939,77.48415519443472,0.06351785100177045,AR6 World GDP level and trajectory (unrebased),Fixed original NATO GDP share = 0.5018,MIGRATION 1.0,SSP3-7.0_zeromig,0.3828337139846667,4.26162853569391,77.48415519443472,0.6843152637475853,0.3828337139846667,84.96104528761161,8.878307578145899,4.966885358403289
2044,SA1_AR6_fixed_split,SSP3-7.0,S1,"NATO→3.5%, nonNATO holds",0.055,185.95216165867362,93.31079472032242,92.6413669383512,0.5018,0.035,0.022985547972701727,3.265877815211285,2.129412584018135,5.39529039922942,0.9199234139976834,0.40528094462835,0.4181470063625834,0.8349733570572164,4.963253963568053,73.17625934316692,78.13951330673497,77.75533972422554,0.06351785100177047,AR6 World GDP level and trajectory (unrebased),Fixed original NATO GDP share = 0.5018,MIGRATION 1.0,SSP3-7.0_zeromig,0.38417358250943323,4.276543684832404,77.75533972422552,0.6867102787356485,0.38417358250944744,89.92429925117966,9.565017856881546,5.351058940912736
2045,SA1_AR6_fixed_split,SSP3-7.0,S1,"NATO→3.5%, nonNATO holds",0.055,188.36092516332008,94.51951224695402,93.84141291636605,0.5018,0.035,0.022985547972701727,3.308182928643391,2.1569962984152435,5.465179227058634,0.9113631301363723,0.4015096307593808,0.4142559682438056,0.8272035700898639,4.980762847128436,73.43440341832985,78.41516626545828,78.02963743283017,0.06351785100177046,AR6 World GDP level and trajectory (unrebased),Fixed original NATO GDP share = 0.5018,MIGRATION 1.0,SSP3-7.0_zeromig,0.3855288326281112,4.2916300588056595,78.02963743283017,0.6891327883227767,0.3855288326281112,94.9050620983081,10.254150645204323,5.7365877735408475
2046,SA1_AR6_fixed_split,SSP3-7.0,S1,"NATO→3.5%, nonNATO holds",0.055,190.33151516008925,95.5083543073328,94.82316085275646,0.5018,0.035,0.022985547972701727,3.342792400756648,2.179562312704246,5.522354713460894,0.9051865298289828,0.39878847118339805,0.4114484226495377,0.8215973461201427,4.998761099562393,73.69976255519825,78.69852365476063,78.31160169311529,0.06351785100177045,AR6 World GDP level and trajectory (unrebased),Fixed original NATO GDP share = 0.5018,MIGRATION 1.0,SSP3-7.0_zeromig,0.3869219616453421,4.307138093121341,78.31160169311528,0.691623006441052,0.3869219616453563,99.9038231978705,10.945773651645375,6.123509735186204
2047,SA1_AR6_fixed_split,SSP3-7.0,S1,"NATO→3.5%, nonNATO holds",0.055,192.32272102998604,96.507541412847,95.81517961713904,0.5018,0.035,0.022985547972701727,3.3777639494496454,2.202364407602782,5.580128357052427,0.8995415968067042,0.39630154264910744,0.4088825440030474,0.8164736927765536,5.019557572689311,74.0063775545775,79.0259351272668,78.63740344432908,0.06351785100177046,AR6 World GDP level and trajectory (unrebased),Fixed original NATO GDP share = 0.5018,MIGRATION 1.0,SSP3-7.0_zeromig,0.38853168293772455,4.325057189438099,78.63740344432907,0.6945003832512118,0.38853168293773876,104.9233807705598,11.640274034896587,6.5120414181239425
2048,SA1_AR6_fixed_split,SSP3-7.0,S1,"NATO→3.5%, nonNATO holds",0.055,194.334758451678,97.51718179105202,96.81757666062597,0.5018,0.035,0.022985547972701727,3.413101362686821,2.2254050529335454,5.638506415620366,0.8936919473373115,0.393724424351403,0.4062236124260507,0.811164227465913,5.039087778649689,74.29432321016405,79.33341098881374,78.94336759818462,0.06351785100177045,AR6 World GDP level and trajectory (unrebased),Fixed original NATO GDP share = 0.5018,MIGRATION 1.0,SSP3-7.0_zeromig,0.39004339062911697,4.3418852179001535,78.94336759818462,0.6972025607495356,0.39004339062911697,109.96246854920949,12.337476595646123,6.9020848087530595
2049,SA1_AR6_fixed_split,SSP3-7.0,S1,"NATO→3.5%, nonNATO holds",0.055,196.36784536021483,98.5373848017558,97.83046055845902,0.5018,0.035,0.022985547972701727,3.4488084680614537,2.248686744357964,5.697495212419417,0.8870918103548496,0.39081667169479395,0.40322355016129535,0.8051735781907359,5.054201342473229,74.51715163564236,79.5713529781156,79.18013974367007,0.06351785100177045,AR6 World GDP level and trajectory (unrebased),Fixed original NATO GDP share = 0.5018,MIGRATION 1.0,SSP3-7.0_zeromig,0.39121323444553013,4.3549076859018525,79.18013974367007,0.6992936565713768,0.39121323444553013,115.01666989168272,13.036770252217499,7.29329804319859
2050,SA1_AR6_fixed_split,SSP3-7.0,S1,"NATO→3.5%, nonNATO holds",0.055,198.4222019706341,99.5682609488642,98.8539410217699,0.5018,0.035,0.022985547972701727,3.484889133210247,2.272212003646519,5.757101136856766,0.8808209371380931,0.38805397929860047,0.4003731532445878,0.7994817869157194,5.070975218564958,74.7644590505134,79.83543426907835,79.44292267671723,0.06351785100177046,AR6 World GDP level and trajectory (unrebased),Fixed original NATO GDP share = 0.5018,MIGRATION 1.0,SSP3-7.0_zeromig,0.3925115923611173,4.3693607472194484,79.44292267671723,0.7016144713455095,0.3925115923611173,120.08764511024768,13.738384723563009,7.685809635559707
2025,SA1_AR6_fixed_split,SSP3-7.0,S2,"NATO→3.5%, nonNATO→3.5%",0.055,131.57368822870808,66.02367675316572,65.55001147554236,0.5018,0.027,0.022985547972701727,1.7826392723354743,1.5067029333822277,3.289342205717702,1.1017398414242405,0.4853818881799102,0.5007908370110185,1.0,3.6239993601174825,62.26689809656402,65.8908974566815,65.8908974566815,0.055,AR6 World GDP level and trajectory (unrebased),Fixed original NATO GDP share = 0.5018,MIGRATION 1.0,SSP3-7.0_zeromig,0.0,3.6239993601174825,65.8908974566815,0.0,0.0,3.6239993601174825,0.0,0.0
2026,SA1_AR6_fixed_split,SSP3-7.0,S2,"NATO→3.5%, nonNATO→3.5%",0.055,134.8941946705815,67.6899068856978,67.2042877848837,0.5018,0.02740877593256891,0.023599450326672138,1.8552974907265443,1.585984251318742,3.4412817420452866,1.0922086149803605,0.481182816389949,0.4964584613547093,0.9913489318571261,3.7585975652364847,63.252882865615796,67.01148043085227,66.96936433183951,0.056088860312747485,AR6 World GDP level and trajectory (unrebased),Fixed original NATO GDP share = 0.5018,MIGRATION 1.0,SSP3-7.0_zeromig,0.04211609901275892,3.6833150382511732,66.96936433183951,0.07528252698531146,0.04211609901275892,7.382596925353967,0.07528252698531146,0.04211609901275892
2027,SA1_AR6_fixed_split,SSP3-7.0,S2,"NATO→3.5%, nonNATO→3.5%",0.055,138.29850026089372,69.39818743091647,68.90031282997725,0.5018,0.028005016140972137,0.024494887749248,1.9434973591570253,1.6877054286583646,3.63120278781539,1.0827404333566648,0.4770115195906985,0.49215474243484764,0.9827550866790704,3.9316500800851646,64.23785220680573,68.16950228689089,68.06426277502585,0.057674619121302104,AR6 World GDP level and trajectory (unrebased),Fixed original NATO GDP share = 0.5018,MIGRATION 1.0,SSP3-7.0_zeromig,0.10523951186503666,3.743534452626422,68.06426277502585,0.18811562745874255,0.10523951186503666,11.314247005439132,0.263398154444054,0.14735561087779558
2028,SA1_AR6_fixed_split,SSP3-7.0,S2,"NATO→3.5%, nonNATO→3.5%",0.055,141.78871982682614,71.14957960910137,70.63914021772477,0.5018,0.028820930945768986,0.025720233909322272,2.0505971207344036,1.8168552095532955,3.867452330287699,1.0727564423047062,0.47261297807829716,0.4876165646839574,0.9736930643426066,4.1488344026224775,65.18338097187248,69.33221537449496,69.13852847289309,0.059839922613358416,AR6 World GDP level and trajectory (unrebased),Fixed original NATO GDP share = 0.5018,MIGRATION 1.0,SSP3-7.0_zeromig,0.19368690160187896,3.802619066009119,69.13852847289307,0.34621533661335846,0.19368690160189317,15.463081408061608,0.6096134910574125,0.34104251247968875
2029,SA1_AR6_fixed_split,SSP3-7.0,S2,"NATO→3.5%, nonNATO→3.5%",0.055,145.36702156715262,72.9451714223972,72.42185014475542,0.5018,0.029845109579542582,0.027258352042179364,2.177056634399962,1.974100286791702,4.151156921191664,1.062059045927474,0.4679001391149011,0.48275411178521543,0.9639835158856827,4.408773759216048,66.07492271307616,70.48369647229221,70.17652737951302,0.06255026310870597,AR6 World GDP level and trajectory (unrebased),Fixed original NATO GDP share = 0.5018,MIGRATION 1.0,SSP3-7.0_zeromig,0.3071690927791906,3.8597090058732157,70.17652737951302,0.5490647533428326,0.3071690927791906,19.87185516727766,1.158678244400245,0.6482116052588793
2030,SA1_AR6_fixed_split,SSP3-7.0,S2,"NATO→3.5%, nonNATO→3.5%",0.055,149.0356283991709,74.78607833070396,74.24955006846693,0.5018,0.030999999999995285,0.028992773986343784,2.3183684282514703,2.1527004237227785,4.471068851974248,1.0510509955537957,0.4630504386006233,0.4777504525244526,0.953992000684192,4.6993213680571,66.94068270443532,71.64000407249242,71.20183890997005,0.06559633027521695,AR6 World GDP level and trajectory (unrebased),Fixed original NATO GDP share = 0.5018,MIGRATION 1.0,SSP3-7.0_zeromig,0.4381651625223668,3.9161011400483527,71.20183890997005,0.783220228008747,0.4381651625223668,24.571176535334757,1.941898472408992,1.0863767677812461
2031,SA1_AR6_fixed_split,SSP3-7.0,S2,"NATO→3.5%, nonNATO→3.5%",0.055,151.81959450515436,76.18307252268646,75.6365219824679,0.5018,0.03215489042044799,0.0307271959305082,2.449658348860025,2.3240982304574818,4.7737565793175065,1.0395201427003753,0.4579704125183472,0.47250915577289787,0.9435259610440949,4.96241612054899,67.34264305400153,72.30505917455052,71.73614842941417,0.06863165838187474,AR6 World GDP level and trajectory (unrebased),Fixed original NATO GDP share = 0.5018,MIGRATION 1.0,SSP3-7.0_zeromig,0.5689107451363498,3.9454881636177794,71.73614842941417,1.0169279569312102,0.5689107451363498,29.533592655883748,2.9588264293402022,1.655287512917596
2032,SA1_AR6_fixed_split,SSP3-7.0,S2,"NATO→3.5%, nonNATO→3.5%",0.055,154.65556473500078,77.60616238402339,77.04940235097739,0.5018,0.033179069054221584,0.032265314063365295,2.5749002207726455,2.4860231652488816,5.060923386021527,1.028534169344675,0.45313043824275895,0.46751553152030684,0.9335544841648541,5.205332630958691,67.78588539323131,72.99121802419,72.30387854965711,0.07131450566057951,AR6 World GDP level and trajectory (unrebased),Fixed original NATO GDP share = 0.5018,MIGRATION 1.0,SSP3-7.0_zeromig,0.6873394745328909,3.976713320231141,72.30387854965711,1.22861931072755,0.6873394745328909,34.73892528684244,4.187445740067752,2.342626987450487
2033,SA1_AR6_fixed_split,SSP3-7.0,S2,"NATO→3.5%, nonNATO→3.5%",0.055,157.54451051896345,79.05583537841586,78.48867514054758,0.5018,0.03399498385901843,0.033490660223439564,2.6875018476504655,2.628637550520007,5.316139398170472,1.017157036564737,0.448118134990059,0.46234410752942595,0.9232279693632921,5.407348596208123,68.21629375922431,73.62364235543244,72.83977611205042,0.0734458174468345,AR6 World GDP level and trajectory (unrebased),Fixed original NATO GDP share = 0.5018,MIGRATION 1.0,SSP3-7.0_zeromig,0.7838662433820218,4.006187686162773,72.83977611205042,1.4011609100453493,0.7838662433820218,40.14627388305056,5.5886066501131015,3.1264932308325086
2034,SA1_AR6_fixed_split,SSP3-7.0,S2,"NATO→3.5%, nonNATO→3.5%",0.055,160.48742143348534,80.53258807532295,79.95483335816239,0.5018,0.034591224067421655,0.034386097646015426,2.785720798842865,2.7493347071246634,5.535055505967529,1.0058508440245673,0.44313708512970446,0.45720492910207605,0.9129658438459339,5.567440252400267,68.66513977107158,74.23258002347185,73.37564013827166,0.0749999562273045,AR6 World GDP level and trajectory (unrebased),Fixed original NATO GDP share = 0.5018,MIGRATION 1.0,SSP3-7.0_zeromig,0.856939885200191,4.035660207604941,73.37564013827165,1.531780044795326,0.8569398852002053,45.71371413545083,7.120386694908428,3.983433116032714
2035,SA1_AR6_fixed_split,SSP3-7.0,S2,"NATO→3.5%, nonNATO→3.5%",0.055,163.48530554016915,82.03692632005688,81.44837922011227,0.5018,0.03499999999999057,0.03499999999998584,2.8712924212012174,2.8506932727027765,5.721985693903994,0.9946707937697744,0.4382116084440265,0.4521230880771702,0.9028182120417322,5.691492052094779,69.13371814330127,74.82521019539604,73.91548119606098,0.07606382978720953,AR6 World GDP level and trajectory (unrebased),Fixed original NATO GDP share = 0.5018,MIGRATION 1.0,SSP3-7.0_zeromig,0.9097289993350586,4.065351465783354,73.91548119606098,1.6261405863114256,0.9097289993350586,51.40520618754561,8.746527281219853,4.8931621153677725
2036,SA1_AR6_fixed_split,SSP3-7.0,S2,"NATO→3.5%, nonNATO→3.5%",0.055,166.0319077353614,83.31481130160435,82.71709643375704,0.5018,0.035,0.035,2.9160183955561525,2.8950983751814965,5.811116770737649,0.9806338015511392,0.4320274790050474,0.4457426370686997,0.8900774617385669,5.698577530146041,69.21978440464108,74.91836193478711,74.00750039150702,0.07606382978723404,AR6 World GDP level and trajectory (unrebased),Fixed original NATO GDP share = 0.5018,MIGRATION 1.0,SSP3-7.0_zeromig,0.9108615432800917,4.0704125215328855,74.00750039150704,1.6281650086131556,0.9108615432800775,57.10378371769165,10.374692289833009,5.80402365864785
2037,SA1_AR6_fixed_split,SSP3-7.0,S2,"NATO→3.5%, nonNATO→3.5%",0.055,168.61817822195806,84.61260183177856,84.0055763901795,0.5018,0.035,0.035,2.96144106411225,2.940195173656283,5.901636237768533,0.9740034486034628,0.42910641441970737,0.44272884027430126,0.8840593867825907,5.748214047989716,69.82271189760934,75.57092594559906,74.65213049337294,0.07606382978723406,AR6 World GDP level and trajectory (unrebased),Fixed original NATO GDP share = 0.5018,MIGRATION 1.0,SSP3-7.0_zeromig,0.9187954522261208,4.1058671771355115,74.65213049337294,1.6423468708542046,0.9187954522261208,62.85199776568136,12.017039160687213,6.722819110873971
2038,SA1_AR6_fixed_split,SSP3-7.0,S2,"NATO→3.5%, nonNATO→3.5%",0.055,171.24473491089452,85.93060797828687,85.31412693260765,0.5018,0.035,0.035,3.007571279240041,2.985994442641268,5.993565721881309,0.9665106363765756,0.42580538525681305,0.43932301653480715,0.8772584960957285,5.792845020020334,70.36483776066656,76.1576827806869,75.23175350675758,0.07606382978723406,AR6 World GDP level and trajectory (unrebased),Fixed original NATO GDP share = 0.5018,MIGRATION 1.0,SSP3-7.0_zeromig,0.925929273929313,4.137746442871667,75.23175350675758,1.6550985771486664,0.925929273929313,68.6448427857017,13.672137737835879,7.648748384803284
2039,SA1_AR6_fixed_split,SSP3-7.0,S2,"NATO→3.5%, nonNATO→3.5%",0.055,173.91220533827186,87.26914463874482,86.64306069952704,0.5018,0.035,0.035,3.054420062356069,3.0325071244834465,6.086927186839516,0.9589518679210137,0.4224752984547123,0.4358872126913699,0.8703977398887182,5.837070195718955,70.90203447527149,76.73910467099044,75.8061064379085,0.07606382978723406,AR6 World GDP level and trajectory (unrebased),Fixed original NATO GDP share = 0.5018,MIGRATION 1.0,SSP3-7.0_zeromig,0.9329982330819462,4.169335854084967,75.80610643790848,1.6677343416339871,0.9329982330819604,74.48191298142065,15.339872079469867,8.581746617885244
2040,SA1_AR6_fixed_split,SSP3-7.0,S2,"NATO→3.5%, nonNATO→3.5%",0.055,176.62122681528984,88.62853161591245,87.9926951993774,0.5018,0.035,0.035,3.1019986065569363,3.079744331978209,6.1817429385351454,0.9524384229768202,0.4196057387939838,0.43292655589855467,0.8644857771010482,5.887729495626509,71.51738555177094,77.40511504739746,76.46401942372088,0.07606382978723404,AR6 World GDP level and trajectory (unrebased),Fixed original NATO GDP share = 0.5018,MIGRATION 1.0,SSP3-7.0_zeromig,0.9410956236765742,4.205521068304648,76.46401942372088,1.6822084273218607,0.9410956236765742,80.36964247704717,17.022080506791728,9.522842241561818
2041,SA1_AR6_fixed_split,SSP3-7.0,S2,"NATO→3.5%, nonNATO→3.5%",0.055,178.90912044074537,89.77659663716604,89.13252380357933,0.5018,0.035,0.035,3.1421808823008117,3.119638333125277,6.2618192154260885,0.9454692973970192,0.4165354247273581,0.42975877154409964,0.8581602133719632,5.920357814036058,71.91371694392049,77.83407475795654,76.8877638186501,0.07606382978723407,AR6 World GDP level and trajectory (unrebased),Fixed original NATO GDP share = 0.5018,MIGRATION 1.0,SSP3-7.0_zeromig,0.9463109393064428,4.228827010025756,76.8877638186501,1.691530804010302,0.9463109393064428,86.29000029108322,18.71361131080203,10.469153180868261
2042,SA1_AR6_fixed_split,SSP3-7.0,S2,"NATO→3.5%, nonNATO→3.5%",0.055,181.22665069219272,90.93953331734231,90.28711737485041,0.5018,0.035,0.035,3.182883666106981,3.1600491081197646,6.342932774226746,0.936886529056948,0.41275420510900507,0.42585751320770365,0.8503700182484247,5.942608270886854,72.18398997573752,78.12659824662437,77.17673079073836,0.07606382978723406,AR6 World GDP level and trajectory (unrebased),Fixed original NATO GDP share = 0.5018,MIGRATION 1.0,SSP3-7.0_zeromig,0.9498674558860074,4.24472019349061,77.17673079073836,1.697888077396244,0.9498674558860074,92.23260856197007,20.411499388198273,11.419020636754269
2043,SA1_AR6_fixed_split,SSP3-7.0,S2,"NATO→3.5%, nonNATO→3.5%",0.055,183.5742014727959,92.11753429904898,91.45666717374691,0.5018,0.035,0.035,3.224113700466715,3.2009833510811423,6.425097051547857,0.9285898566363522,0.40909902774888246,0.4220862984710692,0.8428394996008731,5.966279949971473,72.47152638531783,78.43780633528931,77.48415519443472,0.07606382978723403,AR6 World GDP level and trajectory (unrebased),Fixed original NATO GDP share = 0.5018,MIGRATION 1.0,SSP3-7.0_zeromig,0.9536511408545891,4.26162853569391,77.48415519443472,1.7046514142775635,0.9536511408545891,98.19888851194155,22.116150802475836,12.372671777608858
2044,SA1_AR6_fixed_split,SSP3-7.0,S2,"NATO→3.5%, nonNATO→3.5%",0.055,185.95216165867362,93.31079472032242,92.6413669383512,0.5018,0.035,0.035,3.265877815211285,3.2424478428422923,6.508325658053577,0.9199234139976834,0.40528094462835,0.4181470063625834,0.8349733570572164,5.987161158765366,72.72516736206602,78.71232852083138,77.75533972422554,0.07606382978723404,AR6 World GDP level and trajectory (unrebased),Fixed original NATO GDP share = 0.5018,MIGRATION 1.0,SSP3-7.0_zeromig,0.9569887966058417,4.276543684832404,77.75533972422552,1.7106174739329614,0.9569887966058559,104.18604967070691,23.8267682764088,13.329660574214714
2045,SA1_AR6_fixed_split,SSP3-7.0,S2,"NATO→3.5%, nonNATO→3.5%",0.055,188.36092516332008,94.51951224695402,93.84141291636605,0.5018,0.035,0.035,3.308182928643391,3.284449452072812,6.5926323807162035,0.9113631301363723,0.4015096307593808,0.4142559682438056,0.8272035700898639,6.0082820823279235,72.98172011890631,78.99000220123423,78.02963743283017,0.07606382978723404,AR6 World GDP level and trajectory (unrebased),Fixed original NATO GDP share = 0.5018,MIGRATION 1.0,SSP3-7.0_zeromig,0.9603647684040624,4.2916300588056595,78.02963743283017,1.716652023522264,0.9603647684040624,110.19433175303483,25.543420299931064,14.290025342618776
2046,SA1_AR6_fixed_split,SSP3-7.0,S2,"NATO→3.5%, nonNATO→3.5%",0.055,190.33151516008925,95.5083543073328,94.82316085275646,0.5018,0.035,0.035,3.342792400756648,3.3188106298464763,6.661603030603125,0.9051865298289828,0.39878847118339805,0.4114484226495377,0.8215973461201427,6.029993330369878,73.24544346050683,79.27543679087671,78.31160169311529,0.07606382978723406,AR6 World GDP level and trajectory (unrebased),Fixed original NATO GDP share = 0.5018,MIGRATION 1.0,SSP3-7.0_zeromig,0.9638350977614181,4.307138093121341,78.31160169311528,1.7228552372485373,0.9638350977614323,116.22432508340472,27.2662755371796,15.253860440380208
2047,SA1_AR6_fixed_split,SSP3-7.0,S2,"NATO→3.5%, nonNATO→3.5%",0.055,192.32272102998604,96.507541412847,95.81517961713904,0.5018,0.035,0.035,3.3777639494496454,3.3535312865998668,6.731295236049512,0.8995415968067042,0.39630154264910744,0.4088825440030474,0.8164736927765536,6.055080065213339,73.55016834458439,79.60524840979772,78.63740344432908,0.07606382978723406,AR6 World GDP level and trajectory (unrebased),Fixed original NATO GDP share = 0.5018,MIGRATION 1.0,SSP3-7.0_zeromig,0.9678449654686432,4.325057189438099,78.63740344432907,1.7300228757752398,0.9678449654686574,122.27940514861805,28.99629841295484,16.221705405848866
2048,SA1_AR6_fixed_split,SSP3-7.0,S2,"NATO→3.5%, nonNATO→3.5%",0.055,194.334758451678,97.51718179105202,96.81757666062597,0.5018,0.035,0.035,3.413101362686821,3.3886151831219093,6.8017165458087305,0.8936919473373115,0.393724424351403,0.4062236124260507,0.811164227465913,6.078639305060216,73.8363389712559,79.91497827631612,78.94336759818462,0.07606382978723406,AR6 World GDP level and trajectory (unrebased),Fixed original NATO GDP share = 0.5018,MIGRATION 1.0,SSP3-7.0_zeromig,0.9716106781314977,4.3418852179001535,78.94336759818462,1.7367540871600626,0.9716106781314977,128.35804445367827,30.7330525001149,17.193316083980363
2049,SA1_AR6_fixed_split,SSP3-7.0,S2,"NATO→3.5%, nonNATO→3.5%",0.055,196.36784536021483,98.5373848017558,97.83046055845902,0.5018,0.035,0.035,3.4488084680614537,3.424066119546066,6.8728745876075195,0.8870918103548496,0.39081667169479395,0.40322355016129535,0.8051735781907359,6.096870760262595,74.05779378025264,80.15466454051523,79.18013974367007,0.07606382978723406,AR6 World GDP level and trajectory (unrebased),Fixed original NATO GDP share = 0.5018,MIGRATION 1.0,SSP3-7.0_zeromig,0.9745247968451594,4.3549076859018525,79.18013974367007,1.7419630743607426,0.9745247968451594,134.45491521394086,32.47501557447565,18.167840880825523
2050,SA1_AR6_fixed_split,SSP3-7.0,S2,"NATO→3.5%, nonNATO→3.5%",0.055,198.4222019706341,99.5682609488642,98.8539410217699,0.5018,0.035,0.035,3.484889133210247,3.4598879357619468,6.9447770689721935,0.8808209371380931,0.38805397929860047,0.4003731532445878,0.7994817869157194,6.117105046107227,74.30357667893882,80.42068172504605,79.44292267671723,0.07606382978723406,AR6 World GDP level and trajectory (unrebased),Fixed original NATO GDP share = 0.5018,MIGRATION 1.0,SSP3-7.0_zeromig,0.9777590483288208,4.3693607472194484,79.44292267671723,1.7477442988877785,0.9777590483288208,140.57202026004808,34.22275987336342,19.145599929154343
2025,SA1_AR6_fixed_split,SSP3-7.0,S3,"NATO→5%, nonNATO→3.5%",0.055,131.57368822870808,66.02367675316572,65.55001147554236,0.5018,0.027,0.022985547972701727,1.7826392723354743,1.5067029333822277,3.289342205717702,1.1017398414242405,0.4853818881799102,0.5007908370110185,1.0,3.6239993601174825,62.26689809656402,65.8908974566815,65.8908974566815,0.055,AR6 World GDP level and trajectory (unrebased),Fixed original NATO GDP share = 0.5018,MIGRATION 1.0,SSP3-7.0_zeromig,0.0,3.6239993601174825,65.8908974566815,0.0,0.0,3.6239993601174825,0.0,0.0
2026,SA1_AR6_fixed_split,SSP3-7.0,S3,"NATO→5%, nonNATO→3.5%",0.055,134.8941946705815,67.6899068856978,67.2042877848837,0.5018,0.02817523080613562,0.023599450326672138,1.907178749750364,1.585984251318742,3.493163001069106,1.0922086149803605,0.481182816389949,0.4964584613547093,0.9913489318571261,3.815262723298328,63.22791849528086,67.04318121857919,66.96936433183951,0.05690754307823674,AR6 World GDP level and trajectory (unrebased),Fixed original NATO GDP share = 0.5018,MIGRATION 1.0,SSP3-7.0_zeromig,0.07381688673967801,3.6833150382511732,66.96936433183951,0.13194768504715482,0.07381688673967801,7.4392620834158105,0.13194768504715482,0.07381688673967801
2027,SA1_AR6_fixed_split,SSP3-7.0,S3,"NATO→5%, nonNATO→3.5%",0.055,138.29850026089372,69.39818743091647,68.90031282997725,0.5018,0.029889421405294894,0.024494887749248,2.074271668886302,1.6877054286583646,3.7619770975446665,1.0827404333566648,0.4770115195906985,0.49215474243484764,0.9827550866790704,4.07324471287336,64.17547135459833,68.24871606747169,68.06426277502585,0.05968236397072276,AR6 World GDP level and trajectory (unrebased),Fixed original NATO GDP share = 0.5018,MIGRATION 1.0,SSP3-7.0_zeromig,0.18445329244583775,3.743534452626422,68.06426277502585,0.32971026024693817,0.18445329244583775,11.51250679628917,0.461657945294093,0.25827017918551576
2028,SA1_AR6_fixed_split,SSP3-7.0,S3,"NATO→5%, nonNATO→3.5%",0.055,141.78871982682614,71.14957960910137,70.63914021772477,0.5018,0.03223517646908584,0.025720233909322272,2.2935192544006537,1.8168552095532955,4.110374463953949,1.0727564423047062,0.47261297807829716,0.4876165646839574,0.9736930643426066,4.409430686491352,65.06857281883934,69.47800350533069,69.13852847289309,0.06346513233001923,AR6 World GDP level and trajectory (unrebased),Fixed original NATO GDP share = 0.5018,MIGRATION 1.0,SSP3-7.0_zeromig,0.3394750324376048,3.802619066009119,69.13852847289307,0.6068116204822331,0.339475032437619,15.921937482780523,1.0684695657763261,0.5977452116231348
2029,SA1_AR6_fixed_split,SSP3-7.0,S3,"NATO→5%, nonNATO→3.5%",0.055,145.36702156715262,72.9451714223972,72.42185014475542,0.5018,0.03517969004118492,0.027258352042179364,2.5661885206410338,1.974100286791702,4.540288807432736,1.062059045927474,0.4679001391149011,0.48275411178521543,0.9639835158856827,4.8220547990572005,65.89284784936993,70.71490264842713,70.17652737951302,0.06819007901391001,AR6 World GDP level and trajectory (unrebased),Fixed original NATO GDP share = 0.5018,MIGRATION 1.0,SSP3-7.0_zeromig,0.538375268914109,3.8597090058732157,70.17652737951302,0.9623457931839847,0.538375268914109,20.743992281837723,2.030815358960311,1.1361204805372438
2030,SA1_AR6_fixed_split,SSP3-7.0,S3,"NATO→5%, nonNATO→3.5%",0.055,149.0356283991709,74.78607833070396,74.24955006846693,0.5018,0.03849999999998644,0.028992773986343784,2.8792640157310885,2.1527004237227785,5.031964439453867,1.0510509955537957,0.4630504386006233,0.4777504525244526,0.953992000684192,5.288851233679285,66.68095975664373,71.96981099032301,71.20183890997005,0.07348707966442233,AR6 World GDP level and trajectory (unrebased),Fixed original NATO GDP share = 0.5018,MIGRATION 1.0,SSP3-7.0_zeromig,0.7679720803529619,3.9161011400483527,71.20183890997005,1.3727500936309323,0.7679720803529619,26.03284351551701,3.403565452591243,1.9040925608902057
2031,SA1_AR6_fixed_split,SSP3-7.0,S3,"NATO→5%, nonNATO→3.5%",0.055,151.81959450515436,76.18307252268646,75.6365219824679,0.5018,0.041820309958787966,0.0307271959305082,3.1859997065115704,2.3240982304574818,5.510097936969052,1.0395201427003753,0.4579704125183472,0.47250915577289787,0.9435259610440949,5.727857793731112,67.00542049868352,72.73327829241464,71.73614842941417,0.07875154163549467,AR6 World GDP level and trajectory (unrebased),Fixed original NATO GDP share = 0.5018,MIGRATION 1.0,SSP3-7.0_zeromig,0.9971298630004668,3.9454881636177794,71.73614842941417,1.7823696301133327,0.9971298630004668,31.76070130924812,5.185935082704576,2.9012224238906725
2032,SA1_AR6_fixed_split,SSP3-7.0,S3,"NATO→5%, nonNATO→3.5%",0.055,154.65556473500078,77.60616238402339,77.04940235097739,0.5018,0.04476482353088705,0.032265314063365295,3.474026164030172,2.4860231652488816,5.9600493292790535,1.028534169344675,0.45313043824275895,0.46751553152030684,0.9335544841648541,6.130114386143319,67.3784640605276,73.50857844667092,72.30387854965711,0.08339318370291435,AR6 World GDP level and trajectory (unrebased),Fixed original NATO GDP share = 0.5018,MIGRATION 1.0,SSP3-7.0_zeromig,1.2046998970138105,3.976713320231141,72.30387854965711,2.153401065912178,1.2046998970138105,37.89081569539144,7.339336148616754,4.105922320904483
2033,SA1_AR6_fixed_split,SSP3-7.0,S3,"NATO→5%, nonNATO→3.5%",0.055,157.54451051896345,79.05583537841586,78.48867514054758,0.5018,0.04711057859467799,0.033490660223439564,3.7243661459627853,2.628637550520007,6.3530036964827925,1.017157036564737,0.448118134990059,0.46234410752942595,0.9232279693632921,6.462002413199258,67.75165606362681,74.21365847682607,72.83977611205042,0.08707295322487141,AR6 World GDP level and trajectory (unrebased),Fixed original NATO GDP share = 0.5018,MIGRATION 1.0,SSP3-7.0_zeromig,1.3738823647756533,4.006187686162773,72.83977611205042,2.4558147270364845,1.3738823647756533,44.3528181085907,9.795150875653238,5.479804685680136
2034,SA1_AR6_fixed_split,SSP3-7.0,S3,"NATO→5%, nonNATO→3.5%",0.055,160.48742143348534,80.53258807532295,79.95483335816239,0.5018,0.04882476919383726,0.034386097646015426,3.931985025360014,2.7493347071246634,6.681319732484678,1.0058508440245673,0.44313708512970446,0.45720492910207605,0.9129658438459339,6.7204110921177085,68.15718758294432,74.87759867506203,73.37564013827166,0.0897519580092509,AR6 World GDP level and trajectory (unrebased),Fixed original NATO GDP share = 0.5018,MIGRATION 1.0,SSP3-7.0_zeromig,1.5019585367903687,4.035660207604941,73.37564013827165,2.684750884512767,1.501958536790383,51.073229200708404,12.479901760166005,6.981763222470519
2035,SA1_AR6_fixed_split,SSP3-7.0,S3,"NATO→5%, nonNATO→3.5%",0.055,163.48530554016915,82.03692632005688,81.44837922011227,0.5018,0.049999999999972886,0.03499999999998584,4.1018463160006196,2.8506932727027765,6.952539588703396,0.9946707937697744,0.4382116084440265,0.4521230880771702,0.9028182120417322,6.915488071411388,68.59447514178416,75.50996321319555,73.91548119606098,0.09158378281666134,AR6 World GDP level and trajectory (unrebased),Fixed original NATO GDP share = 0.5018,MIGRATION 1.0,SSP3-7.0_zeromig,1.5944820171345668,4.065351465783354,73.91548119606098,2.850136605628034,1.5944820171345668,57.98871727211979,15.330038365794039,8.576245239605086
2036,SA1_AR6_fixed_split,SSP3-7.0,S3,"NATO→5%, nonNATO→3.5%",0.055,166.0319077353614,83.31481130160435,82.71709643375704,0.5018,0.05,0.035,4.165740565080218,2.8950983751814965,7.060838940261714,0.9806338015511392,0.4320274790050474,0.4457426370686997,0.8900774617385669,6.924097332129162,68.67987008628488,75.60396741841404,74.00750039150702,0.09158378281670354,AR6 World GDP level and trajectory (unrebased),Fixed original NATO GDP share = 0.5018,MIGRATION 1.0,SSP3-7.0_zeromig,1.5964670269070211,4.0704125215328855,74.00750039150704,2.8536848105962767,1.596467026907007,64.91281460424895,18.183723176390316,10.172712266512093
2037,SA1_AR6_fixed_split,SSP3-7.0,S3,"NATO→5%, nonNATO→3.5%",0.055,168.61817822195806,84.61260183177856,84.0055763901795,0.5018,0.05,0.035,4.230630091588928,2.940195173656283,7.170825265245211,0.9740034486034628,0.42910641441970737,0.44272884027430126,0.8840593867825907,6.984408537681676,69.27809474480799,76.26250328248966,74.65213049337294,0.09158378281670357,AR6 World GDP level and trajectory (unrebased),Fixed original NATO GDP share = 0.5018,MIGRATION 1.0,SSP3-7.0_zeromig,1.6103727891167239,4.1058671771355115,74.65213049337294,2.8785413605461647,1.6103727891167239,71.89722314193064,21.062264536936482,11.783085055628817
2038,SA1_AR6_fixed_split,SSP3-7.0,S3,"NATO→5%, nonNATO→3.5%",0.055,171.24473491089452,85.93060797828687,85.31412693260765,0.5018,0.05,0.035,4.296530398914344,2.985994442641268,7.282524841555611,0.9665106363765756,0.42580538525681305,0.43932301653480715,0.8772584960957285,7.038637719040135,69.81599202613337,76.85462974517351,75.23175350675758,0.09158378281670354,AR6 World GDP level and trajectory (unrebased),Fixed original NATO GDP share = 0.5018,MIGRATION 1.0,SSP3-7.0_zeromig,1.6228762384159268,4.137746442871667,75.23175350675758,2.9008912761684673,1.6228762384159268,78.93586086097076,23.963155813104947,13.405961294044744
2039,SA1_AR6_fixed_split,SSP3-7.0,S3,"NATO→5%, nonNATO→3.5%",0.055,173.91220533827186,87.26914463874482,86.64306069952704,0.5018,0.05,0.035,4.363457231937241,3.0325071244834465,7.395964356420688,0.9589518679210137,0.4224752984547123,0.4358872126913699,0.8703977398887182,7.092373834666857,70.34899860636438,77.44137244103123,75.8061064379085,0.09158378281670355,AR6 World GDP level and trajectory (unrebased),Fixed original NATO GDP share = 0.5018,MIGRATION 1.0,SSP3-7.0_zeromig,1.6352660031227373,4.169335854084967,75.80610643790848,2.9230379805818894,1.6352660031227515,86.02823469563762,26.886193793686836,15.041227297167495
2040,SA1_AR6_fixed_split,SSP3-7.0,S3,"NATO→5%, nonNATO→3.5%",0.055,176.62122681528984,88.62853161591245,87.9926951993774,0.5018,0.05,0.035,4.431426580795622,3.079744331978209,7.5111709127738315,0.9524384229768202,0.4196057387939838,0.43292655589855467,0.8644857771010482,7.1539277788716715,70.95954994446713,78.1134777233388,76.46401942372088,0.09158378281670354,AR6 World GDP level and trajectory (unrebased),Fixed original NATO GDP share = 0.5018,MIGRATION 1.0,SSP3-7.0_zeromig,1.649458299617919,4.205521068304648,76.46401942372088,2.9484067105670233,1.649458299617919,93.1821624745093,29.83460050425386,16.690685596785414
2041,SA1_AR6_fixed_split,SSP3-7.0,S3,"NATO→5%, nonNATO→3.5%",0.055,178.90912044074537,89.77659663716604,89.13252380357933,0.5018,0.05,0.035,4.488829831858302,3.119638333125277,7.608468164983579,0.9454692973970192,0.4165354247273581,0.42975877154409964,0.8581602133719632,7.193573050214613,71.35278995175793,78.54636300197254,76.8877638186501,0.09158378281670355,AR6 World GDP level and trajectory (unrebased),Fixed original NATO GDP share = 0.5018,MIGRATION 1.0,SSP3-7.0_zeromig,1.658599183322437,4.228827010025756,76.8877638186501,2.9647460401888566,1.658599183322437,100.37573552472391,32.79934654444272,18.34928478010785
2042,SA1_AR6_fixed_split,SSP3-7.0,S3,"NATO→5%, nonNATO→3.5%",0.055,181.22665069219272,90.93953331734231,90.28711737485041,0.5018,0.05,0.035,4.546976665867116,3.1600491081197646,7.707025773986881,0.936886529056948,0.41275420510900507,0.42585751320770365,0.8503700182484247,7.220608626743007,71.62095485392676,78.84156348066976,77.17673079073836,0.09158378281670357,AR6 World GDP level and trajectory (unrebased),Fixed original NATO GDP share = 0.5018,MIGRATION 1.0,SSP3-7.0_zeromig,1.6648326899314014,4.24472019349061,77.17673079073836,2.975888433252397,1.6648326899314014,107.59634415146691,35.77523497769511,20.014117470039253
2043,SA1_AR6_fixed_split,SSP3-7.0,S3,"NATO→5%, nonNATO→3.5%",0.055,183.5742014727959,92.11753429904898,91.45666717374691,0.5018,0.05,0.035,4.6058767149524495,3.2009833510811423,7.806860066033591,0.9285898566363522,0.40909902774888246,0.4220862984710692,0.8428394996008731,7.249371069498196,71.90624847951236,79.15561954901055,77.48415519443472,0.09158378281670354,AR6 World GDP level and trajectory (unrebased),Fixed original NATO GDP share = 0.5018,MIGRATION 1.0,SSP3-7.0_zeromig,1.671464354575832,4.26162853569391,77.48415519443472,2.987742533804286,1.671464354575832,114.8457152209651,38.7629775114994,21.685581824615085
2044,SA1_AR6_fixed_split,SSP3-7.0,S3,"NATO→5%, nonNATO→3.5%",0.055,185.95216165867362,93.31079472032242,92.6413669383512,0.5018,0.05,0.035,4.665539736016121,3.2424478428422923,7.907987578858413,0.9199234139976834,0.40528094462835,0.4181470063625834,0.8349733570572164,7.274742931394706,72.1579110566419,79.4326539880366,77.75533972422554,0.09158378281670355,AR6 World GDP level and trajectory (unrebased),Fixed original NATO GDP share = 0.5018,MIGRATION 1.0,SSP3-7.0_zeromig,1.6773142638110698,4.276543684832404,77.75533972422552,2.9981992465623017,1.677314263811084,122.12045815235982,41.7611767580617,23.36289608842617
2045,SA1_AR6_fixed_split,SSP3-7.0,S3,"NATO→5%, nonNATO→3.5%",0.055,188.36092516332008,94.51951224695402,93.84141291636605,0.5018,0.05,0.035,4.7259756123477015,3.284449452072812,8.010425064420513,0.9113631301363723,0.4015096307593808,0.4142559682438056,0.8272035700898639,7.30040606043313,72.41246270197884,79.71286876241197,78.02963743283017,0.09158378281670354,AR6 World GDP level and trajectory (unrebased),Fixed original NATO GDP share = 0.5018,MIGRATION 1.0,SSP3-7.0_zeromig,1.683231329581801,4.2916300588056595,78.02963743283017,3.0087760016274707,1.683231329581801,129.42086421279294,44.769952759689176,25.04612741800797
2046,SA1_AR6_fixed_split,SSP3-7.0,S3,"NATO→5%, nonNATO→3.5%",0.055,190.33151516008925,95.5083543073328,94.82316085275646,0.5018,0.05,0.035,4.77541771536664,3.3188106298464763,8.094228345213116,0.9051865298289828,0.39878847118339805,0.4114484226495377,0.8215973461201427,7.32678646744685,72.67412900151488,80.00091546896174,78.31160169311529,0.09158378281670354,AR6 World GDP level and trajectory (unrebased),Fixed original NATO GDP share = 0.5018,MIGRATION 1.0,SSP3-7.0_zeromig,1.6893137758464434,4.307138093121341,78.31160169311528,3.0196483743255094,1.6893137758464576,136.7476506802398,47.78960113401468,26.735441193854427
2047,SA1_AR6_fixed_split,SSP3-7.0,S3,"NATO→5%, nonNATO→3.5%",0.055,192.32272102998604,96.507541412847,95.81517961713904,0.5018,0.05,0.035,4.82537707064235,3.3535312865998668,8.178908357242218,0.8995415968067042,0.39630154264910744,0.4088825440030474,0.8164736927765536,7.357268283809362,72.97647703149664,80.333745315306,78.63740344432908,0.09158378281670355,AR6 World GDP level and trajectory (unrebased),Fixed original NATO GDP share = 0.5018,MIGRATION 1.0,SSP3-7.0_zeromig,1.696341870976923,4.325057189438099,78.63740344432907,3.032211094371263,1.6963418709769371,144.10491896404915,50.821812228385944,28.431783064831365
2048,SA1_AR6_fixed_split,SSP3-7.0,S3,"NATO→5%, nonNATO→3.5%",0.055,194.334758451678,97.51718179105202,96.81757666062597,0.5018,0.05,0.035,4.875859089552602,3.3886151831219093,8.264474272674512,0.8936919473373115,0.393724424351403,0.4062236124260507,0.811164227465913,7.385894106465596,73.26041552728012,80.64630963374572,78.94336759818462,0.09158378281670357,AR6 World GDP level and trajectory (unrebased),Fixed original NATO GDP share = 0.5018,MIGRATION 1.0,SSP3-7.0_zeromig,1.7029420355610938,4.3418852179001535,78.94336759818462,3.0440088885654424,1.7029420355610938,151.49081307051475,53.86582111695139,30.13472510039246
2049,SA1_AR6_fixed_split,SSP3-7.0,S3,"NATO→5%, nonNATO→3.5%",0.055,196.36784536021483,98.5373848017558,97.83046055845902,0.5018,0.05,0.035,4.9268692400877905,3.424066119546066,8.350935359633857,0.8870918103548496,0.39081667169479395,0.40322355016129535,0.8051735781907359,7.4080463663339255,73.48014298876667,80.8881893551006,79.18013974367007,0.09158378281670355,AR6 World GDP level and trajectory (unrebased),Fixed original NATO GDP share = 0.5018,MIGRATION 1.0,SSP3-7.0_zeromig,1.7080496114305248,4.3549076859018525,79.18013974367007,3.053138680432073,1.7080496114305248,158.89885943684868,56.91895979738346,31.842774711822983
2050,SA1_AR6_fixed_split,SSP3-7.0,S3,"NATO→5%, nonNATO→3.5%",0.055,198.4222019706341,99.5682609488642,98.8539410217699,0.5018,0.05,0.035,4.97841304744321,3.4598879357619468,8.438300983205156,0.8808209371380931,0.38805397929860047,0.4003731532445878,0.7994817869157194,7.432632179880058,73.7240087808431,81.15664096072317,79.44292267671723,0.09158378281670355,AR6 World GDP level and trajectory (unrebased),Fixed original NATO GDP share = 0.5018,MIGRATION 1.0,SSP3-7.0_zeromig,1.7137182840059353,4.3693607472194484,79.44292267671723,3.06327143266061,1.7137182840059353,166.33149161672873,59.98223123004407,33.55649299582892
2025,SA1_AR6_fixed_split,SSP5-8.5,S0,Baseline,0.055,144.2051385147961,72.36213850672468,71.84300000807141,0.5018,0.027,0.022985547972701727,1.9537777396815663,1.651350723188336,3.605128462869902,0.9854524668689925,0.43415038750172397,0.4479329394859057,1.0,3.552682737114764,61.041548846790036,64.5942315839048,64.5942315839048,0.05499999999999999,AR6 World GDP level and trajectory (unrebased),Fixed original NATO GDP share = 0.5018,MIGRATION 1.0,SSP5-8.5_zeromig,0.0,3.552682737114764,64.5942315839048,0.0,0.0,3.552682737114764,0.0,0.0
2026,SA1_AR6_fixed_split,SSP5-8.5,S0,Baseline,0.055,151.357011624834,75.95094843334171,75.4060631914923,0.5018,0.027,0.022985547972701727,2.050675607700226,1.733249682920624,3.78392529062085,0.956299473283868,0.4213067609572286,0.4346815787653946,0.9704166415273685,3.618565762366226,62.173539007928795,65.79210477029503,65.79210477029503,0.05499999999999999,AR6 World GDP level and trajectory (unrebased),Fixed original NATO GDP share = 0.5018,MIGRATION 1.0,SSP5-8.5_zeromig,0.0,3.618565762366226,65.79210477029503,0.0,0.0,7.17124849948099,0.0,0.0
2027,SA1_AR6_fixed_split,SSP5-8.5,S0,Baseline,0.055,158.86358283723416,79.7177458677241,79.14583696951006,0.5018,0.027,0.022985547972701727,2.1523791384285507,1.8192104325023033,3.971589570930854,0.9278858000658762,0.40878884898007134,0.42176627275721645,0.941583517482057,3.6851815665564653,63.31811964356109,67.00330121011756,67.00330121011756,0.05499999999999999,AR6 World GDP level and trajectory (unrebased),Fixed original NATO GDP share = 0.5018,MIGRATION 1.0,SSP5-8.5_zeromig,0.0,3.6851815665564653,67.00330121011756,0.0,0.0,10.856430066037454,0.0,0.0
2028,SA1_AR6_fixed_split,SSP5-8.5,S0,Baseline,0.055,166.7424434517702,83.67135812409829,83.07108532767192,0.5018,0.027,0.022985547972701727,2.2591266693506538,1.9094344169436015,4.168561086294256,0.9003108417151483,0.39664044075562477,0.40923220077961286,0.913601489654434,3.7530007403425945,64.48337635679547,68.23637709713807,68.23637709713807,0.05500000000000001,AR6 World GDP level and trajectory (unrebased),Fixed original NATO GDP share = 0.5018,MIGRATION 1.0,SSP5-8.5_zeromig,0.0,3.7530007403425945,68.23637709713807,0.0,0.0,14.60943080638005,0.0,0.0
2029,SA1_AR6_fixed_split,SSP5-8.5,S0,Baseline,0.055,175.0120572110772,87.82105030851855,87.19100690255866,0.5018,0.027,0.022985547972701727,2.3711683583300007,2.0041330719469292,4.37530143027693,0.8729878360329933,0.3846030326578922,0.39681265274226973,0.885875133893241,3.819584927609518,65.62741375619991,69.44699868380943,69.44699868380943,0.05499999999999999,AR6 World GDP level and trajectory (unrebased),Fixed original NATO GDP share = 0.5018,MIGRATION 1.0,SSP5-8.5_zeromig,0.0,3.819584927609518,69.44699868380943,0.0,0.0,18.429015733989566,0.0,0.0
2030,SA1_AR6_fixed_split,SSP5-8.5,S0,Baseline,0.055,183.69180356957398,92.17654703121222,91.51525653836175,0.5018,0.027,0.022985547972701727,2.48876676984273,2.1035283193966197,4.59229508923935,0.8461594780801066,0.37278354628703997,0.38461794458186666,0.8586507279935566,3.885814015900605,66.76534990956493,70.65116392546554,70.65116392546554,0.05500000000000001,AR6 World GDP level and trajectory (unrebased),Fixed original NATO GDP share = 0.5018,MIGRATION 1.0,SSP5-8.5_zeromig,0.0,3.885814015900605,70.65116392546554,0.0,0.0,22.314829749890173,0.0,0.0
2031,SA1_AR6_fixed_split,SSP5-8.5,S0,Baseline,0.055,192.3472811262712,96.5198656691629,95.82741545710832,0.5018,0.027,0.022985547972701727,2.6060363730673983,2.2026456550893823,4.808682028156781,0.8257690982539551,0.36380037195803616,0.3753495901154341,0.8379593395078831,3.9708610221810248,68.22661210838307,72.19747313056409,72.19747313056408,0.05499999999999999,AR6 World GDP level and trajectory (unrebased),Fixed original NATO GDP share = 0.5018,MIGRATION 1.0,SSP5-8.5_zeromig,1.4210854715202004e-14,3.9708610221810248,72.19747313056409,0.0,0.0,26.2856907720712,0.0,0.0
2032,SA1_AR6_fixed_split,SSP5-8.5,S0,Baseline,0.055,201.41060100515517,101.06783958438687,100.3427614207683,0.5018,0.027,0.022985547972701727,2.7288316687784455,2.306433356350434,5.035265025128879,0.8053798260092528,0.354817685584496,0.36608173909511493,0.8172690749540954,4.055300869848773,69.67744221831074,73.73274308815952,73.73274308815951,0.05499999999999999,AR6 World GDP level and trajectory (unrebased),Fixed original NATO GDP share = 0.5018,MIGRATION 1.0,SSP5-8.5_zeromig,1.4210854715202004e-14,4.055300869848773,73.73274308815952,0.0,0.0,30.34099164191997,0.0,0.0
2033,SA1_AR6_fixed_split,SSP5-8.5,S0,Baseline,0.055,210.9009805583224,105.83011204416619,105.07086851415622,0.5018,0.027,0.022985547972701727,2.857413025192487,2.415111488765573,5.27252451395806,0.7844164704248574,0.3455820813759861,0.3565529411022079,0.7959962522770151,4.135855069467518,71.06150982994191,75.19736489940944,75.19736489940942,0.05499999999999999,AR6 World GDP level and trajectory (unrebased),Fixed original NATO GDP share = 0.5018,MIGRATION 1.0,SSP5-8.5_zeromig,1.4210854715202004e-14,4.135855069467518,75.19736489940944,0.0,0.0,34.47684671138749,0.0,0.0
2034,SA1_AR6_fixed_split,SSP5-8.5,S0,Baseline,0.055,220.8385426511057,110.81678070232485,110.02176194878086,0.5018,0.027,0.022985547972701727,2.992053078962771,2.528910487314872,5.520963566277643,0.7633952115924943,0.33632096734494504,0.3469978234511338,0.7746646715675443,4.214677149872974,72.4158164841811,76.63049363405406,76.63049363405406,0.055,AR6 World GDP level and trajectory (unrebased),Fixed original NATO GDP share = 0.5018,MIGRATION 1.0,SSP5-8.5_zeromig,0.0,4.214677149872974,76.63049363405406,0.0,0.0,38.691523861260464,0.0,0.0
2035,SA1_AR6_fixed_split,SSP5-8.5,S0,Baseline,0.055,231.244358329465,116.03841900972554,115.20593931973946,0.5018,0.027,0.022985547972701727,3.1330373132625895,2.6480716449740354,5.781108958236625,0.742429659185252,0.32708439530539074,0.3374680269023873,0.7533896196374855,4.2920667535764245,73.74551058417676,78.03757733775318,78.03757733775319,0.055,AR6 World GDP level and trajectory (unrebased),Fixed original NATO GDP share = 0.5018,MIGRATION 1.0,SSP5-8.5_zeromig,-1.4210854715202004e-14,4.2920667535764245,78.03757733775318,0.0,0.0,42.983590614836885,0.0,0.0
2036,SA1_AR6_fixed_split,SSP5-8.5,S0,Baseline,0.055,240.72811483684964,120.79736802513115,119.93074681171849,0.5018,0.027,0.022985547972701727,3.261528936678541,2.7566739342427002,6.018202870921241,0.7196379706728614,0.3170433017649669,0.3271081684876643,0.7302614736551581,4.330927301127351,74.41320544664266,78.74413274777001,78.74413274777001,0.055,AR6 World GDP level and trajectory (unrebased),Fixed original NATO GDP share = 0.5018,MIGRATION 1.0,SSP5-8.5_zeromig,0.0,4.330927301127351,78.74413274777001,0.0,0.0,47.31451791596424,0.0,0.0
2037,SA1_AR6_fixed_split,SSP5-8.5,S0,Baseline,0.055,250.6008176439028,125.75149029371042,124.84932735019237,0.5018,0.027,0.022985547972701727,3.395290237930181,2.8697302031673884,6.265020441097569,0.7058967783590304,0.3109894897665658,0.32086217198137745,0.7163174299028604,4.4224577457242455,75.9858649038075,80.40832264953174,80.40832264953174,0.055,AR6 World GDP level and trajectory (unrebased),Fixed original NATO GDP share = 0.5018,MIGRATION 1.0,SSP5-8.5_zeromig,0.0,4.4224577457242455,80.40832264953174,0.0,0.0,51.73697566168848,0.0,0.0
2038,SA1_AR6_fixed_split,SSP5-8.5,S0,Baseline,0.055,260.8784181538368,130.9087902295953,129.96962792424148,0.5018,0.027,0.022985547972701727,3.534537336199073,2.9874231176468466,6.521960453845919,0.6908317546113493,0.3043524513322728,0.31401443391424966,0.7010300119358162,4.505577383836208,77.41401141318578,81.91958879702199,81.91958879702197,0.05499999999999998,AR6 World GDP level and trajectory (unrebased),Fixed original NATO GDP share = 0.5018,MIGRATION 1.0,SSP5-8.5_zeromig,1.4210854715202004e-14,4.505577383836208,81.91958879702199,0.0,0.0,56.24255304552469,0.0,0.0
2039,SA1_AR6_fixed_split,SSP5-8.5,S0,Baseline,0.055,271.5775219662541,136.27760052266632,135.29992144358778,0.5018,0.027,0.022985547972701727,3.6794952141119905,3.109942835044362,6.789438049156352,0.6749294830685362,0.2973465554777467,0.3067861286675164,0.6848929864805567,4.582391912842947,78.73382468430155,83.3162165971445,83.31621659714449,0.05499999999999999,AR6 World GDP level and trajectory (unrebased),Fixed original NATO GDP share = 0.5018,MIGRATION 1.0,SSP5-8.5_zeromig,1.4210854715202004e-14,4.582391912842947,83.3162165971445,0.0,0.0,60.82494495836764,0.0,0.0
2040,SA1_AR6_fixed_split,SSP5-8.5,S0,Baseline,0.055,282.7154157069408,141.86659560174292,140.8488201051979,0.5018,0.027,0.022985547972701727,3.8303980812470586,3.2374873114264617,7.067885392673521,0.65904180275939,0.29034708792896197,0.2995644557997227,0.6687707676589579,4.658031930884316,80.03345772155777,84.69148965244209,84.69148965244209,0.05500000000000001,AR6 World GDP level and trajectory (unrebased),Fixed original NATO GDP share = 0.5018,MIGRATION 1.0,SSP5-8.5_zeromig,0.0,4.658031930884316,84.69148965244209,0.0,0.0,65.48297688925196,0.0,0.0
2041,SA1_AR6_fixed_split,SSP5-8.5,S0,Baseline,0.055,292.8311588771492,146.9426755245535,145.88848335259573,0.5018,0.027,0.022985547972701727,3.9674522391629443,3.3533267327657863,7.32077897192873,0.64813476248118,0.28554188836583455,0.29460671021871815,0.6577027145108806,4.744851340148244,81.52517302618348,86.27002436633173,86.27002436633171,0.05499999999999999,AR6 World GDP level and trajectory (unrebased),Fixed original NATO GDP share = 0.5018,MIGRATION 1.0,SSP5-8.5_zeromig,1.4210854715202004e-14,4.744851340148244,86.27002436633173,0.0,0.0,70.2278282294002,0.0,0.0
2042,SA1_AR6_fixed_split,SSP5-8.5,S0,Baseline,0.055,303.30884997874205,152.20038091933276,151.1084690594093,0.5018,0.027,0.022985547972701727,4.109410284821984,3.4733109646465667,7.582721249468551,0.6370944527723985,0.2806779756969308,0.2895883876238175,0.6464994245705153,4.830909644955804,83.00381117242246,87.83472081737827,87.83472081737825,0.05499999999999999,AR6 World GDP level and trajectory (unrebased),Fixed original NATO GDP share = 0.5018,MIGRATION 1.0,SSP5-8.5_zeromig,1.4210854715202004e-14,4.830909644955804,87.83472081737827,0.0,0.0,75.058737874356,0.0,0.0
2043,SA1_AR6_fixed_split,SSP5-8.5,S0,Baseline,0.055,314.16143974631484,157.6462104647008,156.51522928161404,0.5018,0.027,0.022985547972701727,4.256447682546922,3.5975883111109495,7.854035993657871,0.6261558748181174,0.2758588819128769,0.2846163067355079,0.6353993681781097,4.917850778461826,84.4976179208441,89.41546869930593,89.41546869930593,0.055,AR6 World GDP level and trajectory (unrebased),Fixed original NATO GDP share = 0.5018,MIGRATION 1.0,SSP5-8.5_zeromig,0.0,4.917850778461826,89.41546869930593,0.0,0.0,79.97658865281782,0.0,0.0
2044,SA1_AR6_fixed_split,SSP5-8.5,S0,Baseline,0.055,325.4023423002487,163.2868953662648,162.1154469339839,0.5018,0.027,0.022985547972701727,4.408746174889149,3.726312382617068,8.135058557506216,0.6151439011704273,0.27100745296319523,0.27961086416837605,0.6242248326039306,5.004231657314243,85.981798475672,90.98603013298623,90.98603013298624,0.055,AR6 World GDP level and trajectory (unrebased),Fixed original NATO GDP share = 0.5018,MIGRATION 1.0,SSP5-8.5_zeromig,-1.4210854715202004e-14,5.004231657314243,90.98603013298623,0.0,0.0,84.98082031013207,0.0,0.0
2045,SA1_AR6_fixed_split,SSP5-8.5,S0,Baseline,0.055,337.04545172695816,169.12940767658762,167.91604405037054,0.5018,0.027,0.022985547972701727,4.566494007267866,3.8596422859060886,8.426136293173954,0.6041100372138234,0.26614638003126484,0.2745954714608288,0.613028083569793,5.090313509638065,87.46084121105403,92.5511547206921,92.55115472069208,0.055,AR6 World GDP level and trajectory (unrebased),Fixed original NATO GDP share = 0.5018,MIGRATION 1.0,SSP5-8.5_zeromig,1.4210854715202004e-14,5.090313509638065,92.5511547206921,0.0,0.0,90.07113381977014,0.0,0.0
2046,SA1_AR6_fixed_split,SSP5-8.5,S0,Baseline,0.055,347.51518409717266,174.38311937996124,173.13206471721142,0.5018,0.027,0.022985547972701727,4.708344223258954,3.979535379170363,8.687879602429316,0.5954982332051504,0.2623523684749964,0.2706810150932502,0.6042891496301027,5.173616953545722,88.89214583819471,94.06576279174043,94.06576279174041,0.054999999999999986,AR6 World GDP level and trajectory (unrebased),Fixed original NATO GDP share = 0.5018,MIGRATION 1.0,SSP5-8.5_zeromig,1.4210854715202004e-14,5.173616953545722,94.06576279174043,0.0,0.0,95.24475077331586,0.0,0.0
2047,SA1_AR6_fixed_split,SSP5-8.5,S0,Baseline,0.055,358.3101405442649,179.80002852511214,178.51011201915279,0.5018,0.027,0.022985547972701727,4.854600770178028,4.103152743428596,8.957753513606622,0.5868062533800037,0.2585230347058758,0.266730115172729,0.5954688562954449,5.256465778021066,90.31563927690742,95.57210505492849,95.57210505492849,0.05499999999999999,AR6 World GDP level and trajectory (unrebased),Fixed original NATO GDP share = 0.5018,MIGRATION 1.0,SSP5-8.5_zeromig,0.0,5.256465778021066,95.57210505492849,0.0,0.0,100.50121655133692,0.0,0.0
2048,SA1_AR6_fixed_split,SSP5-8.5,S0,Baseline,0.055,369.4404235901001,185.38520455751225,184.05521903258787,0.5018,0.027,0.022985547972701727,5.005400523052831,4.230610066699672,9.236010589752503,0.5780620896877249,0.2546707108414452,0.2627554953126022,0.5865956087403791,5.338987581890288,91.73351390702405,97.07250148891434,97.07250148891433,0.05499999999999999,AR6 World GDP level and trajectory (unrebased),Fixed original NATO GDP share = 0.5018,MIGRATION 1.0,SSP5-8.5_zeromig,1.4210854715202004e-14,5.338987581890288,97.07250148891434,0.0,0.0,105.84020413322722,0.0,0.0
2049,SA1_AR6_fixed_split,SSP5-8.5,S0,Baseline,0.055,380.9164495738606,191.14387439616326,189.77257517769732,0.5018,0.027,0.022985547972701727,5.160884608696408,4.3620266306501065,9.522911239346515,0.5693034817500094,0.25081202342832587,0.25877430988636796,0.5777077037097655,5.421426524956268,93.14996483788498,98.57139136284125,98.57139136284125,0.05499999999999999,AR6 World GDP level and trajectory (unrebased),Fixed original NATO GDP share = 0.5018,MIGRATION 1.0,SSP5-8.5_zeromig,0.0,5.421426524956268,98.57139136284125,0.0,0.0,111.26163065818348,0.0,0.0
2050,SA1_AR6_fixed_split,SSP5-8.5,S0,Baseline,0.055,392.7489584002411,197.081427325241,195.6675310750001,0.5018,0.027,0.022985547972701727,5.321198537781507,4.497525422224521,9.818723960006029,0.5605646207085654,0.24696203569678057,0.2548021003220752,0.5688398370847934,5.5040292724828825,94.56923022720589,100.07325949968877,100.07325949968876,0.055,AR6 World GDP level and trajectory (unrebased),Fixed original NATO GDP share = 0.5018,MIGRATION 1.0,SSP5-8.5_zeromig,1.4210854715202004e-14,5.5040292724828825,100.07325949968877,0.0,0.0,116.76565993066636,0.0,0.0
2025,SA1_AR6_fixed_split,SSP5-8.5,S1,"NATO→3.5%, nonNATO holds",0.055,144.2051385147961,72.36213850672468,71.84300000807141,0.5018,0.027,0.022985547972701727,1.9537777396815663,1.651350723188336,3.605128462869902,0.9854524668689925,0.43415038750172397,0.4479329394859057,1.0,3.552682737114764,61.041548846790036,64.5942315839048,64.5942315839048,0.05499999999999999,AR6 World GDP level and trajectory (unrebased),Fixed original NATO GDP share = 0.5018,MIGRATION 1.0,SSP5-8.5_zeromig,0.0,3.552682737114764,64.5942315839048,0.0,0.0,3.552682737114764,0.0,0.0
2026,SA1_AR6_fixed_split,SSP5-8.5,S1,"NATO→3.5%, nonNATO holds",0.055,151.357011624834,75.95094843334171,75.4060631914923,0.5018,0.02740877593256891,0.022985547972701727,2.0817225274755584,1.733249682920624,3.8149722103961823,0.956299473283868,0.4213067609572286,0.4346815787653946,0.9704166415273685,3.6482559153944627,62.160458730720556,65.80871464611502,65.79210477029503,0.05543727658278819,AR6 World GDP level and trajectory (unrebased),Fixed original NATO GDP share = 0.5018,MIGRATION 1.0,SSP5-8.5_zeromig,0.016609875819995068,3.618565762366226,65.79210477029503,0.029690153028236743,0.016609875819995068,7.200938652509226,0.029690153028236743,0.016609875819995068
2027,SA1_AR6_fixed_split,SSP5-8.5,S1,"NATO→3.5%, nonNATO holds",0.055,158.86358283723416,79.7177458677241,79.14583696951006,0.5018,0.028005016140972137,0.022985547972701727,2.2324967597475283,1.8192104325023033,4.051707192249832,0.9278858000658762,0.40878884898007134,0.42176627275721645,0.941583517482057,3.7595215697134,63.285368453359084,67.04489002307248,67.00330121011756,0.05607469217146329,AR6 World GDP level and trajectory (unrebased),Fixed original NATO GDP share = 0.5018,MIGRATION 1.0,SSP5-8.5_zeromig,0.041588812954927334,3.6851815665564653,67.00330121011756,0.07434000315693456,0.041588812954927334,10.960460222222626,0.10403015618517131,0.0581986887749224
2028,SA1_AR6_fixed_split,SSP5-8.5,S1,"NATO→3.5%, nonNATO holds",0.055,166.7424434517702,83.67135812409829,83.07108532767192,0.5018,0.028820930945768986,0.022985547972701727,2.4114864346333436,1.9094344169436015,4.320920851576945,0.9003108417151483,0.39664044075562477,0.40923220077961286,0.913601489654434,3.890171888867775,64.42294431234033,68.3131162012081,68.23637709713807,0.056946192842524404,AR6 World GDP level and trajectory (unrebased),Fixed original NATO GDP share = 0.5018,MIGRATION 1.0,SSP5-8.5_zeromig,0.07673910407002893,3.7530007403425945,68.23637709713807,0.13717114852518053,0.07673910407002893,14.850632111090402,0.24120130471035184,0.13493779284495133
2029,SA1_AR6_fixed_split,SSP5-8.5,S1,"NATO→3.5%, nonNATO holds",0.055,175.0120572110772,87.82105030851855,87.19100690255866,0.5018,0.029845109579542582,0.022985547972701727,2.6210288698482582,2.0041330719469292,4.625161941795188,0.8729878360329933,0.3846030326578922,0.39681265274226973,0.885875133893241,4.037710114869939,65.53131664572852,69.56902676059846,69.44699868380943,0.05803890470919684,AR6 World GDP level and trajectory (unrebased),Fixed original NATO GDP share = 0.5018,MIGRATION 1.0,SSP5-8.5_zeromig,0.12202807678903582,3.819584927609518,69.44699868380943,0.21812518726042107,0.12202807678903582,18.88834222596034,0.4593264919707729,0.25696586963398715
2030,SA1_AR6_fixed_split,SSP5-8.5,S1,"NATO→3.5%, nonNATO holds",0.055,183.69180356957398,92.17654703121222,91.51525653836175,0.5018,0.030999999999995285,0.022985547972701727,2.8574729579671443,2.1035283193966197,4.9610012773637635,0.8461594780801066,0.37278354628703997,0.38461794458186666,0.8586507279935566,4.197798251608864,66.62790230921794,70.8257005608268,70.65116392546554,0.05926942082279433,AR6 World GDP level and trajectory (unrebased),Fixed original NATO GDP share = 0.5018,MIGRATION 1.0,SSP5-8.5_zeromig,0.17453663536126385,3.885814015900605,70.65116392546554,0.31198423570825895,0.17453663536126385,23.086140477569202,0.7713107276790319,0.431502504995251
2031,SA1_AR6_fixed_split,SSP5-8.5,S1,"NATO→3.5%, nonNATO holds",0.055,192.3472811262712,96.5198656691629,95.82741545710832,0.5018,0.03215489042044799,0.022985547972701727,3.103585703988293,2.2026456550893823,5.306231359077675,0.8257690982539551,0.36380037195803616,0.3753495901154341,0.8379593395078831,4.38172188451243,68.04560347672655,72.42732536123899,72.19747313056408,0.06049818715047293,AR6 World GDP level and trajectory (unrebased),Fixed original NATO GDP share = 0.5018,MIGRATION 1.0,SSP5-8.5_zeromig,0.2298522306749078,3.9708610221810248,72.19747313056409,0.4108608623314054,0.22985223067489358,27.467862362081632,1.1821715900104373,0.6613547356701446
2032,SA1_AR6_fixed_split,SSP5-8.5,S1,"NATO→3.5%, nonNATO holds",0.055,201.41060100515517,101.06783958438687,100.3427614207683,0.5018,0.033179069054221584,0.022985547972701727,3.353336828731362,2.306433356350434,5.659770185081795,0.8053798260092528,0.354817685584496,0.36608173909511493,0.8172690749540954,4.558264726913533,69.45585674282067,74.0141214697342,73.73274308815951,0.06158641940751124,AR6 World GDP level and trajectory (unrebased),Fixed original NATO GDP share = 0.5018,MIGRATION 1.0,SSP5-8.5_zeromig,0.2813783815746973,4.055300869848773,73.73274308815952,0.5029638570647599,0.2813783815746831,32.02612708899517,1.6851354470751971,0.9427331172448277
2033,SA1_AR6_fixed_split,SSP5-8.5,S1,"NATO→3.5%, nonNATO holds",0.055,210.9009805583224,105.83011204416619,105.07086851415622,0.5018,0.03399498385901843,0.022985547972701727,3.5976929507395417,2.415111488765573,6.012804439505114,0.7844164704248574,0.3455820813759861,0.3565529411022079,0.7959962522770151,4.716542835791515,70.80568235247048,75.522225188262,75.19736489940942,0.062452381719872586,AR6 World GDP level and trajectory (unrebased),Fixed original NATO GDP share = 0.5018,MIGRATION 1.0,SSP5-8.5_zeromig,0.3248602888525767,4.135855069467518,75.19736489940944,0.5806877663239964,0.32486028885256246,36.74266992478668,2.2658232133991936,1.2675934060973901
2034,SA1_AR6_fixed_split,SSP5-8.5,S1,"NATO→3.5%, nonNATO holds",0.055,220.8385426511057,110.81678070232485,110.02176194878086,0.5018,0.034591224067421655,0.022985547972701727,3.8332880917044467,2.528910487314872,6.362198579019319,0.7633952115924943,0.33632096734494504,0.3469978234511338,0.7746646715675443,4.85687193042392,72.13289151093136,76.98976344135528,76.63049363405406,0.06308464545580142,AR6 World GDP level and trajectory (unrebased),Fixed original NATO GDP share = 0.5018,MIGRATION 1.0,SSP5-8.5_zeromig,0.35926980730121727,4.214677149872974,76.63049363405406,0.6421947805509465,0.35926980730121727,41.5995418552106,2.90801799395014,1.6268632133986074
2035,SA1_AR6_fixed_split,SSP5-8.5,S1,"NATO→3.5%, nonNATO holds",0.055,231.244358329465,116.03841900972554,115.20593931973946,0.5018,0.03499999999999057,0.022985547972701727,4.0613446653393,2.6480716449740354,6.709416310313335,0.742429659185252,0.32708439530539074,0.3374680269023873,0.7533896196374855,4.9812696645979,73.44187573526519,78.42314539986309,78.03757733775319,0.06351785100176047,AR6 World GDP level and trajectory (unrebased),Fixed original NATO GDP share = 0.5018,MIGRATION 1.0,SSP5-8.5_zeromig,0.3855680621098969,4.2920667535764245,78.03757733775318,0.6892029110214759,0.3855680621099111,46.580811519808506,3.597220904971616,2.0124312755085185
2036,SA1_AR6_fixed_split,SSP5-8.5,S1,"NATO→3.5%, nonNATO holds",0.055,240.72811483684964,120.79736802513115,119.93074681171849,0.5018,0.035,0.022985547972701727,4.227907880879591,2.7566739342427002,6.984581815122291,0.7196379706728614,0.3170433017649669,0.3271081684876643,0.7302614736551581,5.0263702834331765,74.10682147541702,79.1331917588502,78.74413274777001,0.06351785100177045,AR6 World GDP level and trajectory (unrebased),Fixed original NATO GDP share = 0.5018,MIGRATION 1.0,SSP5-8.5_zeromig,0.38905901108019236,4.330927301127351,78.74413274777001,0.6954429823058259,0.38905901108019236,51.60718180324168,4.292663887277442,2.401490286588711
2037,SA1_AR6_fixed_split,SSP5-8.5,S1,"NATO→3.5%, nonNATO holds",0.055,250.6008176439028,125.75149029371042,124.84932735019237,0.5018,0.035,0.022985547972701727,4.401302160279865,2.8697302031673884,7.271032363447254,0.7058967783590304,0.3109894897665658,0.32086217198137745,0.7163174299028604,5.132598320701663,75.67300576937689,80.80560409007855,80.40832264953174,0.06351785100177046,AR6 World GDP level and trajectory (unrebased),Fixed original NATO GDP share = 0.5018,MIGRATION 1.0,SSP5-8.5_zeromig,0.3972814405468057,4.4224577457242455,80.40832264953174,0.7101405749774177,0.3972814405468057,56.73978012394334,5.0028044622548595,2.7987717271355166
2038,SA1_AR6_fixed_split,SSP5-8.5,S1,"NATO→3.5%, nonNATO holds",0.055,260.8784181538368,130.9087902295953,129.96962792424148,0.5018,0.035,0.022985547972701727,4.581807658035836,2.9874231176468466,7.569230775682683,0.6908317546113493,0.3043524513322728,0.31401443391424966,0.7010300119358162,5.229064977823092,77.09527212352721,82.3243371013503,81.91958879702197,0.06351785100177046,AR6 World GDP level and trajectory (unrebased),Fixed original NATO GDP share = 0.5018,MIGRATION 1.0,SSP5-8.5_zeromig,0.4047483043283222,4.505577383836208,81.91958879702199,0.7234875939868841,0.404748304328308,61.96884510176643,5.726292056241744,3.2035200314638246
2039,SA1_AR6_fixed_split,SSP5-8.5,S1,"NATO→3.5%, nonNATO holds",0.055,271.5775219662541,136.27760052266632,135.29992144358778,0.5018,0.035,0.022985547972701727,4.769716018293321,3.109942835044362,7.879658853337683,0.6749294830685362,0.2973465554777467,0.3067861286675164,0.6848929864805567,5.318214076639617,78.40965128346805,83.72786536010767,83.31621659714449,0.06351785100177046,AR6 World GDP level and trajectory (unrebased),Fixed original NATO GDP share = 0.5018,MIGRATION 1.0,SSP5-8.5_zeromig,0.411648762963182,4.582391912842947,83.3162165971445,0.7358221637966693,0.41164876296316777,67.28705917840605,6.462114220038413,3.6151687944269923
2040,SA1_AR6_fixed_split,SSP5-8.5,S1,"NATO→3.5%, nonNATO holds",0.055,282.7154157069408,141.86659560174292,140.8488201051979,0.5018,0.035,0.022985547972701727,4.965330846061002,3.2374873114264617,8.202818157487464,0.65904180275939,0.29034708792896197,0.2995644557997227,0.6687707676589579,5.406000066217995,79.70393329829888,85.10993336451688,84.69148965244209,0.06351785100177046,AR6 World GDP level and trajectory (unrebased),Fixed original NATO GDP share = 0.5018,MIGRATION 1.0,SSP5-8.5_zeromig,0.41844371207479014,4.658031930884316,84.69148965244209,0.7479681353336796,0.41844371207479014,72.69305924462405,7.2100823553720925,4.0336125065017825
2041,SA1_AR6_fixed_split,SSP5-8.5,S1,"NATO→3.5%, nonNATO holds",0.055,292.8311588771492,146.9426755245535,145.88848335259573,0.5018,0.035,0.022985547972701727,5.142993643359373,3.3533267327657863,8.496320376125158,0.64813476248118,0.28554188836583455,0.29460671021871815,0.6577027145108806,5.506760588943889,81.189506713777,86.6962673027209,86.27002436633171,0.06351785100177045,AR6 World GDP level and trajectory (unrebased),Fixed original NATO GDP share = 0.5018,MIGRATION 1.0,SSP5-8.5_zeromig,0.42624293638918687,4.744851340148244,86.27002436633173,0.7619092487956447,0.42624293638917266,78.19981983356793,7.971991604167737,4.459855442890955
2042,SA1_AR6_fixed_split,SSP5-8.5,S1,"NATO→3.5%, nonNATO holds",0.055,303.30884997874205,152.20038091933276,151.1084690594093,0.5018,0.035,0.022985547972701727,5.327013332176647,3.4733109646465667,8.800324296823213,0.6370944527723985,0.2806779756969308,0.2895883876238175,0.6464994245705153,5.606637792104228,82.66205681388854,88.26869460599276,87.83472081737825,0.06351785100177046,AR6 World GDP level and trajectory (unrebased),Fixed original NATO GDP share = 0.5018,MIGRATION 1.0,SSP5-8.5_zeromig,0.43397378861450875,4.830909644955804,87.83472081737827,0.7757281471484232,0.43397378861449454,83.80645762567217,8.747719751316161,4.89382923150545
2043,SA1_AR6_fixed_split,SSP5-8.5,S1,"NATO→3.5%, nonNATO holds",0.055,314.16143974631484,157.6462104647008,156.51522928161404,0.5018,0.035,0.022985547972701727,5.5176173662645285,3.5975883111109495,9.115205677375478,0.6261558748181174,0.2758588819128769,0.2846163067355079,0.6353993681781097,5.707539585064113,84.14971306199135,89.85725264705546,89.41546869930593,0.06351785100177046,AR6 World GDP level and trajectory (unrebased),Fixed original NATO GDP share = 0.5018,MIGRATION 1.0,SSP5-8.5_zeromig,0.4417839477495278,4.917850778461826,89.41546869930593,0.7896888066022871,0.4417839477495278,89.51399721073628,9.537408557918447,5.3356131792549775
2044,SA1_AR6_fixed_split,SSP5-8.5,S1,"NATO→3.5%, nonNATO holds",0.055,325.4023423002487,163.2868953662648,162.1154469339839,0.5018,0.035,0.022985547972701727,5.715041337819268,3.726312382617068,9.441353720436336,0.6151439011704273,0.27100745296319523,0.27961086416837605,0.6242248326039306,5.807791159919136,85.62778275074817,91.4355739106673,90.98603013298624,0.06351785100177046,AR6 World GDP level and trajectory (unrebased),Fixed original NATO GDP share = 0.5018,MIGRATION 1.0,SSP5-8.5_zeromig,0.4495437776810576,5.004231657314243,90.98603013298623,0.8035595026048927,0.4495437776810718,95.32178837065541,10.340968060523341,5.785156956936049
2045,SA1_AR6_fixed_split,SSP5-8.5,S1,"NATO→3.5%, nonNATO holds",0.055,337.04545172695816,169.12940767658762,167.91604405037054,0.5018,0.035,0.022985547972701727,5.919529268680567,3.8596422859060886,9.779171554586656,0.6041100372138234,0.26614638003126484,0.2745954714608288,0.613028083569793,5.907695691761708,87.10073577417438,93.00843146593608,92.55115472069208,0.06351785100177046,AR6 World GDP level and trajectory (unrebased),Fixed original NATO GDP share = 0.5018,MIGRATION 1.0,SSP5-8.5_zeromig,0.45727674524400186,5.090313509638065,92.5511547206921,0.8173821821236427,0.45727674524398765,101.22948406241711,11.158350242646982,6.242433702180037
2046,SA1_AR6_fixed_split,SSP5-8.5,S1,"NATO→3.5%, nonNATO holds",0.055,347.51518409717266,174.38311937996124,173.13206471721142,0.5018,0.035,0.022985547972701727,6.103409178298644,3.979535379170363,10.082944557469007,0.5954982332051504,0.2623523684749964,0.2706810150932502,0.6042891496301027,6.00437566947828,88.52614724306356,94.53052291254184,94.06576279174041,0.06351785100177045,AR6 World GDP level and trajectory (unrebased),Fixed original NATO GDP share = 0.5018,MIGRATION 1.0,SSP5-8.5_zeromig,0.46476012080142937,5.173616953545722,94.06576279174043,0.830758715932558,0.46476012080141516,107.2338597318954,11.989108958579541,6.707193822981452
2047,SA1_AR6_fixed_split,SSP5-8.5,S1,"NATO→3.5%, nonNATO holds",0.055,358.3101405442649,179.80002852511214,178.51011201915279,0.5018,0.035,0.022985547972701727,6.2930009983789255,4.103152743428596,10.39615374180752,0.5868062533800037,0.2585230347058758,0.266730115172729,0.5954688562954449,6.100528026792578,89.94377968479131,96.04430771158388,95.57210505492849,0.06351785100177045,AR6 World GDP level and trajectory (unrebased),Fixed original NATO GDP share = 0.5018,MIGRATION 1.0,SSP5-8.5_zeromig,0.47220265665539785,5.256465778021066,95.57210505492849,0.8440622487715119,0.47220265665539785,113.33438775868798,12.833171207351054,7.17939647963685
2048,SA1_AR6_fixed_split,SSP5-8.5,S1,"NATO→3.5%, nonNATO holds",0.055,369.4404235901001,185.38520455751225,184.05521903258787,0.5018,0.035,0.022985547972701727,6.488482159512929,4.230610066699672,10.719092226212602,0.5780620896877249,0.2546707108414452,0.2627554953126022,0.5865956087403791,6.196300851839903,91.35581645243086,97.55211730427077,97.07250148891433,0.06351785100177045,AR6 World GDP level and trajectory (unrebased),Fixed original NATO GDP share = 0.5018,MIGRATION 1.0,SSP5-8.5_zeromig,0.47961581535643916,5.338987581890288,97.07250148891434,0.8573132699496151,0.47961581535642495,119.53068861052787,13.690484477300668,7.659012294993275
2049,SA1_AR6_fixed_split,SSP5-8.5,S1,"NATO→3.5%, nonNATO holds",0.055,380.9164495738606,191.14387439616326,189.77257517769732,0.5018,0.035,0.022985547972701727,6.690035603865715,4.3620266306501065,11.052062234515821,0.5693034817500094,0.25081202342832587,0.25877430988636796,0.5777077037097655,6.291977510627646,92.76643538265914,99.05841289328679,98.57139136284125,0.06351785100177045,AR6 World GDP level and trajectory (unrebased),Fixed original NATO GDP share = 0.5018,MIGRATION 1.0,SSP5-8.5_zeromig,0.4870215304455314,5.421426524956268,98.57139136284125,0.870550985671378,0.4870215304455314,125.82266612115552,14.561035462972047,8.146033825438806
2050,SA1_AR6_fixed_split,SSP5-8.5,S1,"NATO→3.5%, nonNATO holds",0.055,392.7489584002411,197.081427325241,195.6675310750001,0.5018,0.035,0.022985547972701727,6.897849956383436,4.497525422224521,11.395375378607957,0.5605646207085654,0.24696203569678057,0.2548021003220752,0.5688398370847934,6.387844276941094,94.17985718328374,100.56770146022484,100.07325949968876,0.06351785100177046,AR6 World GDP level and trajectory (unrebased),Fixed original NATO GDP share = 0.5018,MIGRATION 1.0,SSP5-8.5_zeromig,0.49444196053607925,5.5040292724828825,100.07325949968877,0.8838150044582118,0.49444196053606504,132.21051039809663,15.444850467430257,8.640475785974871
2025,SA1_AR6_fixed_split,SSP5-8.5,S2,"NATO→3.5%, nonNATO→3.5%",0.055,144.2051385147961,72.36213850672468,71.84300000807141,0.5018,0.027,0.022985547972701727,1.9537777396815663,1.651350723188336,3.605128462869902,0.9854524668689925,0.43415038750172397,0.4479329394859057,1.0,3.552682737114764,61.041548846790036,64.5942315839048,64.5942315839048,0.05499999999999999,AR6 World GDP level and trajectory (unrebased),Fixed original NATO GDP share = 0.5018,MIGRATION 1.0,SSP5-8.5_zeromig,0.0,3.552682737114764,64.5942315839048,0.0,0.0,3.552682737114764,0.0,0.0
2026,SA1_AR6_fixed_split,SSP5-8.5,S2,"NATO→3.5%, nonNATO→3.5%",0.055,151.357011624834,75.95094843334171,75.4060631914923,0.5018,0.02740877593256891,0.023599450326672138,2.0817225274755584,1.7795416426175228,3.861264170093081,0.956299473283868,0.4213067609572286,0.4346815787653946,0.9704166415273685,3.692524892069885,62.14095561512229,65.83348050719218,65.79210477029503,0.056088860312747464,AR6 World GDP level and trajectory (unrebased),Fixed original NATO GDP share = 0.5018,MIGRATION 1.0,SSP5-8.5_zeromig,0.04137573689715168,3.618565762366226,65.79210477029503,0.07395912970365925,0.04137573689715168,7.245207629184649,0.07395912970365925,0.04137573689715168
2027,SA1_AR6_fixed_split,SSP5-8.5,S2,"NATO→3.5%, nonNATO→3.5%",0.055,158.86358283723416,79.7177458677241,79.14583696951006,0.5018,0.028005016140972137,0.024494887749248,2.2324967597475283,1.9386683923884314,4.171165152135959,0.9278858000658762,0.40878884898007134,0.42176627275721645,0.941583517482057,3.8703649143965766,63.23653537143573,67.10690028583231,67.00330121011756,0.05767461912130208,AR6 World GDP level and trajectory (unrebased),Fixed original NATO GDP share = 0.5018,MIGRATION 1.0,SSP5-8.5_zeromig,0.10359907571475446,3.6851815665564653,67.00330121011756,0.18518334784011126,0.10359907571475446,11.115572543581226,0.2591424775437705,0.14497481261190615
2028,SA1_AR6_fixed_split,SSP5-8.5,S2,"NATO→3.5%, nonNATO→3.5%",0.055,166.7424434517702,83.67135812409829,83.07108532767192,0.5018,0.028820930945768986,0.025720233909322272,2.4114864346333436,2.136607745728991,4.548094180362335,0.9003108417151483,0.39664044075562477,0.40923220077961286,0.913601489654434,4.0946984997217815,64.33283818308297,68.42753668280476,68.23637709713807,0.05983992261335842,AR6 World GDP level and trajectory (unrebased),Fixed original NATO GDP share = 0.5018,MIGRATION 1.0,SSP5-8.5_zeromig,0.19115958566668212,3.7530007403425945,68.23637709713807,0.341697759379187,0.19115958566668212,15.210271043303006,0.6008402369229575,0.33613439827858826
2029,SA1_AR6_fixed_split,SSP5-8.5,S2,"NATO→3.5%, nonNATO→3.5%",0.055,175.0120572110772,87.82105030851855,87.19100690255866,0.5018,0.029845109579542582,0.027258352042179364,2.6210288698482582,2.3766831610620347,4.997712030910293,0.8729878360329933,0.3846030326578922,0.39681265274226973,0.885875133893241,4.362941810980433,65.3880327516379,69.75097456261832,69.44699868380943,0.06255026310870597,AR6 World GDP level and trajectory (unrebased),Fixed original NATO GDP share = 0.5018,MIGRATION 1.0,SSP5-8.5_zeromig,0.30397587880889887,3.819584927609518,69.44699868380943,0.5433568833709153,0.30397587880889887,19.57321285428344,1.1441971202938728,0.6401102770874871
2030,SA1_AR6_fixed_split,SSP5-8.5,S2,"NATO→3.5%, nonNATO→3.5%",0.055,183.69180356957398,92.17654703121222,91.51525653836175,0.5018,0.030999999999995285,0.028992773986343784,2.8574729579671443,2.6532811491189925,5.510754107086137,0.8461594780801066,0.37278354628703997,0.38461794458186666,0.8586507279935566,4.66297681907981,66.42296349977269,71.08594031885251,70.65116392546554,0.06559633027521694,AR6 World GDP level and trajectory (unrebased),Fixed original NATO GDP share = 0.5018,MIGRATION 1.0,SSP5-8.5_zeromig,0.4347763933869686,3.885814015900605,70.65116392546554,0.7771628031792046,0.4347763933869686,24.23618967336325,1.9213599234730774,1.0748866704744557
2031,SA1_AR6_fixed_split,SSP5-8.5,S2,"NATO→3.5%, nonNATO→3.5%",0.055,192.3472811262712,96.5198656691629,95.82741545710832,0.5018,0.03215489042044799,0.0307271959305082,3.103585703988293,2.944507770264777,6.04809347425307,0.8257690982539551,0.36380037195803616,0.3753495901154341,0.8379593395078831,4.994328694389588,67.77571376328417,72.77004245767377,72.19747313056408,0.06863165838187477,AR6 World GDP level and trajectory (unrebased),Fixed original NATO GDP share = 0.5018,MIGRATION 1.0,SSP5-8.5_zeromig,0.5725693271096901,3.9708610221810248,72.19747313056409,1.0234676722085632,0.5725693271096759,29.230518367752836,2.9448275956816405,1.6474559975841316
2032,SA1_AR6_fixed_split,SSP5-8.5,S2,"NATO→3.5%, nonNATO→3.5%",0.055,201.41060100515517,101.06783958438687,100.3427614207683,0.5018,0.033179069054221584,0.032265314063365295,3.353336828731362,3.237590711226424,6.590927539957786,0.8053798260092528,0.354817685584496,0.36608173909511493,0.8172690749540954,5.308200075370794,69.12546564524858,74.43366572061937,73.73274308815951,0.07131450566057952,AR6 World GDP level and trajectory (unrebased),Fixed original NATO GDP share = 0.5018,MIGRATION 1.0,SSP5-8.5_zeromig,0.7009226324598643,4.055300869848773,73.73274308815952,1.252899205522021,0.7009226324598501,34.538718443123635,4.197726801203661,2.3483786300439817
2033,SA1_AR6_fixed_split,SSP5-8.5,S2,"NATO→3.5%, nonNATO→3.5%",0.055,210.9009805583224,105.83011204416619,105.07086851415622,0.5018,0.03399498385901843,0.033490660223439564,3.5976929507395417,3.5188927567893002,7.1165857075288415,0.7844164704248574,0.3455820813759861,0.3565529411022079,0.7959962522770151,5.58236704217576,70.42423532448302,76.00660236665878,75.19736489940942,0.07344581744683451,AR6 World GDP level and trajectory (unrebased),Fixed original NATO GDP share = 0.5018,MIGRATION 1.0,SSP5-8.5_zeromig,0.8092374672493605,4.135855069467518,75.19736489940944,1.446511972708242,0.8092374672493463,40.12108548529939,5.644238773911903,3.157616097293328
2034,SA1_AR6_fixed_split,SSP5-8.5,S2,"NATO→3.5%, nonNATO→3.5%",0.055,220.8385426511057,110.81678070232485,110.02176194878086,0.5018,0.034591224067421655,0.034386097646015426,3.8332880917044467,3.7832190495574434,7.61650714126189,0.7633952115924943,0.33632096734494504,0.3469978234511338,0.7746646715675443,5.814405080699364,71.7110412419289,77.52544632262826,76.63049363405406,0.0749999562273045,AR6 World GDP level and trajectory (unrebased),Fixed original NATO GDP share = 0.5018,MIGRATION 1.0,SSP5-8.5_zeromig,0.8949526885741932,4.214677149872974,76.63049363405406,1.5997279308263908,0.8949526885741932,45.935490565998755,7.243966704738295,4.052568785867521
2035,SA1_AR6_fixed_split,SSP5-8.5,S2,"NATO→3.5%, nonNATO→3.5%",0.055,231.244358329465,116.03841900972554,115.20593931973946,0.5018,0.03499999999999057,0.03499999999998584,4.0613446653393,4.03220787618925,8.093552541528549,0.742429659185252,0.32708439530539074,0.3374680269023873,0.7533896196374855,6.008893455004971,72.98914637305789,78.99803982806286,78.03757733775319,0.07606382978720952,AR6 World GDP level and trajectory (unrebased),Fixed original NATO GDP share = 0.5018,MIGRATION 1.0,SSP5-8.5_zeromig,0.9604624903096664,4.2920667535764245,78.03757733775318,1.7168267014285465,0.9604624903096806,51.94438402100373,8.960793406166841,5.013031276177202
2036,SA1_AR6_fixed_split,SSP5-8.5,S2,"NATO→3.5%, nonNATO→3.5%",0.055,240.72811483684964,120.79736802513115,119.93074681171849,0.5018,0.035,0.035,4.227907880879591,4.197576138410148,8.425484019289739,0.7196379706728614,0.3170433017649669,0.3271081684876643,0.7302614736551581,6.063298221578291,73.64999308308735,79.71329130466565,78.74413274777001,0.07606382978723404,AR6 World GDP level and trajectory (unrebased),Fixed original NATO GDP share = 0.5018,MIGRATION 1.0,SSP5-8.5_zeromig,0.9691585568956356,4.330927301127351,78.74413274777001,1.7323709204509408,0.9691585568956356,58.00768224258202,10.693164326617781,5.982189833072837
2037,SA1_AR6_fixed_split,SSP5-8.5,S2,"NATO→3.5%, nonNATO→3.5%",0.055,250.6008176439028,125.75149029371042,124.84932735019237,0.5018,0.035,0.035,4.401302160279865,4.369726457256733,8.771028617536597,0.7058967783590304,0.3109894897665658,0.32086217198137745,0.7163174299028604,6.191440844013944,75.20652269966588,81.39796354367982,80.40832264953174,0.07606382978723404,AR6 World GDP level and trajectory (unrebased),Fixed original NATO GDP share = 0.5018,MIGRATION 1.0,SSP5-8.5_zeromig,0.9896408941480814,4.4224577457242455,80.40832264953174,1.7689830982896986,0.9896408941480814,64.19912308659596,12.46214742490748,6.971830727220919
2038,SA1_AR6_fixed_split,SSP5-8.5,S2,"NATO→3.5%, nonNATO→3.5%",0.055,260.8784181538368,130.9087902295953,129.96962792424148,0.5018,0.035,0.035,4.581807658035836,4.548936977348452,9.13074463538429,0.6908317546113493,0.3043524513322728,0.31401443391424966,0.7010300119358162,6.307808337370693,76.62002155253771,82.9278298899084,81.91958879702197,0.07606382978723406,AR6 World GDP level and trajectory (unrebased),Fixed original NATO GDP share = 0.5018,MIGRATION 1.0,SSP5-8.5_zeromig,1.008241092886422,4.505577383836208,81.91958879702199,1.802230953534485,1.0082410928864078,70.50693142396666,14.264378378441965,7.980071820107327
2039,SA1_AR6_fixed_split,SSP5-8.5,S2,"NATO→3.5%, nonNATO→3.5%",0.055,271.5775219662541,136.27760052266632,135.29992144358778,0.5018,0.035,0.035,4.769716018293321,4.735497250525572,9.505213268818894,0.6749294830685362,0.2973465554777467,0.3067861286675164,0.6848929864805567,6.415348677980127,77.92629827728307,84.3416469552632,83.31621659714449,0.07606382978723406,AR6 World GDP level and trajectory (unrebased),Fixed original NATO GDP share = 0.5018,MIGRATION 1.0,SSP5-8.5_zeromig,1.0254303581187116,4.582391912842947,83.3162165971445,1.8329567651371796,1.0254303581186974,76.92228010194678,16.097335143579144,9.005502178226024
2040,SA1_AR6_fixed_split,SSP5-8.5,S2,"NATO→3.5%, nonNATO→3.5%",0.055,282.7154157069408,141.86659560174292,140.8488201051979,0.5018,0.035,0.035,4.965330846061002,4.929708703681927,9.895039549742929,0.65904180275939,0.29034708792896197,0.2995644557997227,0.6687707676589579,6.521244703238042,79.2126017449264,85.73384644816444,84.69148965244209,0.07606382978723407,AR6 World GDP level and trajectory (unrebased),Fixed original NATO GDP share = 0.5018,MIGRATION 1.0,SSP5-8.5_zeromig,1.0423567957223554,4.658031930884316,84.69148965244209,1.8632127723537266,1.0423567957223554,83.44352480518482,17.96054791593287,10.04785897394838
2041,SA1_AR6_fixed_split,SSP5-8.5,S2,"NATO→3.5%, nonNATO→3.5%",0.055,292.8311588771492,146.9426755245535,145.88848335259573,0.5018,0.035,0.035,5.142993643359373,5.106096917340851,10.249090560700225,0.64813476248118,0.28554188836583455,0.29460671021871815,0.6577027145108806,6.642791876207544,80.68901740540211,87.33180928160965,86.27002436633171,0.07606382978723406,AR6 World GDP level and trajectory (unrebased),Fixed original NATO GDP share = 0.5018,MIGRATION 1.0,SSP5-8.5_zeromig,1.06178491527794,4.744851340148244,86.27002436633173,1.8979405360592994,1.0617849152779257,90.08631668139238,19.85848845199217,11.109643889226305
2042,SA1_AR6_fixed_split,SSP5-8.5,S2,"NATO→3.5%, nonNATO→3.5%",0.055,303.30884997874205,152.20038091933276,151.1084690594093,0.5018,0.035,0.035,5.327013332176647,5.288796417079325,10.615809749255973,0.6370944527723985,0.2806779756969308,0.2895883876238175,0.6464994245705153,6.7632735029381275,82.15249003219249,88.91576353513062,87.83472081737825,0.07606382978723404,AR6 World GDP level and trajectory (unrebased),Fixed original NATO GDP share = 0.5018,MIGRATION 1.0,SSP5-8.5_zeromig,1.0810427177523678,4.830909644955804,87.83472081737827,1.932363857982323,1.0810427177523536,96.8495901843305,21.790852309974493,12.190686606978659
2043,SA1_AR6_fixed_split,SSP5-8.5,S2,"NATO→3.5%, nonNATO→3.5%",0.055,314.16143974631484,157.6462104647008,156.51522928161404,0.5018,0.035,0.035,5.5176173662645285,5.478033024856492,10.995650391121021,0.6261558748181174,0.2758588819128769,0.2846163067355079,0.6353993681781097,6.884991089846558,83.63097568575851,90.51596677560508,89.41546869930593,0.07606382978723406,AR6 World GDP level and trajectory (unrebased),Fixed original NATO GDP share = 0.5018,MIGRATION 1.0,SSP5-8.5_zeromig,1.1004980762991465,4.917850778461826,89.41546869930593,1.9671403113847319,1.1004980762991465,103.73458127417706,23.757992621359225,13.291184683277805
2044,SA1_AR6_fixed_split,SSP5-8.5,S2,"NATO→3.5%, nonNATO→3.5%",0.055,325.4023423002487,163.2868953662648,162.1154469339839,0.5018,0.035,0.035,5.715041337819268,5.6740406426894365,11.389081980508704,0.6151439011704273,0.27100745296319523,0.27961086416837605,0.6242248326039306,7.005924320239941,85.09993387592151,92.10585819616145,90.98603013298624,0.07606382978723406,AR6 World GDP level and trajectory (unrebased),Fixed original NATO GDP share = 0.5018,MIGRATION 1.0,SSP5-8.5_zeromig,1.1198280631752056,5.004231657314243,90.98603013298623,2.0016926629256977,1.1198280631752198,110.740505594417,25.759685284284924,14.411012746453025
2045,SA1_AR6_fixed_split,SSP5-8.5,S2,"NATO→3.5%, nonNATO→3.5%",0.055,337.04545172695816,169.12940767658762,167.91604405037054,0.5018,0.035,0.035,5.919529268680567,5.87706154176297,11.796590810443536,0.6041100372138234,0.26614638003126484,0.2745954714608288,0.613028083569793,7.126438913493292,86.5638069422227,93.69024585571599,92.55115472069208,0.07606382978723406,AR6 World GDP level and trajectory (unrebased),Fixed original NATO GDP share = 0.5018,MIGRATION 1.0,SSP5-8.5_zeromig,1.1390911350239037,5.090313509638065,92.5511547206921,2.036125403855227,1.1390911350238895,117.86694450791029,27.79581068814015,15.550103881476915
2046,SA1_AR6_fixed_split,SSP5-8.5,S2,"NATO→3.5%, nonNATO→3.5%",0.055,347.51518409717266,174.38311937996124,173.13206471721142,0.5018,0.035,0.035,6.103409178298644,6.0596222651024005,12.163031443401046,0.5954982332051504,0.2623523684749964,0.2706810150932502,0.6042891496301027,7.243063734964013,87.98043152190553,95.22349525686954,94.06576279174041,0.07606382978723404,AR6 World GDP level and trajectory (unrebased),Fixed original NATO GDP share = 0.5018,MIGRATION 1.0,SSP5-8.5_zeromig,1.1577324651291292,5.173616953545722,94.06576279174043,2.06944678141829,1.157732465129115,125.1100082428743,29.86525746955844,16.70783634660603
2047,SA1_AR6_fixed_split,SSP5-8.5,S2,"NATO→3.5%, nonNATO→3.5%",0.055,358.3101405442649,179.80002852511214,178.51011201915279,0.5018,0.035,0.035,6.2930009983789255,6.247853920670348,12.540854919049274,0.5868062533800037,0.2585230347058758,0.266730115172729,0.5954688562954449,7.359052089229494,89.38932502791351,96.74837711714301,95.57210505492849,0.07606382978723404,AR6 World GDP level and trajectory (unrebased),Fixed original NATO GDP share = 0.5018,MIGRATION 1.0,SSP5-8.5_zeromig,1.1762720622145224,5.256465778021066,95.57210505492849,2.1025863112084284,1.1762720622145224,132.4690603321038,31.96784378076687,17.884108408820552
2048,SA1_AR6_fixed_split,SSP5-8.5,S2,"NATO→3.5%, nonNATO→3.5%",0.055,369.4404235901001,185.38520455751225,184.05521903258787,0.5018,0.035,0.035,6.488482159512929,6.441932666140576,12.930414825653505,0.5780620896877249,0.2546707108414452,0.2627554953126022,0.5865956087403791,7.474582614646404,90.79265735413149,98.2672399687779,97.07250148891433,0.07606382978723404,AR6 World GDP level and trajectory (unrebased),Fixed original NATO GDP share = 0.5018,MIGRATION 1.0,SSP5-8.5_zeromig,1.1947384798635738,5.338987581890288,97.07250148891434,2.1355950327561155,1.1947384798635596,139.9436429467502,34.103438813522985,19.07884688868411
2049,SA1_AR6_fixed_split,SSP5-8.5,S2,"NATO→3.5%, nonNATO→3.5%",0.055,380.9164495738606,191.14387439616326,189.77257517769732,0.5018,0.035,0.035,6.690035603865715,6.642040131219407,13.332075735085121,0.5693034817500094,0.25081202342832587,0.25877430988636796,0.5777077037097655,7.589997134938776,92.19458058313744,99.7845777180762,98.57139136284125,0.07606382978723406,AR6 World GDP level and trajectory (unrebased),Fixed original NATO GDP share = 0.5018,MIGRATION 1.0,SSP5-8.5_zeromig,1.2131863552349529,5.421426524956268,98.57139136284125,2.168570609982508,1.2131863552349529,147.533640081689,36.272009423505494,20.292033243919064
2050,SA1_AR6_fixed_split,SSP5-8.5,S2,"NATO→3.5%, nonNATO→3.5%",0.055,392.7489584002411,197.081427325241,195.6675310750001,0.5018,0.035,0.035,6.897849956383436,6.848363587625005,13.746213544008441,0.5605646207085654,0.24696203569678057,0.2548021003220752,0.5688398370847934,7.705640981476036,93.59928940436275,101.30493038583879,100.07325949968876,0.07606382978723406,AR6 World GDP level and trajectory (unrebased),Fixed original NATO GDP share = 0.5018,MIGRATION 1.0,SSP5-8.5_zeromig,1.2316708861500274,5.5040292724828825,100.07325949968877,2.2016117089931537,1.2316708861500132,155.239281063165,38.47362113249864,21.523704130069078
2025,SA1_AR6_fixed_split,SSP5-8.5,S3,"NATO→5%, nonNATO→3.5%",0.055,144.2051385147961,72.36213850672468,71.84300000807141,0.5018,0.027,0.022985547972701727,1.9537777396815663,1.651350723188336,3.605128462869902,0.9854524668689925,0.43415038750172397,0.4479329394859057,1.0,3.552682737114764,61.041548846790036,64.5942315839048,64.5942315839048,0.05499999999999999,AR6 World GDP level and trajectory (unrebased),Fixed original NATO GDP share = 0.5018,MIGRATION 1.0,SSP5-8.5_zeromig,0.0,3.552682737114764,64.5942315839048,0.0,0.0,3.552682737114764,0.0,0.0
2026,SA1_AR6_fixed_split,SSP5-8.5,S3,"NATO→5%, nonNATO→3.5%",0.055,151.357011624834,75.95094843334171,75.4060631914923,0.5018,0.02817523080613562,0.023599450326672138,2.139935502054307,1.7795416426175228,3.9194771446718297,0.956299473283868,0.4213067609572286,0.4346815787653946,0.9704166415273685,3.7481939289978294,62.11643009535683,65.86462402435467,65.79210477029503,0.056907543078236734,AR6 World GDP level and trajectory (unrebased),Fixed original NATO GDP share = 0.5018,MIGRATION 1.0,SSP5-8.5_zeromig,0.07251925405964244,3.618565762366226,65.79210477029503,0.12962816663160348,0.07251925405964244,7.300876666112593,0.12962816663160348,0.07251925405964244
2027,SA1_AR6_fixed_split,SSP5-8.5,S3,"NATO→5%, nonNATO→3.5%",0.055,158.86358283723416,79.7177458677241,79.14583696951006,0.5018,0.029889421405294894,0.024494887749248,2.3827172997206114,1.9386683923884314,4.321385692109043,0.9278858000658762,0.40878884898007134,0.42176627275721645,0.941583517482057,4.00975242031583,63.17512688980697,67.1848793101228,67.00330121011756,0.05968236397072276,AR6 World GDP level and trajectory (unrebased),Fixed original NATO GDP share = 0.5018,MIGRATION 1.0,SSP5-8.5_zeromig,0.18157810000523966,3.6851815665564653,67.00330121011756,0.32457085375936456,0.18157810000523966,11.310629086428424,0.45419902039096804,0.2540973540648821
2028,SA1_AR6_fixed_split,SSP5-8.5,S3,"NATO→5%, nonNATO→3.5%",0.055,166.7424434517702,83.67135812409829,83.07108532767192,0.5018,0.03223517646908584,0.025720233909322272,2.6971609945383874,2.136607745728991,4.833768740267379,0.9003108417151483,0.39664044075562477,0.40923220077961286,0.913601489654434,4.351894403206496,64.21952809972956,68.57142250293606,68.23637709713807,0.06346513233001924,AR6 World GDP level and trajectory (unrebased),Fixed original NATO GDP share = 0.5018,MIGRATION 1.0,SSP5-8.5_zeromig,0.3350454057979846,3.7530007403425945,68.23637709713807,0.5988936628639019,0.3350454057979846,15.66252348963492,1.05309268325487,0.5891427598628667
2029,SA1_AR6_fixed_split,SSP5-8.5,S3,"NATO→5%, nonNATO→3.5%",0.055,175.0120572110772,87.82105030851855,87.19100690255866,0.5018,0.03517969004118492,0.027258352042179364,3.08951732894499,2.3766831610620347,5.466200490007025,0.8729878360329933,0.3846030326578922,0.39681265274226973,0.885875133893241,4.77192653709372,65.20785066950407,69.97977720659779,69.44699868380943,0.06819007901390998,AR6 World GDP level and trajectory (unrebased),Fixed original NATO GDP share = 0.5018,MIGRATION 1.0,SSP5-8.5_zeromig,0.5327785227883624,3.819584927609518,69.44699868380943,0.9523416094842023,0.5327785227883624,20.43445002672864,2.0054342927390723,1.121921282651229
2030,SA1_AR6_fixed_split,SSP5-8.5,S3,"NATO→5%, nonNATO→3.5%",0.055,183.69180356957398,92.17654703121222,91.51525653836175,0.5018,0.03849999999998644,0.028992773986343784,3.5487970607004207,2.6532811491189925,6.202078209819414,0.8461594780801066,0.37278354628703997,0.38461794458186666,0.8586507279935566,5.247947261032797,66.16524924912208,71.41319651015488,70.65116392546554,0.07348707966442232,AR6 World GDP level and trajectory (unrebased),Fixed original NATO GDP share = 0.5018,MIGRATION 1.0,SSP5-8.5_zeromig,0.7620325846893365,3.885814015900605,70.65116392546554,1.362133245132192,0.7620325846893365,25.682397287761436,3.367567537871264,1.8839538673405656
2031,SA1_AR6_fixed_split,SSP5-8.5,S3,"NATO→5%, nonNATO→3.5%",0.055,192.3472811262712,96.5198656691629,95.82741545710832,0.5018,0.041820309958787966,0.0307271959305082,4.03649069946497,2.944507770264777,6.980998469729747,0.8257690982539551,0.36380037195803616,0.3753495901154341,0.8379593395078831,5.764692811260973,67.43632257892826,73.20101539018923,72.19747313056408,0.07875154163549468,AR6 World GDP level and trajectory (unrebased),Fixed original NATO GDP share = 0.5018,MIGRATION 1.0,SSP5-8.5_zeromig,1.0035422596251493,3.9708610221810248,72.19747313056409,1.7938317890799484,1.003542259625135,31.44709009902241,5.161399326951212,2.8874961269657007
2032,SA1_AR6_fixed_split,SSP5-8.5,S3,"NATO→5%, nonNATO→3.5%",0.055,201.41060100515517,101.06783958438687,100.3427614207683,0.5018,0.04476482353088705,0.032265314063365295,4.524284003643079,3.237590711226424,7.761874714869503,0.8053798260092528,0.354817685584496,0.36608173909511493,0.8172690749540954,6.2512573073672195,68.70999287870471,74.96125018607194,73.73274308815951,0.08339318370291435,AR6 World GDP level and trajectory (unrebased),Fixed original NATO GDP share = 0.5018,MIGRATION 1.0,SSP5-8.5_zeromig,1.228507097912427,4.055300869848773,73.73274308815952,2.195956437518446,1.2285070979124129,37.69834740638963,7.357355764469659,4.1160032248781135
2033,SA1_AR6_fixed_split,SSP5-8.5,S3,"NATO→5%, nonNATO→3.5%",0.055,210.9009805583224,105.83011204416619,105.07086851415622,0.5018,0.04711057859467799,0.033490660223439564,4.985717811140269,3.5188927567893002,8.50461056792957,0.7844164704248574,0.3455820813759861,0.3565529411022079,0.7959962522770151,6.671156604033255,69.94455880422413,76.61571540825739,75.19736489940942,0.08707295322487141,AR6 World GDP level and trajectory (unrebased),Fixed original NATO GDP share = 0.5018,MIGRATION 1.0,SSP5-8.5_zeromig,1.4183505088479649,4.135855069467518,75.19736489940944,2.535301534565737,1.4183505088479507,44.36950401042289,9.892657299035395,5.534353733726064
2034,SA1_AR6_fixed_split,SSP5-8.5,S3,"NATO→5%, nonNATO→3.5%",0.055,220.8385426511057,110.81678070232485,110.02176194878086,0.5018,0.04882476919383726,0.034386097646015426,5.41060374059509,3.7832190495574434,9.193822790152534,0.7633952115924943,0.33632096734494504,0.3469978234511338,0.7746646715675443,7.018520294232391,71.18055691708568,78.19907721131807,76.63049363405406,0.08975195800925094,AR6 World GDP level and trajectory (unrebased),Fixed original NATO GDP share = 0.5018,MIGRATION 1.0,SSP5-8.5_zeromig,1.5685835772640075,4.214677149872974,76.63049363405406,2.8038431443594174,1.5685835772640075,51.388024304655275,12.696500443394813,7.102937310990072
2035,SA1_AR6_fixed_split,SSP5-8.5,S3,"NATO→5%, nonNATO→3.5%",0.055,231.244358329465,116.03841900972554,115.20593931973946,0.5018,0.049999999999972886,0.03499999999998584,5.801920950483131,4.03220787618925,9.83412882667238,0.742429659185252,0.32708439530539074,0.3374680269023873,0.7533896196374855,7.301148913170238,72.4198310313487,79.72097994451894,78.03757733775319,0.09158378281666134,AR6 World GDP level and trajectory (unrebased),Fixed original NATO GDP share = 0.5018,MIGRATION 1.0,SSP5-8.5_zeromig,1.6834026067657533,4.2920667535764245,78.03757733775318,3.009082159593813,1.6834026067657675,58.68917321782551,15.705582602988626,8.78633991775584
2036,SA1_AR6_fixed_split,SSP5-8.5,S3,"NATO→5%, nonNATO→3.5%",0.055,240.72811483684964,120.79736802513115,119.93074681171849,0.5018,0.05,0.035,6.039868401256558,4.197576138410148,10.237444539666706,0.7196379706728614,0.3170433017649669,0.3271081684876643,0.7302614736551581,7.367253813401714,73.07552313703927,80.44277695044099,78.74413274777001,0.09158378281670355,AR6 World GDP level and trajectory (unrebased),Fixed original NATO GDP share = 0.5018,MIGRATION 1.0,SSP5-8.5_zeromig,1.6986442026709767,4.330927301127351,78.74413274777001,3.0363265122743632,1.6986442026709767,66.05642703122723,18.741909115262988,10.484984120426816
2037,SA1_AR6_fixed_split,SSP5-8.5,S3,"NATO→5%, nonNATO→3.5%",0.055,250.6008176439028,125.75149029371042,124.84932735019237,0.5018,0.05,0.035,6.287574514685521,4.369726457256733,10.657300971942254,0.7058967783590304,0.3109894897665658,0.32086217198137745,0.7163174299028604,7.522954422096601,74.61991182260849,82.14286624470509,80.40832264953174,0.09158378281670355,AR6 World GDP level and trajectory (unrebased),Fixed original NATO GDP share = 0.5018,MIGRATION 1.0,SSP5-8.5_zeromig,1.7345435951733492,4.4224577457242455,80.40832264953174,3.100496676372355,1.7345435951733492,73.57938145332383,21.842405791635343,12.219527715600165
2038,SA1_AR6_fixed_split,SSP5-8.5,S3,"NATO→5%, nonNATO→3.5%",0.055,260.8784181538368,130.9087902295953,129.96962792424148,0.5018,0.05,0.035,6.545439511479765,4.548936977348452,11.094376488828217,0.6908317546113493,0.3043524513322728,0.31401443391424966,0.7010300119358162,7.664347576096098,76.0223853844279,83.68673296052401,81.91958879702197,0.09158378281670355,AR6 World GDP level and trajectory (unrebased),Fixed original NATO GDP share = 0.5018,MIGRATION 1.0,SSP5-8.5_zeromig,1.7671441635020386,4.505577383836208,81.91958879702199,3.1587701922598903,1.7671441635020244,81.24372902941992,25.001175983895234,13.98667187910219
2039,SA1_AR6_fixed_split,SSP5-8.5,S3,"NATO→5%, nonNATO→3.5%",0.055,271.5775219662541,136.27760052266632,135.29992144358778,0.5018,0.05,0.035,6.813880026133316,4.735497250525572,11.549377276658888,0.6749294830685362,0.2973465554777467,0.3067861286675164,0.6848929864805567,7.795015235098881,77.31847315072027,85.11348838581915,83.31621659714449,0.09158378281670354,AR6 World GDP level and trajectory (unrebased),Fixed original NATO GDP share = 0.5018,MIGRATION 1.0,SSP5-8.5_zeromig,1.7972717886746636,4.582391912842947,83.3162165971445,3.2126233222559337,1.7972717886746494,89.03874426451881,28.21379930615117,15.783943667776839
2040,SA1_AR6_fixed_split,SSP5-8.5,S3,"NATO→5%, nonNATO→3.5%",0.055,282.7154157069408,141.86659560174292,140.8488201051979,0.5018,0.05,0.035,7.093329780087146,4.929708703681927,12.023038483769072,0.65904180275939,0.29034708792896197,0.2995644557997227,0.6687707676589579,7.923684956988692,78.59474345131598,86.51842840830467,84.69148965244209,0.09158378281670357,AR6 World GDP level and trajectory (unrebased),Fixed original NATO GDP share = 0.5018,MIGRATION 1.0,SSP5-8.5_zeromig,1.8269387558625851,4.658031930884316,84.69148965244209,3.265653026104376,1.8269387558625851,96.9624292215075,31.479452332255544,17.610882423639424
2041,SA1_AR6_fixed_split,SSP5-8.5,S3,"NATO→5%, nonNATO→3.5%",0.055,292.8311588771492,146.9426755245535,145.88848335259573,0.5018,0.05,0.035,7.347133776227675,5.106096917340851,12.453230693568527,0.64813476248118,0.28554188836583455,0.29460671021871815,0.6577027145108806,8.071371717699376,80.05964306963998,88.13101478733935,86.27002436633171,0.09158378281670355,AR6 World GDP level and trajectory (unrebased),Fixed original NATO GDP share = 0.5018,MIGRATION 1.0,SSP5-8.5_zeromig,1.8609904210076422,4.744851340148244,86.27002436633173,3.326520377551132,1.860990421007628,105.03380093920687,34.805972709806674,19.471872844647052
2042,SA1_AR6_fixed_split,SSP5-8.5,S3,"NATO→5%, nonNATO→3.5%",0.055,303.30884997874205,152.20038091933276,151.1084690594093,0.5018,0.05,0.035,7.610019045966638,5.288796417079325,12.898815463045963,0.6370944527723985,0.2806779756969308,0.2895883876238175,0.6464994245705153,8.21776377884142,81.51170060994139,89.7294643887828,87.83472081737825,0.09158378281670355,AR6 World GDP level and trajectory (unrebased),Fixed original NATO GDP share = 0.5018,MIGRATION 1.0,SSP5-8.5_zeromig,1.8947435714045469,4.830909644955804,87.83472081737827,3.386854133885615,1.8947435714045326,113.2515647180483,38.192826843692295,21.366616416051585
2043,SA1_AR6_fixed_split,SSP5-8.5,S3,"NATO→5%, nonNATO→3.5%",0.055,314.16143974631484,157.6462104647008,156.51522928161404,0.5018,0.05,0.035,7.8823105232350406,5.478033024856492,13.360343548091532,0.6261558748181174,0.2758588819128769,0.2846163067355079,0.6353993681781097,8.365657602225843,82.97865407540961,91.34431167763545,89.41546869930593,0.09158378281670355,AR6 World GDP level and trajectory (unrebased),Fixed original NATO GDP share = 0.5018,MIGRATION 1.0,SSP5-8.5_zeromig,1.928842978329513,4.917850778461826,89.41546869930593,3.447806823764017,1.928842978329513,121.61722232027414,41.64063366745631,23.295459394381098
2044,SA1_AR6_fixed_split,SSP5-8.5,S3,"NATO→5%, nonNATO→3.5%",0.055,325.4023423002487,163.2868953662648,162.1154469339839,0.5018,0.05,0.035,8.16434476831324,5.6740406426894365,13.838385411002676,0.6151439011704273,0.27100745296319523,0.27961086416837605,0.6242248326039306,8.512598387624113,84.43615439168933,92.94875277931344,90.98603013298624,0.09158378281670355,AR6 World GDP level and trajectory (unrebased),Fixed original NATO GDP share = 0.5018,MIGRATION 1.0,SSP5-8.5_zeromig,1.9627226463271938,5.004231657314243,90.98603013298623,3.50836673030987,1.962722646327208,130.12982070789826,45.14900039776618,25.258182040708306
2045,SA1_AR6_fixed_split,SSP5-8.5,S3,"NATO→5%, nonNATO→3.5%",0.055,337.04545172695816,169.12940767658762,167.91604405037054,0.5018,0.05,0.035,8.456470383829382,5.87706154176297,14.333531925592352,0.6041100372138234,0.26614638003126484,0.2745954714608288,0.613028083569793,8.65903050497512,85.88860924807337,94.54763975304849,92.55115472069208,0.09158378281670357,AR6 World GDP level and trajectory (unrebased),Fixed original NATO GDP share = 0.5018,MIGRATION 1.0,SSP5-8.5_zeromig,1.9964850323564036,5.090313509638065,92.5511547206921,3.5687169953370557,1.9964850323563894,138.78885121287337,48.717717393103236,27.254667073064695
2046,SA1_AR6_fixed_split,SSP5-8.5,S3,"NATO→5%, nonNATO→3.5%",0.055,347.51518409717266,174.38311937996124,173.13206471721142,0.5018,0.05,0.035,8.719155968998063,6.0596222651024005,14.778778234100464,0.5954982332051504,0.2623523684749964,0.2706810150932502,0.6042891496301027,8.800736327337559,87.29418415603466,96.09492048337222,94.06576279174041,0.09158378281670354,AR6 World GDP level and trajectory (unrebased),Fixed original NATO GDP share = 0.5018,MIGRATION 1.0,SSP5-8.5_zeromig,2.0291576916318093,5.173616953545722,94.06576279174043,3.627119373791836,2.029157691631795,147.58958754021094,52.34483676689507,29.28382476469649
2047,SA1_AR6_fixed_split,SSP5-8.5,S3,"NATO→5%, nonNATO→3.5%",0.055,358.3101405442649,179.80002852511214,178.51011201915279,0.5018,0.05,0.035,8.990001426255608,6.247853920670348,15.237855346925956,0.5868062533800037,0.2585230347058758,0.266730115172729,0.5954688562954449,8.941668805676077,88.69208829269577,97.63375709837185,95.57210505492849,0.09158378281670357,AR6 World GDP level and trajectory (unrebased),Fixed original NATO GDP share = 0.5018,MIGRATION 1.0,SSP5-8.5_zeromig,2.0616520434433596,5.256465778021066,95.57210505492849,3.685203027655011,2.0616520434433596,156.53125634588702,56.030039794550085,31.34547680813985
2048,SA1_AR6_fixed_split,SSP5-8.5,S3,"NATO→5%, nonNATO→3.5%",0.055,369.4404235901001,185.38520455751225,184.05521903258787,0.5018,0.05,0.035,9.269260227875613,6.441932666140576,15.71119289401619,0.5780620896877249,0.2546707108414452,0.2627554953126022,0.5865956087403791,9.082044995801933,90.08447462676926,99.1665196225712,97.07250148891433,0.09158378281670357,AR6 World GDP level and trajectory (unrebased),Fixed original NATO GDP share = 0.5018,MIGRATION 1.0,SSP5-8.5_zeromig,2.094018133656874,5.338987581890288,97.07250148891434,3.743057413911645,2.09401813365686,165.61330134168895,59.77309720846173,33.43949494179671
2049,SA1_AR6_fixed_split,SSP5-8.5,S3,"NATO→5%, nonNATO→3.5%",0.055,380.9164495738606,191.14387439616326,189.77257517769732,0.5018,0.05,0.035,9.557193719808163,6.642040131219407,16.19923385102757,0.5693034817500094,0.25081202342832587,0.25877430988636796,0.5777077037097655,9.22228023307261,91.47546285458897,100.69774308766158,98.57139136284125,0.09158378281670355,AR6 World GDP level and trajectory (unrebased),Fixed original NATO GDP share = 0.5018,MIGRATION 1.0,SSP5-8.5_zeromig,2.1263517248203243,5.421426524956268,98.57139136284125,3.8008537081163416,2.1263517248203243,174.83558157476156,63.57395091657807,35.565846666617034
2050,SA1_AR6_fixed_split,SSP5-8.5,S3,"NATO→5%, nonNATO→3.5%",0.055,392.7489584002411,197.081427325241,195.6675310750001,0.5018,0.05,0.035,9.854071366262051,6.848363587625005,16.702434953887057,0.5605646207085654,0.24696203569678057,0.2548021003220752,0.5688398370847934,9.362794114835182,92.86921494700873,102.23200906184391,100.07325949968876,0.09158378281670355,AR6 World GDP level and trajectory (unrebased),Fixed original NATO GDP share = 0.5018,MIGRATION 1.0,SSP5-8.5_zeromig,2.158749562155151,5.5040292724828825,100.07325949968877,3.8587648423522998,2.158749562155137,184.19837568959673,67.43271575893037,37.72459622877217
2025,SA1_AR6_fixed_split,SSP1-1.9,S0,Baseline,0.07,138.56683200039697,69.53283629779921,69.03399570259776,0.5018,0.027,0.022985547972701727,1.8773865800405787,1.5867842199693458,3.4641708000099243,0.7414823224972067,0.25259287909245504,0.26481511517757383,1.0,2.5686214103183653,34.12597016565828,36.694591575976645,36.694591575976645,0.07,AR6 World GDP level and trajectory (unrebased),Fixed original NATO GDP share = 0.5018,IMAGE 3.0.1,SSP1-19,0.0,2.5686214103183653,36.694591575976645,0.0,0.0,2.5686214103183653,0.0,0.0
2026,SA1_AR6_fixed_split,SSP1-1.9,S0,Baseline,0.07,144.59391012503605,72.55722410074308,72.03668602429296,0.5018,0.027,0.022985547972701727,1.9590450507200632,1.655802702405838,3.6148477531259013,0.6728161794391307,0.2292011160726709,0.24029149265683242,0.9073934185958498,2.432128054512295,32.31255843852049,34.74468649303279,34.74468649303279,0.07,AR6 World GDP level and trajectory (unrebased),Fixed original NATO GDP share = 0.5018,IMAGE 3.0.1,SSP1-19,0.0,2.432128054512295,34.74468649303279,0.0,0.0,5.00074946483066,0.0,0.0
2027,SA1_AR6_fixed_split,SSP1-1.9,S0,Baseline,0.07,150.8831409610859,75.71316013427291,75.16998082681299,0.5018,0.027,0.022985547972701727,2.0442553236253684,1.727823200401779,3.7720785240271475,0.6086181105697464,0.2073314442600235,0.2173636109177666,0.820812704637391,2.29575530421412,30.500749041701887,32.796504345916006,32.796504345916006,0.06999999999999998,AR6 World GDP level and trajectory (unrebased),Fixed original NATO GDP share = 0.5018,IMAGE 3.0.1,SSP1-19,0.0,2.29575530421412,32.796504345916006,0.0,0.0,7.29650476904478,0.0,0.0
2028,SA1_AR6_fixed_split,SSP1-1.9,S0,Baseline,0.07,157.44592705596344,79.00636619668245,78.43956085928099,0.5018,0.027,0.022985547972701727,2.133171887310426,1.8029762890886598,3.9361481763990858,0.5486336038906208,0.18689716176493676,0.19594057281807886,0.7399146105640133,2.1595031594653253,28.69054197575361,30.850045135218934,30.850045135218938,0.06999999999999999,AR6 World GDP level and trajectory (unrebased),Fixed original NATO GDP share = 0.5018,IMAGE 3.0.1,SSP1-19,-3.552713678800501e-15,2.1595031594653253,30.850045135218934,0.0,0.0,9.456007928510106,0.0,0.0
2029,SA1_AR6_fixed_split,SSP1-1.9,S0,Baseline,0.07,164.2941669202464,82.44281296057964,81.85135395966675,0.5018,0.027,0.022985547972701727,2.2259559499356505,1.8813982230705095,4.10735417300616,0.4926216577388638,0.16781616911983274,0.17593630633530852,0.6643741095266902,2.0233716216269344,26.881937258757844,28.90530888038478,28.90530888038478,0.06999999999999999,AR6 World GDP level and trajectory (unrebased),Fixed original NATO GDP share = 0.5018,IMAGE 3.0.1,SSP1-19,0.0,2.0233716216269344,28.90530888038478,0.0,0.0,11.47937955013704,0.0,0.0
2030,SA1_AR6_fixed_split,SSP1-1.9,S0,Baseline,0.07,171.44027659999995,86.02873079787997,85.41154580211997,0.5018,0.027,0.022985547972701727,2.3227757315427593,1.9632311834572393,4.286006914999999,0.4403540933920231,0.15001073511156832,0.1572693190685797,0.5938834683326951,1.8873606893267663,25.07493487248418,26.962295561810947,26.962295561810947,0.06999999999999999,AR6 World GDP level and trajectory (unrebased),Fixed original NATO GDP share = 0.5018,IMAGE 3.0.1,SSP1-19,0.0,1.8873606893267663,26.962295561810947,0.0,0.0,13.366740239463807,0.0,0.0
2031,SA1_AR6_fixed_split,SSP1-1.9,S0,Baseline,0.07,177.7089843520823,89.1743683478749,88.5346160042074,0.5018,0.027,0.022985547972701727,2.4077079453926222,2.035016663409435,4.442724608802058,0.4041433051235308,0.13767519185526875,0.14433689468697528,0.5450477952898914,1.795497407154909,23.854465552200935,25.649962959355843,25.64996295935584,0.07,AR6 World GDP level and trajectory (unrebased),Fixed original NATO GDP share = 0.5018,IMAGE 3.0.1,SSP1-19,3.552713678800501e-15,1.795497407154909,25.649962959355843,0.0,0.0,15.162237646618715,0.0,0.0
2032,SA1_AR6_fixed_split,SSP1-1.9,S0,Baseline,0.07,184.20690718512637,92.43502602549641,91.77188115962996,0.5018,0.027,0.022985547972701727,2.495745702688403,2.1094269769397562,4.60517267962816,0.3699582940105164,0.126029748509077,0.132127962146613,0.49894418624108205,1.7037218281790723,22.635161431521954,24.338883259701028,24.338883259701028,0.07,AR6 World GDP level and trajectory (unrebased),Fixed original NATO GDP share = 0.5018,IMAGE 3.0.1,SSP1-19,0.0,1.7037218281790723,24.338883259701028,0.0,0.0,16.865959474797787,0.0,0.0
2033,SA1_AR6_fixed_split,SSP1-1.9,S0,Baseline,0.07,190.94242634059682,95.81490953771149,95.12751680288534,0.5018,0.027,0.022985547972701727,2.5870025575182103,2.1865581009967103,4.773560658514921,0.33770052757589775,0.11504083906431682,0.12060733127710635,0.45543975537888826,1.6120339527960386,21.4170225157188,23.02905646851484,23.02905646851484,0.06999999999999999,AR6 World GDP level and trajectory (unrebased),Fixed original NATO GDP share = 0.5018,IMAGE 3.0.1,SSP1-19,0.0,1.6120339527960386,23.02905646851484,0.0,0.0,18.477993427593827,0.0,0.0
2034,SA1_AR6_fixed_split,SSP1-1.9,S0,Baseline,0.07,197.92422951976133,99.31837837301624,98.60585114674508,0.5018,0.027,0.022985547972701727,2.6815962160714384,2.2665095219225946,4.948105737994033,0.3072759275225436,0.10467641487031705,0.10974140268662272,0.41440762402491554,1.5204337801217367,20.20004879304593,21.720482573167665,21.72048257316767,0.07,AR6 World GDP level and trajectory (unrebased),Fixed original NATO GDP share = 0.5018,IMAGE 3.0.1,SSP1-19,-3.552713678800501e-15,1.5204337801217367,21.720482573167665,0.0,0.0,19.99842720771556,0.0,0.0
2035,SA1_AR6_fixed_split,SSP1-1.9,S0,Baseline,0.07,205.16132208938131,102.94995142445156,102.21137066492976,0.5018,0.027,0.022985547972701727,2.779648688460192,2.349384363774341,5.129033052234533,0.2785946781168913,0.09490587935850145,0.0994980993274612,0.3757266622063547,1.4289213122381763,18.984240291164344,20.41316160340252,20.41316160340252,0.06999999999999999,AR6 World GDP level and trajectory (unrebased),Fixed original NATO GDP share = 0.5018,IMAGE 3.0.1,SSP1-19,0.0,1.4289213122381763,20.41316160340252,0.0,0.0,21.42734851995374,0.0,0.0
2036,SA1_AR6_fixed_split,SSP1-1.9,S0,Baseline,0.07,212.66303869714082,106.71431281822527,105.94872587891555,0.5018,0.027,0.022985547972701727,2.881286446092082,2.4352895213364385,5.316575967428521,0.2515709238693676,0.08569998505439995,0.08984675852477415,0.3392810809327357,1.3374959279476697,17.76958875701904,19.10708468496671,19.10708468496671,0.06999999999999999,AR6 World GDP level and trajectory (unrebased),Fixed original NATO GDP share = 0.5018,IMAGE 3.0.1,SSP1-19,0.0,1.3374959279476697,19.10708468496671,0.0,0.0,22.76484444790141,0.0,0.0
2037,SA1_AR6_fixed_split,SSP1-1.9,S0,Baseline,0.07,220.4390553117926,110.61631795545753,109.82273735633507,0.5018,0.027,0.022985547972701727,2.986640584797353,2.5243357979974617,5.510976382794815,0.22612293371479503,0.07703088950723787,0.0807581906124268,0.3049606536178034,1.2461581473105128,16.556101099982527,17.80225924729304,17.80225924729304,0.06999999999999999,AR6 World GDP level and trajectory (unrebased),Fixed original NATO GDP share = 0.5018,IMAGE 3.0.1,SSP1-19,0.0,1.2461581473105128,17.80225924729304,0.0,0.0,24.01100259521192,0.0,0.0
2038,SA1_AR6_fixed_split,SSP1-1.9,S0,Baseline,0.07,228.49940170355023,114.66099977484151,113.83840192870872,0.5018,0.027,0.022985547972701727,3.0958469939207207,2.616638048668035,5.712485042588756,0.20217260295607273,0.06887198562239841,0.07220450105574026,0.27266004437595254,1.1549079704078007,15.343777321132212,16.498685291540014,16.49868529154001,0.06999999999999998,AR6 World GDP level and trajectory (unrebased),Fixed original NATO GDP share = 0.5018,IMAGE 3.0.1,SSP1-19,3.552713678800501e-15,1.1549079704078007,16.498685291540014,0.0,0.0,25.165910565619722,0.0,0.0
2039,SA1_AR6_fixed_split,SSP1-1.9,S0,Baseline,0.07,236.85447438082582,118.8535752442984,118.00089913652742,0.5018,0.027,0.022985547972701727,3.209046531596057,2.7123153279245886,5.921361859520646,0.17964539619718042,0.061197882221017505,0.06415907007042158,0.24227873105883407,1.0637453972804594,14.132617421011815,15.196362818292275,15.196362818292279,0.07,AR6 World GDP level and trajectory (unrebased),Fixed original NATO GDP share = 0.5018,IMAGE 3.0.1,SSP1-19,-3.552713678800501e-15,1.0637453972804594,15.196362818292275,0.0,0.0,26.229655962900182,0.0,0.0
2040,SA1_AR6_fixed_split,SSP1-1.9,S0,Baseline,0.07,245.51504999999977,123.1994520899999,122.31559790999988,0.5018,0.027,0.022985547972701727,3.3263852064299972,2.811491043569997,6.137876249999994,0.158470191998713,0.05398435112044069,0.056596497142397506,0.21372079575006994,0.9726704278018398,12.922621397938727,13.895291825740566,13.895291825740568,0.07,AR6 World GDP level and trajectory (unrebased),Fixed original NATO GDP share = 0.5018,IMAGE 3.0.1,SSP1-19,-1.7763568394002505e-15,0.9726704278018398,13.895291825740566,0.0,0.0,27.202326390702023,0.0,0.0
2041,SA1_AR6_fixed_split,SSP1-1.9,S0,Baseline,0.07,252.1412108463452,126.52445960269603,125.61675124364916,0.5018,0.027,0.022985547972701727,3.4161604092727926,2.887369861885837,6.30353027115863,0.14724764234933296,0.05016128475636618,0.05258844369619035,0.19858550619713214,0.9281799709057598,12.331533899176524,13.259713870082283,13.259713870082283,0.06999999999999999,AR6 World GDP level and trajectory (unrebased),Fixed original NATO GDP share = 0.5018,IMAGE 3.0.1,SSP1-19,0.0,0.9281799709057598,13.259713870082283,0.0,0.0,28.130506361607782,0.0,0.0
2042,SA1_AR6_fixed_split,SSP1-1.9,S0,Baseline,0.07,258.9462039376452,129.93920513591036,129.00699880173482,0.5018,0.027,0.022985547972701727,3.5083585386695795,2.96529655977155,6.47365509844113,0.13651056807707182,0.04650360011416733,0.04875377431323994,0.18410495292365664,0.8837223350232309,11.740882451022925,12.624604786046156,12.624604786046156,0.07,AR6 World GDP level and trajectory (unrebased),Fixed original NATO GDP share = 0.5018,IMAGE 3.0.1,SSP1-19,0.0,0.8837223350232309,12.624604786046156,0.0,0.0,29.01422869663101,0.0,0.0
2043,SA1_AR6_fixed_split,SSP1-1.9,S0,Baseline,0.07,265.9348557446994,133.44611061269018,132.48874513200923,0.5018,0.027,0.022985547972701727,3.603044986542635,3.0453264070748505,6.648371393617485,0.12624107025904835,0.04300519975857691,0.0450860965210887,0.17025499655054005,0.8392975202099121,11.150667054217404,11.989964574427317,11.989964574427317,0.06999999999999999,AR6 World GDP level and trajectory (unrebased),Fixed original NATO GDP share = 0.5018,IMAGE 3.0.1,SSP1-19,0.0,0.8392975202099121,11.989964574427317,0.0,0.0,29.853526216840926,0.0,0.0
2044,SA1_AR6_fixed_split,SSP1-1.9,S0,Baseline,0.07,273.11212299904514,137.04766332092086,136.06445967812428,0.5018,0.027,0.022985547972701727,3.700286909664863,3.1275161653112655,6.827803074976129,0.11642185891678368,0.03966019369692631,0.04157923532742275,0.157012318951437,0.7949055263064526,10.560887706642871,11.355793232949324,11.355793232949324,0.06999999999999999,AR6 World GDP level and trajectory (unrebased),Fixed original NATO GDP share = 0.5018,IMAGE 3.0.1,SSP1-19,0.0,0.7949055263064526,11.355793232949324,0.0,0.0,30.648431743147377,0.0,0.0
2045,SA1_AR6_fixed_split,SSP1-1.9,S0,Baseline,0.07,280.48309620854303,140.7464176774469,139.73667853109612,0.5018,0.027,0.022985547972701727,3.8001532772910664,3.2119241279225093,7.012077405213576,0.10703623336830367,0.03646289268590565,0.0382272262029656,0.14435439675462647,0.7505463535410496,9.971544411331088,10.722090764872137,10.722090764872137,0.07,AR6 World GDP level and trajectory (unrebased),Fixed original NATO GDP share = 0.5018,IMAGE 3.0.1,SSP1-19,0.0,0.7505463535410496,10.722090764872137,0.0,0.0,31.398978096688428,0.0,0.0
2046,SA1_AR6_fixed_split,SSP1-1.9,S0,Baseline,0.07,288.05300326784055,144.54499703980238,143.50800622803817,0.5018,0.027,0.022985547972701727,3.9027149200746645,3.2986101616213497,7.201325081696014,0.09807053840258805,0.03340864495033219,0.03502519228663859,0.1322628138622381,0.7062378279739895,9.382874000225858,10.089111828199847,10.08911182819985,0.07000000000000002,AR6 World GDP level and trajectory (unrebased),Fixed original NATO GDP share = 0.5018,IMAGE 3.0.1,SSP1-19,-3.552713678800501e-15,0.7062378279739895,10.089111828199847,0.0,0.0,32.10521592466242,0.0,0.0
2047,SA1_AR6_fixed_split,SSP1-1.9,S0,Baseline,0.07,295.82721316627885,148.44609556683872,147.38111759944013,0.5018,0.027,0.022985547972701727,4.008044580304645,3.387635748852326,7.395680329156971,0.08950659808292927,0.03049125868759129,0.03196664217247474,0.12071305730052176,0.661962186771679,8.794640481395165,9.456602668166845,9.456602668166845,0.06999999999999998,AR6 World GDP level and trajectory (unrebased),Fixed original NATO GDP share = 0.5018,IMAGE 3.0.1,SSP1-19,0.0,0.661962186771679,9.456602668166845,0.0,0.0,32.76717811143409,0.0,0.0
2048,SA1_AR6_fixed_split,SSP1-1.9,S0,Baseline,0.07,303.81123979587244,152.45248012956878,151.35875966630365,0.5018,0.027,0.022985547972701727,4.116216963498357,3.4790640313984538,7.595280994896811,0.08132937150069813,0.027705610071666397,0.02904620410739219,0.10968484215077766,0.6177194296861549,8.206843851544628,8.824563281230782,8.824563281230784,0.07000000000000002,AR6 World GDP level and trajectory (unrebased),Fixed original NATO GDP share = 0.5018,IMAGE 3.0.1,SSP1-19,-1.7763568394002505e-15,0.6177194296861549,8.824563281230782,0.0,0.0,33.38489754112025,0.0,0.0
2049,SA1_AR6_fixed_split,SSP1-1.9,S0,Baseline,0.07,312.0107458620589,156.56699227358118,155.44375358847773,0.5018,0.027,0.022985547972701727,4.227308791386692,3.572959855164781,7.800268646551473,0.07352433392199097,0.02504675111628264,0.02625869068642535,0.09915857963325612,0.573509556650287,7.619484109782386,8.192993666432672,8.192993666432672,0.06999999999999999,AR6 World GDP level and trajectory (unrebased),Fixed original NATO GDP share = 0.5018,IMAGE 3.0.1,SSP1-19,0.0,0.573509556650287,8.192993666432672,0.0,0.0,33.95840709777054,0.0,0.0
2050,SA1_AR6_fixed_split,SSP1-1.9,S0,Baseline,0.07,320.4315469000001,160.79255023442008,159.63899666558004,0.5018,0.027,0.022985547972701727,4.341398856329342,3.669389816170661,8.010788672500004,0.06607746001356793,0.022509903960666,0.02359909286198855,0.08911535448482234,0.5293325681842619,7.032561263019479,7.561893831203741,7.561893831203742,0.07,AR6 World GDP level and trajectory (unrebased),Fixed original NATO GDP share = 0.5018,IMAGE 3.0.1,SSP1-19,-8.881784197001252e-16,0.5293325681842619,7.561893831203741,0.0,0.0,34.4877396659548,0.0,0.0
2025,SA1_AR6_fixed_split,SSP1-1.9,S1,"NATO→3.5%, nonNATO holds",0.07,138.56683200039697,69.53283629779921,69.03399570259776,0.5018,0.027,0.022985547972701727,1.8773865800405787,1.5867842199693458,3.4641708000099243,0.7414823224972067,0.25259287909245504,0.26481511517757383,1.0,2.5686214103183653,34.12597016565828,36.694591575976645,36.694591575976645,0.07,AR6 World GDP level and trajectory (unrebased),Fixed original NATO GDP share = 0.5018,IMAGE 3.0.1,SSP1-19,0.0,2.5686214103183653,36.694591575976645,0.0,0.0,2.5686214103183653,0.0,0.0
2026,SA1_AR6_fixed_split,SSP1-1.9,S1,"NATO→3.5%, nonNATO holds",0.07,144.59391012503605,72.55722410074308,72.03668602429296,0.5018,0.02740877593256891,0.022985547972701727,1.988704697666456,1.655802702405838,3.644507400072294,0.6728161794391307,0.2292011160726709,0.24029149265683242,0.9073934185958498,2.4520835448542804,32.30576041433805,34.757843959192336,34.74468649303279,0.07054763085228084,AR6 World GDP level and trajectory (unrebased),Fixed original NATO GDP share = 0.5018,IMAGE 3.0.1,SSP1-19,0.013157466159547937,2.432128054512295,34.74468649303279,0.019955490341985183,0.013157466159547937,5.020704955172645,0.019955490341985183,0.013157466159547937
2027,SA1_AR6_fixed_split,SSP1-1.9,S1,"NATO→3.5%, nonNATO holds",0.07,150.8831409610859,75.71316013427291,75.16998082681299,0.5018,0.028005016140972137,0.022985547972701727,2.120348271644321,1.727823200401779,3.8481714720461,0.6086181105697464,0.2073314442600235,0.2173636109177666,0.820812704637391,2.342066850465097,30.484972580891114,32.82703943135621,32.796504345916006,0.07134566171775963,AR6 World GDP level and trajectory (unrebased),Fixed original NATO GDP share = 0.5018,IMAGE 3.0.1,SSP1-19,0.030535085440206444,2.29575530421412,32.796504345916006,0.04631154625097711,0.030535085440206444,7.362771805637743,0.06626703659296229,0.04369255159975438
2028,SA1_AR6_fixed_split,SSP1-1.9,S1,"NATO→3.5%, nonNATO holds",0.07,157.44592705596344,79.00636619668245,78.43956085928099,0.5018,0.028820930945768986,0.022985547972701727,2.277037024430722,1.8029762890886598,4.080013313519382,0.5486336038906208,0.18689716176493676,0.19594057281807886,0.7399146105640133,2.238432408117852,28.663653989948905,30.902086398066757,30.850045135218938,0.07243628728764051,AR6 World GDP level and trajectory (unrebased),Fixed original NATO GDP share = 0.5018,IMAGE 3.0.1,SSP1-19,0.05204126284781907,2.1595031594653253,30.850045135218934,0.0789292486525266,0.05204126284782262,9.601204213755594,0.1451962852454889,0.095733814447577
2029,SA1_AR6_fixed_split,SSP1-1.9,S1,"NATO→3.5%, nonNATO holds",0.07,164.2941669202464,82.44281296057964,81.85135395966675,0.5018,0.029845109579542582,0.022985547972701727,2.4605147868542327,1.8813982230705095,4.341913009924742,0.4926216577388638,0.16781616911983274,0.17593630633530852,0.6643741095266902,2.138920384707066,26.842574493312966,28.981494878020033,28.90530888038478,0.0738029695745354,AR6 World GDP level and trajectory (unrebased),Fixed original NATO GDP share = 0.5018,IMAGE 3.0.1,SSP1-19,0.07618599763525324,2.0233716216269344,28.90530888038478,0.11554876308013151,0.07618599763525324,11.74012459846266,0.2607450483256204,0.17191981208283025
2030,SA1_AR6_fixed_split,SSP1-1.9,S1,"NATO→3.5%, nonNATO holds",0.07,171.44027659999995,86.02873079787997,85.41154580211997,0.5018,0.030999999999995285,0.022985547972701727,2.6668906547338733,1.9632311834572393,4.630121838191113,0.4403540933920231,0.15001073511156832,0.1572693190685797,0.5938834683326951,2.038893104351255,25.02331393989342,27.062207044244676,26.962295561810947,0.07534097647755846,AR6 World GDP level and trajectory (unrebased),Fixed original NATO GDP share = 0.5018,IMAGE 3.0.1,SSP1-19,0.09991148243372905,1.8873606893267663,26.962295561810947,0.15153241502448878,0.09991148243372905,13.779017702813915,0.4122774633501092,0.2718312945165593
2031,SA1_AR6_fixed_split,SSP1-1.9,S1,"NATO→3.5%, nonNATO holds",0.07,177.7089843520823,89.1743683478749,88.5346160042074,0.5018,0.03215489042044799,0.022985547972701727,2.867392042538583,2.035016663409435,4.902408705948018,0.4041433051235308,0.13767519185526875,0.14433689468697528,0.5450477952898914,1.9812756574882036,23.79117845593355,25.772454113421755,25.64996295935584,0.07687570802411077,AR6 World GDP level and trajectory (unrebased),Fixed original NATO GDP share = 0.5018,IMAGE 3.0.1,SSP1-19,0.12249115406591571,1.795497407154909,25.649962959355843,0.18577825033329454,0.12249115406591216,15.76029336030212,0.5980557136834037,0.39432244858247145
2032,SA1_AR6_fixed_split,SSP1-1.9,S1,"NATO→3.5%, nonNATO holds",0.07,184.20690718512637,92.43502602549641,91.77188115962996,0.5018,0.033179069054221584,0.022985547972701727,3.066908111528715,2.1094269769397562,5.176335088468472,0.3699582940105164,0.126029748509077,0.132127962146613,0.49894418624108205,1.915028098556571,22.563177976777972,24.478206075334544,24.338883259701028,0.07823400508447588,AR6 World GDP level and trajectory (unrebased),Fixed original NATO GDP share = 0.5018,IMAGE 3.0.1,SSP1-19,0.13932281563351623,1.7037218281790723,24.338883259701028,0.21130627037749883,0.13932281563351623,17.67532145885869,0.8093619840609025,0.5336452642159877
2033,SA1_AR6_fixed_split,SSP1-1.9,S1,"NATO→3.5%, nonNATO holds",0.07,190.94242634059682,95.81490953771149,95.12751680288534,0.5018,0.03399498385901843,0.022985547972701727,3.2572263031878133,2.1865581009967103,5.443784404184523,0.33770052757589775,0.11504083906431682,0.12060733127710635,0.45543975537888826,1.8383688653025576,21.339919413656137,23.178288278958696,23.02905646851484,0.07931426355463156,AR6 World GDP level and trajectory (unrebased),Fixed original NATO GDP share = 0.5018,IMAGE 3.0.1,SSP1-19,0.14923181044385814,1.6120339527960386,23.02905646851484,0.22633491250651905,0.14923181044385814,19.51369032416125,1.0356968965674216,0.6828770746598458
2034,SA1_AR6_fixed_split,SSP1-1.9,S1,"NATO→3.5%, nonNATO holds",0.07,197.92422951976133,99.31837837301624,98.60585114674508,0.5018,0.034591224067421655,0.022985547972701727,3.43554428031397,2.2665095219225946,5.7020538022365646,0.3072759275225436,0.10467641487031705,0.10974140268662272,0.41440762402491554,1.7521038708656869,20.121128212682606,21.87323208354829,21.72048257316767,0.08010265077302006,AR6 World GDP level and trajectory (unrebased),Fixed original NATO GDP share = 0.5018,IMAGE 3.0.1,SSP1-19,0.15274951038062312,1.5204337801217367,21.720482573167665,0.23167009074395017,0.15274951038062667,21.265794195026935,1.2673669873113718,0.8356265850404725
2035,SA1_AR6_fixed_split,SSP1-1.9,S1,"NATO→3.5%, nonNATO holds",0.07,205.16132208938131,102.94995142445156,102.21137066492976,0.5018,0.03499999999999057,0.022985547972701727,3.603248299854834,2.349384363774341,5.952632663629175,0.2785946781168913,0.09490587935850145,0.0994980993274612,0.3757266622063547,1.6583717808718634,18.906075845805617,20.56444762667748,20.41316160340252,0.08064266110996925,AR6 World GDP level and trajectory (unrebased),Fixed original NATO GDP share = 0.5018,IMAGE 3.0.1,SSP1-19,0.15128602327495955,1.4289213122381763,20.41316160340252,0.22945046863368712,0.15128602327495955,22.9241659758988,1.4968174559450589,0.986912608315432
2036,SA1_AR6_fixed_split,SSP1-1.9,S1,"NATO→3.5%, nonNATO holds",0.07,212.66303869714082,106.71431281822527,105.94872587891555,0.5018,0.035,0.022985547972701727,3.7350009486378846,2.4352895213364385,6.170290469974323,0.2515709238693676,0.08569998505439995,0.08984675852477415,0.3392810809327357,1.5522656740737948,17.69642543691014,19.248691110983934,19.10708468496671,0.08064266110998171,AR6 World GDP level and trajectory (unrebased),Fixed original NATO GDP share = 0.5018,IMAGE 3.0.1,SSP1-19,0.14160642601722273,1.3374959279476697,19.10708468496671,0.2147697461261251,0.14160642601722273,24.476431649972593,1.711587202071184,1.1285190343326548
2037,SA1_AR6_fixed_split,SSP1-1.9,S1,"NATO→3.5%, nonNATO holds",0.07,220.4390553117926,110.61631795545753,109.82273735633507,0.5018,0.035,0.022985547972701727,3.871571128441014,2.5243357979974617,6.395906926438476,0.22612293371479503,0.07703088950723787,0.0807581906124268,0.3049606536178034,1.446261237973046,16.487934113053534,17.93419535102658,17.80225924729304,0.08064266110998171,AR6 World GDP level and trajectory (unrebased),Fixed original NATO GDP share = 0.5018,IMAGE 3.0.1,SSP1-19,0.13193610373354048,1.2461581473105128,17.80225924729304,0.20010309066253318,0.13193610373354048,25.92269288794564,1.9116902927337172,1.2604551380661952
2038,SA1_AR6_fixed_split,SSP1-1.9,S1,"NATO→3.5%, nonNATO holds",0.07,228.49940170355023,114.66099977484151,113.83840192870872,0.5018,0.035,0.022985547972701727,4.013134992119453,2.616638048668035,6.629773040787488,0.20217260295607273,0.06887198562239841,0.07220450105574026,0.27266004437595254,1.3403584726640039,15.280601875308669,16.620960347972673,16.49868529154001,0.08064266110998171,AR6 World GDP level and trajectory (unrebased),Fixed original NATO GDP share = 0.5018,IMAGE 3.0.1,SSP1-19,0.12227505643266312,1.1549079704078007,16.498685291540014,0.1854505022562032,0.12227505643265957,27.263051360609644,2.0971407949899206,1.3827301944988548
2039,SA1_AR6_fixed_split,SSP1-1.9,S1,"NATO→3.5%, nonNATO holds",0.07,236.85447438082582,118.8535752442984,118.00089913652742,0.5018,0.035,0.022985547972701727,4.159875133550444,2.7123153279245886,6.872190461475032,0.17964539619718042,0.061197882221017505,0.06415907007042158,0.24227873105883407,1.2345573781941663,14.074428724217038,15.308986102411204,15.196362818292279,0.0806426611099817,AR6 World GDP level and trajectory (unrebased),Fixed original NATO GDP share = 0.5018,IMAGE 3.0.1,SSP1-19,0.11262328411892497,1.0637453972804594,15.196362818292275,0.17081198091370697,0.11262328411892852,28.49760873880381,2.2679527759036273,1.4953534786177833
2040,SA1_AR6_fixed_split,SSP1-1.9,S1,"NATO→3.5%, nonNATO holds",0.07,245.51504999999977,123.1994520899999,122.31559790999988,0.5018,0.035,0.022985547972701727,4.311980823149996,2.811491043569997,7.123471866719994,0.158470191998713,0.05398435112044069,0.056596497142397506,0.21372079575006994,1.128857954416548,12.869414658102947,13.998272612519495,13.895291825740568,0.08064266110998172,AR6 World GDP level and trajectory (unrebased),Fixed original NATO GDP share = 0.5018,IMAGE 3.0.1,SSP1-19,0.10298078677892697,0.9726704278018398,13.895291825740566,0.15618752661470825,0.10298078677892875,29.626466693220358,2.4241403025183357,1.598334265396712
2041,SA1_AR6_fixed_split,SSP1-1.9,S1,"NATO→3.5%, nonNATO holds",0.07,252.1412108463452,126.52445960269603,125.61675124364916,0.5018,0.035,0.022985547972701727,4.428356086094361,2.887369861885837,7.315725947980198,0.14724764234933296,0.05016128475636618,0.05258844369619035,0.19858550619713214,1.077223397913923,12.280760863602314,13.357984261516236,13.259713870082283,0.0806426611099817,AR6 World GDP level and trajectory (unrebased),Fixed original NATO GDP share = 0.5018,IMAGE 3.0.1,SSP1-19,0.09827039143395311,0.9281799709057598,13.259713870082283,0.1490434270081632,0.09827039143395311,30.70369009113428,2.573183729526499,1.6966046568306652
2042,SA1_AR6_fixed_split,SSP1-1.9,S1,"NATO→3.5%, nonNATO holds",0.07,258.9462039376452,129.93920513591036,129.00699880173482,0.5018,0.035,0.022985547972701727,4.547872179756863,2.96529655977155,7.513168739528412,0.13651056807707182,0.04650360011416733,0.04875377431323994,0.18410495292365664,1.0256269326919212,11.69254132434458,12.718168257036501,12.624604786046156,0.0806426611099817,AR6 World GDP level and trajectory (unrebased),Fixed original NATO GDP share = 0.5018,IMAGE 3.0.1,SSP1-19,0.09356347099034501,0.8837223350232309,12.624604786046156,0.14190459766869024,0.09356347099034501,31.7293170238262,2.715088327195189,1.7901681278210102
2043,SA1_AR6_fixed_split,SSP1-1.9,S1,"NATO→3.5%, nonNATO holds",0.07,265.9348557446994,133.44611061269018,132.48874513200923,0.5018,0.035,0.022985547972701727,4.670613871444156,3.0453264070748505,7.715940278519007,0.12624107025904835,0.04300519975857691,0.0450860965210887,0.17025499655054005,0.974068558815139,11.104756041066175,12.078824599881314,11.989964574427317,0.0806426611099817,AR6 World GDP level and trajectory (unrebased),Fixed original NATO GDP share = 0.5018,IMAGE 3.0.1,SSP1-19,0.08886002545399663,0.8392975202099121,11.989964574427317,0.13477103860522688,0.08886002545399663,32.70338558264134,2.849859365800416,1.8790281532750068
2044,SA1_AR6_fixed_split,SSP1-1.9,S1,"NATO→3.5%, nonNATO holds",0.07,273.11212299904514,137.04766332092086,136.06445967812428,0.5018,0.035,0.022985547972701727,4.796668216232231,3.1275161653112655,7.924184381543496,0.11642185891678368,0.03966019369692631,0.04157923532742275,0.157012318951437,0.9225482760986377,10.51740501165872,11.439953287757358,11.355793232949324,0.08064266110998171,AR6 World GDP level and trajectory (unrebased),Fixed original NATO GDP share = 0.5018,IMAGE 3.0.1,SSP1-19,0.08416005480803435,0.7949055263064526,11.355793232949324,0.12764274979218504,0.08416005480803435,33.62593385873998,2.9775021155926007,1.9631882080830412
2045,SA1_AR6_fixed_split,SSP1-1.9,S1,"NATO→3.5%, nonNATO holds",0.07,280.48309620854303,140.7464176774469,139.73667853109612,0.5018,0.035,0.022985547972701727,4.9261246187106424,3.2119241279225093,8.138048746633151,0.10703623336830367,0.03646289268590565,0.0382272262029656,0.14435439675462647,0.8710660848072572,9.9304882391415,10.801554323948757,10.722090764872137,0.08064266110998171,AR6 World GDP level and trajectory (unrebased),Fixed original NATO GDP share = 0.5018,IMAGE 3.0.1,SSP1-19,0.07946355907662017,0.7505463535410496,10.722090764872137,0.12051973126620763,0.07946355907662017,34.49699994354724,3.0980218468588085,2.0426517671596613
2046,SA1_AR6_fixed_split,SSP1-1.9,S1,"NATO→3.5%, nonNATO holds",0.07,288.05300326784055,144.54499703980238,143.50800622803817,0.5018,0.035,0.022985547972701727,5.059074896393084,3.2986101616213497,8.357685058014434,0.09807053840258805,0.03340864495033219,0.03502519228663859,0.1322628138622381,0.8196426734387409,9.344241580342262,10.163884253781003,10.08911182819985,0.08064266110998172,AR6 World GDP level and trajectory (unrebased),Fixed original NATO GDP share = 0.5018,IMAGE 3.0.1,SSP1-19,0.07477242558115194,0.7062378279739895,10.089111828199847,0.11340484546475138,0.07477242558115549,35.31664261698597,3.2114266923235597,2.117424192740817
2047,SA1_AR6_fixed_split,SSP1-1.9,S1,"NATO→3.5%, nonNATO holds",0.07,295.82721316627885,148.44609556683872,147.38111759944013,0.5018,0.035,0.022985547972701727,5.195613344839356,3.387635748852326,8.583249093691682,0.08950659808292927,0.03049125868759129,0.03196664217247474,0.12071305730052176,0.7682574268747283,8.758430014986434,9.526687441861162,9.456602668166845,0.08064266110998172,AR6 World GDP level and trajectory (unrebased),Fixed original NATO GDP share = 0.5018,IMAGE 3.0.1,SSP1-19,0.07008477369431709,0.661962186771679,9.456602668166845,0.10629524010304936,0.07008477369431709,36.084900043860706,3.3177219324266094,2.187508966435134
2048,SA1_AR6_fixed_split,SSP1-1.9,S1,"NATO→3.5%, nonNATO holds",0.07,303.81123979587244,152.45248012956878,151.35875966630365,0.5018,0.035,0.022985547972701727,5.335836804534908,3.4790640313984538,8.814900835933361,0.08132937150069813,0.027705610071666397,0.02904620410739219,0.10968484215077766,0.7169103448274389,8.173053539793202,8.88996388462064,8.824563281230784,0.08064266110998172,AR6 World GDP level and trajectory (unrebased),Fixed original NATO GDP share = 0.5018,IMAGE 3.0.1,SSP1-19,0.06540060338985576,0.6177194296861549,8.824563281230782,0.09919091514128398,0.06540060338985754,36.801810388688146,3.416912847567893,2.2529095698249915
2049,SA1_AR6_fixed_split,SSP1-1.9,S1,"NATO→3.5%, nonNATO holds",0.07,312.0107458620589,156.56699227358118,155.44375358847773,0.5018,0.035,0.022985547972701727,5.479844729575341,3.572959855164781,9.052804584740123,0.07352433392199097,0.02504675111628264,0.02625869068642535,0.09915857963325612,0.6656014272189635,7.588112153874375,8.253713581093338,8.192993666432672,0.0806426611099817,AR6 World GDP level and trajectory (unrebased),Fixed original NATO GDP share = 0.5018,IMAGE 3.0.1,SSP1-19,0.06071991466066606,0.573509556650287,8.192993666432672,0.09209187056867651,0.06071991466066606,37.467411815907106,3.50900471813657,2.3136294844856575
2050,SA1_AR6_fixed_split,SSP1-1.9,S1,"NATO→3.5%, nonNATO holds",0.07,320.4315469000001,160.79255023442008,159.63899666558004,0.5018,0.035,0.022985547972701727,5.627739258204703,3.669389816170661,9.297129074375365,0.06607746001356793,0.022509903960666,0.02359909286198855,0.08911535448482234,0.6143306746530179,7.00360586411254,7.617936538765558,7.561893831203742,0.08064266110998171,AR6 World GDP level and trajectory (unrebased),Fixed original NATO GDP share = 0.5018,IMAGE 3.0.1,SSP1-19,0.05604270756181595,0.5293325681842619,7.561893831203741,0.08499810646875605,0.05604270756181684,38.081742490560124,3.594002824605326,2.3696721920474744
2025,SA1_AR6_fixed_split,SSP1-1.9,S2,"NATO→3.5%, nonNATO→3.5%",0.07,138.56683200039697,69.53283629779921,69.03399570259776,0.5018,0.027,0.022985547972701727,1.8773865800405787,1.5867842199693458,3.4641708000099243,0.7414823224972067,0.25259287909245504,0.26481511517757383,1.0,2.5686214103183653,34.12597016565828,36.694591575976645,36.694591575976645,0.07,AR6 World GDP level and trajectory (unrebased),Fixed original NATO GDP share = 0.5018,IMAGE 3.0.1,SSP1-19,0.0,2.5686214103183653,36.694591575976645,0.0,0.0,2.5686214103183653,0.0,0.0
2026,SA1_AR6_fixed_split,SSP1-1.9,S2,"NATO→3.5%, nonNATO→3.5%",0.07,144.59391012503605,72.55722410074308,72.03668602429296,0.5018,0.02740877593256891,0.023599450326672138,1.988704697666456,1.7000261935283787,3.688730891194835,0.6728161794391307,0.2292011160726709,0.24029149265683242,0.9073934185958498,2.481837825192809,32.29562434081614,34.777462166008945,34.74468649303279,0.07136339659707906,AR6 World GDP level and trajectory (unrebased),Fixed original NATO GDP share = 0.5018,IMAGE 3.0.1,SSP1-19,0.032775672976157466,2.432128054512295,34.74468649303279,0.04970977068051363,0.032775672976157466,5.050459235511174,0.04970977068051363,0.032775672976157466
2027,SA1_AR6_fixed_split,SSP1-1.9,S2,"NATO→3.5%, nonNATO→3.5%",0.07,150.8831409610859,75.71316013427291,75.16998082681299,0.5018,0.028005016140972137,0.024494887749248,2.120348271644321,1.8412802424659085,3.9616285141102296,0.6086181105697464,0.2073314442600235,0.2173636109177666,0.820812704637391,2.4111188610369996,30.461449368498485,32.87256822953548,32.796504345916006,0.07334744411209854,AR6 World GDP level and trajectory (unrebased),Fixed original NATO GDP share = 0.5018,IMAGE 3.0.1,SSP1-19,0.0760638836194758,2.29575530421412,32.796504345916006,0.11536355682287969,0.0760638836194758,7.461578096548173,0.16507332750339332,0.10883955659563327
2028,SA1_AR6_fixed_split,SSP1-1.9,S2,"NATO→3.5%, nonNATO→3.5%",0.07,157.44592705596344,79.00636619668245,78.43956085928099,0.5018,0.028820930945768986,0.025720233909322272,2.277037024430722,2.017483853045227,4.294520877475948,0.5486336038906208,0.18689716176493676,0.19594057281807886,0.7399146105640133,2.3561184659931405,28.623563135068313,30.979681601061454,30.850045135218938,0.0760536695093862,AR6 World GDP level and trajectory (unrebased),Fixed original NATO GDP share = 0.5018,IMAGE 3.0.1,SSP1-19,0.1296364658425162,2.1595031594653253,30.850045135218934,0.19661530652781511,0.12963646584251975,9.817696562541315,0.36168863403120843,0.23847602243815302
2029,SA1_AR6_fixed_split,SSP1-1.9,S2,"NATO→3.5%, nonNATO→3.5%",0.07,164.2941669202464,82.44281296057964,81.85135395966675,0.5018,0.029845109579542582,0.027258352042179364,2.4605147868542327,2.2311330213616283,4.691647808215861,0.4926216577388638,0.16781616911983274,0.17593630633530852,0.6643741095266902,2.311207320810204,26.783883339255855,29.09509066006606,28.90530888038478,0.0794363333599235,AR6 World GDP level and trajectory (unrebased),Fixed original NATO GDP share = 0.5018,IMAGE 3.0.1,SSP1-19,0.18978177968127952,2.0233716216269344,28.90530888038478,0.2878356991832698,0.18978177968127952,12.12890388335152,0.6495243332144782,0.42825780211943254
2030,SA1_AR6_fixed_split,SSP1-1.9,S2,"NATO→3.5%, nonNATO→3.5%",0.07,171.44027659999995,86.02873079787997,85.41154580211997,0.5018,0.030999999999995285,0.028992773986343784,2.6668906547338733,2.4763176432651144,5.143208297998988,0.4403540933920231,0.15001073511156832,0.1572693190685797,0.5938834683326951,2.2648328271916744,24.946345462881848,27.211178290073523,26.962295561810947,0.08323170731705772,AR6 World GDP level and trajectory (unrebased),Fixed original NATO GDP share = 0.5018,IMAGE 3.0.1,SSP1-19,0.24888272826257563,1.8873606893267663,26.962295561810947,0.3774721378649082,0.24888272826257563,14.393736710543193,1.0269964710793864,0.6771405303820082
2031,SA1_AR6_fixed_split,SSP1-1.9,S2,"NATO→3.5%, nonNATO→3.5%",0.07,177.7089843520823,89.1743683478749,88.5346160042074,0.5018,0.03215489042044799,0.0307271959305082,2.867392042538583,2.7204204925935875,5.587812535132171,0.4041433051235308,0.13767519185526875,0.14433689468697528,0.5450477952898914,2.258277026359011,23.696815352252283,25.955092378611294,25.64996295935584,0.08700708875996836,AR6 World GDP level and trajectory (unrebased),Fixed original NATO GDP share = 0.5018,IMAGE 3.0.1,SSP1-19,0.30512941925545434,1.795497407154909,25.649962959355843,0.46277961920410204,0.3051294192554508,16.652013736902205,1.4897760902834885,0.982269949637459
2032,SA1_AR6_fixed_split,SSP1-1.9,S2,"NATO→3.5%, nonNATO→3.5%",0.07,184.20690718512637,92.43502602549641,91.77188115962996,0.5018,0.033179069054221584,0.032265314063365295,3.066908111528715,2.961048567801297,6.027956679330012,0.3699582940105164,0.126029748509077,0.132127962146613,0.49894418624108205,2.2300925694542286,22.455848321856795,24.685940891311024,24.338883259701028,0.09033856879399635,AR6 World GDP level and trajectory (unrebased),Fixed original NATO GDP share = 0.5018,IMAGE 3.0.1,SSP1-19,0.3470576316099958,1.7037218281790723,24.338883259701028,0.5263707412751564,0.3470576316099958,18.882106306356434,2.016146831558645,1.3293275812474548
2033,SA1_AR6_fixed_split,SSP1-1.9,S2,"NATO→3.5%, nonNATO→3.5%",0.07,190.94242634059682,95.81490953771149,95.12751680288534,0.5018,0.03399498385901843,0.033490660223439564,3.2572263031878133,3.1858833431449707,6.443109646332784,0.33770052757589775,0.11504083906431682,0.12060733127710635,0.45543975537888826,2.1758415267959372,21.224956199301253,23.400797726097192,23.02905646851484,0.09298151081274383,AR6 World GDP level and trajectory (unrebased),Fixed original NATO GDP share = 0.5018,IMAGE 3.0.1,SSP1-19,0.37174125758235377,1.6120339527960386,23.02905646851484,0.5638075739998987,0.37174125758235377,21.05794783315237,2.5799544055585435,1.7010688388298085
2034,SA1_AR6_fixed_split,SSP1-1.9,S2,"NATO→3.5%, nonNATO→3.5%",0.07,197.92422951976133,99.31837837301624,98.60585114674508,0.5018,0.034591224067421655,0.034386097646015426,3.43554428031397,3.3906704260004386,6.826214706314408,0.3072759275225436,0.10467641487031705,0.10974140268662272,0.41440762402491554,2.0975314553507873,20.003455079506363,22.10098653485715,21.72048257316767,0.0949066889861505,AR6 World GDP level and trajectory (unrebased),Fixed original NATO GDP share = 0.5018,IMAGE 3.0.1,SSP1-19,0.380503961689481,1.5204337801217367,21.720482573167665,0.5770976752290506,0.3805039616894845,23.15547928850316,3.157052080787594,2.081572800519293
2035,SA1_AR6_fixed_split,SSP1-1.9,S2,"NATO→3.5%, nonNATO→3.5%",0.07,205.16132208938131,102.94995142445156,102.21137066492976,0.5018,0.03499999999999057,0.03499999999998584,3.603248299854834,3.5773979732710943,7.180646273125928,0.2785946781168913,0.09490587935850145,0.0994980993274612,0.3757266622063547,2.0004898371327733,18.78953013433212,20.790019971464893,20.41316160340252,0.09622356495465242,AR6 World GDP level and trajectory (unrebased),Fixed original NATO GDP share = 0.5018,IMAGE 3.0.1,SSP1-19,0.37685836806237205,1.4289213122381763,20.41316160340252,0.571568524894597,0.37685836806237205,25.15596912563593,3.728620605682191,2.458431168581665
2036,SA1_AR6_fixed_split,SSP1-1.9,S2,"NATO→3.5%, nonNATO→3.5%",0.07,212.66303869714082,106.71431281822527,105.94872587891555,0.5018,0.035,0.035,3.7350009486378846,3.708205405762045,7.44320635439993,0.2515709238693676,0.08569998505439995,0.08984675852477415,0.3392810809327357,1.8724942991267377,17.587336564639358,19.459830863766097,19.10708468496671,0.09622356495468277,AR6 World GDP level and trajectory (unrebased),Fixed original NATO GDP share = 0.5018,IMAGE 3.0.1,SSP1-19,0.35274617879938575,1.3374959279476697,19.10708468496671,0.534998371179068,0.35274617879938575,27.02846342476267,4.26361897686126,2.811177347381051
2037,SA1_AR6_fixed_split,SSP1-1.9,S2,"NATO→3.5%, nonNATO→3.5%",0.07,220.4390553117926,110.61631795545753,109.82273735633507,0.5018,0.035,0.035,3.871571128441014,3.8437958074717278,7.715366935912742,0.22612293371479503,0.07703088950723787,0.0807581906124268,0.3049606536178034,1.7446214062347183,16.3862949348545,18.13091634108922,17.80225924729304,0.0962235649546828,AR6 World GDP level and trajectory (unrebased),Fixed original NATO GDP share = 0.5018,IMAGE 3.0.1,SSP1-19,0.3286570937961777,1.2461581473105128,17.80225924729304,0.4984632589242055,0.3286570937961777,28.773084830997387,4.762082235785464,3.1398344411772285
2038,SA1_AR6_fixed_split,SSP1-1.9,S2,"NATO→3.5%, nonNATO→3.5%",0.07,228.49940170355023,114.66099977484151,113.83840192870872,0.5018,0.035,0.035,4.013134992119453,3.9843440675048054,7.997479059624259,0.20217260295607273,0.06887198562239841,0.07220450105574026,0.27266004437595254,1.6168711585709212,15.186405246043677,16.803276404614596,16.49868529154001,0.09622356495468279,AR6 World GDP level and trajectory (unrebased),Fixed original NATO GDP share = 0.5018,IMAGE 3.0.1,SSP1-19,0.3045911130745864,1.1549079704078007,16.498685291540014,0.46196318816312054,0.30459111307458286,30.389955989568307,5.224045423948585,3.4444255542518114
2039,SA1_AR6_fixed_split,SSP1-1.9,S2,"NATO→3.5%, nonNATO→3.5%",0.07,236.85447438082582,118.8535752442984,118.00089913652742,0.5018,0.035,0.035,4.159875133550444,4.13003146977846,8.289906603328905,0.17964539619718042,0.061197882221017505,0.06415907007042158,0.24227873105883407,1.4892435561926434,13.987667498745028,15.476911054937672,15.196362818292279,0.0962235649546828,AR6 World GDP level and trajectory (unrebased),Fixed original NATO GDP share = 0.5018,IMAGE 3.0.1,SSP1-19,0.28054823664539263,1.0637453972804594,15.196362818292275,0.425498158912184,0.2805482366453962,31.87919954576095,5.649543582860769,3.7249737908972076
2040,SA1_AR6_fixed_split,SSP1-1.9,S2,"NATO→3.5%, nonNATO→3.5%",0.07,245.51504999999977,123.1994520899999,122.31559790999988,0.5018,0.035,0.035,4.311980823149996,4.2810459268499965,8.593026749999993,0.158470191998713,0.05398435112044069,0.056596497142397506,0.21372079575006994,1.3617385989225756,12.790081691293201,14.151820290215777,13.895291825740568,0.09622356495468279,AR6 World GDP level and trajectory (unrebased),Fixed original NATO GDP share = 0.5018,IMAGE 3.0.1,SSP1-19,0.2565284644752097,0.9726704278018398,13.895291825740566,0.3890681711207359,0.2565284644752115,33.240938144683525,6.038611753981505,3.981502255372419
2041,SA1_AR6_fixed_split,SSP1-1.9,S2,"NATO→3.5%, nonNATO→3.5%",0.07,252.1412108463452,126.52445960269603,125.61675124364916,0.5018,0.035,0.035,4.428356086094361,4.396586293527721,8.824942379622083,0.14724764234933296,0.05016128475636618,0.05258844369619035,0.19858550619713214,1.2994519592680638,12.205056628415738,13.504508587683802,13.259713870082283,0.09622356495468279,AR6 World GDP level and trajectory (unrebased),Fixed original NATO GDP share = 0.5018,IMAGE 3.0.1,SSP1-19,0.24479471760151839,0.9281799709057598,13.259713870082283,0.371271988362304,0.24479471760151839,34.54039010395159,6.409883742343809,4.2262969729739375
2042,SA1_AR6_fixed_split,SSP1-1.9,S2,"NATO→3.5%, nonNATO→3.5%",0.07,258.9462039376452,129.93920513591036,129.00699880173482,0.5018,0.035,0.035,4.547872179756863,4.51524495806072,9.063117137817581,0.13651056807707182,0.04650360011416733,0.04875377431323994,0.18410495292365664,1.2372112690325232,11.620463143832946,12.85767441286547,12.624604786046156,0.09622356495468277,AR6 World GDP level and trajectory (unrebased),Fixed original NATO GDP share = 0.5018,IMAGE 3.0.1,SSP1-19,0.2330696268193133,0.8837223350232309,12.624604786046156,0.35348893400929227,0.2330696268193133,35.777601372984115,6.763372676353101,4.459366599793251
2043,SA1_AR6_fixed_split,SSP1-1.9,S2,"NATO→3.5%, nonNATO→3.5%",0.07,265.9348557446994,133.44611061269018,132.48874513200923,0.5018,0.035,0.035,4.670613871444156,4.637106079620324,9.307719951064481,0.12624107025904835,0.04300519975857691,0.0450860965210887,0.17025499655054005,1.1750165282938771,11.036301238276712,12.21131776657059,11.989964574427317,0.09622356495468279,AR6 World GDP level and trajectory (unrebased),Fixed original NATO GDP share = 0.5018,IMAGE 3.0.1,SSP1-19,0.22135319214327254,0.8392975202099121,11.989964574427317,0.33571900808396504,0.22135319214327254,36.95261790127799,7.099091684437067,4.680719791936523
2044,SA1_AR6_fixed_split,SSP1-1.9,S2,"NATO→3.5%, nonNATO→3.5%",0.07,273.11212299904514,137.04766332092086,136.06445967812428,0.5018,0.035,0.035,4.796668216232231,4.76225608873435,9.558924304966581,0.11642185891678368,0.03966019369692631,0.04157923532742275,0.157012318951437,1.1128677368290338,10.452570909651662,11.565438646480697,11.355793232949324,0.09622356495468277,AR6 World GDP level and trajectory (unrebased),Fixed original NATO GDP share = 0.5018,IMAGE 3.0.1,SSP1-19,0.20964541353137278,0.7949055263064526,11.355793232949324,0.3179622105225812,0.20964541353137278,38.06548563810703,7.417053894959648,4.890365205467896
2045,SA1_AR6_fixed_split,SSP1-1.9,S2,"NATO→3.5%, nonNATO→3.5%",0.07,280.48309620854303,140.7464176774469,139.73667853109612,0.5018,0.035,0.035,4.9261246187106424,4.8907837485883645,9.816908367299007,0.10703623336830367,0.03646289268590565,0.0382272262029656,0.14435439675462647,1.0507648949574695,9.869272160958461,10.92003705591593,10.722090764872137,0.09622356495468279,AR6 World GDP level and trajectory (unrebased),Fixed original NATO GDP share = 0.5018,IMAGE 3.0.1,SSP1-19,0.19794629104379347,0.7505463535410496,10.722090764872137,0.3002185414164199,0.19794629104379347,39.116250533064495,7.717272436376067,5.08831149651169
2046,SA1_AR6_fixed_split,SSP1-1.9,S2,"NATO→3.5%, nonNATO→3.5%",0.07,288.05300326784055,144.54499703980238,143.50800622803817,0.5018,0.035,0.035,5.059074896393084,5.022780217981336,10.08185511437442,0.09807053840258805,0.03340864495033219,0.03502519228663859,0.1322628138622381,0.9887329591635853,9.286639395095337,10.275372354258922,10.08911182819985,0.0962235649546828,AR6 World GDP level and trajectory (unrebased),Fixed original NATO GDP share = 0.5018,IMAGE 3.0.1,SSP1-19,0.18626052605907084,0.7062378279739895,10.089111828199847,0.2824951311895958,0.1862605260590744,40.10498349222808,7.999767567565663,5.274572022570764
2047,SA1_AR6_fixed_split,SSP1-1.9,S2,"NATO→3.5%, nonNATO→3.5%",0.07,295.82721316627885,148.44609556683872,147.38111759944013,0.5018,0.035,0.035,5.195613344839356,5.1583391159804055,10.353952460819762,0.08950659808292927,0.03049125868759129,0.03196664217247474,0.12071305730052176,0.9267470614803509,8.704439040560343,9.631186102040694,9.456602668166845,0.0962235649546828,AR6 World GDP level and trajectory (unrebased),Fixed original NATO GDP share = 0.5018,IMAGE 3.0.1,SSP1-19,0.174583433873849,0.661962186771679,9.456602668166845,0.26478487470867196,0.174583433873849,41.03173055370843,8.264552442274335,5.449155456444613
2048,SA1_AR6_fixed_split,SSP1-1.9,S2,"NATO→3.5%, nonNATO→3.5%",0.07,303.81123979587244,152.45248012956878,151.35875966630365,0.5018,0.035,0.035,5.335836804534908,5.297556588320629,10.633393392855536,0.08132937150069813,0.027705610071666397,0.02904620410739219,0.10968484215077766,0.8648072015606169,8.12267109409289,8.987478295653506,8.824563281230784,0.09622356495468277,AR6 World GDP level and trajectory (unrebased),Fixed original NATO GDP share = 0.5018,IMAGE 3.0.1,SSP1-19,0.1629150144227225,0.6177194296861549,8.824563281230782,0.24708777187446196,0.16291501442272427,41.896537755269044,8.511640214148798,5.612070470867337
2049,SA1_AR6_fixed_split,SSP1-1.9,S2,"NATO→3.5%, nonNATO→3.5%",0.07,312.0107458620589,156.56699227358118,155.44375358847773,0.5018,0.035,0.035,5.479844729575341,5.440531375596721,10.920376105172062,0.07352433392199097,0.02504675111628264,0.02625869068642535,0.09915857963325612,0.8029133793104019,7.541335554810258,8.34424893412066,8.192993666432672,0.09622356495468277,AR6 World GDP level and trajectory (unrebased),Fixed original NATO GDP share = 0.5018,IMAGE 3.0.1,SSP1-19,0.15125526768798814,0.573509556650287,8.192993666432672,0.22940382266011483,0.15125526768798814,42.69945113457945,8.741044036808912,5.763325738555325
2050,SA1_AR6_fixed_split,SSP1-1.9,S2,"NATO→3.5%, nonNATO→3.5%",0.07,320.4315469000001,160.79255023442008,159.63899666558004,0.5018,0.035,0.035,5.627739258204703,5.587364883295302,11.215104141500005,0.06607746001356793,0.022509903960666,0.02359909286198855,0.08911535448482234,0.7410655954579667,6.960432429552614,7.70149802501058,7.561893831203742,0.09622356495468277,AR6 World GDP level and trajectory (unrebased),Fixed original NATO GDP share = 0.5018,IMAGE 3.0.1,SSP1-19,0.13960419380683842,0.5293325681842619,7.561893831203741,0.2117330272737048,0.1396041938068393,43.440516730037416,8.952777064082618,5.902929932362165
2025,SA1_AR6_fixed_split,SSP1-1.9,S3,"NATO→5%, nonNATO→3.5%",0.07,138.56683200039697,69.53283629779921,69.03399570259776,0.5018,0.027,0.022985547972701727,1.8773865800405787,1.5867842199693458,3.4641708000099243,0.7414823224972067,0.25259287909245504,0.26481511517757383,1.0,2.5686214103183653,34.12597016565828,36.694591575976645,36.694591575976645,0.07,AR6 World GDP level and trajectory (unrebased),Fixed original NATO GDP share = 0.5018,IMAGE 3.0.1,SSP1-19,0.0,2.5686214103183653,36.694591575976645,0.0,0.0,2.5686214103183653,0.0,0.0
2026,SA1_AR6_fixed_split,SSP1-1.9,S3,"NATO→5%, nonNATO→3.5%",0.07,144.59391012503605,72.55722410074308,72.03668602429296,0.5018,0.02817523080613562,0.023599450326672138,2.0443165356909425,1.7000261935283787,3.744342729219321,0.6728161794391307,0.2292011160726709,0.24029149265683242,0.9073934185958498,2.519254369584031,32.28287804547408,34.80213241505811,34.74468649303279,0.07238793127785485,AR6 World GDP level and trajectory (unrebased),Fixed original NATO GDP share = 0.5018,IMAGE 3.0.1,SSP1-19,0.05744592202532317,2.432128054512295,34.74468649303279,0.08712631507173585,0.05744592202532317,5.087875779902396,0.08712631507173585,0.05744592202532317
2027,SA1_AR6_fixed_split,SSP1-1.9,S3,"NATO→5%, nonNATO→3.5%",0.07,150.8831409610859,75.71316013427291,75.16998082681299,0.5018,0.029889421405294894,0.024494887749248,2.263022549179857,1.8412802424659085,4.1043027916457655,0.6086181105697464,0.2073314442600235,0.2173636109177666,0.820812704637391,2.4979530102575813,30.431868504478285,32.92982151473586,32.796504345916006,0.0758568645487424,AR6 World GDP level and trajectory (unrebased),Fixed original NATO GDP share = 0.5018,IMAGE 3.0.1,SSP1-19,0.13331716881985756,2.29575530421412,32.796504345916006,0.20219770604346143,0.13331716881985756,7.585828790159978,0.2893240211151973,0.19076309084518073
2028,SA1_AR6_fixed_split,SSP1-1.9,S3,"NATO→5%, nonNATO→3.5%",0.07,157.44592705596344,79.00636619668245,78.43956085928099,0.5018,0.03223517646908584,0.025720233909322272,2.546784156531277,2.017483853045227,4.564268009576503,0.5486336038906208,0.18689716176493676,0.19594057281807886,0.7399146105640133,2.5041108072166276,28.573148161684486,31.077258968901113,30.850045135218938,0.08057695209614468,AR6 World GDP level and trajectory (unrebased),Fixed original NATO GDP share = 0.5018,IMAGE 3.0.1,SSP1-19,0.22721383368217474,2.1595031594653253,30.850045135218934,0.34460764775130226,0.2272138336821783,10.089939597376606,0.6339316688664995,0.417976924527359
2029,SA1_AR6_fixed_split,SSP1-1.9,S3,"NATO→5%, nonNATO→3.5%",0.07,164.2941669202464,82.44281296057964,81.85135395966675,0.5018,0.03517969004118492,0.027258352042179364,2.900312606076575,2.2311330213616283,5.131445627438204,0.4926216577388638,0.16781616911983274,0.17593630633530852,0.6643741095266902,2.527861251585452,26.710078154046702,29.237939405632154,28.90530888038478,0.08645825605269931,AR6 World GDP level and trajectory (unrebased),Fixed original NATO GDP share = 0.5018,IMAGE 3.0.1,SSP1-19,0.33263052524737446,2.0233716216269344,28.90530888038478,0.5044896299585178,0.33263052524737446,12.617800848962057,1.1384212988250173,0.7506074497747335
2030,SA1_AR6_fixed_split,SSP1-1.9,S3,"NATO→5%, nonNATO→3.5%",0.07,171.44027659999995,86.02873079787997,85.41154580211997,0.5018,0.03849999999998644,0.028992773986343784,3.3121061357172126,2.4763176432651144,5.788423778982327,0.4403540933920231,0.15001073511156832,0.1572693190685797,0.5938834683326951,2.548956105362591,24.849556214274177,27.39851231963677,26.962295561810947,0.09303264628480323,AR6 World GDP level and trajectory (unrebased),Fixed original NATO GDP share = 0.5018,IMAGE 3.0.1,SSP1-19,0.4362167578258216,1.8873606893267663,26.962295561810947,0.6615954160358248,0.4362167578258216,15.166756954324649,1.8000167148608421,1.186824207600555
2031,SA1_AR6_fixed_split,SSP1-1.9,S3,"NATO→5%, nonNATO→3.5%",0.07,177.7089843520823,89.1743683478749,88.5346160042074,0.5018,0.041820309958787966,0.0307271959305082,3.7292997246872592,2.7204204925935875,6.449720217280847,0.4041433051235308,0.13767519185526875,0.14433689468697528,0.5450477952898914,2.6066112457339385,23.578152046750933,26.18476329248487,25.64996295935584,0.09954687069796984,AR6 World GDP level and trajectory (unrebased),Fixed original NATO GDP share = 0.5018,IMAGE 3.0.1,SSP1-19,0.5348003331290307,1.795497407154909,25.649962959355843,0.8111138385790295,0.5348003331290272,17.773368200058588,2.611130553439872,1.7216245407295823
2032,SA1_AR6_fixed_split,SSP1-1.9,S3,"NATO→5%, nonNATO→3.5%",0.07,184.20690718512637,92.43502602549641,91.77188115962996,0.5018,0.04476482353088705,0.032265314063365295,4.137837628104299,2.961048567801297,7.098886195905596,0.3699582940105164,0.126029748509077,0.132127962146613,0.49894418624108205,2.6262918264120385,22.320879344211825,24.947171170623864,24.338883259701028,0.10527413342578039,AR6 World GDP level and trajectory (unrebased),Fixed original NATO GDP share = 0.5018,IMAGE 3.0.1,SSP1-19,0.6082879109228365,1.7037218281790723,24.338883259701028,0.9225699982329663,0.6082879109228365,20.399660026470627,3.5337005516728377,2.329912451652419
2033,SA1_AR6_fixed_split,SSP1-1.9,S3,"NATO→5%, nonNATO→3.5%",0.07,190.94242634059682,95.81490953771149,95.12751680288534,0.5018,0.04711057859467799,0.033490660223439564,4.513895826318318,3.1858833431449707,7.699779169463289,0.33770052757589775,0.11504083906431682,0.12060733127710635,0.45543975537888826,2.6002194877456604,21.080387882933763,23.680607370679425,23.02905646851484,0.10980374983815532,AR6 World GDP level and trajectory (unrebased),Fixed original NATO GDP share = 0.5018,IMAGE 3.0.1,SSP1-19,0.6515509021645869,1.6120339527960386,23.02905646851484,0.9881855349496218,0.6515509021645869,22.999879514216286,4.52188608662246,2.9814633538170057
2034,SA1_AR6_fixed_split,SSP1-1.9,S3,"NATO→5%, nonNATO→3.5%",0.07,197.92422951976133,99.31837837301624,98.60585114674508,0.5018,0.04882476919383726,0.034386097646015426,4.849196900768717,3.3906704260004386,8.239867326769154,0.3072759275225436,0.10467641487031705,0.10974140268662272,0.41440762402491554,2.531912875495694,19.855478991325132,22.387391866820828,21.72048257316767,0.11309548207123261,AR6 World GDP level and trajectory (unrebased),Fixed original NATO GDP share = 0.5018,IMAGE 3.0.1,SSP1-19,0.6669092936531591,1.5204337801217367,21.720482573167665,1.0114790953739572,0.6669092936531626,25.53179238971198,5.533365181996417,3.6483726474701683
2035,SA1_AR6_fixed_split,SSP1-1.9,S3,"NATO→5%, nonNATO→3.5%",0.07,205.16132208938131,102.94995142445156,102.21137066492976,0.5018,0.049999999999972886,0.03499999999998584,5.147497571219787,3.5773979732710943,8.724895544490881,0.2785946781168913,0.09490587935850145,0.0994980993274612,0.3757266622063547,2.4307094658209363,18.642971799284503,21.07368126510544,20.41316160340252,0.11534337239150488,AR6 World GDP level and trajectory (unrebased),Fixed original NATO GDP share = 0.5018,IMAGE 3.0.1,SSP1-19,0.6605196617029172,1.4289213122381763,20.41316160340252,1.00178815358276,0.6605196617029172,27.962501855532917,6.535153335579177,4.3088923091730855
2036,SA1_AR6_fixed_split,SSP1-1.9,S3,"NATO→5%, nonNATO→3.5%",0.07,212.66303869714082,106.71431281822527,105.94872587891555,0.5018,0.05,0.035,5.335715640911264,3.708205405762045,9.043921046673308,0.2515709238693676,0.08569998505439995,0.08984675852477415,0.3392810809327357,2.275187573113222,17.45015533943517,19.725342912548392,19.10708468496671,0.11534337239155666,AR6 World GDP level and trajectory (unrebased),Fixed original NATO GDP share = 0.5018,IMAGE 3.0.1,SSP1-19,0.6182582275816806,1.3374959279476697,19.10708468496671,0.9376916451655524,0.6182582275816806,30.23768942864614,7.472844980744729,4.927150536754766
2037,SA1_AR6_fixed_split,SSP1-1.9,S3,"NATO→5%, nonNATO→3.5%",0.07,220.4390553117926,110.61631795545753,109.82273735633507,0.5018,0.05,0.035,5.530815897772877,3.8437958074717278,9.374611705244604,0.22612293371479503,0.07703088950723787,0.0807581906124268,0.3049606536178034,2.119814701226967,16.258481834362637,18.378296535589605,17.80225924729304,0.11534337239155663,AR6 World GDP level and trajectory (unrebased),Fixed original NATO GDP share = 0.5018,IMAGE 3.0.1,SSP1-19,0.5760372882965648,1.2461581473105128,17.80225924729304,0.8736565539164542,0.5760372882965648,32.35750412987311,8.346501534661183,5.503187825051331
2038,SA1_AR6_fixed_split,SSP1-1.9,S3,"NATO→5%, nonNATO→3.5%",0.07,228.49940170355023,114.66099977484151,113.83840192870872,0.5018,0.05,0.035,5.733049988742076,3.9843440675048054,9.717394056246881,0.20217260295607273,0.06887198562239841,0.07220450105574026,0.27266004437595254,1.9645908503013019,15.067951285124535,17.032542135425835,16.49868529154001,0.11534337239155666,AR6 World GDP level and trajectory (unrebased),Fixed original NATO GDP share = 0.5018,IMAGE 3.0.1,SSP1-19,0.5338568438858253,1.1549079704078007,16.498685291540014,0.8096828798935012,0.5338568438858218,34.322094980174406,9.156184414554685,6.037044668937153
2039,SA1_AR6_fixed_split,SSP1-1.9,S3,"NATO→5%, nonNATO→3.5%",0.07,236.85447438082582,118.8535752442984,118.00089913652742,0.5018,0.05,0.035,5.94267876221492,4.13003146977846,10.07271023199338,0.17964539619718042,0.061197882221017505,0.06415907007042158,0.24227873105883407,1.8095160204058438,13.878563692254819,15.688079712660663,15.196362818292279,0.11534337239155665,AR6 World GDP level and trajectory (unrebased),Fixed original NATO GDP share = 0.5018,IMAGE 3.0.1,SSP1-19,0.49171689436838406,1.0637453972804594,15.196362818292275,0.7457706231253844,0.4917168943683876,36.13161100058025,9.90195503768007,6.52876156330554
2040,SA1_AR6_fixed_split,SSP1-1.9,S3,"NATO→5%, nonNATO→3.5%",0.07,245.51504999999977,123.1994520899999,122.31559790999988,0.5018,0.05,0.035,6.159972604499995,4.2810459268499965,10.441018531349991,0.158470191998713,0.05398435112044069,0.056596497142397506,0.21372079575006994,1.6545902113251536,12.690319054101115,14.344909265426269,13.895291825740568,0.11534337239155666,AR6 World GDP level and trajectory (unrebased),Fixed original NATO GDP share = 0.5018,IMAGE 3.0.1,SSP1-19,0.4496174396857011,0.9726704278018398,13.895291825740566,0.6819197835233138,0.4496174396857029,37.78620121190541,10.583874821203382,6.978379002991243
2041,SA1_AR6_fixed_split,SSP1-1.9,S3,"NATO→5%, nonNATO→3.5%",0.07,252.1412108463452,126.52445960269603,125.61675124364916,0.5018,0.05,0.035,6.326222980134801,4.396586293527721,10.722809273662524,0.14724764234933296,0.05016128475636618,0.05258844369619035,0.19858550619713214,1.57890838490837,12.109857186714095,13.688765571622465,13.259713870082283,0.11534337239155666,AR6 World GDP level and trajectory (unrebased),Fixed original NATO GDP share = 0.5018,IMAGE 3.0.1,SSP1-19,0.4290517015401818,0.9281799709057598,13.259713870082283,0.6507284140026103,0.4290517015401818,39.365109596813774,11.234603235205993,7.407430704531425
2042,SA1_AR6_fixed_split,SSP1-1.9,S3,"NATO→5%, nonNATO→3.5%",0.07,258.9462039376452,129.93920513591036,129.00699880173482,0.5018,0.05,0.035,6.496960256795518,4.51524495806072,11.012205214856237,0.13651056807707182,0.04650360011416733,0.04875377431323994,0.18410495292365664,1.5032823896613177,11.52982353131105,13.033105920972368,12.624604786046156,0.11534337239155665,AR6 World GDP level and trajectory (unrebased),Fixed original NATO GDP share = 0.5018,IMAGE 3.0.1,SSP1-19,0.40850113492621176,0.8837223350232309,12.624604786046156,0.6195600546380867,0.40850113492621176,40.86839198647509,11.85416328984408,7.815931839457637
2043,SA1_AR6_fixed_split,SSP1-1.9,S3,"NATO→5%, nonNATO→3.5%",0.07,265.9348557446994,133.44611061269018,132.48874513200923,0.5018,0.05,0.035,6.672305530634509,4.637106079620324,11.309411610254834,0.12624107025904835,0.04300519975857691,0.0450860965210887,0.17025499655054005,1.4277122256786776,10.950218088618154,12.377930314296831,11.989964574427317,0.11534337239155668,AR6 World GDP level and trajectory (unrebased),Fixed original NATO GDP share = 0.5018,IMAGE 3.0.1,SSP1-19,0.38796573986951444,0.8392975202099121,11.989964574427317,0.5884147054687655,0.38796573986951444,42.29610421215377,12.442577995312845,8.203897579327151
2044,SA1_AR6_fixed_split,SSP1-1.9,S3,"NATO→5%, nonNATO→3.5%",0.07,273.11212299904514,137.04766332092086,136.06445967812428,0.5018,0.05,0.035,6.852383166046043,4.76225608873435,11.614639254780393,0.11642185891678368,0.03966019369692631,0.04157923532742275,0.157012318951437,1.3521978926893805,10.371040856556379,11.723238749245759,11.355793232949324,0.11534337239155666,AR6 World GDP level and trajectory (unrebased),Fixed original NATO GDP share = 0.5018,IMAGE 3.0.1,SSP1-19,0.36744551629643496,0.7949055263064526,11.355793232949324,0.5572923663829279,0.36744551629643496,43.648302104843154,12.999870361695773,8.571343095623586
2045,SA1_AR6_fixed_split,SSP1-1.9,S3,"NATO→5%, nonNATO→3.5%",0.07,280.48309620854303,140.7464176774469,139.73667853109612,0.5018,0.05,0.035,7.037320883872346,4.8907837485883645,11.92810463246071,0.10703623336830367,0.03646289268590565,0.0382272262029656,0.14435439675462647,1.2767393910816087,9.792291838102985,11.069031229184594,10.722090764872137,0.11534337239155666,AR6 World GDP level and trajectory (unrebased),Fixed original NATO GDP share = 0.5018,IMAGE 3.0.1,SSP1-19,0.34694046431245695,0.7505463535410496,10.722090764872137,0.5261930375405591,0.34694046431245695,44.92504149592476,13.526063399236332,8.918283559936043
2046,SA1_AR6_fixed_split,SSP1-1.9,S3,"NATO→5%, nonNATO→3.5%",0.07,288.05300326784055,144.54499703980238,143.50800622803817,0.5018,0.05,0.035,7.22724985199012,5.022780217981336,12.250030069971455,0.09807053840258805,0.03340864495033219,0.03502519228663859,0.1322628138622381,1.201367044409994,9.214203607813594,10.415570652223588,10.08911182819985,0.11534337239155666,AR6 World GDP level and trajectory (unrebased),Fixed original NATO GDP share = 0.5018,IMAGE 3.0.1,SSP1-19,0.32645882402373694,0.7062378279739895,10.089111828199847,0.4951292164360045,0.3264588240237405,46.12640854033475,14.021192615672337,9.244742383959784
2047,SA1_AR6_fixed_split,SSP1-1.9,S3,"NATO→5%, nonNATO→3.5%",0.07,295.82721316627885,148.44609556683872,147.38111759944013,0.5018,0.05,0.035,7.422304778341936,5.1583391159804055,12.580643894322343,0.08950659808292927,0.03049125868759129,0.03196664217247474,0.12071305730052176,1.126050636673568,8.636544416043971,9.76259505271754,9.456602668166845,0.11534337239155668,AR6 World GDP level and trajectory (unrebased),Fixed original NATO GDP share = 0.5018,IMAGE 3.0.1,SSP1-19,0.3059923845506951,0.661962186771679,9.456602668166845,0.46408844990188913,0.3059923845506951,47.25245917700832,14.485281065574226,9.550734768510479
2048,SA1_AR6_fixed_split,SSP1-1.9,S3,"NATO→5%, nonNATO→3.5%",0.07,303.81123979587244,152.45248012956878,151.35875966630365,0.5018,0.05,0.035,7.622624006478439,5.297556588320629,12.920180594799067,0.08132937150069813,0.027705610071666397,0.02904620410739219,0.10968484215077766,1.0507901674505242,8.059314259558963,9.110104427009487,8.824563281230784,0.11534337239155666,AR6 World GDP level and trajectory (unrebased),Fixed original NATO GDP share = 0.5018,IMAGE 3.0.1,SSP1-19,0.28554114577870315,0.6177194296861549,8.824563281230782,0.43307073776436933,0.28554114577870493,48.30324934445885,14.918351803338595,9.836275914289184
2049,SA1_AR6_fixed_split,SSP1-1.9,S3,"NATO→5%, nonNATO→3.5%",0.07,312.0107458620589,156.56699227358118,155.44375358847773,0.5018,0.05,0.035,7.828349613679059,5.440531375596721,13.268880989275779,0.07352433392199097,0.02504675111628264,0.02625869068642535,0.09915857963325612,0.9755856366266702,7.482513137482738,8.45809877410941,8.192993666432672,0.11534337239155663,AR6 World GDP level and trajectory (unrebased),Fixed original NATO GDP share = 0.5018,IMAGE 3.0.1,SSP1-19,0.265105107676737,0.573509556650287,8.192993666432672,0.40207607997638317,0.265105107676737,49.27883498108552,15.320427883314979,10.10138102196592
2050,SA1_AR6_fixed_split,SSP1-1.9,S3,"NATO→5%, nonNATO→3.5%",0.07,320.4315469000001,160.79255023442008,159.63899666558004,0.5018,0.05,0.035,8.039627511721005,5.587364883295302,13.626992395016305,0.06607746001356793,0.022509903960666,0.02359909286198855,0.08911535448482234,0.9004370450868842,6.906141056602102,7.806578101688986,7.561893831203742,0.11534337239155665,AR6 World GDP level and trajectory (unrebased),Fixed original NATO GDP share = 0.5018,IMAGE 3.0.1,SSP1-19,0.24468427048524433,0.5293325681842619,7.561893831203741,0.37110447690262227,0.24468427048524521,50.1792720261724,15.6915323602176,10.346065292451165
2025,SA1_AR6_fixed_split,SSP1-2.6,S0,Baseline,0.07,138.56683200039697,69.53283629779921,69.03399570259776,0.5018,0.027,0.022985547972701727,1.8773865800405787,1.5867842199693458,3.4641708000099243,0.9948795276468906,0.33891500392366597,0.3553141170167466,1.0,3.4464326092020245,45.78831895082689,49.23475156002892,49.23475156002892,0.07,AR6 World GDP level and trajectory (unrebased),Fixed original NATO GDP share = 0.5018,IMAGE 3.0.1,SSP1-26,0.0,3.4464326092020245,49.23475156002892,0.0,0.0,3.4464326092020245,0.0,0.0
2026,SA1_AR6_fixed_split,SSP1-2.6,S0,Baseline,0.07,144.59391012503605,72.55722410074308,72.03668602429296,0.5018,0.027,0.022985547972701727,1.9590450507200632,1.655802702405838,3.6148477531259013,0.9399712682134423,0.32020999246831544,0.33570402436194363,0.9448091372798489,3.397853026904266,45.14290450029952,48.54075752720379,48.54075752720379,0.07000000000000002,AR6 World GDP level and trajectory (unrebased),Fixed original NATO GDP share = 0.5018,IMAGE 3.0.1,SSP1-26,0.0,3.397853026904266,48.54075752720379,0.0,0.0,6.8442856361062905,0.0,0.0
2027,SA1_AR6_fixed_split,SSP1-2.6,S0,Baseline,0.07,150.8831409610859,75.71316013427291,75.16998082681299,0.5018,0.027,0.022985547972701727,2.0442553236253684,1.727823200401779,3.7720785240271475,0.8879216461675213,0.3024788025405841,0.31711487363125757,0.8924916248579884,3.349310172527339,44.49797800643464,47.84728817896198,47.847288178961975,0.07,AR6 World GDP level and trajectory (unrebased),Fixed original NATO GDP share = 0.5018,IMAGE 3.0.1,SSP1-26,7.105427357601002e-15,3.349310172527339,47.84728817896198,0.0,0.0,10.19359580863363,0.0,0.0
2028,SA1_AR6_fixed_split,SSP1-2.6,S0,Baseline,0.07,157.44592705596344,79.00636619668245,78.43956085928099,0.5018,0.027,0.022985547972701727,2.133171887310426,1.8029762890886598,3.9361481763990858,0.838587344214411,0.28567261176534875,0.2994954800765753,0.842903407810446,3.300804045680906,43.85353946404632,47.15434350972723,47.15434350972723,0.07,AR6 World GDP level and trajectory (unrebased),Fixed original NATO GDP share = 0.5018,IMAGE 3.0.1,SSP1-26,0.0,3.300804045680906,47.15434350972723,0.0,0.0,13.494399854314535,0.0,0.0
2029,SA1_AR6_fixed_split,SSP1-2.6,S0,Baseline,0.07,164.2941669202464,82.44281296057964,81.85135395966675,0.5018,0.027,0.022985547972701727,2.2259559499356505,1.8813982230705095,4.10735417300616,0.7918320431046485,0.26974498171696815,0.28279715825166013,0.7959074652762288,3.2523346465658713,43.20958887580372,46.46192352236959,46.46192352236958,0.07,AR6 World GDP level and trajectory (unrebased),Fixed original NATO GDP share = 0.5018,IMAGE 3.0.1,SSP1-26,7.105427357601002e-15,3.2523346465658713,46.46192352236959,0.0,0.0,16.746734500880407,0.0,0.0
2030,SA1_AR6_fixed_split,SSP1-2.6,S0,Baseline,0.07,171.44027659999995,86.02873079787997,85.41154580211997,0.5018,0.027,0.022985547972701727,2.3227757315427593,1.9632311834572393,4.286006914999999,0.7475260863345362,0.25465174369638044,0.26697360226233435,0.7513734734321051,3.2039019751727085,42.566126241580264,45.77002821675297,45.77002821675297,0.07,AR6 World GDP level and trajectory (unrebased),Fixed original NATO GDP share = 0.5018,IMAGE 3.0.1,SSP1-26,0.0,3.2039019751727085,45.77002821675297,0.0,0.0,19.950636476053116,0.0,0.0
2031,SA1_AR6_fixed_split,SSP1-2.6,S0,Baseline,0.07,177.7089843520823,89.1743683478749,88.5346160042074,0.5018,0.027,0.022985547972701727,2.4077079453926222,2.035016663409435,4.442724608802058,0.7040944722544756,0.23985635868009608,0.2514623115194556,0.7077183243681919,3.1280978388064566,41.55901414414292,44.687111982949375,44.687111982949375,0.07,AR6 World GDP level and trajectory (unrebased),Fixed original NATO GDP share = 0.5018,IMAGE 3.0.1,SSP1-26,0.0,3.1280978388064566,44.687111982949375,0.0,0.0,23.078734314859574,0.0,0.0
2032,SA1_AR6_fixed_split,SSP1-2.6,S0,Baseline,0.07,184.20690718512637,92.43502602549641,91.77188115962996,0.5018,0.027,0.022985547972701727,2.495745702688403,2.1094269769397562,4.60517267962816,0.6628076681179348,0.2257916232050107,0.2367170243278338,0.6662190242125305,3.052343765064762,40.55256716443182,43.60491092949658,43.60491092949658,0.07000000000000002,AR6 World GDP level and trajectory (unrebased),Fixed original NATO GDP share = 0.5018,IMAGE 3.0.1,SSP1-26,0.0,3.052343765064762,43.60491092949658,0.0,0.0,26.131078079924333,0.0,0.0
2033,SA1_AR6_fixed_split,SSP1-2.6,S0,Baseline,0.07,190.94242634059682,95.81490953771149,95.12751680288534,0.5018,0.027,0.022985547972701727,2.5870025575182103,2.1865581009967103,4.773560658514921,0.6235680170585901,0.21242426954743177,0.2227028632352107,0.6267774134758466,2.976639754139047,39.54678530499019,42.52342505912924,42.52342505912923,0.07,AR6 World GDP level and trajectory (unrebased),Fixed original NATO GDP share = 0.5018,IMAGE 3.0.1,SSP1-26,7.105427357601002e-15,2.976639754139047,42.52342505912924,0.0,0.0,29.10771783406338,0.0,0.0
2034,SA1_AR6_fixed_split,SSP1-2.6,S0,Baseline,0.07,197.92422951976133,99.31837837301624,98.60585114674508,0.5018,0.027,0.022985547972701727,2.6815962160714384,2.2665095219225946,4.948105737994033,0.5862820965563048,0.19972247245324665,0.20938646305582312,0.5892995888084974,2.9009858060534235,38.541668566138334,41.442654372191754,41.44265437219176,0.07000000000000002,AR6 World GDP level and trajectory (unrebased),Fixed original NATO GDP share = 0.5018,IMAGE 3.0.1,SSP1-26,-7.105427357601002e-15,2.9009858060534235,41.442654372191754,0.0,0.0,32.008703640116806,0.0,0.0
2035,SA1_AR6_fixed_split,SSP1-2.6,S0,Baseline,0.07,205.16132208938131,102.94995142445156,102.21137066492976,0.5018,0.027,0.022985547972701727,2.779648688460192,2.349384363774341,5.129033052234533,0.5508605407356729,0.1876557886022622,0.19673590740559746,0.5536957243844183,2.8253819206050537,37.53721694518143,40.36259886578648,40.36259886578648,0.07,AR6 World GDP level and trajectory (unrebased),Fixed original NATO GDP share = 0.5018,IMAGE 3.0.1,SSP1-26,0.0,2.8253819206050537,40.36259886578648,0.0,0.0,34.83408556072186,0.0,0.0
2036,SA1_AR6_fixed_split,SSP1-2.6,S0,Baseline,0.07,212.66303869714082,106.71431281822527,105.94872587891555,0.5018,0.027,0.022985547972701727,2.881286446092082,2.4352895213364385,5.316575967428521,0.5174109293435705,0.1762608660401174,0.18478961762270374,0.5200739536447809,2.750854512232883,36.547067091094014,39.2979216033269,39.2979216033269,0.07,AR6 World GDP level and trajectory (unrebased),Fixed original NATO GDP share = 0.5018,IMAGE 3.0.1,SSP1-26,0.0,2.750854512232883,39.2979216033269,0.0,0.0,37.584940072954744,0.0,0.0
2037,SA1_AR6_fixed_split,SSP1-2.6,S0,Baseline,0.07,220.4390553117926,110.61631795545753,109.82273735633507,0.5018,0.027,0.022985547972701727,2.986640584797353,2.5243357979974617,5.510976382794815,0.4856470534904529,0.1654402050352092,0.1734453762465903,0.4881465946325333,2.6763894421597763,35.55774544583702,38.234134887996795,38.234134887996795,0.07000000000000002,AR6 World GDP level and trajectory (unrebased),Fixed original NATO GDP share = 0.5018,IMAGE 3.0.1,SSP1-26,0.0,2.6763894421597763,38.234134887996795,0.0,0.0,40.26132951511452,0.0,0.0
2038,SA1_AR6_fixed_split,SSP1-2.6,S0,Baseline,0.07,228.49940170355023,114.66099977484151,113.83840192870872,0.5018,0.027,0.022985547972701727,3.0958469939207207,2.616638048668035,5.712485042588756,0.4554912074736536,0.15516733441410174,0.16267543124059056,0.4578355417072364,2.601986709723938,34.56925200061803,37.17123871034197,37.17123871034197,0.07,AR6 World GDP level and trajectory (unrebased),Fixed original NATO GDP share = 0.5018,IMAGE 3.0.1,SSP1-26,0.0,2.601986709723938,37.17123871034197,0.0,0.0,42.86331622483846,0.0,0.0
2039,SA1_AR6_fixed_split,SSP1-2.6,S0,Baseline,0.07,236.85447438082582,118.8535752442984,118.00089913652742,0.5018,0.027,0.022985547972701727,3.209046531596057,2.7123153279245886,5.921361859520646,0.42686908452266814,0.14541694088134846,0.15245324447238146,0.42906610565432746,2.527646316101022,33.58158677105642,36.10923308715744,36.10923308715745,0.07000000000000003,AR6 World GDP level and trajectory (unrebased),Fixed original NATO GDP share = 0.5018,IMAGE 3.0.1,SSP1-26,-7.105427357601002e-15,2.527646316101022,36.10923308715744,0.0,0.0,45.390962540939476,0.0,0.0
2040,SA1_AR6_fixed_split,SSP1-2.6,S0,Baseline,0.07,245.51504999999977,123.1994520899999,122.31559790999988,0.5018,0.027,0.022985547972701727,3.3263852064299972,2.811491043569997,6.137876249999994,0.3997096324758068,0.1361648198543957,0.142753440169931,0.4017668686189656,2.4533682600694813,32.5947497409231,35.04811800099258,35.04811800099259,0.07000000000000002,AR6 World GDP level and trajectory (unrebased),Fixed original NATO GDP share = 0.5018,IMAGE 3.0.1,SSP1-26,-7.105427357601002e-15,2.4533682600694813,35.04811800099258,0.0,0.0,47.84433080100896,0.0,0.0
2041,SA1_AR6_fixed_split,SSP1-2.6,S0,Baseline,0.07,252.1412108463452,126.52445960269603,125.61675124364916,0.5018,0.027,0.022985547972701727,3.4161604092727926,2.887369861885837,6.30353027115863,0.37868418223959766,0.12900230383986291,0.13524435079985628,0.38063320403754736,2.387047205956255,31.713627164847384,34.10067437080364,34.10067437080364,0.07,AR6 World GDP level and trajectory (unrebased),Fixed original NATO GDP share = 0.5018,IMAGE 3.0.1,SSP1-26,0.0,2.387047205956255,34.10067437080364,0.0,0.0,50.231378006965215,0.0,0.0
2042,SA1_AR6_fixed_split,SSP1-2.6,S0,Baseline,0.07,258.9462039376452,129.93920513591036,129.00699880173482,0.5018,0.027,0.022985547972701727,3.5083585386695795,2.96529655977155,6.47365509844113,0.35849612864506714,0.12212505481315472,0.12803433165895253,0.36034124603306444,2.320780290974546,30.833223865804676,33.15400415677922,33.15400415677922,0.07,AR6 World GDP level and trajectory (unrebased),Fixed original NATO GDP share = 0.5018,IMAGE 3.0.1,SSP1-26,0.0,2.320780290974546,33.15400415677922,0.0,0.0,52.55215829793976,0.0,0.0
2043,SA1_AR6_fixed_split,SSP1-2.6,S0,Baseline,0.07,265.9348557446994,133.44611061269018,132.48874513200923,0.5018,0.027,0.022985547972701727,3.603044986542635,3.0453264070748505,6.648371393617485,0.33911575973868613,0.11552295111977218,0.12111277133524503,0.34086112972971677,2.254567516171541,29.95353985770761,32.20810737387915,32.20810737387915,0.07,AR6 World GDP level and trajectory (unrebased),Fixed original NATO GDP share = 0.5018,IMAGE 3.0.1,SSP1-26,0.0,2.254567516171541,32.20810737387915,0.0,0.0,54.8067258141113,0.0,0.0
2044,SA1_AR6_fixed_split,SSP1-2.6,S0,Baseline,0.07,273.11212299904514,137.04766332092086,136.06445967812428,0.5018,0.027,0.022985547972701727,3.700286909664863,3.1275161653112655,6.827803074976129,0.3205143523450519,0.10918620794172096,0.11446941155180422,0.3221639841189003,2.1884088805155275,29.074575126849147,31.262984007364675,31.262984007364672,0.07,AR6 World GDP level and trajectory (unrebased),Fixed original NATO GDP share = 0.5018,IMAGE 3.0.1,SSP1-26,3.552713678800501e-15,2.1884088805155275,31.262984007364675,0.0,0.0,56.99513469462683,0.0,0.0
2045,SA1_AR6_fixed_split,SSP1-2.6,S0,Baseline,0.07,280.48309620854303,140.7464176774469,139.73667853109612,0.5018,0.027,0.022985547972701727,3.8001532772910664,3.2119241279225093,7.012077405213576,0.30266414120323487,0.10310536678351956,0.10809433614401244,0.3042219010367037,2.1223043858995747,28.196329698380058,30.318634084279633,30.31863408427963,0.07,AR6 World GDP level and trajectory (unrebased),Fixed original NATO GDP share = 0.5018,IMAGE 3.0.1,SSP1-26,3.552713678800501e-15,2.1223043858995747,30.318634084279633,0.0,0.0,59.1174390805264,0.0,0.0
2046,SA1_AR6_fixed_split,SSP1-2.6,S0,Baseline,0.07,288.05300326784055,144.54499703980238,143.50800622803817,0.5018,0.027,0.022985547972701727,3.9027149200746645,3.2986101616213497,7.201325081696014,0.2855382873694805,0.09727128470828456,0.10197795977481446,0.2870079034039845,2.0562540306183643,27.318803549643974,29.37505758026234,29.37505758026234,0.07000000000000002,AR6 World GDP level and trajectory (unrebased),Fixed original NATO GDP share = 0.5018,IMAGE 3.0.1,SSP1-26,0.0,2.0562540306183643,29.37505758026234,0.0,0.0,61.173693111144765,0.0,0.0
2047,SA1_AR6_fixed_split,SSP1-2.6,S0,Baseline,0.07,295.82721316627885,148.44609556683872,147.38111759944013,0.5018,0.027,0.022985547972701727,4.008044580304645,3.387635748852326,7.395680329156971,0.26911084936283436,0.09167512450821828,0.09611101762958368,0.27049591622348573,1.9902578149954386,26.4419966849394,28.43225449993484,28.43225449993484,0.06999999999999999,AR6 World GDP level and trajectory (unrebased),Fixed original NATO GDP share = 0.5018,IMAGE 3.0.1,SSP1-26,0.0,1.9902578149954386,28.43225449993484,0.0,0.0,63.1639509261402,0.0,0.0
2048,SA1_AR6_fixed_split,SSP1-2.6,S0,Baseline,0.07,303.81123979587244,152.45248012956878,151.35875966630365,0.5018,0.027,0.022985547972701727,4.116216963498357,3.4790640313984538,7.595280994896811,0.25335675415124403,0.08630834482075345,0.09048455505401572,0.2546607374166082,1.9243157397336876,25.5659091136047,27.49022485333839,27.49022485333839,0.07,AR6 World GDP level and trajectory (unrebased),Fixed original NATO GDP share = 0.5018,IMAGE 3.0.1,SSP1-26,0.0,1.9243157397336876,27.49022485333839,0.0,0.0,65.08826666587389,0.0,0.0
2049,SA1_AR6_fixed_split,SSP1-2.6,S0,Baseline,0.07,312.0107458620589,156.56699227358118,155.44375358847773,0.5018,0.027,0.022985547972701727,4.227308791386692,3.572959855164781,7.800268646551473,0.23825176905065537,0.08116269055571776,0.0850899175180912,0.23947800957787657,1.8584278041112496,24.69054082604946,26.54896863016071,26.548968630160708,0.06999999999999999,AR6 World GDP level and trajectory (unrebased),Fixed original NATO GDP share = 0.5018,IMAGE 3.0.1,SSP1-26,3.552713678800501e-15,1.8584278041112496,26.54896863016071,0.0,0.0,66.94669446998515,0.0,0.0
2050,SA1_AR6_fixed_split,SSP1-2.6,S0,Baseline,0.07,320.4315469000001,160.79255023442008,159.63899666558004,0.5018,0.027,0.022985547972701727,4.341398856329342,3.669389816170661,8.010788672500004,0.22377247502794234,0.0762301838007276,0.07991874108140797,0.22492419314046352,1.7925940081711305,23.815891822845014,25.608485831016143,25.608485831016143,0.07000000000000002,AR6 World GDP level and trajectory (unrebased),Fixed original NATO GDP share = 0.5018,IMAGE 3.0.1,SSP1-26,0.0,1.7925940081711305,25.608485831016143,0.0,0.0,68.73928847815627,0.0,0.0
2025,SA1_AR6_fixed_split,SSP1-2.6,S1,"NATO→3.5%, nonNATO holds",0.07,138.56683200039697,69.53283629779921,69.03399570259776,0.5018,0.027,0.022985547972701727,1.8773865800405787,1.5867842199693458,3.4641708000099243,0.9948795276468906,0.33891500392366597,0.3553141170167466,1.0,3.4464326092020245,45.78831895082689,49.23475156002892,49.23475156002892,0.07,AR6 World GDP level and trajectory (unrebased),Fixed original NATO GDP share = 0.5018,IMAGE 3.0.1,SSP1-26,0.0,3.4464326092020245,49.23475156002892,0.0,0.0,3.4464326092020245,0.0,0.0
2026,SA1_AR6_fixed_split,SSP1-2.6,S1,"NATO→3.5%, nonNATO holds",0.07,144.59391012503605,72.55722410074308,72.03668602429296,0.5018,0.02740877593256891,0.022985547972701727,1.988704697666456,1.655802702405838,3.644507400072294,0.9399712682134423,0.32020999246831544,0.33570402436194363,0.9448091372798489,3.4257322428592296,45.1334071849742,48.55913942783343,48.54075752720379,0.07054763085228086,AR6 World GDP level and trajectory (unrebased),Fixed original NATO GDP share = 0.5018,IMAGE 3.0.1,SSP1-26,0.018381900629641734,3.397853026904266,48.54075752720379,0.027879215954963676,0.018381900629641734,6.872164852061254,0.027879215954963676,0.018381900629641734
2027,SA1_AR6_fixed_split,SSP1-2.6,S1,"NATO→3.5%, nonNATO holds",0.07,150.8831409610859,75.71316013427291,75.16998082681299,0.5018,0.028005016140972137,0.022985547972701727,2.120348271644321,1.727823200401779,3.8481714720461,0.8879216461675213,0.3024788025405841,0.31711487363125757,0.8924916248579884,3.416874748194067,44.474961502636084,47.89183625083015,47.847288178961975,0.07134566171775966,AR6 World GDP level and trajectory (unrebased),Fixed original NATO GDP share = 0.5018,IMAGE 3.0.1,SSP1-26,0.044548071868177885,3.349310172527339,47.84728817896198,0.06756457566672802,0.04454807186817078,10.289039600255322,0.0954437916216917,0.06292997249781251
2028,SA1_AR6_fixed_split,SSP1-2.6,S1,"NATO→3.5%, nonNATO holds",0.07,157.44592705596344,79.00636619668245,78.43956085928099,0.5018,0.028820930945768986,0.022985547972701727,2.277037024430722,1.8029762890886598,4.080013313519382,0.838587344214411,0.28567261176534875,0.2994954800765753,0.842903407810446,3.4214475289436574,43.81244113458319,47.23388866352685,47.15434350972723,0.07243628728764052,AR6 World GDP level and trajectory (unrebased),Fixed original NATO GDP share = 0.5018,IMAGE 3.0.1,SSP1-26,0.07954515379962146,3.300804045680906,47.15434350972723,0.12064348326275143,0.07954515379962146,13.71048712919898,0.21608727488444313,0.14247512629743397
2029,SA1_AR6_fixed_split,SSP1-2.6,S1,"NATO→3.5%, nonNATO holds",0.07,164.2941669202464,82.44281296057964,81.85135395966675,0.5018,0.029845109579542582,0.022985547972701727,2.4605147868542327,1.8813982230705095,4.341913009924742,0.7918320431046485,0.26974498171696815,0.28279715825166013,0.7959074652762288,3.438065849631362,43.14631780662756,46.58438365625892,46.46192352236958,0.07380296957453542,AR6 World GDP level and trajectory (unrebased),Fixed original NATO GDP share = 0.5018,IMAGE 3.0.1,SSP1-26,0.12246013388934074,3.2523346465658713,46.46192352236959,0.18573120306549074,0.12246013388933363,17.14855297883034,0.40181847794993386,0.2649352601867676
2030,SA1_AR6_fixed_split,SSP1-2.6,S1,"NATO→3.5%, nonNATO holds",0.07,171.44027659999995,86.02873079787997,85.41154580211997,0.5018,0.030999999999995285,0.022985547972701727,2.6668906547338733,1.9632311834572393,4.630121838191113,0.7475260863345362,0.25465174369638044,0.26697360226233435,0.7513734734321051,3.4611368569550716,42.478496776357694,45.939633633312766,45.77002821675297,0.07534097647755848,AR6 World GDP level and trajectory (unrebased),Fixed original NATO GDP share = 0.5018,IMAGE 3.0.1,SSP1-26,0.1696054165597971,3.2039019751727085,45.77002821675297,0.2572348817823631,0.1696054165597971,20.609689835785414,0.659053359732297,0.4345406767465647
2031,SA1_AR6_fixed_split,SSP1-2.6,S1,"NATO→3.5%, nonNATO holds",0.07,177.7089843520823,89.1743683478749,88.5346160042074,0.5018,0.03215489042044799,0.022985547972701727,2.867392042538583,2.035016663409435,4.902408705948018,0.7040944722544756,0.23985635868009608,0.2514623115194556,0.7077183243681919,3.4517588705902162,41.448755990458345,44.90051486104856,44.687111982949375,0.07687570802411078,AR6 World GDP level and trajectory (unrebased),Fixed original NATO GDP share = 0.5018,IMAGE 3.0.1,SSP1-26,0.21340287809918834,3.1280978388064566,44.687111982949375,0.3236610317837596,0.21340287809918834,24.06144870637563,0.9827143915160566,0.6479435548457531
2032,SA1_AR6_fixed_split,SSP1-2.6,S1,"NATO→3.5%, nonNATO holds",0.07,184.20690718512637,92.43502602549641,91.77188115962996,0.5018,0.033179069054221584,0.022985547972701727,3.066908111528715,2.1094269769397562,5.176335088468472,0.6628076681179348,0.2257916232050107,0.2367170243278338,0.6662190242125305,3.430914589384831,40.423603477026084,43.85451806641092,43.60491092949658,0.07823400508447588,AR6 World GDP level and trajectory (unrebased),Fixed original NATO GDP share = 0.5018,IMAGE 3.0.1,SSP1-26,0.24960713691433511,3.052343765064762,43.60491092949658,0.3785708243200694,0.24960713691433511,27.49236329576046,1.361285215836126,0.8975506917600882
2033,SA1_AR6_fixed_split,SSP1-2.6,S1,"NATO→3.5%, nonNATO holds",0.07,190.94242634059682,95.81490953771149,95.12751680288534,0.5018,0.03399498385901843,0.022985547972701727,3.2572263031878133,2.1865581009967103,5.443784404184523,0.6235680170585901,0.21242426954743177,0.2227028632352107,0.6267774134758466,3.3945698462118217,39.40441351538298,42.7989833615948,42.52342505912923,0.07931426355463157,AR6 World GDP level and trajectory (unrebased),Fixed original NATO GDP share = 0.5018,IMAGE 3.0.1,SSP1-26,0.2755583024655692,2.976639754139047,42.52342505912924,0.4179300920727749,0.2755583024655621,30.886933141972282,1.7792153079089008,1.1731089942256503
2034,SA1_AR6_fixed_split,SSP1-2.6,S1,"NATO→3.5%, nonNATO holds",0.07,197.92422951976133,99.31837837301624,98.60585114674508,0.5018,0.034591224067421655,0.022985547972701727,3.43554428031397,2.2665095219225946,5.7020538022365646,0.5862820965563048,0.19972247245324665,0.20938646305582312,0.5892995888084974,3.3430120578521025,38.39108819464647,41.73410025249857,41.44265437219176,0.08010265077302009,AR6 World GDP level and trajectory (unrebased),Fixed original NATO GDP share = 0.5018,IMAGE 3.0.1,SSP1-26,0.29144588030681007,2.9009858060534235,41.442654372191754,0.44202625179867905,0.2914458803068172,34.229945199824385,2.22124155970758,1.4645548745324675
2035,SA1_AR6_fixed_split,SSP1-2.6,S1,"NATO→3.5%, nonNATO holds",0.07,205.16132208938131,102.94995142445156,102.21137066492976,0.5018,0.03499999999999057,0.022985547972701727,3.603248299854834,2.349384363774341,5.952632663629175,0.5508605407356729,0.1876557886022622,0.19673590740559746,0.5536957243844183,3.2790704478875963,37.38266371061265,40.661734158500245,40.36259886578648,0.08064266110996926,AR6 World GDP level and trajectory (unrebased),Fixed original NATO GDP share = 0.5018,IMAGE 3.0.1,SSP1-26,0.29913529271376404,2.8253819206050537,40.36259886578648,0.4536885272825426,0.29913529271376404,37.50901564771198,2.6749300869901225,1.7636901672462315
2036,SA1_AR6_fixed_split,SSP1-2.6,S1,"NATO→3.5%, nonNATO holds",0.07,212.66303869714082,106.71431281822527,105.94872587891555,0.5018,0.035,0.022985547972701727,3.7350009486378846,2.4352895213364385,6.170290469974323,0.5174109293435705,0.1762608660401174,0.18478961762270374,0.5200739536447809,3.1925757263891907,36.39659063352428,39.58916635991348,39.2979216033269,0.08064266110998171,AR6 World GDP level and trajectory (unrebased),Fixed original NATO GDP share = 0.5018,IMAGE 3.0.1,SSP1-26,0.291244756586579,2.750854512232883,39.2979216033269,0.4417212141563076,0.291244756586579,40.70159137410117,3.11665130114643,2.0549349238328105
2037,SA1_AR6_fixed_split,SSP1-2.6,S1,"NATO→3.5%, nonNATO holds",0.07,220.4390553117926,110.61631795545753,109.82273735633507,0.5018,0.035,0.022985547972701727,3.871571128441014,2.5243357979974617,6.395906926438476,0.4856470534904529,0.1654402050352092,0.1734453762465903,0.4881465946325333,3.1061533532240246,35.411342355254696,38.51749570847872,38.234134887996795,0.08064266110998172,AR6 World GDP level and trajectory (unrebased),Fixed original NATO GDP share = 0.5018,IMAGE 3.0.1,SSP1-26,0.28336082048192424,2.6763894421597763,38.234134887996795,0.4297639110642484,0.28336082048192424,43.80774472732519,3.5464152122106785,2.3382957443147347
2038,SA1_AR6_fixed_split,SSP1-2.6,S1,"NATO→3.5%, nonNATO holds",0.07,228.49940170355023,114.66099977484151,113.83840192870872,0.5018,0.035,0.022985547972701727,4.013134992119453,2.616638048668035,6.629773040787488,0.4554912074736536,0.15516733441410174,0.16267543124059056,0.4578355417072364,3.0198033276245693,34.42691886704748,37.446722194672056,37.17123871034197,0.08064266110998171,AR6 World GDP level and trajectory (unrebased),Fixed original NATO GDP share = 0.5018,IMAGE 3.0.1,SSP1-26,0.2754834843300884,2.601986709723938,37.17123871034197,0.4178166179006313,0.2754834843300884,46.827548054949766,3.9642318301113098,2.613779228644823
2039,SA1_AR6_fixed_split,SSP1-2.6,S1,"NATO→3.5%, nonNATO holds",0.07,236.85447438082582,118.8535752442984,118.00089913652742,0.5018,0.035,0.022985547972701727,4.159875133550444,2.7123153279245886,6.872190461475032,0.42686908452266814,0.14541694088134846,0.15245324447238146,0.42906610565432746,2.9335256509552594,33.443320184457725,36.376845835412986,36.10923308715745,0.08064266110998172,AR6 World GDP level and trajectory (unrebased),Fixed original NATO GDP share = 0.5018,IMAGE 3.0.1,SSP1-26,0.26761274825553727,2.527646316101022,36.10923308715744,0.40587933485423733,0.2676127482555444,49.76107370590503,4.370111164965547,2.8813919769003675
2040,SA1_AR6_fixed_split,SSP1-2.6,S1,"NATO→3.5%, nonNATO holds",0.07,245.51504999999977,123.1994520899999,122.31559790999988,0.5018,0.035,0.022985547972701727,4.311980823149996,2.811491043569997,7.123471866719994,0.3997096324758068,0.1361648198543957,0.142753440169931,0.4017668686189656,2.8473203217983984,32.46054629132314,35.30786661312154,35.04811800099259,0.08064266110998172,AR6 World GDP level and trajectory (unrebased),Fixed original NATO GDP share = 0.5018,IMAGE 3.0.1,SSP1-26,0.25974861212895206,2.4533682600694813,35.04811800099258,0.39395206172891717,0.25974861212895917,52.608394027703426,4.764063226694464,3.1411405890293267
2041,SA1_AR6_fixed_split,SSP1-2.6,S1,"NATO→3.5%, nonNATO holds",0.07,252.1412108463452,126.52445960269603,125.61675124364916,0.5018,0.035,0.022985547972701727,4.428356086094361,2.887369861885837,7.315725947980198,0.37868418223959766,0.12900230383986291,0.13524435079985628,0.38063320403754736,2.7703496980998867,31.58305159060065,34.35340128870054,34.10067437080364,0.08064266110998172,AR6 World GDP level and trajectory (unrebased),Fixed original NATO GDP share = 0.5018,IMAGE 3.0.1,SSP1-26,0.2527269178969007,2.387047205956255,34.10067437080364,0.38330249214363166,0.2527269178969007,55.37874372580331,5.1473657188380955,3.3938675069262274
2042,SA1_AR6_fixed_split,SSP1-2.6,S1,"NATO→3.5%, nonNATO holds",0.07,258.9462039376452,129.93920513591036,129.00699880173482,0.5018,0.035,0.022985547972701727,4.547872179756863,2.96529655977155,7.513168739528412,0.35849612864506714,0.12212505481315472,0.12803433165895253,0.36034124603306444,2.6934419069780744,30.706273205407868,33.39971511238594,33.15400415677922,0.08064266110998172,AR6 World GDP level and trajectory (unrebased),Fixed original NATO GDP share = 0.5018,IMAGE 3.0.1,SSP1-26,0.24571095560671807,2.320780290974546,33.15400415677922,0.37266161600352854,0.24571095560671807,58.072185632781384,5.5200273348416244,3.6395784625329455
2043,SA1_AR6_fixed_split,SSP1-2.6,S1,"NATO→3.5%, nonNATO holds",0.07,265.9348557446994,133.44611061269018,132.48874513200923,0.5018,0.035,0.022985547972701727,4.670613871444156,3.0453264070748505,7.715940278519007,0.33911575973868613,0.11552295111977218,0.12111277133524503,0.34086112972971677,2.6165969496483026,29.830211149600146,32.44680809924845,32.20810737387915,0.08064266110998171,AR6 World GDP level and trajectory (unrebased),Fixed original NATO GDP share = 0.5018,IMAGE 3.0.1,SSP1-26,0.23870072536929854,2.254567516171541,32.20810737387915,0.36202943347676175,0.23870072536929854,60.68878258242969,5.882056768318386,3.878279187902244
2044,SA1_AR6_fixed_split,SSP1-2.6,S1,"NATO→3.5%, nonNATO holds",0.07,273.11212299904514,137.04766332092086,136.06445967812428,0.5018,0.035,0.022985547972701727,4.796668216232231,3.1275161653112655,7.924184381543496,0.3205143523450519,0.10918620794172096,0.11446941155180422,0.3221639841189003,2.539814824913189,28.954865409526867,31.494680234440057,31.262984007364672,0.08064266110998172,AR6 World GDP level and trajectory (unrebased),Fixed original NATO GDP share = 0.5018,IMAGE 3.0.1,SSP1-26,0.2316962270753855,2.1884088805155275,31.262984007364675,0.3514059443976616,0.23169622707538196,63.228597407342875,6.233462712716047,4.109975414977626
2045,SA1_AR6_fixed_split,SSP1-2.6,S1,"NATO→3.5%, nonNATO holds",0.07,280.48309620854303,140.7464176774469,139.73667853109612,0.5018,0.035,0.022985547972701727,4.9261246187106424,3.2119241279225093,8.138048746633151,0.30266414120323487,0.10310536678351956,0.10809433614401244,0.3042219010367037,2.4630955349697845,28.08023601023526,30.543331545205046,30.31863408427963,0.08064266110998171,AR6 World GDP level and trajectory (unrebased),Fixed original NATO GDP share = 0.5018,IMAGE 3.0.1,SSP1-26,0.22469746092541598,2.1223043858995747,30.318634084279633,0.3407911490702098,0.22469746092541243,65.69169294231266,6.574253861786257,4.334672875903038
2046,SA1_AR6_fixed_split,SSP1-2.6,S1,"NATO→3.5%, nonNATO holds",0.07,288.05300326784055,144.54499703980238,143.50800622803817,0.5018,0.035,0.022985547972701727,5.059074896393084,3.2986101616213497,8.357685058014434,0.2855382873694805,0.09727128470828456,0.10197795977481446,0.2870079034039845,2.386439077838939,27.20632292916224,29.59276200700118,29.37505758026234,0.08064266110998174,AR6 World GDP level and trajectory (unrebased),Fixed original NATO GDP share = 0.5018,IMAGE 3.0.1,SSP1-26,0.21770442673884105,2.0562540306183643,29.37505758026234,0.33018504722057473,0.21770442673884105,68.0781320201516,6.904438909006832,4.5523773026418795
2047,SA1_AR6_fixed_split,SSP1-2.6,S1,"NATO→3.5%, nonNATO holds",0.07,295.82721316627885,148.44609556683872,147.38111759944013,0.5018,0.035,0.022985547972701727,5.195613344839356,3.387635748852326,8.583249093691682,0.26911084936283436,0.09167512450821828,0.09611101762958368,0.27049591622348573,2.309845453896147,26.33312617058861,28.64297162448476,28.43225449993484,0.08064266110998172,AR6 World GDP level and trajectory (unrebased),Fixed original NATO GDP share = 0.5018,IMAGE 3.0.1,SSP1-26,0.21071712454991953,1.9902578149954386,28.43225449993484,0.3195876389007084,0.21071712454991953,70.38797747404774,7.224026547907541,4.763094427191799
2048,SA1_AR6_fixed_split,SSP1-2.6,S1,"NATO→3.5%, nonNATO holds",0.07,303.81123979587244,152.45248012956878,151.35875966630365,0.5018,0.035,0.022985547972701727,5.335836804534908,3.4790640313984538,8.814900835933361,0.25335675415124403,0.08630834482075345,0.09048455505401572,0.2546607374166082,2.2333146639571644,25.460645743814286,27.69396040777145,27.49022485333839,0.08064266110998172,AR6 World GDP level and trajectory (unrebased),Fixed original NATO GDP share = 0.5018,IMAGE 3.0.1,SSP1-26,0.20373555443305946,1.9243157397336876,27.49022485333839,0.30899892422347675,0.20373555443305946,72.6212921380049,7.533025472131017,4.9668299816248584
2049,SA1_AR6_fixed_split,SSP1-2.6,S1,"NATO→3.5%, nonNATO holds",0.07,312.0107458620589,156.56699227358118,155.44375358847773,0.5018,0.035,0.022985547972701727,5.479844729575341,3.572959855164781,9.052804584740123,0.23825176905065537,0.08116269055571776,0.0850899175180912,0.23947800957787657,2.156846707184218,24.58888163928834,26.745728346472557,26.548968630160708,0.08064266110998172,AR6 World GDP level and trajectory (unrebased),Fixed original NATO GDP share = 0.5018,IMAGE 3.0.1,SSP1-26,0.19675971631184908,1.8584278041112496,26.54896863016071,0.2984189030729685,0.19675971631184552,74.77813884518913,7.831444375203986,5.163589697936704
2050,SA1_AR6_fixed_split,SSP1-2.6,S1,"NATO→3.5%, nonNATO holds",0.07,320.4315469000001,160.79255023442008,159.63899666558004,0.5018,0.035,0.022985547972701727,5.627739258204703,3.669389816170661,9.297129074375365,0.22377247502794234,0.0762301838007276,0.07991874108140797,0.22492419314046352,2.080441583627218,23.717833857579752,25.798275441206968,25.608485831016143,0.08064266110998174,AR6 World GDP level and trajectory (unrebased),Fixed original NATO GDP share = 0.5018,IMAGE 3.0.1,SSP1-26,0.1897896101908252,1.7925940081711305,25.608485831016143,0.28784757545608763,0.1897896101908252,76.85858042881635,8.119291950660074,5.353379308127529
2025,SA1_AR6_fixed_split,SSP1-2.6,S2,"NATO→3.5%, nonNATO→3.5%",0.07,138.56683200039697,69.53283629779921,69.03399570259776,0.5018,0.027,0.022985547972701727,1.8773865800405787,1.5867842199693458,3.4641708000099243,0.9948795276468906,0.33891500392366597,0.3553141170167466,1.0,3.4464326092020245,45.78831895082689,49.23475156002892,49.23475156002892,0.07,AR6 World GDP level and trajectory (unrebased),Fixed original NATO GDP share = 0.5018,IMAGE 3.0.1,SSP1-26,0.0,3.4464326092020245,49.23475156002892,0.0,0.0,3.4464326092020245,0.0,0.0
2026,SA1_AR6_fixed_split,SSP1-2.6,S2,"NATO→3.5%, nonNATO→3.5%",0.07,144.59391012503605,72.55722410074308,72.03668602429296,0.5018,0.02740877593256891,0.023599450326672138,1.988704697666456,1.7000261935283787,3.688730891194835,0.9399712682134423,0.32020999246831544,0.33570402436194363,0.9448091372798489,3.46730105389451,45.11924638121493,48.58654743510944,48.54075752720379,0.07136339659707908,AR6 World GDP level and trajectory (unrebased),Fixed original NATO GDP share = 0.5018,IMAGE 3.0.1,SSP1-26,0.045789907905650296,3.397853026904266,48.54075752720379,0.06944802699024422,0.045789907905650296,6.913733663096535,0.06944802699024422,0.045789907905650296
2027,SA1_AR6_fixed_split,SSP1-2.6,S2,"NATO→3.5%, nonNATO→3.5%",0.07,150.8831409610859,75.71316013427291,75.16998082681299,0.5018,0.028005016140972137,0.024494887749248,2.120348271644321,1.8412802424659085,3.9616285141102296,0.8879216461675213,0.3024788025405841,0.31711487363125757,0.8924916248579884,3.5176157117529465,44.440643152412726,47.95825886416567,47.847288178961975,0.07334744411209855,AR6 World GDP level and trajectory (unrebased),Fixed original NATO GDP share = 0.5018,IMAGE 3.0.1,SSP1-26,0.11097068520369646,3.349310172527339,47.84728817896198,0.16830553922560743,0.11097068520368936,10.431349374849482,0.23775356621585164,0.15676059310933965
2028,SA1_AR6_fixed_split,SSP1-2.6,S2,"NATO→3.5%, nonNATO→3.5%",0.07,157.44592705596344,79.00636619668245,78.43956085928099,0.5018,0.028820930945768986,0.025720233909322272,2.277037024430722,2.017483853045227,4.294520877475948,0.838587344214411,0.28567261176534875,0.2994954800765753,0.842903407810446,3.6013308573158973,43.75116219854429,47.352493055860194,47.15434350972723,0.07605366950938622,AR6 World GDP level and trajectory (unrebased),Fixed original NATO GDP share = 0.5018,IMAGE 3.0.1,SSP1-26,0.1981495461329672,3.300804045680906,47.15434350972723,0.3005268116349913,0.1981495461329672,14.03268023216538,0.5382803778508429,0.35491013924230685
2029,SA1_AR6_fixed_split,SSP1-2.6,S2,"NATO→3.5%, nonNATO→3.5%",0.07,164.2941669202464,82.44281296057964,81.85135395966675,0.5018,0.029845109579542582,0.027258352042179364,2.4605147868542327,2.2311330213616283,4.691647808215861,0.7918320431046485,0.26974498171696815,0.28279715825166013,0.7959074652762288,3.714997069507011,43.05197859985674,46.76697566936375,46.46192352236958,0.07943633335992352,AR6 World GDP level and trajectory (unrebased),Fixed original NATO GDP share = 0.5018,IMAGE 3.0.1,SSP1-26,0.3050521469941714,3.2523346465658713,46.46192352236959,0.4626624229411398,0.3050521469941643,17.74767730167239,1.0009428007919827,0.6599622862364711
2030,SA1_AR6_fixed_split,SSP1-2.6,S2,"NATO→3.5%, nonNATO→3.5%",0.07,171.44027659999995,86.02873079787997,85.41154580211997,0.5018,0.030999999999995285,0.028992773986343784,2.6668906547338733,2.4763176432651144,5.143208297998988,0.7475260863345362,0.25465174369638044,0.26697360226233435,0.7513734734321051,3.8446823702064945,42.34783841470062,46.19252078490711,45.77002821675297,0.08323170731705773,AR6 World GDP level and trajectory (unrebased),Fixed original NATO GDP share = 0.5018,IMAGE 3.0.1,SSP1-26,0.4224925681541407,3.2039019751727085,45.77002821675297,0.640780395033786,0.4224925681541407,21.592359671878885,1.6417231958257688,1.0824548543906118
2031,SA1_AR6_fixed_split,SSP1-2.6,S2,"NATO→3.5%, nonNATO→3.5%",0.07,177.7089843520823,89.1743683478749,88.5346160042074,0.5018,0.03215489042044799,0.0307271959305082,2.867392042538583,2.7204204925935875,5.587812535132171,0.7040944722544756,0.23985635868009608,0.2514623115194556,0.7077183243681919,3.9343479179808294,41.28435752376483,45.21870544174566,44.687111982949375,0.08700708875996836,AR6 World GDP level and trajectory (unrebased),Fixed original NATO GDP share = 0.5018,IMAGE 3.0.1,SSP1-26,0.5315934587962872,3.1280978388064566,44.687111982949375,0.8062500791743727,0.5315934587962872,25.526707589859715,2.4479732750001415,1.614048313186899
2032,SA1_AR6_fixed_split,SSP1-2.6,S2,"NATO→3.5%, nonNATO→3.5%",0.07,184.20690718512637,92.43502602549641,91.77188115962996,0.5018,0.033179069054221584,0.032265314063365295,3.066908111528715,2.961048567801297,6.027956679330012,0.6628076681179348,0.2257916232050107,0.2367170243278338,0.6662190242125305,3.995375910142655,40.23131445566902,44.22669036581168,43.60491092949658,0.09033856879399638,AR6 World GDP level and trajectory (unrebased),Fixed original NATO GDP share = 0.5018,IMAGE 3.0.1,SSP1-26,0.6217794363150944,3.052343765064762,43.60491092949658,0.9430321450778933,0.6217794363150944,29.522083500002367,3.391005420078035,2.2358277495019934
2033,SA1_AR6_fixed_split,SSP1-2.6,S2,"NATO→3.5%, nonNATO→3.5%",0.07,190.94242634059682,95.81490953771149,95.12751680288534,0.5018,0.03399498385901843,0.033490660223439564,3.2572263031878133,3.1858833431449707,6.443109646332784,0.6235680170585901,0.21242426954743177,0.2227028632352107,0.6267774134758466,4.017717105854808,39.19213258077932,43.20984968663413,42.52342505912923,0.09298151081274385,AR6 World GDP level and trajectory (unrebased),Fixed original NATO GDP share = 0.5018,IMAGE 3.0.1,SSP1-26,0.6864246275048984,2.976639754139047,42.52342505912924,1.041077351715761,0.6864246275048913,33.539800605857174,4.432082771793796,2.9222523770068847
2034,SA1_AR6_fixed_split,SSP1-2.6,S2,"NATO→3.5%, nonNATO→3.5%",0.07,197.92422951976133,99.31837837301624,98.60585114674508,0.5018,0.034591224067421655,0.034386097646015426,3.43554428031397,3.3906704260004386,6.826214706314408,0.5862820965563048,0.19972247245324665,0.20938646305582312,0.5892995888084974,4.002087469561491,38.16656799944877,42.16865546901026,41.44265437219176,0.09490668898615051,AR6 World GDP level and trajectory (unrebased),Fixed original NATO GDP share = 0.5018,IMAGE 3.0.1,SSP1-26,0.7260010968185,2.9009858060534235,41.442654372191754,1.101101663508068,0.7260010968185071,37.54188807541867,5.533184435301864,3.648253473825392
2035,SA1_AR6_fixed_split,SSP1-2.6,S2,"NATO→3.5%, nonNATO→3.5%",0.07,205.16132208938131,102.94995142445156,102.21137066492976,0.5018,0.03499999999999057,0.03499999999998584,3.603248299854834,3.5773979732710943,7.180646273125928,0.5508605407356729,0.1876557886022622,0.19673590740559746,0.5536957243844183,3.955534688845743,37.15221984830823,41.10775453715397,40.36259886578648,0.09622356495465242,AR6 World GDP level and trajectory (unrebased),Fixed original NATO GDP share = 0.5018,IMAGE 3.0.1,SSP1-26,0.7451556713674918,2.8253819206050537,40.36259886578648,1.1301527682406896,0.7451556713674918,41.497422764264414,6.663337203542554,4.393409145192884
2036,SA1_AR6_fixed_split,SSP1-2.6,S2,"NATO→3.5%, nonNATO→3.5%",0.07,212.66303869714082,106.71431281822527,105.94872587891555,0.5018,0.035,0.035,3.7350009486378846,3.708205405762045,7.44320635439993,0.5174109293435705,0.1762608660401174,0.18478961762270374,0.5200739536447809,3.851196317126037,36.1722253773392,40.02342169446524,39.2979216033269,0.0962235649546828,AR6 World GDP level and trajectory (unrebased),Fixed original NATO GDP share = 0.5018,IMAGE 3.0.1,SSP1-26,0.7255000911383434,2.750854512232883,39.2979216033269,1.1003418048931537,0.7255000911383434,45.348619081390446,7.763679008435707,5.118909236331227
2037,SA1_AR6_fixed_split,SSP1-2.6,S2,"NATO→3.5%, nonNATO→3.5%",0.07,220.4390553117926,110.61631795545753,109.82273735633507,0.5018,0.035,0.035,3.871571128441014,3.8437958074717278,7.715366935912742,0.4856470534904529,0.1654402050352092,0.1734453762465903,0.4881465946325333,3.7469452190236874,35.193050620751514,38.9399958397752,38.234134887996795,0.09622356495468282,AR6 World GDP level and trajectory (unrebased),Fixed original NATO GDP share = 0.5018,IMAGE 3.0.1,SSP1-26,0.7058609517784049,2.6763894421597763,38.234134887996795,1.0705557768639111,0.7058609517784049,49.09556430041413,8.834234785299618,5.824770188109632
2038,SA1_AR6_fixed_split,SSP1-2.6,S2,"NATO→3.5%, nonNATO→3.5%",0.07,228.49940170355023,114.66099977484151,113.83840192870872,0.5018,0.035,0.035,4.013134992119453,3.9843440675048054,7.997479059624259,0.4554912074736536,0.15516733441410174,0.16267543124059056,0.4578355417072364,3.6427813936135136,34.214695569842455,37.857476963455966,37.17123871034197,0.09622356495468282,AR6 World GDP level and trajectory (unrebased),Fixed original NATO GDP share = 0.5018,IMAGE 3.0.1,SSP1-26,0.6862382531139986,2.601986709723938,37.17123871034197,1.0407946838895756,0.6862382531139986,52.73834569402765,9.875029469189194,6.51100844122363
2039,SA1_AR6_fixed_split,SSP1-2.6,S2,"NATO→3.5%, nonNATO→3.5%",0.07,236.85447438082582,118.8535752442984,118.00089913652742,0.5018,0.035,0.035,4.159875133550444,4.13003146977846,8.289906603328905,0.42686908452266814,0.14541694088134846,0.15245324447238146,0.42906610565432746,3.5387048425414314,33.23716024007123,36.77586508261267,36.10923308715745,0.0962235649546828,AR6 World GDP level and trajectory (unrebased),Fixed original NATO GDP share = 0.5018,IMAGE 3.0.1,SSP1-26,0.6666319954552193,2.527646316101022,36.10923308715744,1.0110585264404093,0.6666319954552264,56.27705053656908,10.886087995629603,7.177640436678857
2040,SA1_AR6_fixed_split,SSP1-2.6,S2,"NATO→3.5%, nonNATO→3.5%",0.07,245.51504999999977,123.1994520899999,122.31559790999988,0.5018,0.035,0.035,4.311980823149996,4.2810459268499965,8.593026749999993,0.3997096324758068,0.1361648198543957,0.142753440169931,0.4017668686189656,3.434715564097274,32.26044461537517,35.695160179472445,35.04811800099259,0.0962235649546828,AR6 World GDP level and trajectory (unrebased),Fixed original NATO GDP share = 0.5018,IMAGE 3.0.1,SSP1-26,0.6470421784798575,2.4533682600694813,35.04811800099258,0.9813473040277927,0.6470421784798646,59.71176610066635,11.867435299657396,7.824682615158721
2041,SA1_AR6_fixed_split,SSP1-2.6,S2,"NATO→3.5%, nonNATO→3.5%",0.07,252.1412108463452,126.52445960269603,125.61675124364916,0.5018,0.035,0.035,4.428356086094361,4.396586293527721,8.824942379622083,0.37868418223959766,0.12900230383986291,0.13524435079985628,0.38063320403754736,3.3418660883387576,31.38835919392587,34.73022528226463,34.10067437080364,0.09622356495468282,AR6 World GDP level and trajectory (unrebased),Fixed original NATO GDP share = 0.5018,IMAGE 3.0.1,SSP1-26,0.6295509114609885,2.387047205956255,34.10067437080364,0.9548188823825026,0.6295509114609885,63.053632189005114,12.822254182039899,8.45423352661971
2042,SA1_AR6_fixed_split,SSP1-2.6,S2,"NATO→3.5%, nonNATO→3.5%",0.07,258.9462039376452,129.93920513591036,129.00699880173482,0.5018,0.035,0.035,4.547872179756863,4.51524495806072,9.063117137817581,0.35849612864506714,0.12212505481315472,0.12803433165895253,0.36034124603306444,3.249092407364364,30.516985672309243,33.766078079673605,33.15400415677922,0.0962235649546828,AR6 World GDP level and trajectory (unrebased),Fixed original NATO GDP share = 0.5018,IMAGE 3.0.1,SSP1-26,0.6120739228943819,2.320780290974546,33.15400415677922,0.9283121163898183,0.6120739228943819,66.30272459636947,13.750566298429717,9.066307449514092
2043,SA1_AR6_fixed_split,SSP1-2.6,S2,"NATO→3.5%, nonNATO→3.5%",0.07,265.9348557446994,133.44611061269018,132.48874513200923,0.5018,0.035,0.035,4.670613871444156,4.637106079620324,9.307719951064481,0.33911575973868613,0.11552295111977218,0.12111277133524503,0.34086112972971677,3.156394522640158,29.646324064295225,32.802718586935384,32.20810737387915,0.0962235649546828,AR6 World GDP level and trajectory (unrebased),Fixed original NATO GDP share = 0.5018,IMAGE 3.0.1,SSP1-26,0.5946112130562327,2.254567516171541,32.20810737387915,0.9018270064686171,0.5946112130562327,69.45911911900963,14.652393304898334,9.660918662570324
2044,SA1_AR6_fixed_split,SSP1-2.6,S2,"NATO→3.5%, nonNATO→3.5%",0.07,273.11212299904514,137.04766332092086,136.06445967812428,0.5018,0.035,0.035,4.796668216232231,4.76225608873435,9.558924304966581,0.3205143523450519,0.10918620794172096,0.11446941155180422,0.3221639841189003,3.063772432721739,28.776374356317362,31.8401467890391,31.262984007364672,0.0962235649546828,AR6 World GDP level and trajectory (unrebased),Fixed original NATO GDP share = 0.5018,IMAGE 3.0.1,SSP1-26,0.5771627816744278,2.1884088805155275,31.262984007364675,0.8753635522062115,0.5771627816744243,72.52289155173138,15.527756857104546,10.238081444244749
2045,SA1_AR6_fixed_split,SSP1-2.6,S2,"NATO→3.5%, nonNATO→3.5%",0.07,280.48309620854303,140.7464176774469,139.73667853109612,0.5018,0.035,0.035,4.9261246187106424,4.8907837485883645,9.816908367299007,0.30266414120323487,0.10310536678351956,0.10809433614401244,0.3042219010367037,2.9712261402594047,27.907136573268467,30.87836271352787,30.31863408427963,0.0962235649546828,AR6 World GDP level and trajectory (unrebased),Fixed original NATO GDP share = 0.5018,IMAGE 3.0.1,SSP1-26,0.5597286292482408,2.1223043858995747,30.318634084279633,0.84892175435983,0.5597286292482373,75.49411769199078,16.376678611464374,10.797810073492986
2046,SA1_AR6_fixed_split,SSP1-2.6,S2,"NATO→3.5%, nonNATO→3.5%",0.07,288.05300326784055,144.54499703980238,143.50800622803817,0.5018,0.035,0.035,5.059074896393084,5.022780217981336,10.08185511437442,0.2855382873694805,0.09727128470828456,0.10197795977481446,0.2870079034039845,2.87875564286571,27.03861069272455,29.91736633559026,29.37505758026234,0.0962235649546828,AR6 World GDP level and trajectory (unrebased),Fixed original NATO GDP share = 0.5018,IMAGE 3.0.1,SSP1-26,0.5423087553279196,2.0562540306183643,29.37505758026234,0.8225016122473456,0.5423087553279196,78.3728733348565,17.19918022371172,11.340118828820906
2047,SA1_AR6_fixed_split,SSP1-2.6,S2,"NATO→3.5%, nonNATO→3.5%",0.07,295.82721316627885,148.44609556683872,147.38111759944013,0.5018,0.035,0.035,5.195613344839356,5.1583391159804055,10.353952460819762,0.26911084936283436,0.09167512450821828,0.09611101762958368,0.27049591622348573,2.786360940993615,26.17079671894002,28.957157659933635,28.43225449993484,0.09622356495468282,AR6 World GDP level and trajectory (unrebased),Fixed original NATO GDP share = 0.5018,IMAGE 3.0.1,SSP1-26,0.5249031599987966,1.9902578149954386,28.43225449993484,0.7961031259981766,0.5249031599987966,81.1592342758501,17.995283349709897,11.865021988819702
2048,SA1_AR6_fixed_split,SSP1-2.6,S2,"NATO→3.5%, nonNATO→3.5%",0.07,303.81123979587244,152.45248012956878,151.35875966630365,0.5018,0.035,0.035,5.335836804534908,5.297556588320629,10.633393392855536,0.25335675415124403,0.08630834482075345,0.09048455505401572,0.2546607374166082,2.6940420356271626,25.303694661157476,27.99773669678464,27.49022485333839,0.09622356495468279,AR6 World GDP level and trajectory (unrebased),Fixed original NATO GDP share = 0.5018,IMAGE 3.0.1,SSP1-26,0.5075118434462489,1.9243157397336876,27.49022485333839,0.769726295893475,0.5075118434462489,83.85327631147726,18.76500964560337,12.372533832265951
2049,SA1_AR6_fixed_split,SSP1-2.6,S2,"NATO→3.5%, nonNATO→3.5%",0.07,312.0107458620589,156.56699227358118,155.44375358847773,0.5018,0.035,0.035,5.479844729575341,5.440531375596721,10.920376105172062,0.23825176905065537,0.08116269055571776,0.0850899175180912,0.23947800957787657,2.6017989257557494,24.437304509884846,27.039103435640595,26.548968630160708,0.09622356495468279,AR6 World GDP level and trajectory (unrebased),Fixed original NATO GDP share = 0.5018,IMAGE 3.0.1,SSP1-26,0.49013480547988664,1.8584278041112496,26.54896863016071,0.7433711216444998,0.4901348054798831,86.45507523723302,19.50838076724787,12.862668637745834
2050,SA1_AR6_fixed_split,SSP1-2.6,S2,"NATO→3.5%, nonNATO→3.5%",0.07,320.4315469000001,160.79255023442008,159.63899666558004,0.5018,0.035,0.035,5.627739258204703,5.587364883295302,11.215104141500005,0.22377247502794234,0.0762301838007276,0.07991874108140797,0.22492419314046352,2.5096316114395827,23.57162626568763,26.081257877127214,25.608485831016143,0.09622356495468279,AR6 World GDP level and trajectory (unrebased),Fixed original NATO GDP share = 0.5018,IMAGE 3.0.1,SSP1-26,0.4727720461110714,1.7925940081711305,25.608485831016143,0.7170376032684522,0.4727720461110714,88.96470684867259,20.225418370516323,13.335440683856906
2025,SA1_AR6_fixed_split,SSP1-2.6,S3,"NATO→5%, nonNATO→3.5%",0.07,138.56683200039697,69.53283629779921,69.03399570259776,0.5018,0.027,0.022985547972701727,1.8773865800405787,1.5867842199693458,3.4641708000099243,0.9948795276468906,0.33891500392366597,0.3553141170167466,1.0,3.4464326092020245,45.78831895082689,49.23475156002892,49.23475156002892,0.07,AR6 World GDP level and trajectory (unrebased),Fixed original NATO GDP share = 0.5018,IMAGE 3.0.1,SSP1-26,0.0,3.4464326092020245,49.23475156002892,0.0,0.0,3.4464326092020245,0.0,0.0
2026,SA1_AR6_fixed_split,SSP1-2.6,S3,"NATO→5%, nonNATO→3.5%",0.07,144.59391012503605,72.55722410074308,72.03668602429296,0.5018,0.02817523080613562,0.023599450326672138,2.0443165356909425,1.7000261935283787,3.744342729219321,0.9399712682134423,0.32020999246831544,0.33570402436194363,0.9448091372798489,3.519574583810067,45.101438914979965,48.621013498790035,48.54075752720379,0.07238793127785487,AR6 World GDP level and trajectory (unrebased),Fixed original NATO GDP share = 0.5018,IMAGE 3.0.1,SSP1-26,0.0802559715862472,3.397853026904266,48.54075752720379,0.121721556905801,0.0802559715862472,6.966007193012091,0.121721556905801,0.0802559715862472
2027,SA1_AR6_fixed_split,SSP1-2.6,S3,"NATO→5%, nonNATO→3.5%",0.07,150.8831409610859,75.71316013427291,75.16998082681299,0.5018,0.029889421405294894,0.024494887749248,2.263022549179857,1.8412802424659085,4.1043027916457655,0.8879216461675213,0.3024788025405841,0.31711487363125757,0.8924916248579884,3.6442992911280614,44.397487207790434,48.0417864989185,47.847288178961975,0.0758568645487424,AR6 World GDP level and trajectory (unrebased),Fixed original NATO GDP share = 0.5018,IMAGE 3.0.1,SSP1-26,0.1944983199565229,3.349310172527339,47.84728817896198,0.2949891186007223,0.19449831995651579,10.610306484140153,0.4167106755065233,0.274754291542763
2028,SA1_AR6_fixed_split,SSP1-2.6,S3,"NATO→5%, nonNATO→3.5%",0.07,157.44592705596344,79.00636619668245,78.43956085928099,0.5018,0.03223517646908584,0.025720233909322272,2.546784156531277,2.017483853045227,4.564268009576503,0.838587344214411,0.28567261176534875,0.2994954800765753,0.842903407810446,3.8275373884335555,43.67410283080091,47.50164021923447,47.15434350972723,0.08057695209614468,AR6 World GDP level and trajectory (unrebased),Fixed original NATO GDP share = 0.5018,IMAGE 3.0.1,SSP1-26,0.34729670950724056,3.300804045680906,47.15434350972723,0.5267333427526495,0.34729670950724056,14.437843872573708,0.9434440182591728,0.6220510010500035
2029,SA1_AR6_fixed_split,SSP1-2.6,S3,"NATO→5%, nonNATO→3.5%",0.07,164.2941669202464,82.44281296057964,81.85135395966675,0.5018,0.03517969004118492,0.027258352042179364,2.900312606076575,2.2311330213616283,5.131445627438204,0.7918320431046485,0.26974498171696815,0.28279715825166013,0.7959074652762288,4.063243075254808,42.93334534515144,46.99658842040625,46.46192352236958,0.08645825605269933,AR6 World GDP level and trajectory (unrebased),Fixed original NATO GDP share = 0.5018,IMAGE 3.0.1,SSP1-26,0.5346648980366666,3.2523346465658713,46.46192352236959,0.8109084286889363,0.5346648980366595,18.501086947828515,1.754352446948109,1.156715899086663
2030,SA1_AR6_fixed_split,SSP1-2.6,S3,"NATO→5%, nonNATO→3.5%",0.07,171.44027659999995,86.02873079787997,85.41154580211997,0.5018,0.03849999999998644,0.028992773986343784,3.3121061357172126,2.4763176432651144,5.788423778982327,0.7475260863345362,0.25465174369638044,0.26697360226233435,0.7513734734321051,4.326997773548426,42.183533167408314,46.51053094095674,45.77002821675297,0.09303264628480325,AR6 World GDP level and trajectory (unrebased),Fixed original NATO GDP share = 0.5018,IMAGE 3.0.1,SSP1-26,0.7405027242037718,3.2039019751727085,45.77002821675297,1.1230957983757173,0.7405027242037718,22.828084721376943,2.8774482453238264,1.897218623290435
2031,SA1_AR6_fixed_split,SSP1-2.6,S3,"NATO→5%, nonNATO→3.5%",0.07,177.7089843520823,89.1743683478749,88.5346160042074,0.5018,0.041820309958787966,0.0307271959305082,3.7292997246872592,2.7204204925935875,6.449720217280847,0.7040944722544756,0.23985635868009608,0.2514623115194556,0.7077183243681919,4.541212352575379,41.077623485606246,45.618835838181624,44.687111982949375,0.09954687069796986,AR6 World GDP level and trajectory (unrebased),Fixed original NATO GDP share = 0.5018,IMAGE 3.0.1,SSP1-26,0.9317238552322493,3.1280978388064566,44.687111982949375,1.4131145137689227,0.9317238552322493,27.36929707395232,4.290562759092749,2.828942478522684
2032,SA1_AR6_fixed_split,SSP1-2.6,S3,"NATO→5%, nonNATO→3.5%",0.07,184.20690718512637,92.43502602549641,91.77188115962996,0.5018,0.04476482353088705,0.032265314063365295,4.137837628104299,2.961048567801297,7.098886195905596,0.6628076681179348,0.2257916232050107,0.2367170243278338,0.6662190242125305,4.7051962057427845,39.98950754178326,44.69470374752605,43.60491092949658,0.1052741334257804,AR6 World GDP level and trajectory (unrebased),Fixed original NATO GDP share = 0.5018,IMAGE 3.0.1,SSP1-26,1.0897928180294656,3.052343765064762,43.60491092949658,1.6528524406780227,1.0897928180294656,32.074493279695105,5.943415199770772,3.91873529655215
2033,SA1_AR6_fixed_split,SSP1-2.6,S3,"NATO→5%, nonNATO→3.5%",0.07,190.94242634059682,95.81490953771149,95.12751680288534,0.5018,0.04711057859467799,0.033490660223439564,4.513895826318318,3.1858833431449707,7.699779169463289,0.6235680170585901,0.21242426954743177,0.2227028632352107,0.6267774134758466,4.801336028491261,38.925185475265806,43.72652150375707,42.52342505912923,0.10980374983815533,AR6 World GDP level and trajectory (unrebased),Fixed original NATO GDP share = 0.5018,IMAGE 3.0.1,SSP1-26,1.203096444627839,2.976639754139047,42.52342505912924,1.8246962743522142,1.2030964446278318,36.87582930818637,7.7681114741229855,5.121831741179982
2034,SA1_AR6_fixed_split,SSP1-2.6,S3,"NATO→5%, nonNATO→3.5%",0.07,197.92422951976133,99.31837837301624,98.60585114674508,0.5018,0.04882476919383726,0.034386097646015426,4.849196900768717,3.3906704260004386,8.239867326769154,0.5862820965563048,0.19972247245324665,0.20938646305582312,0.5892995888084974,4.8308866916840145,37.884229802901544,42.71511649458556,41.44265437219176,0.11309548207123264,AR6 World GDP level and trajectory (unrebased),Fixed original NATO GDP share = 0.5018,IMAGE 3.0.1,SSP1-26,1.2724621223937973,2.9009858060534235,41.442654372191754,1.929900885630591,1.2724621223938044,41.70671599987038,9.698012359753577,6.394293863573786
2035,SA1_AR6_fixed_split,SSP1-2.6,S3,"NATO→5%, nonNATO→3.5%",0.07,205.16132208938131,102.94995142445156,102.21137066492976,0.5018,0.049999999999972886,0.03499999999998584,5.147497571219787,3.5773979732710943,8.724895544490881,0.5508605407356729,0.1876557886022622,0.19673590740559746,0.5536957243844183,4.80620067750051,36.86243253349176,41.668633210992276,40.36259886578648,0.1153433723915049,AR6 World GDP level and trajectory (unrebased),Fixed original NATO GDP share = 0.5018,IMAGE 3.0.1,SSP1-26,1.306034345205795,2.8253819206050537,40.36259886578648,1.9808187568954567,1.306034345205795,46.51291667737089,11.678831116649034,7.700328208779581
2036,SA1_AR6_fixed_split,SSP1-2.6,S3,"NATO→5%, nonNATO→3.5%",0.07,212.66303869714082,106.71431281822527,105.94872587891555,0.5018,0.05,0.035,5.335715640911264,3.708205405762045,9.043921046673308,0.5174109293435705,0.1762608660401174,0.18478961762270374,0.5200739536447809,4.679423593669113,35.890082019395955,40.56950561306507,39.2979216033269,0.11534337239155668,AR6 World GDP level and trajectory (unrebased),Fixed original NATO GDP share = 0.5018,IMAGE 3.0.1,SSP1-26,1.27158400973817,2.750854512232883,39.2979216033269,1.9285690814362297,1.27158400973817,51.19234027104,13.607400198085264,8.971912218517751
2037,SA1_AR6_fixed_split,SSP1-2.6,S3,"NATO→5%, nonNATO→3.5%",0.07,220.4390553117926,110.61631795545753,109.82273735633507,0.5018,0.05,0.035,5.530815897772877,3.8437958074717278,9.374611705244604,0.4856470534904529,0.1654402050352092,0.1734453762465903,0.4881465946325333,4.552752552269152,34.91854482590965,39.471297378178804,38.234134887996795,0.11534337239155666,AR6 World GDP level and trajectory (unrebased),Fixed original NATO GDP share = 0.5018,IMAGE 3.0.1,SSP1-26,1.2371624901820084,2.6763894421597763,38.234134887996795,1.8763631101093758,1.2371624901820084,55.74509282330916,15.48376330819464,10.20907470869976
2038,SA1_AR6_fixed_split,SSP1-2.6,S3,"NATO→5%, nonNATO→3.5%",0.07,228.49940170355023,114.66099977484151,113.83840192870872,0.5018,0.05,0.035,5.733049988742076,3.9843440675048054,9.717394056246881,0.4554912074736536,0.15516733441410174,0.16267543124059056,0.4578355417072364,4.426187552177197,33.947820944397684,38.37400849657488,37.17123871034197,0.11534337239155669,AR6 World GDP level and trajectory (unrebased),Fixed original NATO GDP share = 0.5018,IMAGE 3.0.1,SSP1-26,1.2027697862329134,2.601986709723938,37.17123871034197,1.824200842453259,1.2027697862329134,60.171280375486354,17.307964150647898,11.411844494932673
2039,SA1_AR6_fixed_split,SSP1-2.6,S3,"NATO→5%, nonNATO→3.5%",0.07,236.85447438082582,118.8535752442984,118.00089913652742,0.5018,0.05,0.035,5.94267876221492,4.13003146977846,10.07271023199338,0.42686908452266814,0.14541694088134846,0.15245324447238146,0.42906610565432746,4.299728595393126,32.97791039019868,37.27763898559181,36.10923308715745,0.11534337239155665,AR6 World GDP level and trajectory (unrebased),Fixed original NATO GDP share = 0.5018,IMAGE 3.0.1,SSP1-26,1.168405898434358,2.527646316101022,36.10923308715744,1.7720822792921038,1.168405898434365,64.47100897087948,19.08004642994,12.580250393367038
2040,SA1_AR6_fixed_split,SSP1-2.6,S3,"NATO→5%, nonNATO→3.5%",0.07,245.51504999999977,123.1994520899999,122.31559790999988,0.5018,0.05,0.035,6.159972604499995,4.2810459268499965,10.441018531349991,0.3997096324758068,0.1361648198543957,0.142753440169931,0.4017668686189656,4.173375679838993,32.00881314737525,36.18218882721424,35.04811800099259,0.11534337239155668,AR6 World GDP level and trajectory (unrebased),Fixed original NATO GDP share = 0.5018,IMAGE 3.0.1,SSP1-26,1.1340708262216523,2.4533682600694813,35.04811800099258,1.7200074197695119,1.1340708262216594,68.64438465071848,20.800053849709514,13.714321219588697
2041,SA1_AR6_fixed_split,SSP1-2.6,S3,"NATO→5%, nonNATO→3.5%",0.07,252.1412108463452,126.52445960269603,125.61675124364916,0.5018,0.05,0.035,6.326222980134801,4.396586293527721,10.722809273662524,0.37868418223959766,0.12900230383986291,0.13524435079985628,0.38063320403754736,4.060558261108067,31.143529992213246,35.204088253321316,34.10067437080364,0.11534337239155669,AR6 World GDP level and trajectory (unrebased),Fixed original NATO GDP share = 0.5018,IMAGE 3.0.1,SSP1-26,1.1034138825176782,2.387047205956255,34.10067437080364,1.673511055151812,1.1034138825176782,72.70494291182654,22.473564904861327,14.817735102106376
2042,SA1_AR6_fixed_split,SSP1-2.6,S3,"NATO→5%, nonNATO→3.5%",0.07,258.9462039376452,129.93920513591036,129.00699880173482,0.5018,0.05,0.035,6.496960256795518,4.51524495806072,11.012205214856237,0.35849612864506714,0.12212505481315472,0.12803433165895253,0.36034124603306444,3.947832937370981,30.278953184065234,34.22678612143621,33.15400415677922,0.11534337239155668,AR6 World GDP level and trajectory (unrebased),Fixed original NATO GDP share = 0.5018,IMAGE 3.0.1,SSP1-26,1.0727819646569898,2.320780290974546,33.15400415677922,1.627052646396435,1.0727819646569898,76.65277584919752,24.100617551257763,15.890517066763366
2043,SA1_AR6_fixed_split,SSP1-2.6,S3,"NATO→5%, nonNATO→3.5%",0.07,265.9348557446994,133.44611061269018,132.48874513200923,0.5018,0.05,0.035,6.672305530634509,4.637106079620324,11.309411610254834,0.33911575973868613,0.11552295111977218,0.12111277133524503,0.34086112972971677,3.8351997104090856,29.41508273659372,33.2502824470028,32.20810737387915,0.1153433723915567,AR6 World GDP level and trajectory (unrebased),Fixed original NATO GDP share = 0.5018,IMAGE 3.0.1,SSP1-26,1.0421750731236514,2.254567516171541,32.20810737387915,1.5806321942375448,1.0421750731236514,80.48797555960661,25.681249745495307,16.932692139887017
2044,SA1_AR6_fixed_split,SSP1-2.6,S3,"NATO→5%, nonNATO→3.5%",0.07,273.11212299904514,137.04766332092086,136.06445967812428,0.5018,0.05,0.035,6.852383166046043,4.76225608873435,11.614639254780393,0.3205143523450519,0.10918620794172096,0.11446941155180422,0.3221639841189003,3.7226585784673536,28.551918636338087,32.27457721480544,31.262984007364672,0.11534337239155666,AR6 World GDP level and trajectory (unrebased),Fixed original NATO GDP share = 0.5018,IMAGE 3.0.1,SSP1-26,1.011593207440768,2.1884088805155275,31.262984007364675,1.534249697951826,1.0115932074407645,84.21063413807396,27.215499443447133,17.94428534732778
2045,SA1_AR6_fixed_split,SSP1-2.6,S3,"NATO→5%, nonNATO→3.5%",0.07,280.48309620854303,140.7464176774469,139.73667853109612,0.5018,0.05,0.035,7.037320883872346,4.8907837485883645,11.92810463246071,0.30266414120323487,0.10310536678351956,0.10809433614401244,0.3042219010367037,3.6102095447660485,27.689460907996974,31.299670452763024,30.31863408427963,0.11534337239155666,AR6 World GDP level and trajectory (unrebased),Fixed original NATO GDP share = 0.5018,IMAGE 3.0.1,SSP1-26,0.9810363684833945,2.1223043858995747,30.318634084279633,1.4879051588664738,0.9810363684833909,87.82084368284,28.703404602313604,18.925321715811172
2046,SA1_AR6_fixed_split,SSP1-2.6,S3,"NATO→5%, nonNATO→3.5%",0.07,288.05300326784055,144.54499703980238,143.50800622803817,0.5018,0.05,0.035,7.22724985199012,5.022780217981336,12.250030069971455,0.2855382873694805,0.09727128470828456,0.10197795977481446,0.2870079034039845,3.4978526064042867,26.8277095293213,30.325562135725587,29.37505758026234,0.11534337239155666,AR6 World GDP level and trajectory (unrebased),Fixed original NATO GDP share = 0.5018,IMAGE 3.0.1,SSP1-26,0.9505045554632474,2.0562540306183643,29.37505758026234,1.4415985757859224,0.9505045554632474,91.3186962892443,30.14500317809953,19.87582627127442
2047,SA1_AR6_fixed_split,SSP1-2.6,S3,"NATO→5%, nonNATO→3.5%",0.07,295.82721316627885,148.44609556683872,147.38111759944013,0.5018,0.05,0.035,7.422304778341936,5.1583391159804055,12.580643894322343,0.26911084936283436,0.09167512450821828,0.09611101762958368,0.27049591622348573,3.385587763932442,25.966664504532286,29.352252268464728,28.43225449993484,0.11534337239155669,AR6 World GDP level and trajectory (unrebased),Fixed original NATO GDP share = 0.5018,IMAGE 3.0.1,SSP1-26,0.919997768529889,1.9902578149954386,28.43225449993484,1.3953299489370032,0.919997768529889,94.70428405317674,31.540333127036533,20.79582403980431
2048,SA1_AR6_fixed_split,SSP1-2.6,S3,"NATO→5%, nonNATO→3.5%",0.07,303.81123979587244,152.45248012956878,151.35875966630365,0.5018,0.05,0.035,7.622624006478439,5.297556588320629,12.920180594799067,0.25335675415124403,0.08630834482075345,0.09048455505401572,0.2546607374166082,3.273415018546181,25.106325842800445,28.379740861346626,27.49022485333839,0.11534337239155666,AR6 World GDP level and trajectory (unrebased),Fixed original NATO GDP share = 0.5018,IMAGE 3.0.1,SSP1-26,0.8895160080082363,1.9243157397336876,27.49022485333839,1.3490992788124934,0.8895160080082363,97.97769907172292,32.88943240584902,21.685340047812545
2049,SA1_AR6_fixed_split,SSP1-2.6,S3,"NATO→5%, nonNATO→3.5%",0.07,312.0107458620589,156.56699227358118,155.44375358847773,0.5018,0.05,0.035,7.828349613679059,5.440531375596721,13.268880989275779,0.23825176905065537,0.08116269055571776,0.0850899175180912,0.23947800957787657,3.1613343690175646,24.24669353470775,27.408027903725312,26.548968630160708,0.11534337239155666,AR6 World GDP level and trajectory (unrebased),Fixed original NATO GDP share = 0.5018,IMAGE 3.0.1,SSP1-26,0.8590592735646041,1.8584278041112496,26.54896863016071,1.302906564906315,0.8590592735646005,101.13903344074048,34.19233897075534,22.544399321377146
2050,SA1_AR6_fixed_split,SSP1-2.6,S3,"NATO→5%, nonNATO→3.5%",0.07,320.4315469000001,160.79255023442008,159.63899666558004,0.5018,0.05,0.035,8.039627511721005,5.587364883295302,13.626992395016305,0.22377247502794234,0.0762301838007276,0.07991874108140797,0.22492419314046352,3.0493458154197466,23.387767580815265,26.437113396235013,25.608485831016143,0.11534337239155668,AR6 World GDP level and trajectory (unrebased),Fixed original NATO GDP share = 0.5018,IMAGE 3.0.1,SSP1-26,0.8286275652188699,1.7925940081711305,25.608485831016143,1.2567518072486161,0.8286275652188699,104.18837925616023,35.449090778003956,23.373026886596016
2025,SA1_AR6_fixed_split,SSP2-4.5,S0,Baseline,0.07,132.3421461836991,66.40928895498021,65.93285722871889,0.5018,0.027,0.022985547972701727,1.7930508017844657,1.515502852808012,3.308553654592478,1.1582938971955066,0.39458363530835944,0.41367639185553806,1.0,3.832277506658357,50.914544017032455,54.74682152369081,54.74682152369081,0.07,AR6 World GDP level and trajectory (unrebased),Fixed original NATO GDP share = 0.5018,MESSAGE-GLOBIOM 1.0,SSP2-45,0.0,3.832277506658357,54.74682152369081,0.0,0.0,3.832277506658357,0.0,0.0
2026,SA1_AR6_fixed_split,SSP2-4.5,S0,Baseline,0.07,136.9984651539472,68.74582981425071,68.25263533969648,0.5018,0.027,0.022985547972701727,1.8561374049847692,1.5688242238639107,3.42496162884868,1.1246632525781222,0.38312704208705267,0.40166544734932935,0.9709653614693026,3.8519284854562197,51.1756213067755,55.02754979223172,55.02754979223171,0.06999999999999999,AR6 World GDP level and trajectory (unrebased),Fixed original NATO GDP share = 0.5018,MESSAGE-GLOBIOM 1.0,SSP2-45,7.105427357601002e-15,3.8519284854562197,55.02754979223172,0.0,0.0,7.684205992114577,0.0,0.0
2027,SA1_AR6_fixed_split,SSP2-4.5,S0,Baseline,0.07,141.81861180100074,71.16457940174217,70.65403239925857,0.5018,0.027,0.022985547972701727,1.9214436438470386,1.62402165117798,3.5454652950250187,1.0919759310472754,0.37199180068643456,0.3899914039454555,0.9427451303086358,3.8715627665307477,51.43647675533708,55.30803952186783,55.308039521867826,0.06999999999999999,AR6 World GDP level and trajectory (unrebased),Fixed original NATO GDP share = 0.5018,MESSAGE-GLOBIOM 1.0,SSP2-45,7.105427357601002e-15,3.8715627665307477,55.30803952186783,0.0,0.0,11.555768758645325,0.0,0.0
2028,SA1_AR6_fixed_split,SSP2-4.5,S0,Baseline,0.07,146.8083502290495,73.66843014493703,73.13992008411246,0.5018,0.027,0.022985547972701727,1.9890476139133,1.6811611418129375,3.6702087557262377,1.0602068188790803,0.36116935588188454,0.3786452924568144,0.9153176248671279,3.891180349530662,51.697110358050224,55.58829070758089,55.58829070758088,0.06999999999999999,AR6 World GDP level and trajectory (unrebased),Fixed original NATO GDP share = 0.5018,MESSAGE-GLOBIOM 1.0,SSP2-45,7.105427357601002e-15,3.891180349530662,55.58829070758089,0.0,0.0,15.446949108175986,0.0,0.0
2029,SA1_AR6_fixed_split,SSP2-4.5,S0,Baseline,0.07,151.97364734621675,76.26037623833157,75.71327110788518,0.5018,0.027,0.022985547972701727,2.0590301584349526,1.7403110252204663,3.799341183655419,1.029331414689647,0.35065136104812156,0.3676183623891596,0.8886616921507511,3.9107812354606706,51.95752212826319,55.86830336372386,55.868303363723854,0.07,AR6 World GDP level and trajectory (unrebased),Fixed original NATO GDP share = 0.5018,MESSAGE-GLOBIOM 1.0,SSP2-45,7.105427357601002e-15,3.9107812354606706,55.86830336372386,0.0,0.0,19.357730343636657,0.0,0.0
2030,SA1_AR6_fixed_split,SSP2-4.5,S0,Baseline,0.07,157.32067999999987,78.94351722399993,78.37716277599993,0.5018,0.027,0.022985547972701727,2.1314749650479983,1.8015420349519986,3.933016999999997,0.9993258161225415,0.34042967362416254,0.356902077186622,0.8627566963290897,3.9303654233488263,52.21771205306298,56.14807747641181,56.14807747641181,0.06999999999999999,AR6 World GDP level and trajectory (unrebased),Fixed original NATO GDP share = 0.5018,MESSAGE-GLOBIOM 1.0,SSP2-45,0.0,3.9303654233488263,56.14807747641181,0.0,0.0,23.288095766985485,0.0,0.0
2031,SA1_AR6_fixed_split,SSP2-4.5,S0,Baseline,0.07,161.48654563007247,81.03394859717037,80.4525970329021,0.5018,0.027,0.022985547972701727,2.1879166121236,1.8492470286282119,4.037163640751812,0.9731798120431933,0.3315227931136153,0.3475642185868547,0.8401838379702106,3.9288861530944623,52.19805889111215,56.12694504420661,56.12694504420659,0.06999999999999999,AR6 World GDP level and trajectory (unrebased),Fixed original NATO GDP share = 0.5018,MESSAGE-GLOBIOM 1.0,SSP2-45,1.4210854715202004e-14,3.9288861530944623,56.12694504420661,0.0,0.0,27.216981920079945,0.0,0.0
2032,SA1_AR6_fixed_split,SSP2-4.5,S0,Baseline,0.07,165.76272375337751,83.17973477944484,82.58298897393267,0.5018,0.027,0.022985547972701727,2.2458528390450105,1.898215254789427,4.144068093834438,0.9477191930552313,0.3228493954363975,0.3384711403768683,0.8182026991162393,3.927412869854704,52.178485270926785,56.10589814078149,56.105898140781484,0.06999999999999999,AR6 World GDP level and trajectory (unrebased),Fixed original NATO GDP share = 0.5018,MESSAGE-GLOBIOM 1.0,SSP2-45,7.105427357601002e-15,3.927412869854704,56.10589814078149,0.0,0.0,31.14439478993465,0.0,0.0
2033,SA1_AR6_fixed_split,SSP2-4.5,S0,Baseline,0.07,170.15213545456908,85.38234157110277,84.7697938834663,0.5018,0.027,0.022985547972701727,2.3053232224197746,1.9484801639444522,4.253803386364227,0.9229259597607133,0.3144033489294738,0.3296164142002547,0.7967977401895385,3.925945572993577,52.15899118405752,56.084936757051096,56.08493675705109,0.07,AR6 World GDP level and trajectory (unrebased),Fixed original NATO GDP share = 0.5018,MESSAGE-GLOBIOM 1.0,SSP2-45,7.105427357601002e-15,3.925945572993577,56.084936757051096,0.0,0.0,35.07034036292823,0.0,0.0
2034,SA1_AR6_fixed_split,SSP2-4.5,S0,Baseline,0.07,174.65777916888334,87.64327358694567,87.01450558193767,0.5018,0.027,0.022985547972701727,2.366368386847533,2.0000760923745506,4.366444479222084,0.8987825864769503,0.30617868330533476,0.3209937808846251,0.7759538305892034,3.9244842627432246,52.13957663358856,56.06406089633179,56.064060896331775,0.06999999999999999,AR6 World GDP level and trajectory (unrebased),Fixed original NATO GDP share = 0.5018,MESSAGE-GLOBIOM 1.0,SSP2-45,1.4210854715202004e-14,3.9244842627432246,56.06406089633179,0.0,0.0,38.99482462567145,0.0,0.0
2035,SA1_AR6_fixed_split,SSP2-4.5,S0,Baseline,0.07,179.28273273038877,89.96407528410909,89.31865744627969,0.5018,0.027,0.022985547972701727,2.429030032670945,2.053038285588774,4.482068318259719,0.8752720086879081,0.2981695853771995,0.3125971459599672,0.7556562378573702,3.9230289399996185,52.12024163142352,56.043270571423136,56.04327057142313,0.06999999999999998,AR6 World GDP level and trajectory (unrebased),Fixed original NATO GDP share = 0.5018,MESSAGE-GLOBIOM 1.0,SSP2-45,7.105427357601002e-15,3.9230289399996185,56.043270571423136,0.0,0.0,42.91785356567107,0.0,0.0
2036,SA1_AR6_fixed_split,SSP2-4.5,S0,Baseline,0.07,184.0301554744741,92.34633201709111,91.68382345738299,0.5018,0.027,0.022985547972701727,2.49335096446146,2.1074029224003925,4.6007538868618525,0.8523276789563192,0.2903533851389659,0.3044027424843997,0.7358475090130395,3.9213498818382266,52.097934144422155,56.01928402626038,56.01928402626037,0.07,AR6 World GDP level and trajectory (unrebased),Fixed original NATO GDP share = 0.5018,MESSAGE-GLOBIOM 1.0,SSP2-45,7.105427357601002e-15,3.9213498818382266,56.01928402626038,0.0,0.0,46.8392034475093,0.0,0.0
2037,SA1_AR6_fixed_split,SSP2-4.5,S0,Baseline,0.07,188.9032903960116,94.79167112071863,94.11161927529298,0.5018,0.027,0.022985547972701727,2.559375120259403,2.163207139640887,4.722582259900291,0.829985922252736,0.28274245703115186,0.29642354366169144,0.7165590048107143,3.919676792397753,52.075705956141576,55.99538274853933,55.99538274853933,0.07,AR6 World GDP level and trajectory (unrebased),Fixed original NATO GDP share = 0.5018,MESSAGE-GLOBIOM 1.0,SSP2-45,0.0,3.919676792397753,55.99538274853933,0.0,0.0,50.75888023990705,0.0,0.0
2038,SA1_AR6_fixed_split,SSP2-4.5,S0,Baseline,0.07,193.905466364666,97.30176302178941,96.6037033428766,0.5018,0.027,0.022985547972701727,2.627147601588314,2.220489057528336,4.847636659116651,0.8082308857288943,0.27533140063292005,0.2886538877603194,0.6977770388722633,3.9180096706897087,52.05355705344898,55.97156672413869,55.9715667241387,0.07,AR6 World GDP level and trajectory (unrebased),Fixed original NATO GDP share = 0.5018,MESSAGE-GLOBIOM 1.0,SSP2-45,-7.105427357601002e-15,3.9180096706897087,55.97156672413869,0.0,0.0,54.676889910596756,0.0,0.0
2039,SA1_AR6_fixed_split,SSP2-4.5,S0,Baseline,0.07,199.04010039886774,99.87832238015183,99.1617780187159,0.5018,0.027,0.022985547972701727,2.6967147042640995,2.279287805707594,4.976002509971694,0.7870471347650387,0.2681149579968814,0.28108826241608525,0.6794882858924313,3.9163485180568625,52.031487454184045,55.94783597224091,55.94783597224089,0.06999999999999998,AR6 World GDP level and trajectory (unrebased),Fixed original NATO GDP share = 0.5018,MESSAGE-GLOBIOM 1.0,SSP2-45,2.1316282072803006e-14,3.9163485180568625,55.94783597224091,0.0,0.0,58.59323842865362,0.0,0.0
2040,SA1_AR6_fixed_split,SSP2-4.5,S0,Baseline,0.07,204.31069999999988,102.52310925999994,101.78759073999994,0.5018,0.027,0.022985547972701727,2.7681239500199983,2.3396435499799986,5.107767499999997,0.7664196409633626,0.26108800955894773,0.27372130034405806,0.6616797712731105,3.9146933334743297,52.00949714473039,55.92419047820472,55.924190478204714,0.06999999999999998,AR6 World GDP level and trajectory (unrebased),Fixed original NATO GDP share = 0.5018,MESSAGE-GLOBIOM 1.0,SSP2-45,7.105427357601002e-15,3.9146933334743297,55.92419047820472,0.0,0.0,62.50793176212795,0.0,0.0
2041,SA1_AR6_fixed_split,SSP2-4.5,S0,Baseline,0.07,208.80012660245816,104.7759035291135,104.02422307334466,0.5018,0.027,0.022985547972701727,2.8289493952860645,2.3910537697753895,5.2200031650614545,0.7468211638637474,0.25441160527226564,0.26672184423705264,0.6447596466423345,3.8984088391036407,51.793146005234085,55.69155484433772,55.691554844337716,0.07,AR6 World GDP level and trajectory (unrebased),Fixed original NATO GDP share = 0.5018,MESSAGE-GLOBIOM 1.0,SSP2-45,7.105427357601002e-15,3.8984088391036407,55.69155484433772,0.0,0.0,66.40634060123159,0.0,0.0
2042,SA1_AR6_fixed_split,SSP2-4.5,S0,Baseline,0.07,213.3882017398134,107.07819963303838,106.31000210677503,0.5018,0.027,0.022985547972701727,2.8911113900920364,2.443593653403299,5.334705043495335,0.7277137897900374,0.24790249981858423,0.2598977820678705,0.6282635102818018,3.8821384246140167,51.576981927014806,55.459120351628826,55.45912035162881,0.06999999999999998,AR6 World GDP level and trajectory (unrebased),Fixed original NATO GDP share = 0.5018,MESSAGE-GLOBIOM 1.0,SSP2-45,1.4210854715202004e-14,3.8821384246140167,55.459120351628826,0.0,0.0,70.2884790258456,0.0,0.0
2043,SA1_AR6_fixed_split,SSP2-4.5,S0,Baseline,0.07,218.0770930682727,109.43108530165924,108.64600776661345,0.5018,0.027,0.022985547972701727,2.9546393031447993,2.497288023562018,5.451927326706818,0.7090854038363034,0.24155656614203744,0.2532447870843941,0.6121809029238268,3.8658820901440816,51.36100491191423,55.22688700205831,55.22688700205831,0.06999999999999999,AR6 World GDP level and trajectory (unrebased),Fixed original NATO GDP share = 0.5018,MESSAGE-GLOBIOM 1.0,SSP2-45,0.0,3.8658820901440816,55.22688700205831,0.0,0.0,74.15436111598969,0.0,0.0
2044,SA1_AR6_fixed_split,SSP2-4.5,S0,Baseline,0.07,222.86901587509283,111.83567216612158,111.03334370897124,0.5018,0.027,0.022985547972701727,3.0195631484852825,2.552162248392038,5.571725396877321,0.6909241860734775,0.23536977767338246,0.2467586378833848,0.5965016199656774,3.8496398348623866,51.14521494888599,54.99485478374838,54.99485478374837,0.06999999999999999,AR6 World GDP level and trajectory (unrebased),Fixed original NATO GDP share = 0.5018,MESSAGE-GLOBIOM 1.0,SSP2-45,7.105427357601002e-15,3.8496398348623866,54.99485478374838,0.0,0.0,78.00400095085207,0.0,0.0
2045,SA1_AR6_fixed_split,SSP2-4.5,S0,Baseline,0.07,227.7662341252057,114.29309628402822,113.47313784117748,0.5018,0.027,0.022985547972701727,3.085913599668762,2.6082422534613805,5.694155853130143,0.6732186048223276,0.2293382060383754,0.24043521600797416,0.5812157056618733,3.8334116590851655,50.92961204213149,54.76302370121665,54.763023701216646,0.06999999999999999,AR6 World GDP level and trajectory (unrebased),Fixed original NATO GDP share = 0.5018,MESSAGE-GLOBIOM 1.0,SSP2-45,7.105427357601002e-15,3.8334116590851655,54.76302370121665,0.0,0.0,81.83741260993725,0.0,0.0
2046,SA1_AR6_fixed_split,SSP2-4.5,S0,Baseline,0.07,232.7710615308356,116.8045186761733,115.9665428546623,0.5018,0.027,0.022985547972701727,3.153722004256679,2.665554534014211,5.8192765382708895,0.655952063971579,0.22345619761669178,0.23426859427556396,0.5663088319465279,3.8171664561001752,50.713782916759484,54.53094937285966,54.53094937285966,0.06999999999999998,AR6 World GDP level and trajectory (unrebased),Fixed original NATO GDP share = 0.5018,MESSAGE-GLOBIOM 1.0,SSP2-45,0.0,3.8171664561001752,54.53094937285966,0.0,0.0,85.65457906603741,0.0,0.0
2047,SA1_AR6_fixed_split,SSP2-4.5,S0,Baseline,0.07,237.88586264462404,119.37112587507235,118.51473676955169,0.5018,0.027,0.022985547972701727,3.2230203986269537,2.7241261674886474,5.947146566115601,0.6391192222636638,0.21772193285905034,0.22825686509416565,0.551776387505034,3.8009356880238214,50.49814556945935,54.299081257483174,54.29908125748317,0.06999999999999999,AR6 World GDP level and trajectory (unrebased),Fixed original NATO GDP share = 0.5018,MESSAGE-GLOBIOM 1.0,SSP2-45,7.105427357601002e-15,3.8009356880238214,54.299081257483174,0.0,0.0,89.45551475406124,0.0,0.0
2048,SA1_AR6_fixed_split,SSP2-4.5,S0,Baseline,0.07,243.11305397677407,121.99413048554523,121.11892349122884,0.5018,0.027,0.022985547972701727,3.293841523109721,2.7839848263096307,6.077826349419352,0.6227093596344881,0.212131759875485,0.22239619986946002,0.537609117290706,3.7847193540165436,50.28269998907694,54.06741934309348,54.06741934309347,0.06999999999999999,AR6 World GDP level and trajectory (unrebased),Fixed original NATO GDP share = 0.5018,MESSAGE-GLOBIOM 1.0,SSP2-45,1.4210854715202004e-14,3.7847193540165436,54.06741934309348,0.0,0.0,93.24023410807779,0.0,0.0
2049,SA1_AR6_fixed_split,SSP2-4.5,S0,Baseline,0.07,248.45510513673833,124.6747717576153,123.78033337912302,0.5018,0.027,0.022985547972701727,3.3662188374556132,2.845158790962845,6.211377628418458,0.6067120178231236,0.20668211596172345,0.21668286350825844,0.5237979922816753,3.768517454399171,50.0674461798747,53.835963634273874,53.835963634273874,0.06999999999999999,AR6 World GDP level and trajectory (unrebased),Fixed original NATO GDP share = 0.5018,MESSAGE-GLOBIOM 1.0,SSP2-45,0.0,3.768517454399171,53.835963634273874,0.0,0.0,97.00875156247696,0.0,0.0
2050,SA1_AR6_fixed_split,SSP2-4.5,S0,Baseline,0.07,253.91454000000022,127.41431617200011,126.5002238280001,0.5018,0.027,0.022985547972701727,3.440186536644003,2.9076769633560025,6.347863500000006,0.5911169937474,0.20136952534252092,0.21111321205264286,0.5103342037617818,3.752329988838852,49.85238413743047,53.60471412626932,53.604714126269315,0.06999999999999999,AR6 World GDP level and trajectory (unrebased),Fixed original NATO GDP share = 0.5018,MESSAGE-GLOBIOM 1.0,SSP2-45,7.105427357601002e-15,3.752329988838852,53.60471412626932,0.0,0.0,100.76108155131581,0.0,0.0
2025,SA1_AR6_fixed_split,SSP2-4.5,S1,"NATO→3.5%, nonNATO holds",0.07,132.3421461836991,66.40928895498021,65.93285722871889,0.5018,0.027,0.022985547972701727,1.7930508017844657,1.515502852808012,3.308553654592478,1.1582938971955066,0.39458363530835944,0.41367639185553806,1.0,3.832277506658357,50.914544017032455,54.74682152369081,54.74682152369081,0.07,AR6 World GDP level and trajectory (unrebased),Fixed original NATO GDP share = 0.5018,MESSAGE-GLOBIOM 1.0,SSP2-45,0.0,3.832277506658357,54.74682152369081,0.0,0.0,3.832277506658357,0.0,0.0
2026,SA1_AR6_fixed_split,SSP2-4.5,S1,"NATO→3.5%, nonNATO holds",0.07,136.9984651539472,68.74582981425071,68.25263533969648,0.5018,0.02740877593256891,0.022985547972701727,1.8842390456773133,1.5688242238639107,3.4530632695412242,1.1246632525781222,0.38312704208705267,0.40166544734932935,0.9709653614693026,3.883533368080278,51.16485480829917,55.04838817637945,55.02754979223171,0.07054763085228083,AR6 World GDP level and trajectory (unrebased),Fixed original NATO GDP share = 0.5018,MESSAGE-GLOBIOM 1.0,SSP2-45,0.020838384147737088,3.8519284854562197,55.02754979223172,0.03160488262405847,0.020838384147729982,7.715810874738635,0.03160488262405847,0.020838384147729982
2027,SA1_AR6_fixed_split,SSP2-4.5,S1,"NATO→3.5%, nonNATO holds",0.07,141.81861180100074,71.16457940174217,70.65403239925857,0.5018,0.028005016140972137,0.022985547972701727,1.9929651948112828,1.62402165117798,3.6169868459892625,1.0919759310472754,0.37199180068643456,0.3899914039454555,0.9427451303086358,3.949662578734873,51.40987132480601,55.359533903540886,55.308039521867826,0.07134566171775962,AR6 World GDP level and trajectory (unrebased),Fixed original NATO GDP share = 0.5018,MESSAGE-GLOBIOM 1.0,SSP2-45,0.05149438167305931,3.8715627665307477,55.30803952186783,0.07809981220412521,0.0514943816730522,11.665473453473508,0.10970469482818368,0.07233276582078219
2028,SA1_AR6_fixed_split,SSP2-4.5,S1,"NATO→3.5%, nonNATO holds",0.07,146.8083502290495,73.66843014493703,73.13992008411246,0.5018,0.028820930945768986,0.022985547972701727,2.1231927380904367,1.6811611418129375,3.804353879903374,1.0602068188790803,0.36116935588188454,0.3786452924568144,0.9153176248671279,4.033401924902643,51.64866124995647,55.68206317485911,55.58829070758088,0.07243628728764051,AR6 World GDP level and trajectory (unrebased),Fixed original NATO GDP share = 0.5018,MESSAGE-GLOBIOM 1.0,SSP2-45,0.09377246727822808,3.891180349530662,55.58829070758089,0.14222157537198088,0.09377246727822097,15.698875378376151,0.25192627020016456,0.16610523309900316
2029,SA1_AR6_fixed_split,SSP2-4.5,S1,"NATO→3.5%, nonNATO holds",0.07,151.97364734621675,76.26037623833157,75.71327110788518,0.5018,0.029845109579542582,0.022985547972701727,2.275999285410151,1.7403110252204663,4.016310310630617,1.029331414689647,0.35065136104812156,0.3676183623891596,0.8886616921507511,4.134114373874029,51.88144160858392,56.01555598245795,55.868303363723854,0.07380296957453542,AR6 World GDP level and trajectory (unrebased),Fixed original NATO GDP share = 0.5018,MESSAGE-GLOBIOM 1.0,SSP2-45,0.14725261873409323,3.9107812354606706,55.86830336372386,0.22333313841335833,0.14725261873408613,19.832989752250178,0.4752594086135229,0.3133578518330893
2030,SA1_AR6_fixed_split,SSP2-4.5,S1,"NATO→3.5%, nonNATO holds",0.07,157.32067999999987,78.94351722399993,78.37716277599993,0.5018,0.030999999999995285,0.022985547972701727,2.4472490339436255,1.8015420349519986,4.248791068895624,0.9993258161225415,0.34042967362416254,0.356902077186622,0.8627566963290897,4.245926602458285,52.11021318984987,56.356139792308156,56.14807747641181,0.07534097647755846,AR6 World GDP level and trajectory (unrebased),Fixed original NATO GDP share = 0.5018,MESSAGE-GLOBIOM 1.0,SSP2-45,0.20806231589634905,3.9303654233488263,56.14807747641181,0.3155611791094586,0.20806231589634905,24.078916354708465,0.7908205877229815,0.5214201677294383
2031,SA1_AR6_fixed_split,SSP2-4.5,S1,"NATO→3.5%, nonNATO holds",0.07,161.48654563007247,81.03394859717037,80.4525970329021,0.5018,0.03215489042044799,0.022985547972701727,2.605637737478228,1.8492470286282119,4.45488476610644,0.9731798120431933,0.3315227931136153,0.3475642185868547,0.8401838379702106,4.335403919353551,52.05957481689202,56.39497873624557,56.12694504420659,0.0768757080241108,AR6 World GDP level and trajectory (unrebased),Fixed original NATO GDP share = 0.5018,MESSAGE-GLOBIOM 1.0,SSP2-45,0.2680336920389763,3.9288861530944623,56.12694504420661,0.40651776625908864,0.2680336920389621,28.414320274062014,1.1973383539820701,0.7894538597684004
2032,SA1_AR6_fixed_split,SSP2-4.5,S1,"NATO→3.5%, nonNATO holds",0.07,165.76272375337751,83.17973477944484,82.58298897393267,0.5018,0.033179069054221584,0.022985547972701727,2.7598261641590374,1.898215254789427,4.658041418948464,0.9477191930552313,0.3228493954363975,0.3384711403768683,0.8182026991162393,4.414515254783684,52.01254929364329,56.42706454842697,56.105898140781484,0.07823400508447587,AR6 World GDP level and trajectory (unrebased),Fixed original NATO GDP share = 0.5018,MESSAGE-GLOBIOM 1.0,SSP2-45,0.3211664076454852,3.927412869854704,56.10589814078149,0.4871023849289795,0.3211664076454781,32.8288355288457,1.6844407389110496,1.1106202674138785
2033,SA1_AR6_fixed_split,SSP2-4.5,S1,"NATO→3.5%, nonNATO holds",0.07,170.15213545456908,85.38234157110277,84.7697938834663,0.5018,0.03399498385901843,0.022985547972701727,2.902571323554837,1.9484801639444522,4.851051487499289,0.9229259597607133,0.3144033489294738,0.3296164142002547,0.7967977401895385,4.477161349948918,51.97121438091889,56.4483757308678,56.08493675705109,0.07931426355463157,AR6 World GDP level and trajectory (unrebased),Fixed original NATO GDP share = 0.5018,MESSAGE-GLOBIOM 1.0,SSP2-45,0.363438973816713,3.925945572993577,56.084936757051096,0.5512157769553405,0.36343897381670587,37.305996878794616,2.23565651586639,1.4740592412305844
2034,SA1_AR6_fixed_split,SSP2-4.5,S1,"NATO→3.5%, nonNATO holds",0.07,174.65777916888334,87.64327358694567,87.01450558193767,0.5018,0.034591224067421655,0.022985547972701727,3.0316881146483756,2.0000760923745506,5.031764207022926,0.8987825864769503,0.30617868330533476,0.3209937808846251,0.7759538305892034,4.5224620485302065,51.935869915353436,56.458331963883644,56.064060896331775,0.08010265077302005,AR6 World GDP level and trajectory (unrebased),Fixed original NATO GDP share = 0.5018,MESSAGE-GLOBIOM 1.0,SSP2-45,0.3942710675518697,3.9244842627432246,56.06406089633179,0.5979777857869819,0.3942710675518555,41.828458927324824,2.833634301653372,1.8683303087824399
2035,SA1_AR6_fixed_split,SSP2-4.5,S1,"NATO→3.5%, nonNATO holds",0.07,179.28273273038877,89.96407528410909,89.31865744627969,0.5018,0.03499999999999057,0.022985547972701727,3.14874263494297,2.053038285588774,5.2017809205317445,0.8752720086879081,0.2981695853771995,0.3125971459599672,0.7556562378573702,4.552973235068255,51.90564522321332,56.45861845828158,56.04327057142313,0.08064266110996925,AR6 World GDP level and trajectory (unrebased),Fixed original NATO GDP share = 0.5018,MESSAGE-GLOBIOM 1.0,SSP2-45,0.4153478868584486,3.9230289399996185,56.043270571423136,0.6299442950686367,0.4153478868584415,46.38143216239308,3.4635785967220087,2.2836781956408814
2036,SA1_AR6_fixed_split,SSP2-4.5,S1,"NATO→3.5%, nonNATO holds",0.07,184.0301554744741,92.34633201709111,91.68382345738299,0.5018,0.035,0.022985547972701727,3.2321216205981895,2.1074029224003925,5.339524542998582,0.8523276789563192,0.2903533851389659,0.3044027424843997,0.7358475090130395,4.551024560464283,51.88342958357153,56.43445414403581,56.01928402626037,0.08064266110998171,AR6 World GDP level and trajectory (unrebased),Fixed original NATO GDP share = 0.5018,MESSAGE-GLOBIOM 1.0,SSP2-45,0.415170117775439,3.9213498818382266,56.01928402626038,0.6296746786260563,0.4151701177754319,50.93245672285736,4.093253275348065,2.6988483134163133
2037,SA1_AR6_fixed_split,SSP2-4.5,S1,"NATO→3.5%, nonNATO holds",0.07,188.9032903960116,94.79167112071863,94.11161927529298,0.5018,0.035,0.022985547972701727,3.3177084892251525,2.163207139640887,5.48091562886604,0.829985922252736,0.28274245703115186,0.29642354366169144,0.7165590048107143,4.549082813013815,51.86129291615149,56.41037572916531,55.99538274853933,0.0806426611099817,AR6 World GDP level and trajectory (unrebased),Fixed original NATO GDP share = 0.5018,MESSAGE-GLOBIOM 1.0,SSP2-45,0.414992980625982,3.919676792397753,55.99538274853933,0.6294060206160617,0.414992980625982,55.48153953587118,4.722659295964126,3.1138412940422953
2038,SA1_AR6_fixed_split,SSP2-4.5,S1,"NATO→3.5%, nonNATO holds",0.07,193.905466364666,97.30176302178941,96.6037033428766,0.5018,0.035,0.022985547972701727,3.4055617057626297,2.220489057528336,5.626050763290966,0.8082308857288943,0.27533140063292005,0.2886538877603194,0.6977770388722633,4.547147991570379,51.839235207874246,56.38638319944462,55.9715667241387,0.08064266110998172,AR6 World GDP level and trajectory (unrebased),Fixed original NATO GDP share = 0.5018,MESSAGE-GLOBIOM 1.0,SSP2-45,0.41481647530592625,3.9180096706897087,55.97156672413869,0.6291383208806707,0.41481647530593335,60.028687527441555,5.351797616844797,3.5286577693482286
2039,SA1_AR6_fixed_split,SSP2-4.5,S1,"NATO→3.5%, nonNATO holds",0.07,199.04010039886774,99.87832238015183,99.1617780187159,0.5018,0.035,0.022985547972701727,3.4957412833053145,2.279287805707594,5.775029089012909,0.7870471347650387,0.2681149579968814,0.28108826241608525,0.6794882858924313,4.545220097692362,51.81725647650601,56.362476574198375,55.94783597224089,0.08064266110998171,AR6 World GDP level and trajectory (unrebased),Fixed original NATO GDP share = 0.5018,MESSAGE-GLOBIOM 1.0,SSP2-45,0.41464060195748687,3.9163485180568625,55.94783597224091,0.6288715796354998,0.41464060195746555,64.57390762513391,5.980669196480298,3.943298371305694
2040,SA1_AR6_fixed_split,SSP2-4.5,S1,"NATO→3.5%, nonNATO holds",0.07,204.31069999999988,102.52310925999994,101.78759073999994,0.5018,0.035,0.022985547972701727,3.588308824099998,2.3396435499799986,5.927952374079997,0.7664196409633626,0.26108800955894773,0.27372130034405806,0.6616797712731105,4.543299130190304,51.79535670848649,56.33865583867679,55.924190478204714,0.0806426611099817,AR6 World GDP level and trajectory (unrebased),Fixed original NATO GDP share = 0.5018,MESSAGE-GLOBIOM 1.0,SSP2-45,0.4144653604720787,3.9146933334743297,55.92419047820472,0.6286057967159744,0.4144653604720716,69.11720675532422,6.609274993196271,4.357763731777766
2041,SA1_AR6_fixed_split,SSP2-4.5,S1,"NATO→3.5%, nonNATO holds",0.07,208.80012660245816,104.7759035291135,104.02422307334466,0.5018,0.035,0.022985547972701727,3.667156623518973,2.3910537697753895,6.058210393294363,0.7468211638637474,0.25441160527226564,0.26672184423705264,0.6447596466423345,4.524399736851548,51.579896358748535,56.104296095600084,55.691554844337716,0.08064266110998171,AR6 World GDP level and trajectory (unrebased),Fixed original NATO GDP share = 0.5018,MESSAGE-GLOBIOM 1.0,SSP2-45,0.4127412512623678,3.8984088391036407,55.69155484433772,0.625990897747907,0.4127412512623607,73.64160649217577,7.235265890944179,4.7705049830401265
2042,SA1_AR6_fixed_split,SSP2-4.5,S1,"NATO→3.5%, nonNATO holds",0.07,213.3882017398134,107.07819963303838,106.31000210677503,0.5018,0.035,0.022985547972701727,3.7477369871563435,2.443593653403299,6.191330640559642,0.7277137897900374,0.24790249981858423,0.2598977820678705,0.6282635102818018,4.505516684284838,51.36462230009398,55.87013898437881,55.45912035162881,0.0806426611099817,AR6 World GDP level and trajectory (unrebased),Fixed original NATO GDP share = 0.5018,MESSAGE-GLOBIOM 1.0,SSP2-45,0.4110186327500003,3.8821384246140167,55.459120351628826,0.623378259670821,0.41101863274998607,78.14712317646061,7.8586441506149995,5.181523615790113
2043,SA1_AR6_fixed_split,SSP2-4.5,S1,"NATO→3.5%, nonNATO holds",0.07,218.0770930682727,109.43108530165924,108.64600776661345,0.5018,0.035,0.022985547972701727,3.8300879855580736,2.497288023562018,6.3273760091200915,0.7090854038363034,0.24155656614203744,0.2532447870843941,0.6121809029238268,4.486649972651057,51.14953453435691,55.63618450700797,55.22688700205831,0.0806426611099817,AR6 World GDP level and trajectory (unrebased),Fixed original NATO GDP share = 0.5018,MESSAGE-GLOBIOM 1.0,SSP2-45,0.4092975049496559,3.8658820901440816,55.22688700205831,0.6207678825069758,0.4092975049496559,82.63377314911166,8.479412033121974,5.5908211207397684
2044,SA1_AR6_fixed_split,SSP2-4.5,S1,"NATO→3.5%, nonNATO holds",0.07,222.86901587509283,111.83567216612158,111.03334370897124,0.5018,0.035,0.022985547972701727,3.914248525814256,2.552162248392038,6.4664107742062935,0.6909241860734775,0.23536977767338246,0.2467586378833848,0.5965016199656774,4.4677996009852485,50.93463305053645,55.40243265152169,54.99485478374837,0.0806426611099817,AR6 World GDP level and trajectory (unrebased),Fixed original NATO GDP share = 0.5018,MESSAGE-GLOBIOM 1.0,SSP2-45,0.4075778677733197,3.8496398348623866,54.99485478374838,0.6181597661228619,0.4075778677733126,87.10157275009692,9.097571799244838,5.998398988513081
2045,SA1_AR6_fixed_split,SSP2-4.5,S1,"NATO→3.5%, nonNATO holds",0.07,227.7662341252057,114.29309628402822,113.47313784117748,0.5018,0.035,0.022985547972701727,4.000258369940989,2.6082422534613805,6.608500623402369,0.6732186048223276,0.2293382060383754,0.24043521600797416,0.5812157056618733,4.448965569654425,50.71991785281669,55.16888342247112,54.763023701216646,0.0806426611099817,AR6 World GDP level and trajectory (unrebased),Fixed original NATO GDP share = 0.5018,MESSAGE-GLOBIOM 1.0,SSP2-45,0.40585972125447256,3.8334116590851655,54.76302370121665,0.6155539105692598,0.40585972125446546,91.55053831975134,9.713125709814097,6.4042587097675465
2046,SA1_AR6_fixed_split,SSP2-4.5,S1,"NATO→3.5%, nonNATO holds",0.07,232.7710615308356,116.8045186761733,115.9665428546623,0.5018,0.035,0.022985547972701727,4.088158153666066,2.665554534014211,6.753712687680276,0.655952063971579,0.22345619761669178,0.23426859427556396,0.5663088319465279,4.430111776954917,50.50497736789688,54.935089144851794,54.53094937285966,0.0806426611099817,AR6 World GDP level and trajectory (unrebased),Fixed original NATO GDP share = 0.5018,MESSAGE-GLOBIOM 1.0,SSP2-45,0.4041397719921349,3.8171664561001752,54.53094937285966,0.6129453208547422,0.4041397719921349,95.98065009670626,10.326071030668839,6.808398481759681
2047,SA1_AR6_fixed_split,SSP2-4.5,S1,"NATO→3.5%, nonNATO holds",0.07,237.88586264462404,119.37112587507235,118.51473676955169,0.5018,0.035,0.022985547972701727,4.177989405627533,2.7241261674886474,6.9021155731161805,0.6391192222636638,0.21772193285905034,0.22825686509416565,0.551776387505034,4.411274737063936,50.290227871434695,54.70150260849863,54.29908125748317,0.08064266110998172,AR6 World GDP level and trajectory (unrebased),Fixed original NATO GDP share = 0.5018,MESSAGE-GLOBIOM 1.0,SSP2-45,0.4024213510154624,3.8009356880238214,54.299081257483174,0.6103390490401144,0.4024213510154553,100.39192483377019,10.936410079708953,7.210819832775137
2048,SA1_AR6_fixed_split,SSP2-4.5,S1,"NATO→3.5%, nonNATO holds",0.07,243.11305397677407,121.99413048554523,121.11892349122884,0.5018,0.035,0.022985547972701727,4.269794566994084,2.7839848263096307,7.0537793933037145,0.6227093596344881,0.212131759875485,0.22239619986946002,0.537609117290706,4.392454449007104,50.07566935232191,54.468123801329014,54.06741934309347,0.08064266110998171,AR6 World GDP level and trajectory (unrebased),Fixed original NATO GDP share = 0.5018,MESSAGE-GLOBIOM 1.0,SSP2-45,0.4007044582355448,3.7847193540165436,54.06741934309348,0.6077350949905607,0.4007044582355306,104.7843792827773,11.544145174699514,7.611524291010667
2049,SA1_AR6_fixed_split,SSP2-4.5,S1,"NATO→3.5%, nonNATO holds",0.07,248.45510513673833,124.6747717576153,123.78033337912302,0.5018,0.035,0.022985547972701727,4.363617011516536,2.845158790962845,7.208775802479381,0.6067120178231236,0.20668211596172345,0.21668286350825844,0.5237979922816753,4.373650913156772,49.86130181480343,54.234952727960206,53.835963634273874,0.0806426611099817,AR6 World GDP level and trajectory (unrebased),Fixed original NATO GDP share = 0.5018,MESSAGE-GLOBIOM 1.0,SSP2-45,0.39898909368633184,3.768517454399171,53.835963634273874,0.6051334587576012,0.39898909368633184,109.15803019593407,12.149278633457115,8.010513384697
2050,SA1_AR6_fixed_split,SSP2-4.5,S1,"NATO→3.5%, nonNATO holds",0.07,253.91454000000022,127.41431617200011,126.5002238280001,0.5018,0.035,0.022985547972701727,4.459501066020004,2.9076769633560025,7.3671780293760065,0.5911169937474,0.20136952534252092,0.21111321205264286,0.5103342037617818,4.354864129126639,49.647125254475284,54.001989383601924,53.604714126269315,0.0806426611099817,AR6 World GDP level and trajectory (unrebased),Fixed original NATO GDP share = 0.5018,MESSAGE-GLOBIOM 1.0,SSP2-45,0.39727525733260904,3.752329988838852,53.60471412626932,0.6025341402877871,0.39727525733260194,113.51289432506071,12.751812773744902,8.407788642029601
2025,SA1_AR6_fixed_split,SSP2-4.5,S2,"NATO→3.5%, nonNATO→3.5%",0.07,132.3421461836991,66.40928895498021,65.93285722871889,0.5018,0.027,0.022985547972701727,1.7930508017844657,1.515502852808012,3.308553654592478,1.1582938971955066,0.39458363530835944,0.41367639185553806,1.0,3.832277506658357,50.914544017032455,54.74682152369081,54.74682152369081,0.07,AR6 World GDP level and trajectory (unrebased),Fixed original NATO GDP share = 0.5018,MESSAGE-GLOBIOM 1.0,SSP2-45,0.0,3.832277506658357,54.74682152369081,0.0,0.0,3.832277506658357,0.0,0.0
2026,SA1_AR6_fixed_split,SSP2-4.5,S2,"NATO→3.5%, nonNATO→3.5%",0.07,136.9984651539472,68.74582981425071,68.25263533969648,0.5018,0.02740877593256891,0.023599450326672138,1.8842390456773133,1.6107246773636346,3.494963723040948,1.1246632525781222,0.38312704208705267,0.40166544734932935,0.9709653614693026,3.9306572683977756,51.14880161148772,55.07945887988549,55.02754979223171,0.07136339659707905,AR6 World GDP level and trajectory (unrebased),Fixed original NATO GDP share = 0.5018,MESSAGE-GLOBIOM 1.0,SSP2-45,0.051909087653783104,3.8519284854562197,55.02754979223172,0.07872878294155594,0.051909087653776,7.762934775056133,0.07872878294155594,0.051909087653776
2027,SA1_AR6_fixed_split,SSP2-4.5,S2,"NATO→3.5%, nonNATO→3.5%",0.07,141.81861180100074,71.16457940174217,70.65403239925857,0.5018,0.028005016140972137,0.024494887749248,1.9929651948112828,1.73066259265157,3.7236277874628527,1.0919759310472754,0.37199180068643456,0.3899914039454555,0.9427451303086358,4.066111920088255,51.37020176896036,55.43631368904861,55.308039521867826,0.07334744411209851,AR6 World GDP level and trajectory (unrebased),Fixed original NATO GDP share = 0.5018,MESSAGE-GLOBIOM 1.0,SSP2-45,0.1282741671807841,3.8715627665307477,55.30803952186783,0.19454915355750702,0.128274167180777,11.829046695144388,0.27327793649906296,0.180183254834553
2028,SA1_AR6_fixed_split,SSP2-4.5,S2,"NATO→3.5%, nonNATO→3.5%",0.07,146.8083502290495,73.66843014493703,73.13992008411246,0.5018,0.028820930945768986,0.025720233909322272,2.1231927380904367,1.8811758526725104,4.004368590762947,1.0602068188790803,0.36116935588188454,0.3786452924568144,0.9153176248671279,4.2454588852320905,51.576422065668424,55.821880950900514,55.58829070758088,0.07605366950938623,AR6 World GDP level and trajectory (unrebased),Fixed original NATO GDP share = 0.5018,MESSAGE-GLOBIOM 1.0,SSP2-45,0.2335902433196324,3.891180349530662,55.58829070758089,0.3542785357014284,0.2335902433196253,16.074505580376478,0.6275564722004914,0.4137734981541783
2029,SA1_AR6_fixed_split,SSP2-4.5,S2,"NATO→3.5%, nonNATO→3.5%",0.07,151.97364734621675,76.26037623833157,75.71327110788518,0.5018,0.029845109579542582,0.027258352042179364,2.275999285410151,2.063818998123702,4.3398182835338535,1.029331414689647,0.35065136104812156,0.3676183623891596,0.8886616921507511,4.467111293285897,51.76800309757549,56.23511439086138,55.868303363723854,0.07943633335992352,AR6 World GDP level and trajectory (unrebased),Fixed original NATO GDP share = 0.5018,MESSAGE-GLOBIOM 1.0,SSP2-45,0.3668110271375298,3.9107812354606706,55.86830336372386,0.5563300578252264,0.36681102713752267,20.541616873662374,1.1838865300257178,0.780584525291701
2030,SA1_AR6_fixed_split,SSP2-4.5,S2,"NATO→3.5%, nonNATO→3.5%",0.07,157.32067999999987,78.94351722399993,78.37716277599993,0.5018,0.030999999999995285,0.028992773986343784,2.4472490339436255,2.2723713660554434,4.719620399999069,0.9993258161225415,0.34042967362416254,0.356902077186622,0.8627566963290897,4.716438508017665,51.949928914329654,56.66636742234732,56.14807747641181,0.0832317073170577,AR6 World GDP level and trajectory (unrebased),Fixed original NATO GDP share = 0.5018,MESSAGE-GLOBIOM 1.0,SSP2-45,0.5182899459355141,3.9303654233488263,56.14807747641181,0.7860730846688391,0.5182899459355141,25.25805538168004,1.9699596146945568,1.298874471227215
2031,SA1_AR6_fixed_split,SSP2-4.5,S2,"NATO→3.5%, nonNATO→3.5%",0.07,161.48654563007247,81.03394859717037,80.4525970329021,0.5018,0.03215489042044799,0.0307271959305082,2.605637737478228,2.4720827121482056,5.077720449626433,0.9731798120431933,0.3315227931136153,0.3475642185868547,0.8401838379702106,4.941535032775331,51.85309059144063,56.79462562421597,56.12694504420659,0.08700708875996833,AR6 World GDP level and trajectory (unrebased),Fixed original NATO GDP share = 0.5018,MESSAGE-GLOBIOM 1.0,SSP2-45,0.6676805800093746,3.9288861530944623,56.12694504420661,1.0126488796808686,0.6676805800093604,30.199590414455372,2.9826084943754254,1.9665550512365755
2032,SA1_AR6_fixed_split,SSP2-4.5,S2,"NATO→3.5%, nonNATO→3.5%",0.07,165.76272375337751,83.17973477944484,82.58298897393267,0.5018,0.033179069054221584,0.032265314063365295,2.7598261641590374,2.664566075535371,5.424392239694408,0.9477191930552313,0.3228493954363975,0.3384711403768683,0.8182026991162393,5.140800636218244,51.765133394473274,56.90593403069152,56.105898140781484,0.09033856879399635,AR6 World GDP level and trajectory (unrebased),Fixed original NATO GDP share = 0.5018,MESSAGE-GLOBIOM 1.0,SSP2-45,0.8000358899100348,3.927412869854704,56.10589814078149,1.2133877663635397,0.8000358899100277,35.34039105067362,4.195996260738966,2.766590941146603
2033,SA1_AR6_fixed_split,SSP2-4.5,S2,"NATO→3.5%, nonNATO→3.5%",0.07,170.15213545456908,85.38234157110277,84.7697938834663,0.5018,0.03399498385901843,0.033490660223439564,2.902571323554837,2.8389963641621754,5.741567687717012,0.9229259597607133,0.3144033489294738,0.3296164142002547,0.7967977401895385,5.299041868717323,51.69123310529449,56.99027497401181,56.08493675705109,0.09298151081274382,AR6 World GDP level and trajectory (unrebased),Fixed original NATO GDP share = 0.5018,MESSAGE-GLOBIOM 1.0,SSP2-45,0.9053382169607218,3.925945572993577,56.084936757051096,1.3730962957237458,0.9053382169607147,40.63943291939094,5.569092556462711,3.671929158107318
2034,SA1_AR6_fixed_split,SSP2-4.5,S2,"NATO→3.5%, nonNATO→3.5%",0.07,174.65777916888334,87.64327358694567,87.01450558193767,0.5018,0.034591224067421655,0.034386097646015426,3.0316881146483756,2.992089285560263,6.023777400208639,0.8987825864769503,0.30617868330533476,0.3209937808846251,0.7759538305892034,5.41406623212092,51.63213662204231,57.04620285416323,56.064060896331775,0.0949066889861505,AR6 World GDP level and trajectory (unrebased),Fixed original NATO GDP share = 0.5018,MESSAGE-GLOBIOM 1.0,SSP2-45,0.9821419578314519,3.9244842627432246,56.06406089633179,1.4895819693776953,0.9821419578314377,46.05349915151186,7.058674525840406,4.6540711159387556
2035,SA1_AR6_fixed_split,SSP2-4.5,S2,"NATO→3.5%, nonNATO→3.5%",0.07,179.28273273038877,89.96407528410909,89.31865744627969,0.5018,0.03499999999999057,0.03499999999998584,3.14874263494297,3.1261530106185242,6.274895645561495,0.8752720086879081,0.2981695853771995,0.3125971459599672,0.7556562378573702,5.492240515997618,51.58567505058903,57.07791556658665,56.04327057142313,0.09622356495465244,AR6 World GDP level and trajectory (unrebased),Fixed original NATO GDP share = 0.5018,MESSAGE-GLOBIOM 1.0,SSP2-45,1.034644995163518,3.9230289399996185,56.043270571423136,1.5692115759979992,1.0346449951635108,51.54573966750947,8.627886101838406,5.688716111102266
2036,SA1_AR6_fixed_split,SSP2-4.5,S2,"NATO→3.5%, nonNATO→3.5%",0.07,184.0301554744741,92.34633201709111,91.68382345738299,0.5018,0.035,0.035,3.2321216205981895,3.208933821008405,6.441055441606594,0.8523276789563192,0.2903533851389659,0.3044027424843997,0.7358475090130395,5.4898898345735185,51.56359635832552,57.05348619289904,56.01928402626037,0.0962235649546828,AR6 World GDP level and trajectory (unrebased),Fixed original NATO GDP share = 0.5018,MESSAGE-GLOBIOM 1.0,SSP2-45,1.0342021666386643,3.9213498818382266,56.01928402626038,1.568539952735292,1.0342021666386572,57.035629502083,10.196426054573697,6.7229182777409235
2037,SA1_AR6_fixed_split,SSP2-4.5,S2,"NATO→3.5%, nonNATO→3.5%",0.07,188.9032903960116,94.79167112071863,94.11161927529298,0.5018,0.035,0.035,3.3177084892251525,3.2939066746352546,6.611615163860407,0.829985922252736,0.28274245703115186,0.29642354366169144,0.7165590048107143,5.487547509356854,51.541596151463196,57.02914366082005,55.99538274853933,0.09622356495468279,AR6 World GDP level and trajectory (unrebased),Fixed original NATO GDP share = 0.5018,MESSAGE-GLOBIOM 1.0,SSP2-45,1.0337609122807194,3.919676792397753,55.99538274853933,1.5678707169591006,1.0337609122807194,62.52317701143985,11.764296771532798,7.756679190021643
2038,SA1_AR6_fixed_split,SSP2-4.5,S2,"NATO→3.5%, nonNATO→3.5%",0.07,193.905466364666,97.30176302178941,96.6037033428766,0.5018,0.035,0.035,3.4055617057626297,3.3811296170006813,6.7866913227633106,0.8082308857288943,0.27533140063292005,0.2886538877603194,0.6977770388722633,5.485213538965592,51.51967441700335,57.00488795596894,55.9715667241387,0.09622356495468279,AR6 World GDP level and trajectory (unrebased),Fixed original NATO GDP share = 0.5018,MESSAGE-GLOBIOM 1.0,SSP2-45,1.033321231830243,3.9180096706897087,55.97156672413869,1.5672038682758833,1.03332123183025,68.00839055040544,13.33150063980868,8.790000421851893
2039,SA1_AR6_fixed_split,SSP2-4.5,S2,"NATO→3.5%, nonNATO→3.5%",0.07,199.04010039886774,99.87832238015183,99.1617780187159,0.5018,0.035,0.035,3.4957412833053145,3.470662230655057,6.966403513960372,0.7870471347650387,0.2681149579968814,0.28108826241608525,0.6794882858924313,5.482887925279608,51.49783117260267,56.98071909788228,55.94783597224089,0.09622356495468276,AR6 World GDP level and trajectory (unrebased),Fixed original NATO GDP share = 0.5018,MESSAGE-GLOBIOM 1.0,SSP2-45,1.0328831256413906,3.9163485180568625,55.94783597224091,1.5665394072227459,1.0328831256413693,73.49127847568505,14.898040047031428,9.822883547493262
2040,SA1_AR6_fixed_split,SSP2-4.5,S2,"NATO→3.5%, nonNATO→3.5%",0.07,204.31069999999988,102.52310925999994,101.78759073999994,0.5018,0.035,0.035,3.588308824099998,3.5625656758999984,7.150874499999997,0.7664196409633626,0.26108800955894773,0.27372130034405806,0.6616797712731105,5.480570666864063,51.47606640478444,56.9566370716485,55.924190478204714,0.09622356495468277,AR6 World GDP level and trajectory (unrebased),Fixed original NATO GDP share = 0.5018,MESSAGE-GLOBIOM 1.0,SSP2-45,1.0324465934437868,3.9146933334743297,55.92419047820472,1.5658773333897331,1.0324465934437796,78.9718491425491,16.46391738042116,10.855330140937042
2041,SA1_AR6_fixed_split,SSP2-4.5,S2,"NATO→3.5%, nonNATO→3.5%",0.07,208.80012660245816,104.7759035291135,104.02422307334466,0.5018,0.035,0.035,3.667156623518973,3.6408478075670634,7.308004431086037,0.7468211638637474,0.25441160527226564,0.26672184423705264,0.6447596466423345,5.4577723747450975,51.26193425133425,56.71970662607935,55.691554844337716,0.09622356495468277,AR6 World GDP level and trajectory (unrebased),Fixed original NATO GDP share = 0.5018,MESSAGE-GLOBIOM 1.0,SSP2-45,1.0281517817416344,3.8984088391036407,55.69155484433772,1.5593635356414568,1.0281517817416272,84.42962151729421,18.023280916062618,11.88348192267867
2042,SA1_AR6_fixed_split,SSP2-4.5,S2,"NATO→3.5%, nonNATO→3.5%",0.07,213.3882017398134,107.07819963303838,106.31000210677503,0.5018,0.035,0.035,3.7477369871563435,3.7208500737371266,7.46858706089347,0.7277137897900374,0.24790249981858423,0.2598977820678705,0.6282635102818018,5.434993794459624,51.047987240583886,56.48298103504351,55.45912035162881,0.09622356495468276,AR6 World GDP level and trajectory (unrebased),Fixed original NATO GDP share = 0.5018,MESSAGE-GLOBIOM 1.0,SSP2-45,1.0238606834146964,3.8821384246140167,55.459120351628826,1.5528553698456071,1.0238606834146822,89.86461531175384,19.576136285908223,12.907342606093351
2043,SA1_AR6_fixed_split,SSP2-4.5,S2,"NATO→3.5%, nonNATO→3.5%",0.07,218.0770930682727,109.43108530165924,108.64600776661345,0.5018,0.035,0.035,3.8300879855580736,3.802610271831471,7.632698257389545,0.7090854038363034,0.24155656614203744,0.2532447870843941,0.6121809029238268,5.412234926201714,50.83422537435614,56.24646030055785,55.22688700205831,0.09622356495468277,AR6 World GDP level and trajectory (unrebased),Fixed original NATO GDP share = 0.5018,MESSAGE-GLOBIOM 1.0,SSP2-45,1.0195732984995374,3.8658820901440816,55.22688700205831,1.5463528360576326,1.0195732984995374,95.27685023795554,21.122489121965856,13.926915904592889
2044,SA1_AR6_fixed_split,SSP2-4.5,S2,"NATO→3.5%, nonNATO→3.5%",0.07,222.86901587509283,111.83567216612158,111.03334370897124,0.5018,0.035,0.035,3.914248525814256,3.886167029813994,7.80041555562825,0.6909241860734775,0.23536977767338246,0.2467586378833848,0.5965016199656774,5.3894957688073415,50.62064864171793,56.01014441052527,54.99485478374837,0.09622356495468279,AR6 World GDP level and trajectory (unrebased),Fixed original NATO GDP share = 0.5018,MESSAGE-GLOBIOM 1.0,SSP2-45,1.015289626776898,3.8496398348623866,54.99485478374838,1.539855933944955,1.015289626776891,100.6663460067629,22.662345055910812,14.94220553136978
2045,SA1_AR6_fixed_split,SSP2-4.5,S2,"NATO→3.5%, nonNATO→3.5%",0.07,227.7662341252057,114.29309628402822,113.47313784117748,0.5018,0.035,0.035,4.000258369940989,3.971559824441212,7.9718181943822,0.6732186048223276,0.2293382060383754,0.24043521600797416,0.5812157056618733,5.3667763227192316,50.40725704682758,55.774033369546814,54.763023701216646,0.09622356495468276,AR6 World GDP level and trajectory (unrebased),Fixed original NATO GDP share = 0.5018,MESSAGE-GLOBIOM 1.0,SSP2-45,1.0110096683301677,3.8334116590851655,54.76302370121665,1.533364663634066,1.0110096683301606,106.03312232948213,24.19570971954488,15.95321519969994
2046,SA1_AR6_fixed_split,SSP2-4.5,S2,"NATO→3.5%, nonNATO→3.5%",0.07,232.7710615308356,116.8045186761733,115.9665428546623,0.5018,0.035,0.035,4.088158153666066,4.058828999913181,8.146987153579246,0.655952063971579,0.22345619761669178,0.23426859427556396,0.5663088319465279,5.344033038540246,50.193641553510666,55.53767459205091,54.53094937285966,0.09622356495468277,AR6 World GDP level and trajectory (unrebased),Fixed original NATO GDP share = 0.5018,MESSAGE-GLOBIOM 1.0,SSP2-45,1.006725219191253,3.8171664561001752,54.53094937285966,1.526866582440071,1.006725219191253,111.37715536802237,25.722576301984947,16.959940418891193
2047,SA1_AR6_fixed_split,SSP2-4.5,S2,"NATO→3.5%, nonNATO→3.5%",0.07,237.88586264462404,119.37112587507235,118.51473676955169,0.5018,0.035,0.035,4.177989405627533,4.14801578693431,8.326005192561842,0.6391192222636638,0.21772193285905034,0.22825686509416565,0.551776387505034,5.321309963233351,49.98021587131105,55.30152583454441,54.29908125748317,0.09622356495468277,AR6 World GDP level and trajectory (unrebased),Fixed original NATO GDP share = 0.5018,MESSAGE-GLOBIOM 1.0,SSP2-45,1.0024445770612402,3.8009356880238214,54.299081257483174,1.5203742752095297,1.0024445770612331,116.69846533125572,27.242950577194478,17.962384995952426
2048,SA1_AR6_fixed_split,SSP2-4.5,S2,"NATO→3.5%, nonNATO→3.5%",0.07,243.11305397677407,121.99413048554523,121.11892349122884,0.5018,0.035,0.035,4.269794566994084,4.2391623221930095,8.508956889187093,0.6227093596344881,0.212131759875485,0.22239619986946002,0.537609117290706,5.2986070956231615,49.76697998918897,55.06558708481213,54.06741934309347,0.09622356495468279,AR6 World GDP level and trajectory (unrebased),Fixed original NATO GDP share = 0.5018,MESSAGE-GLOBIOM 1.0,SSP2-45,0.9981677417186603,3.7847193540165436,54.06741934309348,1.5138877416066179,0.9981677417186461,121.99707242687887,28.756838318801098,18.960552737671073
2049,SA1_AR6_fixed_split,SSP2-4.5,S2,"NATO→3.5%, nonNATO→3.5%",0.07,248.45510513673833,124.6747717576153,123.78033337912302,0.5018,0.035,0.035,4.363617011516536,4.332311668269306,8.695928679785842,0.6067120178231236,0.20668211596172345,0.21668286350825844,0.5237979922816753,5.2759244361588395,49.55393391136317,54.829858347522006,53.835963634273874,0.09622356495468277,AR6 World GDP level and trajectory (unrebased),Fixed original NATO GDP share = 0.5018,MESSAGE-GLOBIOM 1.0,SSP2-45,0.9938947132481317,3.768517454399171,53.835963634273874,1.5074069817596687,0.9938947132481317,127.27299686303772,30.264245300560766,19.954447450919204
2050,SA1_AR6_fixed_split,SSP2-4.5,S2,"NATO→3.5%, nonNATO→3.5%",0.07,253.91454000000022,127.41431617200011,126.5002238280001,0.5018,0.035,0.035,4.459501066020004,4.427507833980004,8.887008900000009,0.5911169937474,0.20136952534252092,0.21111321205264286,0.5103342037617818,5.253261984374393,49.34107763345683,54.59433961783122,53.604714126269315,0.09622356495468276,AR6 World GDP level and trajectory (unrebased),Fixed original NATO GDP share = 0.5018,MESSAGE-GLOBIOM 1.0,SSP2-45,0.9896254915619025,3.752329988838852,53.60471412626932,1.5009319955355407,0.9896254915618954,132.52625884741212,31.765177296096304,20.9440729424811
2025,SA1_AR6_fixed_split,SSP2-4.5,S3,"NATO→5%, nonNATO→3.5%",0.07,132.3421461836991,66.40928895498021,65.93285722871889,0.5018,0.027,0.022985547972701727,1.7930508017844657,1.515502852808012,3.308553654592478,1.1582938971955066,0.39458363530835944,0.41367639185553806,1.0,3.832277506658357,50.914544017032455,54.74682152369081,54.74682152369081,0.07,AR6 World GDP level and trajectory (unrebased),Fixed original NATO GDP share = 0.5018,MESSAGE-GLOBIOM 1.0,SSP2-45,0.0,3.832277506658357,54.74682152369081,0.0,0.0,3.832277506658357,0.0,0.0
2026,SA1_AR6_fixed_split,SSP2-4.5,S3,"NATO→5%, nonNATO→3.5%",0.07,136.9984651539472,68.74582981425071,68.25263533969648,0.5018,0.02817523080613562,0.023599450326672138,1.9369296219758332,1.6107246773636346,3.5476542993394675,1.1246632525781222,0.38312704208705267,0.40166544734932935,0.9709653614693026,3.9899164233178848,51.12861442684461,55.11853085016249,55.02754979223171,0.07238793127785484,AR6 World GDP level and trajectory (unrebased),Fixed original NATO GDP share = 0.5018,MESSAGE-GLOBIOM 1.0,SSP2-45,0.09098105793078304,3.8519284854562197,55.02754979223172,0.13798793786166508,0.09098105793077593,7.822193929976242,0.13798793786166508,0.09098105793077593
2027,SA1_AR6_fixed_split,SSP2-4.5,S3,"NATO→5%, nonNATO→3.5%",0.07,141.81861180100074,71.16457940174217,70.65403239925857,0.5018,0.029889421405294894,0.024494887749248,2.1270681028692406,1.73066259265157,3.857730695520811,1.0919759310472754,0.37199180068643456,0.3899914039454555,0.9427451303086358,4.212549067970991,51.32031658671458,55.53286565468557,55.308039521867826,0.07585686454874237,AR6 World GDP level and trajectory (unrebased),Fixed original NATO GDP share = 0.5018,MESSAGE-GLOBIOM 1.0,SSP2-45,0.22482613281774633,3.8715627665307477,55.30803952186783,0.340986301440243,0.22482613281773922,12.034742997947232,0.4789742393019081,0.31580719074851515
2028,SA1_AR6_fixed_split,SSP2-4.5,S3,"NATO→5%, nonNATO→3.5%",0.07,146.8083502290495,73.66843014493703,73.13992008411246,0.5018,0.03223517646908584,0.025720233909322272,2.374714845922568,1.8811758526725104,4.255890698595079,1.0602068188790803,0.36116935588188454,0.3786452924568144,0.9153176248671279,4.512124339054555,51.48557998799264,55.99770432704719,55.58829070758088,0.08057695209614468,AR6 World GDP level and trajectory (unrebased),Fixed original NATO GDP share = 0.5018,MESSAGE-GLOBIOM 1.0,SSP2-45,0.4094136194663065,3.891180349530662,55.58829070758089,0.6209439895238931,0.4094136194662994,16.546867337001785,1.0999182288258011,0.7252208102148145
2029,SA1_AR6_fixed_split,SSP2-4.5,S3,"NATO→5%, nonNATO→3.5%",0.07,151.97364734621675,76.26037623833157,75.71327110788518,0.5018,0.03517969004118492,0.027258352042179364,2.6828163984886486,2.063818998123702,4.7466353966123505,1.029331414689647,0.35065136104812156,0.3676183623891596,0.8886616921507511,4.885860927810945,51.62535212317684,56.511213050987784,55.868303363723854,0.0864582560526993,AR6 World GDP level and trajectory (unrebased),Fixed original NATO GDP share = 0.5018,MESSAGE-GLOBIOM 1.0,SSP2-45,0.6429096872639306,3.9107812354606706,55.86830336372386,0.975079692350274,0.6429096872639235,21.43272826481273,2.074997921176075,1.368130497478738
2030,SA1_AR6_fixed_split,SSP2-4.5,S3,"NATO→5%, nonNATO→3.5%",0.07,157.32067999999987,78.94351722399993,78.37716277599993,0.5018,0.03849999999998644,0.028992773986343784,3.039325413122927,2.2723713660554434,5.31169677917837,0.9993258161225415,0.34042967362416254,0.356902077186622,0.8627566963290897,5.308115718847899,51.748368545805064,57.056484264652966,56.14807747641181,0.0930326462848032,AR6 World GDP level and trajectory (unrebased),Fixed original NATO GDP share = 0.5018,MESSAGE-GLOBIOM 1.0,SSP2-45,0.9084067882411588,3.9303654233488263,56.14807747641181,1.377750295499073,0.9084067882411588,26.740843983660632,3.452748216675148,2.276537285719897
2031,SA1_AR6_fixed_split,SSP2-4.5,S3,"NATO→5%, nonNATO→3.5%",0.07,161.48654563007247,81.03394859717037,80.4525970329021,0.5018,0.041820309958787966,0.0307271959305082,3.388864847518156,2.4720827121482056,5.860947559666362,0.9731798120431933,0.3315227931136153,0.3475642185868547,0.8401838379702106,5.703755844511122,51.5934329522779,57.29718879678902,56.12694504420659,0.09954687069796982,AR6 World GDP level and trajectory (unrebased),Fixed original NATO GDP share = 0.5018,MESSAGE-GLOBIOM 1.0,SSP2-45,1.1702437525824294,3.9288861530944623,56.12694504420661,1.7748696914166593,1.1702437525824152,32.444599828171754,5.2276179080918075,3.446781038302312
2032,SA1_AR6_fixed_split,SSP2-4.5,S3,"NATO→5%, nonNATO→3.5%",0.07,165.76272375337751,83.17973477944484,82.58298897393267,0.5018,0.04476482353088705,0.032265314063365295,3.7235261487478364,2.664566075535371,6.388092224283207,0.9477191930552313,0.3228493954363975,0.3384711403768683,0.8182026991162393,6.054117607960079,51.45400343706671,57.50812104502679,56.105898140781484,0.10527413342578039,AR6 World GDP level and trajectory (unrebased),Fixed original NATO GDP share = 0.5018,MESSAGE-GLOBIOM 1.0,SSP2-45,1.4022229042453063,3.927412869854704,56.10589814078149,2.126704738105375,1.4022229042452992,38.498717436131834,7.354322646197183,4.849003942547611
2033,SA1_AR6_fixed_split,SSP2-4.5,S3,"NATO→5%, nonNATO→3.5%",0.07,170.15213545456908,85.38234157110277,84.7697938834663,0.5018,0.04711057859467799,0.033490660223439564,4.022411513183079,2.8389963641621754,6.861407877345254,0.9229259597607133,0.3144033489294738,0.3296164142002547,0.7967977401895385,6.3325714505085875,51.339151599409554,57.67172304991814,56.08493675705109,0.10980374983815532,AR6 World GDP level and trajectory (unrebased),Fixed original NATO GDP share = 0.5018,MESSAGE-GLOBIOM 1.0,SSP2-45,1.5867862928670533,3.925945572993577,56.084936757051096,2.4066258775150104,1.5867862928670462,44.83128888664042,9.760948523712193,6.4357902354146574
2034,SA1_AR6_fixed_split,SSP2-4.5,S3,"NATO→5%, nonNATO→3.5%",0.07,174.65777916888334,87.64327358694567,87.01450558193767,0.5018,0.04882476919383726,0.034386097646015426,4.279162604274956,2.992089285560263,7.271251889835218,0.8987825864769503,0.30617868330533476,0.3209937808846251,0.7759538305892034,6.53527458047151,51.25018652535145,57.78546110582296,56.064060896331775,0.11309548207123261,AR6 World GDP level and trajectory (unrebased),Fixed original NATO GDP share = 0.5018,MESSAGE-GLOBIOM 1.0,SSP2-45,1.7214002094911862,3.9244842627432246,56.06406089633179,2.6107903177282856,1.721400209491172,51.36656346711193,12.371738841440479,8.15719044490583
2035,SA1_AR6_fixed_split,SSP2-4.5,S3,"NATO→5%, nonNATO→3.5%",0.07,179.28273273038877,89.96407528410909,89.31865744627969,0.5018,0.049999999999972886,0.03499999999998584,4.498203764203015,3.1261530106185242,7.624356774821539,0.8752720086879081,0.2981695853771995,0.3125971459599672,0.7556562378573702,6.673386069251309,51.183306785194915,57.85669285444622,56.04327057142313,0.11534337239150487,AR6 World GDP level and trajectory (unrebased),Fixed original NATO GDP share = 0.5018,MESSAGE-GLOBIOM 1.0,SSP2-45,1.813422283023094,3.9230289399996185,56.043270571423136,2.750357129251691,1.8134222830230868,58.03994953636324,15.12209597069217,9.970612727928916
2036,SA1_AR6_fixed_split,SSP2-4.5,S3,"NATO→5%, nonNATO→3.5%",0.07,184.0301554744741,92.34633201709111,91.68382345738299,0.5018,0.05,0.035,4.617316600854556,3.208933821008405,7.8262504218629605,0.8523276789563192,0.2903533851389659,0.3044027424843997,0.7358475090130395,6.670529856997371,51.161400306730584,57.831930163727954,56.01928402626037,0.11534337239155665,AR6 World GDP level and trajectory (unrebased),Fixed original NATO GDP share = 0.5018,MESSAGE-GLOBIOM 1.0,SSP2-45,1.8126461374675813,3.9213498818382266,56.01928402626038,2.7491799751591444,1.8126461374675742,64.71047939336061,17.871275945851313,11.78325886539649
2037,SA1_AR6_fixed_split,SSP2-4.5,S3,"NATO→5%, nonNATO→3.5%",0.07,188.9032903960116,94.79167112071863,94.11161927529298,0.5018,0.05,0.035,4.739583556035932,3.2939066746352546,8.033490230671186,0.829985922252736,0.28274245703115186,0.29642354366169144,0.7165590048107143,6.66768379801197,51.139571701481785,57.807255499493756,55.99538274853933,0.11534337239155665,AR6 World GDP level and trajectory (unrebased),Fixed original NATO GDP share = 0.5018,MESSAGE-GLOBIOM 1.0,SSP2-45,1.8118727509544286,3.919676792397753,55.99538274853933,2.7480070056142165,1.8118727509544286,71.37816319137258,20.61928295146553,13.595131616350919
2038,SA1_AR6_fixed_split,SSP2-4.5,S3,"NATO→5%, nonNATO→3.5%",0.07,193.905466364666,97.30176302178941,96.6037033428766,0.5018,0.05,0.035,4.865088151089471,3.3811296170006813,8.246217768090151,0.8082308857288943,0.27533140063292005,0.2886538877603194,0.6977770388722633,6.66484789061685,51.11782095655072,57.78266884716757,55.9715667241387,0.11534337239155666,AR6 World GDP level and trajectory (unrebased),Fixed original NATO GDP share = 0.5018,MESSAGE-GLOBIOM 1.0,SSP2-45,1.8111021230288742,3.9180096706897087,55.97156672413869,2.746838219927141,1.8111021230288813,78.04301108198943,23.36612117139267,15.4062337393798
2039,SA1_AR6_fixed_split,SSP2-4.5,S3,"NATO→5%, nonNATO→3.5%",0.07,199.04010039886774,99.87832238015183,99.1617780187159,0.5018,0.05,0.035,4.993916119007592,3.470662230655057,8.464578349662649,0.7870471347650387,0.2681149579968814,0.28108826241608525,0.6794882858924313,6.662022137096168,51.09614808945637,57.75817022655254,55.94783597224089,0.11534337239155662,AR6 World GDP level and trajectory (unrebased),Fixed original NATO GDP share = 0.5018,MESSAGE-GLOBIOM 1.0,SSP2-45,1.8103342543116483,3.9163485180568625,55.94783597224091,2.745673619039305,1.810334254311627,84.70503321908559,26.111794790431976,17.216567993691427
2040,SA1_AR6_fixed_split,SSP2-4.5,S3,"NATO→5%, nonNATO→3.5%",0.07,204.31069999999988,102.52310925999994,101.78759073999994,0.5018,0.05,0.035,5.126155462999997,3.5625656758999984,8.688721138899997,0.7664196409633626,0.26108800955894773,0.27372130034405806,0.6616797712731105,6.659206535706514,51.074553086827116,57.73375962253363,55.924190478204714,0.11534337239155665,AR6 World GDP level and trajectory (unrebased),Fixed original NATO GDP share = 0.5018,MESSAGE-GLOBIOM 1.0,SSP2-45,1.8095691443289184,3.9146933334743297,55.92419047820472,2.7445132022321843,1.8095691443289112,91.36423975479211,28.85630799266416,19.02613713802034
2041,SA1_AR6_fixed_split,SSP2-4.5,S3,"NATO→5%, nonNATO→3.5%",0.07,208.80012660245816,104.7759035291135,104.02422307334466,0.5018,0.05,0.035,5.2387951764556755,3.6408478075670634,8.87964298402274,0.7468211638637474,0.25441160527226564,0.26672184423705264,0.6447596466423345,6.6315053080224216,50.86209116417384,57.49359647219626,55.691554844337716,0.11534337239155666,AR6 World GDP level and trajectory (unrebased),Fixed original NATO GDP share = 0.5018,MESSAGE-GLOBIOM 1.0,SSP2-45,1.802041627858543,3.8984088391036407,55.69155484433772,2.733096468918781,1.8020416278585358,97.99574506281454,31.58940446158294,20.828178765878874
2042,SA1_AR6_fixed_split,SSP2-4.5,S3,"NATO→5%, nonNATO→3.5%",0.07,213.3882017398134,107.07819963303838,106.31000210677503,0.5018,0.05,0.035,5.35390998165192,3.7208500737371266,9.074760055389046,0.7277137897900374,0.24790249981858423,0.2598977820678705,0.6282635102818018,6.603828031342412,50.64981294010733,57.25364097144974,55.45912035162881,0.11534337239155665,AR6 World GDP level and trajectory (unrebased),Fixed original NATO GDP share = 0.5018,MESSAGE-GLOBIOM 1.0,SSP2-45,1.7945206198209291,3.8821384246140167,55.459120351628826,2.7216896067283955,1.794520619820915,104.59957309415694,34.311094068311334,22.62269938569979
2043,SA1_AR6_fixed_split,SSP2-4.5,S3,"NATO→5%, nonNATO→3.5%",0.07,218.0770930682727,109.43108530165924,108.64600776661345,0.5018,0.05,0.035,5.471554265082962,3.802610271831471,9.274164536914434,0.7090854038363034,0.24155656614203744,0.2532447870843941,0.6121809029238268,6.576174705902295,50.437718416436155,57.01389312233845,55.22688700205831,0.11534337239155665,AR6 World GDP level and trajectory (unrebased),Fixed original NATO GDP share = 0.5018,MESSAGE-GLOBIOM 1.0,SSP2-45,1.7870061202801395,3.8658820901440816,55.22688700205831,2.7102926157582132,1.7870061202801395,111.17574780005924,37.02138668406955,24.40970550597993
2044,SA1_AR6_fixed_split,SSP2-4.5,S3,"NATO→5%, nonNATO→3.5%",0.07,222.86901587509283,111.83567216612158,111.03334370897124,0.5018,0.05,0.035,5.59178360830608,3.886167029813994,9.477950638120074,0.6909241860734775,0.23536977767338246,0.2467586378833848,0.5965016199656774,6.548545330287709,50.225807582312534,56.77435291260024,54.99485478374837,0.11534337239155666,AR6 World GDP level and trajectory (unrebased),Fixed original NATO GDP share = 0.5018,MESSAGE-GLOBIOM 1.0,SSP2-45,1.7794981288518699,3.8496398348623866,54.99485478374838,2.6989054954253224,1.7794981288518628,117.72429313034695,39.72029217949488,26.18920363483179
2045,SA1_AR6_fixed_split,SSP2-4.5,S3,"NATO→5%, nonNATO→3.5%",0.07,227.7662341252057,114.29309628402822,113.47313784117748,0.5018,0.05,0.035,5.7146548142014115,3.971559824441212,9.686214638642623,0.6732186048223276,0.2293382060383754,0.24043521600797416,0.5812157056618733,6.5209399050365935,50.014080441862326,56.53502034689892,54.763023701216646,0.11534337239155663,AR6 World GDP level and trajectory (unrebased),Fixed original NATO GDP share = 0.5018,MESSAGE-GLOBIOM 1.0,SSP2-45,1.7719966456822718,3.8334116590851655,54.76302370121665,2.687528245951428,1.7719966456822647,124.24523303538354,42.4078204254463,27.961200280514056
2046,SA1_AR6_fixed_split,SSP2-4.5,S3,"NATO→5%, nonNATO→3.5%",0.07,232.7710615308356,116.8045186761733,115.9665428546623,0.5018,0.05,0.035,5.840225933808665,4.058828999913181,9.899054933721846,0.655952063971579,0.22345619761669178,0.23426859427556396,0.5663088319465279,6.493305515142887,49.80213114939328,56.29543666453617,54.53094937285966,0.11534337239155665,AR6 World GDP level and trajectory (unrebased),Fixed original NATO GDP share = 0.5018,MESSAGE-GLOBIOM 1.0,SSP2-45,1.7644872916765095,3.8171664561001752,54.53094937285966,2.6761390590427117,1.7644872916765095,130.73853855052644,45.083959484489014,29.725687572190566
2047,SA1_AR6_fixed_split,SSP2-4.5,S3,"NATO→5%, nonNATO→3.5%",0.07,237.88586264462404,119.37112587507235,118.51473676955169,0.5018,0.05,0.035,5.968556293753618,4.14801578693431,10.116572080687927,0.6391192222636638,0.21772193285905034,0.22825686509416565,0.551776387505034,6.465695680183563,49.59037018751483,56.05606586769839,54.29908125748317,0.11534337239155663,AR6 World GDP level and trajectory (unrebased),Fixed original NATO GDP share = 0.5018,MESSAGE-GLOBIOM 1.0,SSP2-45,1.756984610215227,3.8009356880238214,54.299081257483174,2.6647599921597416,1.7569846102152198,137.20423423071,47.74871947664875,31.482672182405786
2048,SA1_AR6_fixed_split,SSP2-4.5,S3,"NATO→5%, nonNATO→3.5%",0.07,243.11305397677407,121.99413048554523,121.11892349122884,0.5018,0.05,0.035,6.099706524277262,4.2391623221930095,10.338868846470271,0.6227093596344881,0.212131759875485,0.22239619986946002,0.537609117290706,6.438110398730462,49.378797545273294,55.81690794400376,54.06741934309347,0.11534337239155665,AR6 World GDP level and trajectory (unrebased),Fixed original NATO GDP share = 0.5018,MESSAGE-GLOBIOM 1.0,SSP2-45,1.74948860091029,3.7847193540165436,54.06741934309348,2.6533910447139184,1.7494886009102757,143.64234462944046,50.40211052136267,33.23216078331606
2049,SA1_AR6_fixed_split,SSP2-4.5,S3,"NATO→5%, nonNATO→3.5%",0.07,248.45510513673833,124.6747717576153,123.78033337912302,0.5018,0.05,0.035,6.233738587880765,4.332311668269306,10.56605025615007,0.6067120178231236,0.20668211596172345,0.21668286350825844,0.5237979922816753,6.410549671329341,49.167413226854535,55.57796289818388,53.835963634273874,0.11534337239155663,AR6 World GDP level and trajectory (unrebased),Fixed original NATO GDP share = 0.5018,MESSAGE-GLOBIOM 1.0,SSP2-45,1.741999263910003,3.768517454399171,53.835963634273874,2.64203221693017,1.741999263910003,150.0528943007698,53.04414273829284,34.974160047226064
2050,SA1_AR6_fixed_split,SSP2-4.5,S3,"NATO→5%, nonNATO→3.5%",0.07,253.91454000000022,127.41431617200011,126.5002238280001,0.5018,0.05,0.035,6.370715808600006,4.427507833980004,10.798223642580009,0.5911169937474,0.20136952534252092,0.21111321205264286,0.5103342037617818,6.3830134974139945,48.956217227915864,55.339230725329855,53.604714126269315,0.11534337239155663,AR6 World GDP level and trajectory (unrebased),Fixed original NATO GDP share = 0.5018,MESSAGE-GLOBIOM 1.0,SSP2-45,1.734516599060541,3.752329988838852,53.60471412626932,2.6306835085751423,1.7345165990605338,156.4359077981838,55.67482624686799,36.7086766462866
2025,SA1_AR6_fixed_split,SSP3-7.0,S0,Baseline,0.07,131.57368822870808,66.02367675316572,65.55001147554236,0.5018,0.027,0.022985547972701727,1.7826392723354743,1.5067029333822277,3.289342205717702,1.4022143436308516,0.477677413764356,0.5007908370110185,1.0,4.6123628219677055,61.27853463471379,65.8908974566815,65.8908974566815,0.07,AR6 World GDP level and trajectory (unrebased),Fixed original NATO GDP share = 0.5018,MIGRATION 1.0,SSP3-7.0_zeromig,0.0,4.6123628219677055,65.8908974566815,0.0,0.0,4.6123628219677055,0.0,0.0
2026,SA1_AR6_fixed_split,SSP3-7.0,S0,Baseline,0.07,134.8941946705815,67.6899068856978,67.2042877848837,0.5018,0.027,0.022985547972701727,1.8276274859138404,1.544727380850697,3.372354866764537,1.390083691793186,0.4735449939075688,0.4964584613547093,0.9913489318571261,4.687855503228766,62.28150882861075,66.96936433183951,66.96936433183951,0.07,AR6 World GDP level and trajectory (unrebased),Fixed original NATO GDP share = 0.5018,MIGRATION 1.0,SSP3-7.0_zeromig,0.0,4.687855503228766,66.96936433183951,0.0,0.0,9.300218325196472,0.0,0.0
2027,SA1_AR6_fixed_split,SSP3-7.0,S0,Baseline,0.07,138.29850026089372,69.39818743091647,68.90031282997725,0.5018,0.027,0.022985547972701727,1.8737510606347445,1.5837114458875985,3.4574625065223428,1.3780332788175733,0.46943990816862385,0.49215474243484764,0.9827550866790704,4.7644983942518095,63.299764380774036,68.06426277502584,68.06426277502585,0.07,AR6 World GDP level and trajectory (unrebased),Fixed original NATO GDP share = 0.5018,MIGRATION 1.0,SSP3-7.0_zeromig,-1.4210854715202004e-14,4.7644983942518095,68.06426277502584,0.0,0.0,14.064716719448281,0.0,0.0
2028,SA1_AR6_fixed_split,SSP3-7.0,S0,Baseline,0.07,141.78871982682614,71.14957960910137,70.63914021772477,0.5018,0.027,0.022985547972701727,1.9210386494457368,1.6236793462249166,3.5447179956706534,1.3653263811150806,0.46511118477546703,0.4876165646839574,0.9736930643426066,4.839696993102515,64.29883147979056,69.13852847289309,69.13852847289309,0.06999999999999998,AR6 World GDP level and trajectory (unrebased),Fixed original NATO GDP share = 0.5018,MIGRATION 1.0,SSP3-7.0_zeromig,0.0,4.839696993102515,69.13852847289309,0.0,0.0,18.904413712550795,0.0,0.0
2029,SA1_AR6_fixed_split,SSP3-7.0,S0,Baseline,0.07,145.36702156715262,72.9451714223972,72.42185014475542,0.5018,0.027,0.022985547972701727,1.9695196284047243,1.6646559107740913,3.6341755391788153,1.351711512998603,0.4604731527797439,0.48275411178521543,0.9639835158856827,4.91235691656591,65.26417046294709,70.176527379513,70.17652737951302,0.06999999999999999,AR6 World GDP level and trajectory (unrebased),Fixed original NATO GDP share = 0.5018,MIGRATION 1.0,SSP3-7.0_zeromig,-1.4210854715202004e-14,4.91235691656591,70.176527379513,0.0,0.0,23.816770629116707,0.0,0.0
2030,SA1_AR6_fixed_split,SSP3-7.0,S0,Baseline,0.07,149.0356283991709,74.78607833070396,74.24955006846693,0.5018,0.027,0.022985547972701727,2.0192241149290067,1.7066665950502655,3.7258907099792724,1.3377012670684671,0.4557004316387086,0.4777504525244526,0.953992000684192,4.9841287236979035,66.21771018627214,71.20183890997005,71.20183890997005,0.07,AR6 World GDP level and trajectory (unrebased),Fixed original NATO GDP share = 0.5018,MIGRATION 1.0,SSP3-7.0_zeromig,0.0,4.9841287236979035,71.20183890997005,0.0,0.0,28.80089935281461,0.0,0.0
2031,SA1_AR6_fixed_split,SSP3-7.0,S0,Baseline,0.07,151.81959450515436,76.18307252268646,75.6365219824679,0.5018,0.027,0.022985547972701727,2.0569429581125345,1.7385469045163247,3.795489862628859,1.323025636164114,0.45070104089107177,0.47250915577289787,0.9435259610440949,5.021530390058992,66.71461803935516,71.73614842941416,71.73614842941417,0.07,AR6 World GDP level and trajectory (unrebased),Fixed original NATO GDP share = 0.5018,MIGRATION 1.0,SSP3-7.0_zeromig,-1.4210854715202004e-14,5.021530390058992,71.73614842941416,0.0,0.0,33.8224297428736,0.0,0.0
2032,SA1_AR6_fixed_split,SSP3-7.0,S0,Baseline,0.07,154.65556473500078,77.60616238402339,77.04940235097739,0.5018,0.027,0.022985547972701727,2.0953663843686314,1.771022734006388,3.8663891183750194,1.3090434882568591,0.44593789160398495,0.46751553152030684,0.9335544841648541,5.061271498475998,67.24260705118111,72.30387854965711,72.30387854965711,0.06999999999999999,AR6 World GDP level and trajectory (unrebased),Fixed original NATO GDP share = 0.5018,MIGRATION 1.0,SSP3-7.0_zeromig,0.0,5.061271498475998,72.30387854965711,0.0,0.0,38.8837012413496,0.0,0.0
2033,SA1_AR6_fixed_split,SSP3-7.0,S0,Baseline,0.07,157.54451051896345,79.05583537841586,78.48867514054758,0.5018,0.027,0.022985547972701727,2.1345075552172283,1.804105207756858,3.9386127629740866,1.2945635010823926,0.4410051487203755,0.46234410752942595,0.9232279693632921,5.098784327843529,67.74099178420688,72.83977611205042,72.83977611205042,0.07,AR6 World GDP level and trajectory (unrebased),Fixed original NATO GDP share = 0.5018,MIGRATION 1.0,SSP3-7.0_zeromig,0.0,5.098784327843529,72.83977611205042,0.0,0.0,43.98248556919313,0.0,0.0
2034,SA1_AR6_fixed_split,SSP3-7.0,S0,Baseline,0.07,160.48742143348534,80.53258807532295,79.95483335816239,0.5018,0.027,0.022985547972701727,2.1743798780337196,1.8378056578034139,4.012185535837133,1.2801738014858128,0.4361031631435186,0.45720492910207605,0.9129658438459339,5.136294809679016,68.23934532859262,73.37564013827163,73.37564013827166,0.07000000000000002,AR6 World GDP level and trajectory (unrebased),Fixed original NATO GDP share = 0.5018,MIGRATION 1.0,SSP3-7.0_zeromig,-2.842170943040401e-14,5.136294809679016,73.37564013827163,0.0,0.0,49.118780378872145,0.0,0.0
2035,SA1_AR6_fixed_split,SSP3-7.0,S0,Baseline,0.07,163.48530554016915,82.03692632005688,81.44837922011227,0.5018,0.027,0.022985547972701727,2.2149970106415355,1.872135627862693,4.087132638504229,1.2659446466160764,0.43125586862745463,0.4521230880771702,0.9028182120417322,5.174083683724268,68.74139751233672,73.91548119606098,73.91548119606098,0.06999999999999999,AR6 World GDP level and trajectory (unrebased),Fixed original NATO GDP share = 0.5018,MIGRATION 1.0,SSP3-7.0_zeromig,0.0,5.174083683724268,73.91548119606098,0.0,0.0,54.292864062596415,0.0,0.0
2036,SA1_AR6_fixed_split,SSP3-7.0,S0,Baseline,0.07,166.0319077353614,83.31481130160435,82.71709643375704,0.5018,0.027,0.022985547972701727,2.2494999051433173,1.9012977882407172,4.1507976933840345,1.2480793837923592,0.4251698999732212,0.4457426370686997,0.8900774617385669,5.1805250274054915,68.82697536410153,74.00750039150702,74.00750039150702,0.06999999999999999,AR6 World GDP level and trajectory (unrebased),Fixed original NATO GDP share = 0.5018,MIGRATION 1.0,SSP3-7.0_zeromig,0.0,5.1805250274054915,74.00750039150702,0.0,0.0,59.4733890900019,0.0,0.0
2037,SA1_AR6_fixed_split,SSP3-7.0,S0,Baseline,0.07,168.61817822195806,84.61260183177856,84.0055763901795,0.5018,0.027,0.022985547972701727,2.284540249458021,1.9309142060909303,4.215454455548952,1.2396407527680435,0.4222952014924104,0.44272884027430126,0.8840593867825907,5.225649134536106,69.42648135883682,74.65213049337294,74.65213049337294,0.07,AR6 World GDP level and trajectory (unrebased),Fixed original NATO GDP share = 0.5018,MIGRATION 1.0,SSP3-7.0_zeromig,0.0,5.225649134536106,74.65213049337294,0.0,0.0,64.69903822453801,0.0,0.0
2038,SA1_AR6_fixed_split,SSP3-7.0,S0,Baseline,0.07,171.24473491089452,85.93060797828687,85.31412693260765,0.5018,0.027,0.022985547972701727,2.3201264154137453,1.9609919573586176,4.281118372772363,1.23010444629746,0.419046569617816,0.43932301653480715,0.8772584960957285,5.266222745473031,69.96553076128454,75.23175350675757,75.23175350675758,0.07,AR6 World GDP level and trajectory (unrebased),Fixed original NATO GDP share = 0.5018,MIGRATION 1.0,SSP3-7.0_zeromig,-1.4210854715202004e-14,5.266222745473031,75.23175350675757,0.0,0.0,69.96526097001104,0.0,0.0
2039,SA1_AR6_fixed_split,SSP3-7.0,S0,Baseline,0.07,173.91220533827186,87.26914463874482,86.64306069952704,0.5018,0.027,0.022985547972701727,2.3562669052461103,1.9915382282106864,4.347805133456797,1.2204841955358356,0.41576934133638355,0.4358872126913699,0.8703977398887182,5.306427450653596,70.4996789872549,75.8061064379085,75.8061064379085,0.07,AR6 World GDP level and trajectory (unrebased),Fixed original NATO GDP share = 0.5018,MIGRATION 1.0,SSP3-7.0_zeromig,0.0,5.306427450653596,75.8061064379085,0.0,0.0,75.27168842066463,0.0,0.0
2040,SA1_AR6_fixed_split,SSP3-7.0,S0,Baseline,0.07,176.62122681528984,88.62853161591245,87.9926951993774,0.5018,0.027,0.022985547972701727,2.3929703536296363,2.02256031675261,4.415530670382246,1.212194356515953,0.41294533024169827,0.43292655589855467,0.8644857771010482,5.3524813596604615,71.11153806406041,76.46401942372087,76.46401942372088,0.07,AR6 World GDP level and trajectory (unrebased),Fixed original NATO GDP share = 0.5018,MIGRATION 1.0,SSP3-7.0_zeromig,-1.4210854715202004e-14,5.3524813596604615,76.46401942372087,0.0,0.0,80.6241697803251,0.0,0.0
2041,SA1_AR6_fixed_split,SSP3-7.0,S0,Baseline,0.07,178.90912044074537,89.77659663716604,89.13252380357933,0.5018,0.027,0.022985547972701727,2.423968109203483,2.0487599018151514,4.472728011018635,1.203324560323479,0.40992375131898734,0.42975877154409964,0.8581602133719632,5.382143467305507,71.50562035134459,76.8877638186501,76.8877638186501,0.07,AR6 World GDP level and trajectory (unrebased),Fixed original NATO GDP share = 0.5018,MIGRATION 1.0,SSP3-7.0_zeromig,0.0,5.382143467305507,76.8877638186501,0.0,0.0,86.0063132476306,0.0,0.0
2042,SA1_AR6_fixed_split,SSP3-7.0,S0,Baseline,0.07,181.22665069219272,90.93953331734231,90.28711737485041,0.5018,0.027,0.022985547972701727,2.4553673995682423,2.0752988677365756,4.530666267304818,1.1924010369815703,0.40620255105965575,0.42585751320770365,0.8503700182484247,5.402371155351686,71.77435963538667,77.17673079073836,77.17673079073836,0.07,AR6 World GDP level and trajectory (unrebased),Fixed original NATO GDP share = 0.5018,MIGRATION 1.0,SSP3-7.0_zeromig,0.0,5.402371155351686,77.17673079073836,0.0,0.0,91.40868440298229,0.0,0.0
2043,SA1_AR6_fixed_split,SSP3-7.0,S0,Baseline,0.07,183.5742014727959,92.11753429904898,91.45666717374691,0.5018,0.027,0.022985547972701727,2.4871734260743223,2.102181610745575,4.589355036819898,1.1818416357189938,0.40260539238778903,0.4220862984710692,0.8428394996008731,5.423890863610431,72.06026433082427,77.48415519443469,77.48415519443472,0.07000000000000003,AR6 World GDP level and trajectory (unrebased),Fixed original NATO GDP share = 0.5018,MIGRATION 1.0,SSP3-7.0_zeromig,-2.842170943040401e-14,5.423890863610431,77.48415519443469,0.0,0.0,96.83257526659273,0.0,0.0
2044,SA1_AR6_fixed_split,SSP3-7.0,S0,Baseline,0.07,185.95216165867362,93.31079472032242,92.6413669383512,0.5018,0.027,0.022985547972701727,2.5193914574487053,2.129412584018135,4.648804041466841,1.1708116178152335,0.39884791376123335,0.4181470063625834,0.8349733570572164,5.442873780695788,72.31246594352974,77.75533972422554,77.75533972422554,0.07,AR6 World GDP level and trajectory (unrebased),Fixed original NATO GDP share = 0.5018,MIGRATION 1.0,SSP3-7.0_zeromig,0.0,5.442873780695788,77.75533972422554,0.0,0.0,102.2754490472885,0.0,0.0
2045,SA1_AR6_fixed_split,SSP3-7.0,S0,Baseline,0.07,188.36092516332008,94.51951224695402,93.84141291636605,0.5018,0.027,0.022985547972701727,2.5520268306677587,2.1569962984152435,4.709023129083002,1.1599167110826556,0.3951364620171684,0.4142559682438056,0.8272035700898639,5.462074620298112,72.56756281253205,78.02963743283016,78.02963743283017,0.07,AR6 World GDP level and trajectory (unrebased),Fixed original NATO GDP share = 0.5018,MIGRATION 1.0,SSP3-7.0_zeromig,-1.4210854715202004e-14,5.462074620298112,78.02963743283016,0.0,0.0,107.73752366758661,0.0,0.0
2046,SA1_AR6_fixed_split,SSP3-7.0,S0,Baseline,0.07,190.33151516008925,95.5083543073328,94.82316085275646,0.5018,0.027,0.022985547972701727,2.5787255662979853,2.179562312704246,4.758287879002231,1.1520555834187054,0.39245849545032824,0.4114484226495377,0.8215973461201427,5.48181211851807,72.82978957459721,78.31160169311528,78.31160169311529,0.07,AR6 World GDP level and trajectory (unrebased),Fixed original NATO GDP share = 0.5018,MIGRATION 1.0,SSP3-7.0_zeromig,-1.4210854715202004e-14,5.48181211851807,78.31160169311528,0.0,0.0,113.2193357861047,0.0,0.0
2047,SA1_AR6_fixed_split,SSP3-7.0,S0,Baseline,0.07,192.32272102998604,96.507541412847,95.81517961713904,0.5018,0.027,0.022985547972701727,2.605703618146869,2.202364407602782,4.808068025749651,1.1448711232085327,0.3900110419721375,0.4088825440030474,0.8164736927765536,5.504618241103035,73.13278520322604,78.63740344432907,78.63740344432908,0.07,AR6 World GDP level and trajectory (unrebased),Fixed original NATO GDP share = 0.5018,MIGRATION 1.0,SSP3-7.0_zeromig,-1.4210854715202004e-14,5.504618241103035,78.63740344432907,0.0,0.0,118.72395402720772,0.0,0.0
2048,SA1_AR6_fixed_split,SSP3-7.0,S0,Baseline,0.07,194.334758451678,97.51718179105202,96.81757666062597,0.5018,0.027,0.022985547972701727,2.6329639083584047,2.2254050529335454,4.85836896129195,1.137426114792942,0.38747483031407914,0.4062236124260507,0.811164227465913,5.526035731872924,73.4173318663117,78.94336759818462,78.94336759818462,0.07,AR6 World GDP level and trajectory (unrebased),Fixed original NATO GDP share = 0.5018,MIGRATION 1.0,SSP3-7.0_zeromig,0.0,5.526035731872924,78.94336759818462,0.0,0.0,124.24998975908065,0.0,0.0
2049,SA1_AR6_fixed_split,SSP3-7.0,S0,Baseline,0.07,196.36784536021483,98.5373848017558,97.83046055845902,0.5018,0.027,0.022985547972701727,2.6605093896474066,2.248686744357964,4.90919613400537,1.129025940451627,0.3846132324615432,0.40322355016129535,0.8051735781907359,5.542609782056904,73.63752996161315,79.18013974367005,79.18013974367007,0.07,AR6 World GDP level and trajectory (unrebased),Fixed original NATO GDP share = 0.5018,MIGRATION 1.0,SSP3-7.0_zeromig,-1.4210854715202004e-14,5.542609782056904,79.18013974367005,0.0,0.0,129.79259954113755,0.0,0.0
2050,SA1_AR6_fixed_split,SSP3-7.0,S0,Baseline,0.07,198.4222019706341,99.5682609488642,98.8539410217699,0.5018,0.027,0.022985547972701727,2.6883430456193333,2.272212003646519,4.960555049265853,1.1210448290848458,0.3818943923256068,0.4003731532445878,0.7994817869157194,5.561004587370207,73.88191808934702,79.44292267671723,79.44292267671723,0.07,AR6 World GDP level and trajectory (unrebased),Fixed original NATO GDP share = 0.5018,MIGRATION 1.0,SSP3-7.0_zeromig,0.0,5.561004587370207,79.44292267671723,0.0,0.0,135.35360412850775,0.0,0.0
2025,SA1_AR6_fixed_split,SSP3-7.0,S1,"NATO→3.5%, nonNATO holds",0.07,131.57368822870808,66.02367675316572,65.55001147554236,0.5018,0.027,0.022985547972701727,1.7826392723354743,1.5067029333822277,3.289342205717702,1.4022143436308516,0.477677413764356,0.5007908370110185,1.0,4.6123628219677055,61.27853463471379,65.8908974566815,65.8908974566815,0.07,AR6 World GDP level and trajectory (unrebased),Fixed original NATO GDP share = 0.5018,MIGRATION 1.0,SSP3-7.0_zeromig,0.0,4.6123628219677055,65.8908974566815,0.0,0.0,4.6123628219677055,0.0,0.0
2026,SA1_AR6_fixed_split,SSP3-7.0,S1,"NATO→3.5%, nonNATO holds",0.07,134.8941946705815,67.6899068856978,67.2042877848837,0.5018,0.02740877593256891,0.022985547972701727,1.8552974907265443,1.544727380850697,3.400024871577241,1.390083691793186,0.4735449939075688,0.4964584613547093,0.9913489318571261,4.726319125670745,62.26840583635029,66.99472496202104,66.96936433183951,0.07054763085228084,AR6 World GDP level and trajectory (unrebased),Fixed original NATO GDP share = 0.5018,MIGRATION 1.0,SSP3-7.0_zeromig,0.025360630181523902,4.687855503228766,66.96936433183951,0.038463622441978984,0.025360630181523902,9.33868194763845,0.038463622441978984,0.025360630181523902
2027,SA1_AR6_fixed_split,SSP3-7.0,S1,"NATO→3.5%, nonNATO holds",0.07,138.29850026089372,69.39818743091647,68.90031282997725,0.5018,0.028005016140972137,0.022985547972701727,1.9434973591570253,1.5837114458875985,3.5272088050446238,1.3780332788175733,0.46943990816862385,0.49215474243484764,0.9827550866790704,4.860611114689857,63.26702268480064,68.1276337994905,68.06426277502585,0.07134566171775965,AR6 World GDP level and trajectory (unrebased),Fixed original NATO GDP share = 0.5018,MIGRATION 1.0,SSP3-7.0_zeromig,0.06337102446464371,4.7644983942518095,68.06426277502584,0.09611272043804764,0.06337102446465792,14.199293062328309,0.13457634288002662,0.08873165464618182
2028,SA1_AR6_fixed_split,SSP3-7.0,S1,"NATO→3.5%, nonNATO holds",0.07,141.78871982682614,71.14957960910137,70.63914021772477,0.5018,0.028820930945768986,0.022985547972701727,2.0505971207344036,1.6236793462249166,3.67427646695932,1.3653263811150806,0.46511118477546703,0.4876165646839574,0.9736930643426066,5.016586591849872,64.23857238571179,69.25515897756166,69.13852847289309,0.07243628728764051,AR6 World GDP level and trajectory (unrebased),Fixed original NATO GDP share = 0.5018,MIGRATION 1.0,SSP3-7.0_zeromig,0.11663050466857783,4.839696993102515,69.13852847289309,0.17688959874735755,0.11663050466857783,19.21587965417818,0.31146594162738417,0.20536215931475965
2029,SA1_AR6_fixed_split,SSP3-7.0,S1,"NATO→3.5%, nonNATO holds",0.07,145.36702156715262,72.9451714223972,72.42185014475542,0.5018,0.029845109579542582,0.022985547972701727,2.177056634399962,1.6646559107740913,3.8417125451740537,1.351711512998603,0.4604731527797439,0.48275411178521543,0.9639835158856827,5.1928870769429345,65.168605243478,70.36149232042094,70.17652737951302,0.07380296957453543,AR6 World GDP level and trajectory (unrebased),Fixed original NATO GDP share = 0.5018,MIGRATION 1.0,SSP3-7.0_zeromig,0.1849649409079177,4.91235691656591,70.176527379513,0.2805301603770243,0.18496494090793192,24.408766731121116,0.5919961020044084,0.39032710022269157
2030,SA1_AR6_fixed_split,SSP3-7.0,S1,"NATO→3.5%, nonNATO holds",0.07,149.0356283991709,74.78607833070396,74.24955006846693,0.5018,0.030999999999995285,0.022985547972701727,2.3183684282514703,1.7066665950502655,4.025035023301736,1.3377012670684671,0.4557004316387086,0.4777504525244526,0.953992000684192,5.3842944506656885,66.08138999356883,71.46568444423453,71.20183890997005,0.07534097647755846,AR6 World GDP level and trajectory (unrebased),Fixed original NATO GDP share = 0.5018,MIGRATION 1.0,SSP3-7.0_zeromig,0.2638455342644761,4.9841287236979035,71.20183890997005,0.40016572696778496,0.2638455342644761,29.793061181786804,0.9921618289721934,0.6541726344871677
2031,SA1_AR6_fixed_split,SSP3-7.0,S1,"NATO→3.5%, nonNATO holds",0.07,151.81959450515436,76.18307252268646,75.6365219824679,0.5018,0.03215489042044799,0.022985547972701727,2.449658348860025,1.7385469045163247,4.18820525337635,1.323025636164114,0.45070104089107177,0.47250915577289787,0.9435259610440949,5.541102919734129,66.53762080397134,72.07872372370547,71.73614842941417,0.0768757080241108,AR6 World GDP level and trajectory (unrebased),Fixed original NATO GDP share = 0.5018,MIGRATION 1.0,SSP3-7.0_zeromig,0.34257529429129363,5.021530390058992,71.73614842941416,0.5195725296751377,0.34257529429130784,35.33416410152093,1.511734358647331,0.9967479287784755
2032,SA1_AR6_fixed_split,SSP3-7.0,S1,"NATO→3.5%, nonNATO holds",0.07,154.65556473500078,77.60616238402339,77.04940235097739,0.5018,0.033179069054221584,0.022985547972701727,2.5749002207726455,1.771022734006388,4.3459229547790335,1.3090434882568591,0.44593789160398495,0.46751553152030684,0.9335544841648541,5.6890021444195025,67.02876474322233,72.71776688764183,72.30387854965711,0.07823400508447588,AR6 World GDP level and trajectory (unrebased),Fixed original NATO GDP share = 0.5018,MIGRATION 1.0,SSP3-7.0_zeromig,0.4138883379847158,5.061271498475998,72.30387854965711,0.6277306459435046,0.4138883379847158,41.02316624594044,2.1394650045908357,1.4106362667631913
2033,SA1_AR6_fixed_split,SSP3-7.0,S1,"NATO→3.5%, nonNATO holds",0.07,157.54451051896345,79.05583537841586,78.48867514054758,0.5018,0.03399498385901843,0.022985547972701727,2.6875018476504655,1.804105207756858,4.491607055407323,1.2945635010823926,0.4410051487203755,0.46234410752942595,0.9232279693632921,5.81467055513448,67.49711845403084,73.31178900916532,72.83977611205042,0.07931426355463156,AR6 World GDP level and trajectory (unrebased),Fixed original NATO GDP share = 0.5018,MIGRATION 1.0,SSP3-7.0_zeromig,0.472012897114908,5.098784327843529,72.83977611205042,0.7158862272909507,0.472012897114908,46.837836801074914,2.8553512318817864,1.8826491638780993
2034,SA1_AR6_fixed_split,SSP3-7.0,S1,"NATO→3.5%, nonNATO holds",0.07,160.48742143348534,80.53258807532295,79.95483335816239,0.5018,0.034591224067421655,0.022985547972701727,2.785720798842865,1.8378056578034139,4.623526456646279,1.2801738014858128,0.4361031631435186,0.45720492910207605,0.9129658438459339,5.918917440275097,67.97273761926868,73.89165505954378,73.37564013827166,0.08010265077302006,AR6 World GDP level and trajectory (unrebased),Fixed original NATO GDP share = 0.5018,MIGRATION 1.0,SSP3-7.0_zeromig,0.5160149212721166,5.136294809679016,73.37564013827163,0.7826226305960811,0.516014921272145,52.75675424135001,3.6379738624778675,2.3986640851502443
2035,SA1_AR6_fixed_split,SSP3-7.0,S1,"NATO→3.5%, nonNATO holds",0.07,163.48530554016915,82.03692632005688,81.44837922011227,0.5018,0.03499999999999057,0.022985547972701727,2.8712924212012174,1.872135627862693,4.74342804906391,1.2659446466160764,0.43125586862745463,0.4521230880771702,0.9028182120417322,6.0049173453209965,68.45836626497957,74.46328361030056,73.91548119606098,0.08064266110996926,AR6 World GDP level and trajectory (unrebased),Fixed original NATO GDP share = 0.5018,MIGRATION 1.0,SSP3-7.0_zeromig,0.5478024142395839,5.174083683724268,73.91548119606098,0.8308336615967287,0.5478024142395839,58.76167158667101,4.468807524074596,2.946466499389828
2036,SA1_AR6_fixed_split,SSP3-7.0,S1,"NATO→3.5%, nonNATO holds",0.07,166.0319077353614,83.31481130160435,82.71709643375704,0.5018,0.035,0.022985547972701727,2.9160183955561525,1.9012977882407172,4.817316183796869,1.2480793837923592,0.4251698999732212,0.4457426370686997,0.8900774617385669,6.012393014206156,68.5435917642024,74.55598477840856,74.00750039150702,0.08064266110998171,AR6 World GDP level and trajectory (unrebased),Fixed original NATO GDP share = 0.5018,MIGRATION 1.0,SSP3-7.0_zeromig,0.548484386901535,5.1805250274054915,74.00750039150702,0.8318679868006642,0.548484386901535,64.77406460087717,5.30067551087526,3.494950886291363
2037,SA1_AR6_fixed_split,SSP3-7.0,S1,"NATO→3.5%, nonNATO holds",0.07,168.61817822195806,84.61260183177856,84.0055763901795,0.5018,0.035,0.022985547972701727,2.96144106411225,1.9309142060909303,4.89235527020318,1.2396407527680435,0.4222952014924104,0.44272884027430126,0.8840593867825907,6.064762969963375,69.14062939292204,75.20539236288542,74.65213049337294,0.08064266110998171,AR6 World GDP level and trajectory (unrebased),Fixed original NATO GDP share = 0.5018,MIGRATION 1.0,SSP3-7.0_zeromig,0.5532618695124825,5.225649134536106,74.65213049337294,0.8391138354272698,0.5532618695124825,70.83882757084054,6.13978934630253,4.048212755803846
2038,SA1_AR6_fixed_split,SSP3-7.0,S1,"NATO→3.5%, nonNATO holds",0.07,171.24473491089452,85.93060797828687,85.31412693260765,0.5018,0.035,0.022985547972701727,3.007571279240041,1.9609919573586176,4.9685632365986585,1.23010444629746,0.419046569617816,0.43932301653480715,0.8772584960957285,6.111851729050108,69.67745934929674,75.78931107834684,75.23175350675758,0.08064266110998172,AR6 World GDP level and trajectory (unrebased),Fixed original NATO GDP share = 0.5018,MIGRATION 1.0,SSP3-7.0_zeromig,0.5575575715892569,5.266222745473031,75.23175350675757,0.8456289835770772,0.5575575715892711,76.95067929989065,6.985418329879607,4.605770327393117
2039,SA1_AR6_fixed_split,SSP3-7.0,S1,"NATO→3.5%, nonNATO holds",0.07,173.91220533827186,87.26914463874482,86.64306069952704,0.5018,0.035,0.022985547972701727,3.054420062356069,1.9915382282106864,5.045958290566755,1.2204841955358356,0.41576934133638355,0.4358872126913699,0.8703977398887182,6.158512344969747,70.20940830897138,76.36792065394113,75.8061064379085,0.08064266110998171,AR6 World GDP level and trajectory (unrebased),Fixed original NATO GDP share = 0.5018,MIGRATION 1.0,SSP3-7.0_zeromig,0.56181421603263,5.306427450653596,75.8061064379085,0.8520848943161514,0.56181421603263,83.10919164486039,7.837503224195759,5.167584543425747
2040,SA1_AR6_fixed_split,SSP3-7.0,S1,"NATO→3.5%, nonNATO holds",0.07,176.62122681528984,88.62853161591245,87.9926951993774,0.5018,0.035,0.022985547972701727,3.1019986065569363,2.02256031675261,5.1245589233095465,1.212194356515953,0.41294533024169827,0.43292655589855467,0.8644857771010482,6.2119614064693005,70.81874815800467,77.03070956447397,76.46401942372088,0.08064266110998171,AR6 World GDP level and trajectory (unrebased),Fixed original NATO GDP share = 0.5018,MIGRATION 1.0,SSP3-7.0_zeromig,0.5666901407530816,5.3524813596604615,76.46401942372087,0.859480046808839,0.5666901407530958,89.3211530513297,8.696983271004598,5.734274684178843
2041,SA1_AR6_fixed_split,SSP3-7.0,S1,"NATO→3.5%, nonNATO holds",0.07,178.90912044074537,89.77659663716604,89.13252380357933,0.5018,0.035,0.022985547972701727,3.1421808823008117,2.0487599018151514,5.190940784115963,1.203324560323479,0.40992375131898734,0.42975877154409964,0.8581602133719632,6.246386536711556,71.21120787715132,77.45759441386288,76.8877638186501,0.08064266110998171,AR6 World GDP level and trajectory (unrebased),Fixed original NATO GDP share = 0.5018,MIGRATION 1.0,SSP3-7.0_zeromig,0.5698305952127782,5.382143467305507,76.8877638186501,0.864243069406049,0.5698305952127782,95.56753958804126,9.561226340410647,6.304105279391621
2042,SA1_AR6_fixed_split,SSP3-7.0,S1,"NATO→3.5%, nonNATO holds",0.07,181.22665069219272,90.93953331734231,90.28711737485041,0.5018,0.035,0.022985547972701727,3.182883666106981,2.0752988677365756,5.258182533843557,1.1924010369815703,0.40620255105965575,0.42585751320770365,0.8503700182484247,6.2698623059934375,71.47884067198123,77.74870297797467,77.17673079073836,0.08064266110998171,AR6 World GDP level and trajectory (unrebased),Fixed original NATO GDP share = 0.5018,MIGRATION 1.0,SSP3-7.0_zeromig,0.5719721872363124,5.402371155351686,77.17673079073836,0.8674911506417518,0.5719721872363124,101.83740189403468,10.4287174910524,6.876077466627933
2043,SA1_AR6_fixed_split,SSP3-7.0,S1,"NATO→3.5%, nonNATO holds",0.07,183.5742014727959,92.11753429904898,91.45666717374691,0.5018,0.035,0.022985547972701727,3.224113700466715,2.102181610745575,5.32629531121229,1.1818416357189938,0.40260539238778903,0.4220862984710692,0.8428394996008731,6.294837562925539,71.76356820248617,78.0584057654117,77.48415519443472,0.08064266110998172,AR6 World GDP level and trajectory (unrebased),Fixed original NATO GDP share = 0.5018,MIGRATION 1.0,SSP3-7.0_zeromig,0.5742505709769858,5.423890863610431,77.48415519443469,0.870946699315108,0.5742505709770143,108.13223945696024,11.299664190367507,7.450328037604947
2044,SA1_AR6_fixed_split,SSP3-7.0,S1,"NATO→3.5%, nonNATO holds",0.07,185.95216165867362,93.31079472032242,92.6413669383512,0.5018,0.035,0.022985547972701727,3.265877815211285,2.129412584018135,5.39529039922942,1.1708116178152335,0.39884791376123335,0.4181470063625834,0.8349733570572164,6.316868680904794,72.01473141708492,78.3316000979897,77.75533972422554,0.08064266110998171,AR6 World GDP level and trajectory (unrebased),Fixed original NATO GDP share = 0.5018,MIGRATION 1.0,SSP3-7.0_zeromig,0.5762603737641712,5.442873780695788,77.75533972422554,0.8739949002090066,0.5762603737641712,114.44910813786503,12.173659090576514,8.026588411369119
2045,SA1_AR6_fixed_split,SSP3-7.0,S1,"NATO→3.5%, nonNATO holds",0.07,188.36092516332008,94.51951224695402,93.84141291636605,0.5018,0.035,0.022985547972701727,3.308182928643391,2.1569962984152435,5.465179227058634,1.1599167110826556,0.3951364620171684,0.4142559682438056,0.8272035700898639,6.339152714527101,72.26877796724526,78.60793068177236,78.02963743283017,0.0806426611099817,AR6 World GDP level and trajectory (unrebased),Fixed original NATO GDP share = 0.5018,MIGRATION 1.0,SSP3-7.0_zeromig,0.5782932489421881,5.462074620298112,78.02963743283016,0.8770780942289891,0.5782932489422024,120.78826085239213,13.050737184805502,8.604881660311321
2046,SA1_AR6_fixed_split,SSP3-7.0,S1,"NATO→3.5%, nonNATO holds",0.07,190.33151516008925,95.5083543073328,94.82316085275646,0.5018,0.035,0.022985547972701727,3.342792400756648,2.179562312704246,5.522354713460894,1.1520555834187054,0.39245849545032824,0.4114484226495377,0.8215973461201427,6.362059581261228,72.52992505432208,78.8919846355833,78.31160169311529,0.08064266110998171,AR6 World GDP level and trajectory (unrebased),Fixed original NATO GDP share = 0.5018,MIGRATION 1.0,SSP3-7.0_zeromig,0.580382942468006,5.48181211851807,78.31160169311528,0.8802474627431582,0.5803829424680202,127.15032043365335,13.93098464754866,9.185264602779341
2047,SA1_AR6_fixed_split,SSP3-7.0,S1,"NATO→3.5%, nonNATO holds",0.07,192.32272102998604,96.507541412847,95.81517961713904,0.5018,0.035,0.022985547972701727,3.3777639494496454,2.202364407602782,5.580128357052427,1.1448711232085327,0.3900110419721375,0.4088825440030474,0.8164736927765536,6.388527819786396,72.83167314894929,79.22020096873568,78.63740344432908,0.08064266110998171,AR6 World GDP level and trajectory (unrebased),Fixed original NATO GDP share = 0.5018,MIGRATION 1.0,SSP3-7.0_zeromig,0.582797524406601,5.504618241103035,78.63740344432907,0.8839095786833608,0.5827975244066153,133.53884825343974,14.81489422623202,9.768062127185956
2048,SA1_AR6_fixed_split,SSP3-7.0,S1,"NATO→3.5%, nonNATO holds",0.07,194.334758451678,97.51718179105202,96.81757666062597,0.5018,0.035,0.022985547972701727,3.413101362686821,2.2254050529335454,5.638506415620366,1.137426114792942,0.38747483031407914,0.4062236124260507,0.811164227465913,6.413384445554151,73.11504823857415,79.52843268412829,78.94336759818462,0.08064266110998171,AR6 World GDP level and trajectory (unrebased),Fixed original NATO GDP share = 0.5018,MIGRATION 1.0,SSP3-7.0_zeromig,0.5850650859436684,5.526035731872924,78.94336759818462,0.8873487136812264,0.5850650859436684,139.9522326989939,15.702242939913248,10.353127213129625
2049,SA1_AR6_fixed_split,SSP3-7.0,S1,"NATO→3.5%, nonNATO holds",0.07,196.36784536021483,98.5373848017558,97.83046055845902,0.5018,0.035,0.022985547972701727,3.4488084680614537,2.248686744357964,5.697495212419417,1.129025940451627,0.3846132324615432,0.40322355016129535,0.8051735781907359,6.432619890420475,73.33433970491788,79.76695959533835,79.18013974367007,0.08064266110998172,AR6 World GDP level and trajectory (unrebased),Fixed original NATO GDP share = 0.5018,MIGRATION 1.0,SSP3-7.0_zeromig,0.586819851668281,5.542609782056904,79.18013974367005,0.8900101083635708,0.5868198516682952,146.38485258941438,16.592253048276817,10.93994706479792
2050,SA1_AR6_fixed_split,SSP3-7.0,S1,"NATO→3.5%, nonNATO holds",0.07,198.4222019706341,99.5682609488642,98.8539410217699,0.5018,0.035,0.022985547972701727,3.484889133210247,2.272212003646519,5.757101136856766,1.1210448290848458,0.3818943923256068,0.4003731532445878,0.7994817869157194,6.453968459991765,73.57772160526716,80.03169006525893,79.44292267671723,0.08064266110998171,AR6 World GDP level and trajectory (unrebased),Fixed original NATO GDP share = 0.5018,MIGRATION 1.0,SSP3-7.0_zeromig,0.5887673885416973,5.561004587370207,79.44292267671723,0.8929638726215581,0.5887673885416973,152.83882104940614,17.485216920898377,11.528714453339617
2025,SA1_AR6_fixed_split,SSP3-7.0,S2,"NATO→3.5%, nonNATO→3.5%",0.07,131.57368822870808,66.02367675316572,65.55001147554236,0.5018,0.027,0.022985547972701727,1.7826392723354743,1.5067029333822277,3.289342205717702,1.4022143436308516,0.477677413764356,0.5007908370110185,1.0,4.6123628219677055,61.27853463471379,65.8908974566815,65.8908974566815,0.07,AR6 World GDP level and trajectory (unrebased),Fixed original NATO GDP share = 0.5018,MIGRATION 1.0,SSP3-7.0_zeromig,0.0,4.6123628219677055,65.8908974566815,0.0,0.0,4.6123628219677055,0.0,0.0
2026,SA1_AR6_fixed_split,SSP3-7.0,S2,"NATO→3.5%, nonNATO→3.5%",0.07,134.8941946705815,67.6899068856978,67.2042877848837,0.5018,0.02740877593256891,0.023599450326672138,1.8552974907265443,1.585984251318742,3.4412817420452866,1.390083691793186,0.4735449939075688,0.4964584613547093,0.9913489318571261,4.783669628482799,62.24886885187586,67.03253848035867,66.96936433183951,0.07136339659707906,AR6 World GDP level and trajectory (unrebased),Fixed original NATO GDP share = 0.5018,MIGRATION 1.0,SSP3-7.0_zeromig,0.0631741485191526,4.687855503228766,66.96936433183951,0.09581412525403277,0.0631741485191526,9.396032450450505,0.09581412525403277,0.0631741485191526
2027,SA1_AR6_fixed_split,SSP3-7.0,S2,"NATO→3.5%, nonNATO→3.5%",0.07,138.29850026089372,69.39818743091647,68.90031282997725,0.5018,0.028005016140972137,0.024494887749248,1.9434973591570253,1.6877054286583646,3.63120278781539,1.3780332788175733,0.46943990816862385,0.49215474243484764,0.9827550866790704,5.0039182837447544,63.21820375907864,68.2221220428234,68.06426277502585,0.07334744411209852,AR6 World GDP level and trajectory (unrebased),Fixed original NATO GDP share = 0.5018,MIGRATION 1.0,SSP3-7.0_zeromig,0.1578592677975479,4.7644983942518095,68.06426277502584,0.2394198894929449,0.1578592677975621,14.399950734195258,0.33523401474697767,0.2210334163167147
2028,SA1_AR6_fixed_split,SSP3-7.0,S2,"NATO→3.5%, nonNATO→3.5%",0.07,141.78871982682614,71.14957960910137,70.63914021772477,0.5018,0.028820930945768986,0.025720233909322272,2.0505971207344036,1.8168552095532955,3.867452330287699,1.3653263811150806,0.46511118477546703,0.4876165646839574,0.9736930643426066,5.28033469424679,64.14872413104911,69.4290588252959,69.13852847289309,0.07605366950938623,AR6 World GDP level and trajectory (unrebased),Fixed original NATO GDP share = 0.5018,MIGRATION 1.0,SSP3-7.0_zeromig,0.29053035240281133,4.839696993102515,69.13852847289309,0.4406377011442748,0.29053035240281133,19.680285428442048,0.7758717158912525,0.511563768719526
2029,SA1_AR6_fixed_split,SSP3-7.0,S2,"NATO→3.5%, nonNATO→3.5%",0.07,145.36702156715262,72.9451714223972,72.42185014475542,0.5018,0.029845109579542582,0.027258352042179364,2.177056634399962,1.974100286791702,4.151156921191664,1.351711512998603,0.4604731527797439,0.48275411178521543,0.9639835158856827,5.6111666026386064,65.02611441604321,70.63728101868182,70.17652737951302,0.0794363333599235,AR6 World GDP level and trajectory (unrebased),Fixed original NATO GDP share = 0.5018,MIGRATION 1.0,SSP3-7.0_zeromig,0.4607536391688001,4.91235691656591,70.176527379513,0.6988096860726962,0.4607536391688143,25.291452031080656,1.4746814019639487,0.9723174078883403
2030,SA1_AR6_fixed_split,SSP3-7.0,S2,"NATO→3.5%, nonNATO→3.5%",0.07,149.0356283991709,74.78607833070396,74.24955006846693,0.5018,0.030999999999995285,0.028992773986343784,2.3183684282514703,2.1527004237227785,4.471068851974248,1.3377012670684671,0.4557004316387086,0.4777504525244526,0.953992000684192,5.980954468436309,65.8781321853173,71.85908665375361,71.20183890997005,0.08323170731705772,AR6 World GDP level and trajectory (unrebased),Fixed original NATO GDP share = 0.5018,MIGRATION 1.0,SSP3-7.0_zeromig,0.6572477437835573,4.9841287236979035,71.20183890997005,0.9968257447384055,0.6572477437835573,31.272406499516965,2.471507146702354,1.6295651516718976
2031,SA1_AR6_fixed_split,SSP3-7.0,S2,"NATO→3.5%, nonNATO→3.5%",0.07,151.81959450515436,76.18307252268646,75.6365219824679,0.5018,0.03215489042044799,0.0307271959305082,2.449658348860025,2.3240982304574818,4.7737565793175065,1.323025636164114,0.45070104089107177,0.47250915577289787,0.9435259610440949,6.315802335244168,66.27371221187451,72.58951454711868,71.73614842941417,0.08700708875996833,AR6 World GDP level and trajectory (unrebased),Fixed original NATO GDP share = 0.5018,MIGRATION 1.0,SSP3-7.0_zeromig,0.8533661177045104,5.021530390058992,71.73614842941416,1.2942719451851765,0.8533661177045246,37.58820883476113,3.7657790918875307,2.4829312693764223
2032,SA1_AR6_fixed_split,SSP3-7.0,S2,"NATO→3.5%, nonNATO→3.5%",0.07,154.65556473500078,77.60616238402339,77.04940235097739,0.5018,0.033179069054221584,0.032265314063365295,2.5749002207726455,2.4860231652488816,5.060923386021527,1.3090434882568591,0.44593789160398495,0.46751553152030684,0.9335544841648541,6.624968803038334,66.70991895841811,73.33488776145644,72.30387854965711,0.09033856879399635,AR6 World GDP level and trajectory (unrebased),Fixed original NATO GDP share = 0.5018,MIGRATION 1.0,SSP3-7.0_zeromig,1.0310092117993293,5.061271498475998,72.30387854965711,1.5636973045623357,1.0310092117993293,44.21317763779947,5.329476396449866,3.5139404811757515
2033,SA1_AR6_fixed_split,SSP3-7.0,S2,"NATO→3.5%, nonNATO→3.5%",0.07,157.54451051896345,79.05583537841586,78.48867514054758,0.5018,0.03399498385901843,0.033490660223439564,2.6875018476504655,2.628637550520007,5.316139398170472,1.2945635010823926,0.4410051487203755,0.46234410752942595,0.9232279693632921,6.88208003153761,67.13349544558582,74.01557547712343,72.83977611205042,0.09298151081274383,AR6 World GDP level and trajectory (unrebased),Fixed original NATO GDP share = 0.5018,MIGRATION 1.0,SSP3-7.0_zeromig,1.1757993650730185,5.098784327843529,72.83977611205042,1.7832957036940806,1.1757993650730185,51.09525766933707,7.112772100143947,4.68973984624877
2034,SA1_AR6_fixed_split,SSP3-7.0,S2,"NATO→3.5%, nonNATO→3.5%",0.07,160.48742143348534,80.53258807532295,79.95483335816239,0.5018,0.034591224067421655,0.034386097646015426,2.785720798842865,2.7493347071246634,5.535055505967529,1.2801738014858128,0.4361031631435186,0.45720492910207605,0.9129658438459339,7.085833048509431,67.57521691756249,74.66104996607191,73.37564013827166,0.09490668898615053,AR6 World GDP level and trajectory (unrebased),Fixed original NATO GDP share = 0.5018,MIGRATION 1.0,SSP3-7.0_zeromig,1.285409827800251,5.136294809679016,73.37564013827163,1.9495382388304154,1.2854098278002795,58.18109071784651,9.062310338974363,5.9751496740490495
2035,SA1_AR6_fixed_split,SSP3-7.0,S2,"NATO→3.5%, nonNATO→3.5%",0.07,163.48530554016915,82.03692632005688,81.44837922011227,0.5018,0.03499999999999057,0.03499999999998584,2.8712924212012174,2.8506932727027765,5.721985693903994,1.2659446466160764,0.43125586862745463,0.4521230880771702,0.9028182120417322,7.243717157211536,68.03635753785203,75.28007469506356,73.91548119606098,0.09622356495465244,AR6 World GDP level and trajectory (unrebased),Fixed original NATO GDP share = 0.5018,MIGRATION 1.0,SSP3-7.0_zeromig,1.3645934990025808,5.174083683724268,73.91548119606098,2.0696334734872686,1.3645934990025808,65.42480787505804,11.131943812461632,7.33974317305163
2036,SA1_AR6_fixed_split,SSP3-7.0,S2,"NATO→3.5%, nonNATO→3.5%",0.07,166.0319077353614,83.31481130160435,82.71709643375704,0.5018,0.035,0.035,2.9160183955561525,2.8950983751814965,5.811116770737649,1.2480793837923592,0.4251698999732212,0.4457426370686997,0.8900774617385669,7.252735038367689,68.12105766805946,75.37379270642715,74.00750039150702,0.09622356495468279,AR6 World GDP level and trajectory (unrebased),Fixed original NATO GDP share = 0.5018,MIGRATION 1.0,SSP3-7.0_zeromig,1.3662923149201305,5.1805250274054915,74.00750039150702,2.0722100109621975,1.3662923149201305,72.67754291342573,13.204153823423828,8.70603548797176
2037,SA1_AR6_fixed_split,SSP3-7.0,S2,"NATO→3.5%, nonNATO→3.5%",0.07,168.61817822195806,84.61260183177856,84.0055763901795,0.5018,0.035,0.035,2.96144106411225,2.940195173656283,5.901636237768533,1.2396407527680435,0.4222952014924104,0.44272884027430126,0.8840593867825907,7.315908788350549,68.71441488336157,76.03032367171213,74.65213049337294,0.0962235649546828,AR6 World GDP level and trajectory (unrebased),Fixed original NATO GDP share = 0.5018,MIGRATION 1.0,SSP3-7.0_zeromig,1.3781931783391883,5.225649134536106,74.65213049337294,2.090259653814443,1.3781931783391883,79.99345170177628,15.294413477238272,10.084228666310949
2038,SA1_AR6_fixed_split,SSP3-7.0,S2,"NATO→3.5%, nonNATO→3.5%",0.07,171.24473491089452,85.93060797828687,85.31412693260765,0.5018,0.035,0.035,3.007571279240041,2.985994442641268,5.993565721881309,1.23010444629746,0.419046569617816,0.43932301653480715,0.8772584960957285,7.372711843662243,69.24793557398931,76.62064741765155,75.23175350675758,0.0962235649546828,AR6 World GDP level and trajectory (unrebased),Fixed original NATO GDP share = 0.5018,MIGRATION 1.0,SSP3-7.0_zeromig,1.3888939108939695,5.266222745473031,75.23175350675757,2.106489098189212,1.3888939108939837,87.36616354543852,17.400902575427484,11.473122577204933
2039,SA1_AR6_fixed_split,SSP3-7.0,S2,"NATO→3.5%, nonNATO→3.5%",0.07,173.91220533827186,87.26914463874482,86.64306069952704,0.5018,0.035,0.035,3.054420062356069,3.0325071244834465,6.086927186839516,1.2204841955358356,0.41576934133638355,0.4358872126913699,0.8703977398887182,7.428998430915033,69.77660535661639,77.20560378753142,75.8061064379085,0.0962235649546828,AR6 World GDP level and trajectory (unrebased),Fixed original NATO GDP share = 0.5018,MIGRATION 1.0,SSP3-7.0_zeromig,1.3994973496229193,5.306427450653596,75.8061064379085,2.122570980261438,1.3994973496229193,94.79516197635355,19.523473555688923,12.872619926827852
2040,SA1_AR6_fixed_split,SSP3-7.0,S2,"NATO→3.5%, nonNATO→3.5%",0.07,176.62122681528984,88.62853161591245,87.9926951993774,0.5018,0.035,0.035,3.1019986065569363,3.079744331978209,6.1817429385351454,1.212194356515953,0.41294533024169827,0.43292655589855467,0.8644857771010482,7.493473903524647,70.38218895571109,77.87566285923573,76.46401942372088,0.09622356495468279,AR6 World GDP level and trajectory (unrebased),Fixed original NATO GDP share = 0.5018,MIGRATION 1.0,SSP3-7.0_zeromig,1.411643435514847,5.3524813596604615,76.46401942372087,2.1409925438641855,1.4116434355148613,102.2886358798782,21.664466099553106,14.284263362342713
2041,SA1_AR6_fixed_split,SSP3-7.0,S2,"NATO→3.5%, nonNATO→3.5%",0.07,178.90912044074537,89.77659663716604,89.13252380357933,0.5018,0.035,0.035,3.1421808823008117,3.119638333125277,6.2618192154260885,1.203324560323479,0.40992375131898734,0.42975877154409964,0.8581602133719632,7.53500085422771,70.77222937338207,78.30723022760978,76.8877638186501,0.0962235649546828,AR6 World GDP level and trajectory (unrebased),Fixed original NATO GDP share = 0.5018,MIGRATION 1.0,SSP3-7.0_zeromig,1.4194664089596785,5.382143467305507,76.8877638186501,2.1528573869222027,1.4194664089596785,109.82363673410592,23.81732348647531,15.703729771302392
2042,SA1_AR6_fixed_split,SSP3-7.0,S2,"NATO→3.5%, nonNATO→3.5%",0.07,181.22665069219272,90.93953331734231,90.28711737485041,0.5018,0.035,0.035,3.182883666106981,3.1600491081197646,6.342932774226746,1.1924010369815703,0.40620255105965575,0.42585751320770365,0.8503700182484247,7.56331961749236,71.03821235707501,78.60153197456737,77.17673079073836,0.0962235649546828,AR6 World GDP level and trajectory (unrebased),Fixed original NATO GDP share = 0.5018,MIGRATION 1.0,SSP3-7.0_zeromig,1.424801183829004,5.402371155351686,77.17673079073836,2.1609484621406745,1.424801183829004,117.38695635159827,25.978271948615983,17.128530955131396
2043,SA1_AR6_fixed_split,SSP3-7.0,S2,"NATO→3.5%, nonNATO→3.5%",0.07,183.5742014727959,92.11753429904898,91.45666717374691,0.5018,0.035,0.035,3.224113700466715,3.2009833510811423,6.425097051547857,1.1818416357189938,0.40260539238778903,0.4220862984710692,0.8428394996008731,7.593447209054603,71.32118469666197,78.91463190571658,77.48415519443472,0.0962235649546828,AR6 World GDP level and trajectory (unrebased),Fixed original NATO GDP share = 0.5018,MIGRATION 1.0,SSP3-7.0_zeromig,1.4304767112818553,5.423890863610431,77.48415519443469,2.169556345444172,1.4304767112818837,124.98040356065287,28.147828294060155,18.55900766641328
2044,SA1_AR6_fixed_split,SSP3-7.0,S2,"NATO→3.5%, nonNATO→3.5%",0.07,185.95216165867362,93.31079472032242,92.6413669383512,0.5018,0.035,0.035,3.265877815211285,3.2424478428422923,6.508325658053577,1.1708116178152335,0.39884791376123335,0.4181470063625834,0.8349733570572164,7.6200232929741025,71.57079962616021,79.1908229191343,77.75533972422554,0.09622356495468279,AR6 World GDP level and trajectory (unrebased),Fixed original NATO GDP share = 0.5018,MIGRATION 1.0,SSP3-7.0_zeromig,1.4354831949087696,5.442873780695788,77.75533972422554,2.177149512278315,1.4354831949087696,132.60042685362697,30.32497780633847,19.99449086132205
2045,SA1_AR6_fixed_split,SSP3-7.0,S2,"NATO→3.5%, nonNATO→3.5%",0.07,188.36092516332008,94.51951224695402,93.84141291636605,0.5018,0.035,0.035,3.308182928643391,3.284449452072812,6.5926323807162035,1.1599167110826556,0.3951364620171684,0.4142559682438056,0.8272035700898639,7.646904468417357,71.8232801170189,79.47018458543626,78.02963743283017,0.09622356495468279,AR6 World GDP level and trajectory (unrebased),Fixed original NATO GDP share = 0.5018,MIGRATION 1.0,SSP3-7.0_zeromig,1.4405471526060865,5.462074620298112,78.02963743283016,2.1848298481192447,1.4405471526061007,140.24733132204435,32.50980765445772,21.43503801392815
2046,SA1_AR6_fixed_split,SSP3-7.0,S2,"NATO→3.5%, nonNATO→3.5%",0.07,190.33151516008925,95.5083543073328,94.82316085275646,0.5018,0.035,0.035,3.342792400756648,3.3188106298464763,6.661603030603125,1.1520555834187054,0.39245849545032824,0.4114484226495377,0.8215973461201427,7.674536965925299,72.08281737383213,79.75735433975743,78.31160169311529,0.09622356495468277,AR6 World GDP level and trajectory (unrebased),Fixed original NATO GDP share = 0.5018,MIGRATION 1.0,SSP3-7.0_zeromig,1.4457526466421342,5.48181211851807,78.31160169311528,2.192724847407229,1.4457526466421484,147.92186828796963,34.702532501864944,22.880790660570298
2047,SA1_AR6_fixed_split,SSP3-7.0,S2,"NATO→3.5%, nonNATO→3.5%",0.07,192.32272102998604,96.507541412847,95.81517961713904,0.5018,0.035,0.035,3.3777639494496454,3.3535312865998668,6.731295236049512,1.1448711232085327,0.3900110419721375,0.4088825440030474,0.8164736927765536,7.70646553754425,72.38270535498782,80.08917089253207,78.63740344432908,0.09622356495468279,AR6 World GDP level and trajectory (unrebased),Fixed original NATO GDP share = 0.5018,MIGRATION 1.0,SSP3-7.0_zeromig,1.451767448202986,5.504618241103035,78.63740344432907,2.2018472964412146,1.4517674482030003,155.6283338255139,36.90437979830616,24.3325581087733
2048,SA1_AR6_fixed_split,SSP3-7.0,S2,"NATO→3.5%, nonNATO→3.5%",0.07,194.334758451678,97.51718179105202,96.81757666062597,0.5018,0.035,0.035,3.413101362686821,3.3886151831219093,6.8017165458087305,1.137426114792942,0.38747483031407914,0.4062236124260507,0.811164227465913,7.736450024622095,72.66433359075978,80.40078361538188,78.94336759818462,0.0962235649546828,AR6 World GDP level and trajectory (unrebased),Fixed original NATO GDP share = 0.5018,MIGRATION 1.0,SSP3-7.0_zeromig,1.4574160171972608,5.526035731872924,78.94336759818462,2.210414292749171,1.4574160171972608,163.36478385013598,39.11479409105533,25.78997412597056
2049,SA1_AR6_fixed_split,SSP3-7.0,S2,"NATO→3.5%, nonNATO→3.5%",0.07,196.36784536021483,98.5373848017558,97.83046055845902,0.5018,0.035,0.035,3.4488084680614537,3.424066119546066,6.8728745876075195,1.129025940451627,0.3846132324615432,0.40322355016129535,0.8051735781907359,7.759653694879668,72.88227324405815,80.64192693893783,79.18013974367007,0.09622356495468279,AR6 World GDP level and trajectory (unrebased),Fixed original NATO GDP share = 0.5018,MIGRATION 1.0,SSP3-7.0_zeromig,1.4617871952677604,5.542609782056904,79.18013974367005,2.2170439128227635,1.4617871952677746,171.12443754501564,41.33183800387809,27.251761321238334
2050,SA1_AR6_fixed_split,SSP3-7.0,S2,"NATO→3.5%, nonNATO→3.5%",0.07,198.4222019706341,99.5682609488642,98.8539410217699,0.5018,0.035,0.035,3.484889133210247,3.4598879357619468,6.9447770689721935,1.1210448290848458,0.3818943923256068,0.4003731532445878,0.7994817869157194,7.785406422318289,73.12415482689218,80.90956124921047,79.44292267671723,0.09622356495468279,AR6 World GDP level and trajectory (unrebased),Fixed original NATO GDP share = 0.5018,MIGRATION 1.0,SSP3-7.0_zeromig,1.4666385724932383,5.561004587370207,79.44292267671723,2.2244018349480816,1.4666385724932383,178.90984396733393,43.55623983882617,28.718399893731572
2025,SA1_AR6_fixed_split,SSP3-7.0,S3,"NATO→5%, nonNATO→3.5%",0.07,131.57368822870808,66.02367675316572,65.55001147554236,0.5018,0.027,0.022985547972701727,1.7826392723354743,1.5067029333822277,3.289342205717702,1.4022143436308516,0.477677413764356,0.5007908370110185,1.0,4.6123628219677055,61.27853463471379,65.8908974566815,65.8908974566815,0.07,AR6 World GDP level and trajectory (unrebased),Fixed original NATO GDP share = 0.5018,MIGRATION 1.0,SSP3-7.0_zeromig,0.0,4.6123628219677055,65.8908974566815,0.0,0.0,4.6123628219677055,0.0,0.0
2026,SA1_AR6_fixed_split,SSP3-7.0,S3,"NATO→5%, nonNATO→3.5%",0.07,134.8941946705815,67.6899068856978,67.2042877848837,0.5018,0.02817523080613562,0.023599450326672138,1.907178749750364,1.585984251318742,3.493163001069106,1.390083691793186,0.4735449939075688,0.4964584613547093,0.9913489318571261,4.855788920561508,62.22430074138751,67.08008966194902,66.96936433183951,0.07238793127785487,AR6 World GDP level and trajectory (unrebased),Fixed original NATO GDP share = 0.5018,MIGRATION 1.0,SSP3-7.0_zeromig,0.1107253301095028,4.687855503228766,66.96936433183951,0.16793341733274225,0.1107253301095028,9.468151742529214,0.16793341733274225,0.1107253301095028
2027,SA1_AR6_fixed_split,SSP3-7.0,S3,"NATO→5%, nonNATO→3.5%",0.07,138.29850026089372,69.39818743091647,68.90031282997725,0.5018,0.029889421405294894,0.024494887749248,2.074271668886302,1.6877054286583646,3.7619770975446665,1.3780332788175733,0.46943990816862385,0.49215474243484764,0.9827550866790704,5.184129634566094,63.15681307912851,68.3409427136946,68.06426277502585,0.07585686454874238,AR6 World GDP level and trajectory (unrebased),Fixed original NATO GDP share = 0.5018,MIGRATION 1.0,SSP3-7.0_zeromig,0.2766799386687495,4.7644983942518095,68.06426277502584,0.4196312403142848,0.2766799386687637,14.652281377095308,0.587564657647027,0.38740526877826653
2028,SA1_AR6_fixed_split,SSP3-7.0,S3,"NATO→5%, nonNATO→3.5%",0.07,141.78871982682614,71.14957960910137,70.63914021772477,0.5018,0.03223517646908584,0.025720233909322272,2.2935192544006537,1.8168552095532955,4.110374463953949,1.3653263811150806,0.46511118477546703,0.4876165646839574,0.9736930643426066,5.612002691898085,64.03573832965141,69.64774102154949,69.13852847289309,0.0805769520961447,AR6 World GDP level and trajectory (unrebased),Fixed original NATO GDP share = 0.5018,MIGRATION 1.0,SSP3-7.0_zeromig,0.5092125486564072,4.839696993102515,69.13852847289309,0.7723056987955701,0.5092125486564072,20.264284068993394,1.3598703564425971,0.8966178174346737
2029,SA1_AR6_fixed_split,SSP3-7.0,S3,"NATO→5%, nonNATO→3.5%",0.07,145.36702156715262,72.9451714223972,72.42185014475542,0.5018,0.03517969004118492,0.027258352042179364,2.5661885206410338,1.974100286791702,4.540288807432736,1.351711512998603,0.4604731527797439,0.48275411178521543,0.9639835158856827,6.137160653345527,64.84692962953865,70.98409028288418,70.17652737951302,0.08645825605269933,AR6 World GDP level and trajectory (unrebased),Fixed original NATO GDP share = 0.5018,MIGRATION 1.0,SSP3-7.0_zeromig,0.8075629033711635,4.91235691656591,70.176527379513,1.2248037367796165,0.8075629033711778,26.40144472233892,2.5846740932222136,1.7041807208058515
2030,SA1_AR6_fixed_split,SSP3-7.0,S3,"NATO→5%, nonNATO→3.5%",0.07,149.0356283991709,74.78607833070396,74.24955006846693,0.5018,0.03849999999998644,0.028992773986343784,2.8792640157310885,2.1527004237227785,5.031964439453867,1.3377012670684671,0.4557004316387086,0.4777504525244526,0.953992000684192,6.7312652065009075,65.62253182399859,72.35379703049949,71.20183890997005,0.09303264628480326,AR6 World GDP level and trajectory (unrebased),Fixed original NATO GDP share = 0.5018,MIGRATION 1.0,SSP3-7.0_zeromig,1.151958120529443,4.9841287236979035,71.20183890997005,1.747136482803004,1.151958120529443,33.13270992883983,4.331810576025218,2.8561388413352944
2031,SA1_AR6_fixed_split,SSP3-7.0,S3,"NATO→5%, nonNATO→3.5%",0.07,151.81959450515436,76.18307252268646,75.6365219824679,0.5018,0.041820309958787966,0.0307271959305082,3.1859997065115704,2.3240982304574818,5.510097936969052,1.323025636164114,0.45070104089107177,0.47250915577289787,0.9435259610440949,7.290000828385051,65.9418423955298,73.23184322391485,71.73614842941417,0.09954687069796986,AR6 World GDP level and trajectory (unrebased),Fixed original NATO GDP share = 0.5018,MIGRATION 1.0,SSP3-7.0_zeromig,1.4956947945006789,5.021530390058992,71.73614842941416,2.2684704383260597,1.495694794500693,40.42271075722488,6.600281014351277,4.3518336358359875
2032,SA1_AR6_fixed_split,SSP3-7.0,S3,"NATO→5%, nonNATO→3.5%",0.07,154.65556473500078,77.60616238402339,77.04940235097739,0.5018,0.04476482353088705,0.032265314063365295,3.474026164030172,2.4860231652488816,5.9600493292790535,1.3090434882568591,0.44593789160398495,0.46751553152030684,0.9335544841648541,7.801963764182406,66.3089646309954,74.11092839517781,72.30387854965711,0.1052741334257804,AR6 World GDP level and trajectory (unrebased),Fixed original NATO GDP share = 0.5018,MIGRATION 1.0,SSP3-7.0_zeromig,1.8070498455206945,5.061271498475998,72.30387854965711,2.740692265706408,1.8070498455206945,48.22467452140729,9.340973280057685,6.158883481356682
2033,SA1_AR6_fixed_split,SSP3-7.0,S3,"NATO→5%, nonNATO→3.5%",0.07,157.54451051896345,79.05583537841586,78.48867514054758,0.5018,0.04711057859467799,0.033490660223439564,3.7243661459627853,2.628637550520007,6.3530036964827925,1.2945635010823926,0.4410051487203755,0.46234410752942595,0.9232279693632921,8.224366707708146,66.67623295150574,74.90059965921388,72.83977611205042,0.10980374983815537,AR6 World GDP level and trajectory (unrebased),Fixed original NATO GDP share = 0.5018,MIGRATION 1.0,SSP3-7.0_zeromig,2.0608235471634657,5.098784327843529,72.83977611205042,3.1255823798646167,2.0608235471634657,56.44904122911543,12.466555659922303,8.219707028520148
2034,SA1_AR6_fixed_split,SSP3-7.0,S3,"NATO→5%, nonNATO→3.5%",0.07,160.48742143348534,80.53258807532295,79.95483335816239,0.5018,0.04882476919383726,0.034386097646015426,3.931985025360014,2.7493347071246634,6.681319732484678,1.2801738014858128,0.4361031631435186,0.45720492910207605,0.9129658438459339,8.553250480877084,67.0753274625801,75.62857794345719,73.37564013827166,0.11309548207123266,AR6 World GDP level and trajectory (unrebased),Fixed original NATO GDP share = 0.5018,MIGRATION 1.0,SSP3-7.0_zeromig,2.2529378051855247,5.136294809679016,73.37564013827163,3.4169556711980684,2.252937805185553,65.00229170999252,15.88351133112037,10.4726448337057
2035,SA1_AR6_fixed_split,SSP3-7.0,S3,"NATO→5%, nonNATO→3.5%",0.07,163.48530554016915,82.03692632005688,81.44837922011227,0.5018,0.049999999999972886,0.03499999999998584,4.1018463160006196,2.8506932727027765,6.952539588703396,1.2659446466160764,0.43125586862745463,0.4521230880771702,0.9028182120417322,8.801530272705403,67.50567394905742,76.30720422176283,73.91548119606098,0.11534337239150487,AR6 World GDP level and trajectory (unrebased),Fixed original NATO GDP share = 0.5018,MIGRATION 1.0,SSP3-7.0_zeromig,2.3917230257018502,5.174083683724268,73.91548119606098,3.627446588981135,2.3917230257018502,73.80382198269791,19.510957920101504,12.864367859407551
2036,SA1_AR6_fixed_split,SSP3-7.0,S3,"NATO→5%, nonNATO→3.5%",0.07,166.0319077353614,83.31481130160435,82.71709643375704,0.5018,0.05,0.035,4.165740565080218,2.8950983751814965,7.060838940261714,1.2480793837923592,0.4251698999732212,0.4457426370686997,0.8900774617385669,8.812487513618935,67.58971341824859,76.40220093186753,74.00750039150702,0.11534337239155668,AR6 World GDP level and trajectory (unrebased),Fixed original NATO GDP share = 0.5018,MIGRATION 1.0,SSP3-7.0_zeromig,2.3947005403605033,5.1805250274054915,74.00750039150702,3.6319624862134434,2.3947005403605033,82.61630949631686,23.14292040631495,15.259068399768054
2037,SA1_AR6_fixed_split,SSP3-7.0,S3,"NATO→5%, nonNATO→3.5%",0.07,168.61817822195806,84.61260183177856,84.0055763901795,0.5018,0.05,0.035,4.230630091588928,2.940195173656283,7.170825265245211,1.2396407527680435,0.4222952014924104,0.44272884027430126,0.8840593867825907,8.889247229776679,68.17844244727135,77.06768967704804,74.65213049337294,0.11534337239155666,AR6 World GDP level and trajectory (unrebased),Fixed original NATO GDP share = 0.5018,MIGRATION 1.0,SSP3-7.0_zeromig,2.4155591836751,5.225649134536106,74.65213049337294,3.663598095240573,2.4155591836751,91.50555672609353,26.806518501555523,17.674627583443154
2038,SA1_AR6_fixed_split,SSP3-7.0,S3,"NATO→5%, nonNATO→3.5%",0.07,171.24473491089452,85.93060797828687,85.31412693260765,0.5018,0.05,0.035,4.296530398914344,2.985994442641268,7.282524841555611,1.23010444629746,0.419046569617816,0.43932301653480715,0.8772584960957285,8.958266187869263,68.7078016765122,77.66606786438146,75.23175350675758,0.11534337239155668,AR6 World GDP level and trajectory (unrebased),Fixed original NATO GDP share = 0.5018,MIGRATION 1.0,SSP3-7.0_zeromig,2.434314357623876,5.266222745473031,75.23175350675757,3.6920434423962325,2.43431435762389,100.46382291396279,30.498561943951756,20.108941941067044
2039,SA1_AR6_fixed_split,SSP3-7.0,S3,"NATO→5%, nonNATO→3.5%",0.07,173.91220533827186,87.26914463874482,86.64306069952704,0.5018,0.05,0.035,4.363457231937241,3.0325071244834465,7.395964356420688,1.2204841955358356,0.41576934133638355,0.4358872126913699,0.8703977398887182,9.026657607757818,69.23234783483478,78.2590054425926,75.8061064379085,0.11534337239155666,AR6 World GDP level and trajectory (unrebased),Fixed original NATO GDP share = 0.5018,MIGRATION 1.0,SSP3-7.0_zeromig,2.452899004684099,5.306427450653596,75.8061064379085,3.720230157104222,2.452899004684099,109.49048052172061,34.218792101055975,22.561840945751143
2040,SA1_AR6_fixed_split,SSP3-7.0,S3,"NATO→5%, nonNATO→3.5%",0.07,176.62122681528984,88.62853161591245,87.9926951993774,0.5018,0.05,0.035,4.431426580795622,3.079744331978209,7.5111709127738315,1.212194356515953,0.41294533024169827,0.43292655589855467,0.8644857771010482,9.104998991291218,69.83320788185654,78.93820687314775,76.46401942372088,0.11534337239155666,AR6 World GDP level and trajectory (unrebased),Fixed original NATO GDP share = 0.5018,MIGRATION 1.0,SSP3-7.0_zeromig,2.4741874494268643,5.3524813596604615,76.46401942372087,3.7525176316307567,2.4741874494268785,118.59547951301182,37.971309732686734,25.036028395178022
2041,SA1_AR6_fixed_split,SSP3-7.0,S3,"NATO→5%, nonNATO→3.5%",0.07,178.90912044074537,89.77659663716604,89.13252380357933,0.5018,0.05,0.035,4.488829831858302,3.119638333125277,7.608468164983579,1.203324560323479,0.40992375131898734,0.42975877154409964,0.8581602133719632,9.155456609364052,70.2202059842697,79.37566259363375,76.8877638186501,0.11534337239155666,AR6 World GDP level and trajectory (unrebased),Fixed original NATO GDP share = 0.5018,MIGRATION 1.0,SSP3-7.0_zeromig,2.4878987749836483,5.382143467305507,76.8877638186501,3.7733131420585444,2.4878987749836483,127.75093612237588,41.744622874745275,27.52392717016167
2042,SA1_AR6_fixed_split,SSP3-7.0,S3,"NATO→5%, nonNATO→3.5%",0.07,181.22665069219272,90.93953331734231,90.28711737485041,0.5018,0.05,0.035,4.546976665867116,3.1600491081197646,7.707025773986881,1.1924010369815703,0.40620255105965575,0.42585751320770365,0.8503700182484247,9.189865524945645,70.48411430068982,79.67397982563547,77.17673079073836,0.11534337239155668,AR6 World GDP level and trajectory (unrebased),Fixed original NATO GDP share = 0.5018,MIGRATION 1.0,SSP3-7.0_zeromig,2.4972490348971093,5.402371155351686,77.17673079073836,3.7874943695939596,2.4972490348971093,136.94080164732154,45.53211724433924,30.02117620505878
2043,SA1_AR6_fixed_split,SSP3-7.0,S3,"NATO→5%, nonNATO→3.5%",0.07,183.5742014727959,92.11753429904898,91.45666717374691,0.5018,0.05,0.035,4.6058767149524495,3.2009833510811423,7.806860066033591,1.1818416357189938,0.40260539238778903,0.4220862984710692,0.8428394996008731,9.226472270270431,70.76487945602801,79.99135172629845,77.48415519443472,0.11534337239155666,AR6 World GDP level and trajectory (unrebased),Fixed original NATO GDP share = 0.5018,MIGRATION 1.0,SSP3-7.0_zeromig,2.507196531863727,5.423890863610431,77.48415519443469,3.80258140666,2.5071965318637552,146.16727391759196,49.334698650999236,32.528372736922535
2044,SA1_AR6_fixed_split,SSP3-7.0,S3,"NATO→5%, nonNATO→3.5%",0.07,185.95216165867362,93.31079472032242,92.6413669383512,0.5018,0.05,0.035,4.665539736016121,3.2424478428422923,7.907987578858413,1.1708116178152335,0.39884791376123335,0.4181470063625834,0.8349733570572164,9.25876373086599,71.01254738907616,80.27131111994215,77.75533972422554,0.11534337239155665,AR6 World GDP level and trajectory (unrebased),Fixed original NATO GDP share = 0.5018,MIGRATION 1.0,SSP3-7.0_zeromig,2.515971395716619,5.442873780695788,77.75533972422554,3.8158899501702024,2.515971395716619,155.42603764845794,53.15058860116944,35.044344132639154
2045,SA1_AR6_fixed_split,SSP3-7.0,S3,"NATO→5%, nonNATO→3.5%",0.07,188.36092516332008,94.51951224695402,93.84141291636605,0.5018,0.05,0.035,4.7259756123477015,3.284449452072812,8.010425064420513,1.1599167110826556,0.3951364620171684,0.4142559682438056,0.8272035700898639,9.291425895096712,71.26305853210616,80.55448442720287,78.02963743283017,0.11534337239155666,AR6 World GDP level and trajectory (unrebased),Fixed original NATO GDP share = 0.5018,MIGRATION 1.0,SSP3-7.0_zeromig,2.5248469943726946,5.462074620298112,78.02963743283016,3.8293512747986,2.5248469943727088,164.71746354355466,56.97993987596804,37.56919112701186
2046,SA1_AR6_fixed_split,SSP3-7.0,S3,"NATO→5%, nonNATO→3.5%",0.07,190.33151516008925,95.5083543073328,94.82316085275646,0.5018,0.05,0.035,4.77541771536664,3.3188106298464763,8.094228345213116,1.1520555834187054,0.39245849545032824,0.4114484226495377,0.8215973461201427,9.325000958568719,71.52057139831624,80.84557235688496,78.31160169311529,0.11534337239155663,AR6 World GDP level and trajectory (unrebased),Fixed original NATO GDP share = 0.5018,MIGRATION 1.0,SSP3-7.0_zeromig,2.533970663769665,5.48181211851807,78.31160169311528,3.843188840050649,2.5339706637696793,174.04246450212338,60.82312871601869,40.10316179078154
2047,SA1_AR6_fixed_split,SSP3-7.0,S3,"NATO→5%, nonNATO→3.5%",0.07,192.32272102998604,96.507541412847,95.81517961713904,0.5018,0.05,0.035,4.82537707064235,3.3535312865998668,8.178908357242218,1.1448711232085327,0.3900110419721375,0.4088825440030474,0.8164736927765536,9.363795997575552,71.81812025321891,81.18191625079446,78.63740344432908,0.11534337239155669,AR6 World GDP level and trajectory (unrebased),Fixed original NATO GDP share = 0.5018,MIGRATION 1.0,SSP3-7.0_zeromig,2.5445128064653773,5.504618241103035,78.63740344432907,3.8591777564725174,2.5445128064653915,183.40626049969893,64.6823064724912,42.64767459724693
2048,SA1_AR6_fixed_split,SSP3-7.0,S3,"NATO→5%, nonNATO→3.5%",0.07,194.334758451678,97.51718179105202,96.81757666062597,0.5018,0.05,0.035,4.875859089552602,3.3886151831219093,8.264474272674512,1.137426114792942,0.38747483031407914,0.4062236124260507,0.811164227465913,9.400228862774396,72.09755178875186,81.49778065152626,78.94336759818462,0.11534337239155669,AR6 World GDP level and trajectory (unrebased),Fixed original NATO GDP share = 0.5018,MIGRATION 1.0,SSP3-7.0_zeromig,2.5544130533416336,5.526035731872924,78.94336759818462,3.874193130901472,2.5544130533416336,192.80648936247331,68.55649960339268,45.20208765058857
2049,SA1_AR6_fixed_split,SSP3-7.0,S3,"NATO→5%, nonNATO→3.5%",0.07,196.36784536021483,98.5373848017558,97.83046055845902,0.5018,0.05,0.035,4.9268692400877905,3.424066119546066,8.350935359633857,1.129025940451627,0.3846132324615432,0.40322355016129535,0.8051735781907359,9.42842264806136,72.31379151275449,81.74221416081585,79.18013974367007,0.11534337239155669,AR6 World GDP level and trajectory (unrebased),Fixed original NATO GDP share = 0.5018,MIGRATION 1.0,SSP3-7.0_zeromig,2.56207441714578,5.542609782056904,79.18013974367005,3.885812866004456,2.5620744171457943,202.23491201053469,72.44231246939714,47.76416206773436
2050,SA1_AR6_fixed_split,SSP3-7.0,S3,"NATO→5%, nonNATO→3.5%",0.07,198.4222019706341,99.5682609488642,98.8539410217699,0.5018,0.05,0.035,4.97841304744321,3.4598879357619468,8.438300983205156,1.1210448290848458,0.3818943923256068,0.4003731532445878,0.7994817869157194,9.459713683483711,72.55378641924243,82.01350010272614,79.44292267671723,0.11534337239155665,AR6 World GDP level and trajectory (unrebased),Fixed original NATO GDP share = 0.5018,MIGRATION 1.0,SSP3-7.0_zeromig,2.57057742600891,5.561004587370207,79.44292267671723,3.898709096113504,2.57057742600891,211.69462569401838,76.34102156551064,50.33473949374327
2025,SA1_AR6_fixed_split,SSP5-8.5,S0,Baseline,0.07,144.2051385147961,72.36213850672468,71.84300000807141,0.5018,0.027,0.022985547972701727,1.9537777396815663,1.651350723188336,3.605128462869902,1.2542122305605359,0.42725911150963314,0.4479329394859057,1.0,4.521596210873336,60.07263537303147,64.5942315839048,64.5942315839048,0.07,AR6 World GDP level and trajectory (unrebased),Fixed original NATO GDP share = 0.5018,MIGRATION 1.0,SSP5-8.5_zeromig,0.0,4.521596210873336,64.5942315839048,0.0,0.0,4.521596210873336,0.0,0.0
2026,SA1_AR6_fixed_split,SSP5-8.5,S0,Baseline,0.07,151.357011624834,75.95094843334171,75.4060631914923,0.5018,0.027,0.022985547972701727,2.050675607700226,1.733249682920624,3.78392529062085,1.2171084205431049,0.41461935205314565,0.4346815787653946,0.9704166415273685,4.605447333920652,61.186657436374375,65.79210477029503,65.79210477029503,0.07,AR6 World GDP level and trajectory (unrebased),Fixed original NATO GDP share = 0.5018,MIGRATION 1.0,SSP5-8.5_zeromig,0.0,4.605447333920652,65.79210477029503,0.0,0.0,9.127043544793988,0.0,0.0
2027,SA1_AR6_fixed_split,SSP5-8.5,S0,Baseline,0.07,158.86358283723416,79.7177458677241,79.14583696951006,0.5018,0.027,0.022985547972701727,2.1523791384285507,1.8192104325023033,3.971589570930854,1.180945563720206,0.4023001370914988,0.42176627275721645,0.941583517482057,4.690231084708229,62.31307012540933,67.00330121011756,67.00330121011756,0.06999999999999999,AR6 World GDP level and trajectory (unrebased),Fixed original NATO GDP share = 0.5018,MIGRATION 1.0,SSP5-8.5_zeromig,0.0,4.690231084708229,67.00330121011756,0.0,0.0,13.817274629502217,0.0,0.0
2028,SA1_AR6_fixed_split,SSP5-8.5,S0,Baseline,0.07,166.7424434517702,83.67135812409829,83.07108532767192,0.5018,0.027,0.022985547972701727,2.2591266693506538,1.9094344169436015,4.168561086294256,1.145850162182916,0.3903445607436308,0.40923220077961286,0.913601489654434,4.776546396799666,63.459830700338415,68.23637709713807,68.23637709713807,0.07,AR6 World GDP level and trajectory (unrebased),Fixed original NATO GDP share = 0.5018,MIGRATION 1.0,SSP5-8.5_zeromig,0.0,4.776546396799666,68.23637709713807,0.0,0.0,18.59382102630188,0.0,0.0
2029,SA1_AR6_fixed_split,SSP5-8.5,S0,Baseline,0.07,175.0120572110772,87.82105030851855,87.19100690255866,0.5018,0.027,0.022985547972701727,2.3711683583300007,2.0041330719469292,4.37530143027693,1.1110754276783552,0.37849822261570343,0.39681265274226973,0.885875133893241,4.861289907866659,64.58570877594276,69.44699868380943,69.44699868380943,0.06999999999999999,AR6 World GDP level and trajectory (unrebased),Fixed original NATO GDP share = 0.5018,MIGRATION 1.0,SSP5-8.5_zeromig,0.0,4.861289907866659,69.44699868380943,0.0,0.0,23.45511093416854,0.0,0.0
2030,SA1_AR6_fixed_split,SSP5-8.5,S0,Baseline,0.07,183.69180356957398,92.17654703121222,91.51525653836175,0.5018,0.027,0.022985547972701727,2.48876676984273,2.1035283193966197,4.59229508923935,1.0769302448292266,0.3668663471396267,0.38461794458186666,0.8586507279935566,4.945581474782588,65.70558245068295,70.65116392546554,70.65116392546554,0.07,AR6 World GDP level and trajectory (unrebased),Fixed original NATO GDP share = 0.5018,MIGRATION 1.0,SSP5-8.5_zeromig,0.0,4.945581474782588,70.65116392546554,0.0,0.0,28.40069240895113,0.0,0.0
2031,SA1_AR6_fixed_split,SSP5-8.5,S0,Baseline,0.07,192.3472811262712,96.5198656691629,95.82741545710832,0.5018,0.027,0.022985547972701727,2.6060363730673983,2.2026456550893823,4.808682028156781,1.0509788523232155,0.3580257628793372,0.3753495901154341,0.8379593395078831,5.053823119139486,67.1436500114246,72.19747313056408,72.19747313056408,0.07,AR6 World GDP level and trajectory (unrebased),Fixed original NATO GDP share = 0.5018,MIGRATION 1.0,SSP5-8.5_zeromig,0.0,5.053823119139486,72.19747313056408,0.0,0.0,33.45451552809062,0.0,0.0
2032,SA1_AR6_fixed_split,SSP5-8.5,S0,Baseline,0.07,201.41060100515517,101.06783958438687,100.3427614207683,0.5018,0.027,0.022985547972701727,2.7288316687784455,2.306433356350434,5.035265025128879,1.0250288694663219,0.34918565882918656,0.36608173909511493,0.8172690749540954,5.161292016171166,68.57145107198835,73.73274308815951,73.73274308815951,0.07,AR6 World GDP level and trajectory (unrebased),Fixed original NATO GDP share = 0.5018,MIGRATION 1.0,SSP5-8.5_zeromig,0.0,5.161292016171166,73.73274308815951,0.0,0.0,38.615807544261784,0.0,0.0
2033,SA1_AR6_fixed_split,SSP5-8.5,S0,Baseline,0.07,210.9009805583224,105.83011204416619,105.07086851415622,0.5018,0.027,0.022985547972701727,2.857413025192487,2.415111488765573,5.27252451395806,0.9983482350861821,0.34009665151287527,0.3565529411022079,0.7959962522770151,5.2638155429586595,69.93354935645077,75.19736489940942,75.19736489940942,0.06999999999999999,AR6 World GDP level and trajectory (unrebased),Fixed original NATO GDP share = 0.5018,MIGRATION 1.0,SSP5-8.5_zeromig,0.0,5.2638155429586595,75.19736489940942,0.0,0.0,43.879623087220445,0.0,0.0
2034,SA1_AR6_fixed_split,SSP5-8.5,S0,Baseline,0.07,220.8385426511057,110.81678070232485,110.02176194878086,0.5018,0.027,0.022985547972701727,2.992053078962771,2.528910487314872,5.520963566277643,0.9715939056631746,0.33098253929185073,0.3469978234511338,0.7746646715675443,5.364134554383784,71.2663590796703,76.63049363405408,76.63049363405406,0.06999999999999998,AR6 World GDP level and trajectory (unrebased),Fixed original NATO GDP share = 0.5018,MIGRATION 1.0,SSP5-8.5_zeromig,1.4210854715202004e-14,5.364134554383784,76.63049363405408,0.0,0.0,49.243757641604226,0.0,0.0
2035,SA1_AR6_fixed_split,SSP5-8.5,S0,Baseline,0.07,231.244358329465,116.03841900972554,115.20593931973946,0.5018,0.027,0.022985547972701727,3.1330373132625895,2.6480716449740354,5.781108958236625,0.9449104753266844,0.32189257950689254,0.3374680269023873,0.7533896196374855,5.462630413642723,72.57494692411048,78.0375773377532,78.03757733775319,0.06999999999999998,AR6 World GDP level and trajectory (unrebased),Fixed original NATO GDP share = 0.5018,MIGRATION 1.0,SSP5-8.5_zeromig,1.4210854715202004e-14,5.462630413642723,78.0375773377532,0.0,0.0,54.70638805524695,0.0,0.0
2036,SA1_AR6_fixed_split,SSP5-8.5,S0,Baseline,0.07,240.72811483684964,120.79736802513115,119.93074681171849,0.5018,0.027,0.022985547972701727,3.261528936678541,2.7566739342427002,6.018202870921241,0.9159028717654599,0.31201086840361825,0.3271081684876643,0.7302614736551581,5.512089292343901,73.23204345542611,78.74413274777001,78.74413274777001,0.06999999999999999,AR6 World GDP level and trajectory (unrebased),Fixed original NATO GDP share = 0.5018,MIGRATION 1.0,SSP5-8.5_zeromig,0.0,5.512089292343901,78.74413274777001,0.0,0.0,60.21847734759085,0.0,0.0
2037,SA1_AR6_fixed_split,SSP5-8.5,S0,Baseline,0.07,250.6008176439028,125.75149029371042,124.84932735019237,0.5018,0.027,0.022985547972701727,3.395290237930181,2.8697302031673884,6.265020441097569,0.8984140815478568,0.30605314865916006,0.32086217198137745,0.7163174299028604,5.628582585467221,74.77974006406453,80.40832264953175,80.40832264953174,0.06999999999999998,AR6 World GDP level and trajectory (unrebased),Fixed original NATO GDP share = 0.5018,MIGRATION 1.0,SSP5-8.5_zeromig,1.4210854715202004e-14,5.628582585467221,80.40832264953175,0.0,0.0,65.84705993305808,0.0,0.0
2038,SA1_AR6_fixed_split,SSP5-8.5,S0,Baseline,0.07,260.8784181538368,130.9087902295953,129.96962792424148,0.5018,0.027,0.022985547972701727,3.534537336199073,2.9874231176468466,6.521960453845919,0.879240414959899,0.2995214600412843,0.31401443391424966,0.7010300119358162,5.734371215791537,76.18521758123045,81.91958879702199,81.91958879702197,0.06999999999999998,AR6 World GDP level and trajectory (unrebased),Fixed original NATO GDP share = 0.5018,MIGRATION 1.0,SSP5-8.5_zeromig,1.4210854715202004e-14,5.734371215791537,81.91958879702199,0.0,0.0,71.5814311488496,0.0,0.0
2039,SA1_AR6_fixed_split,SSP5-8.5,S0,Baseline,0.07,271.5775219662541,136.27760052266632,135.29992144358778,0.5018,0.027,0.022985547972701727,3.6794952141119905,3.109942835044362,6.789438049156352,0.859001160269046,0.2926267688828619,0.3067861286675164,0.6848929864805567,5.832135161800116,77.48408143534441,83.31621659714452,83.31621659714449,0.06999999999999999,AR6 World GDP level and trajectory (unrebased),Fixed original NATO GDP share = 0.5018,MIGRATION 1.0,SSP5-8.5_zeromig,2.842170943040401e-14,5.832135161800116,83.31621659714452,0.0,0.0,77.41356631064973,0.0,0.0
2040,SA1_AR6_fixed_split,SSP5-8.5,S0,Baseline,0.07,282.7154157069408,141.86659560174292,140.8488201051979,0.5018,0.027,0.022985547972701727,3.8303980812470586,3.2374873114264617,7.067885392673521,0.8387804762392235,0.28573840399358164,0.2995644557997227,0.6687707676589579,5.928404275670947,78.76308537677114,84.69148965244209,84.69148965244209,0.07,AR6 World GDP level and trajectory (unrebased),Fixed original NATO GDP share = 0.5018,MIGRATION 1.0,SSP5-8.5_zeromig,0.0,5.928404275670947,84.69148965244209,0.0,0.0,83.34197058632067,0.0,0.0
2041,SA1_AR6_fixed_split,SSP5-8.5,S0,Baseline,0.07,292.8311588771492,146.9426755245535,145.88848335259573,0.5018,0.027,0.022985547972701727,3.9674522391629443,3.3533267327657863,7.32077897192873,0.8248987886124108,0.28100947743939275,0.29460671021871815,0.6577027145108806,6.0389017056432195,80.23112266068851,86.27002436633174,86.27002436633171,0.06999999999999998,AR6 World GDP level and trajectory (unrebased),Fixed original NATO GDP share = 0.5018,MIGRATION 1.0,SSP5-8.5_zeromig,2.842170943040401e-14,6.0389017056432195,86.27002436633174,0.0,0.0,89.3808722919639,0.0,0.0
2042,SA1_AR6_fixed_split,SSP5-8.5,S0,Baseline,0.07,303.30884997874205,152.20038091933276,151.1084690594093,0.5018,0.027,0.022985547972701727,4.109410284821984,3.4733109646465667,7.582721249468551,0.8108474853466889,0.27622276973348747,0.2895883876238175,0.6464994245705153,6.148430457216477,81.68629036016179,87.83472081737827,87.83472081737825,0.06999999999999998,AR6 World GDP level and trajectory (unrebased),Fixed original NATO GDP share = 0.5018,MIGRATION 1.0,SSP5-8.5_zeromig,1.4210854715202004e-14,6.148430457216477,87.83472081737827,0.0,0.0,95.52930274918037,0.0,0.0
2043,SA1_AR6_fixed_split,SSP5-8.5,S0,Baseline,0.07,314.16143974631484,157.6462104647008,156.51522928161404,0.5018,0.027,0.022985547972701727,4.256447682546922,3.5975883111109495,7.854035993657871,0.7969256588594221,0.2714801695015614,0.2846163067355079,0.6353993681781097,6.2590828089514154,83.15638589035451,89.41546869930593,89.41546869930593,0.07,AR6 World GDP level and trajectory (unrebased),Fixed original NATO GDP share = 0.5018,MIGRATION 1.0,SSP5-8.5_zeromig,0.0,6.2590828089514154,89.41546869930593,0.0,0.0,101.78838555813178,0.0,0.0
2044,SA1_AR6_fixed_split,SSP5-8.5,S0,Baseline,0.07,325.4023423002487,163.2868953662648,162.1154469339839,0.5018,0.027,0.022985547972701727,4.408746174889149,3.726312382617068,8.135058557506216,0.7829104196714529,0.2667057473606049,0.27961086416837605,0.6242248326039306,6.369022109309036,84.61700802367722,90.98603013298626,90.98603013298624,0.06999999999999998,AR6 World GDP level and trajectory (unrebased),Fixed original NATO GDP share = 0.5018,MIGRATION 1.0,SSP5-8.5_zeromig,1.4210854715202004e-14,6.369022109309036,90.98603013298626,0.0,0.0,108.15740766744082,0.0,0.0
2045,SA1_AR6_fixed_split,SSP5-8.5,S0,Baseline,0.07,337.04545172695816,169.12940767658762,167.91604405037054,0.5018,0.027,0.022985547972701727,4.566494007267866,3.8596422859060886,8.426136293173954,0.7688673200903207,0.26192183431648286,0.2745954714608288,0.613028083569793,6.478580830448447,86.07257389024365,92.5511547206921,92.55115472069208,0.07,AR6 World GDP level and trajectory (unrebased),Fixed original NATO GDP share = 0.5018,MIGRATION 1.0,SSP5-8.5_zeromig,1.4210854715202004e-14,6.478580830448447,92.5511547206921,0.0,0.0,114.63598849788926,0.0,0.0
2046,SA1_AR6_fixed_split,SSP5-8.5,S0,Baseline,0.07,347.51518409717266,174.38311937996124,173.13206471721142,0.5018,0.027,0.022985547972701727,4.708344223258954,3.979535379170363,8.687879602429316,0.7579068422611005,0.25818804516586946,0.2706810150932502,0.6042891496301027,6.584603395421828,87.4811593963186,94.06576279174043,94.06576279174041,0.06999999999999998,AR6 World GDP level and trajectory (unrebased),Fixed original NATO GDP share = 0.5018,MIGRATION 1.0,SSP5-8.5_zeromig,1.4210854715202004e-14,6.584603395421828,94.06576279174043,0.0,0.0,121.2205918933111,0.0,0.0
2047,SA1_AR6_fixed_split,SSP5-8.5,S0,Baseline,0.07,358.3101405442649,179.80002852511214,178.51011201915279,0.5018,0.027,0.022985547972701727,4.854600770178028,4.103152743428596,8.957753513606622,0.7468443224836411,0.2544194944724492,0.266730115172729,0.5954688562954449,6.690047353844993,88.88205770108351,95.5721050549285,95.57210505492849,0.06999999999999998,AR6 World GDP level and trajectory (unrebased),Fixed original NATO GDP share = 0.5018,MIGRATION 1.0,SSP5-8.5_zeromig,1.4210854715202004e-14,6.690047353844993,95.5721050549285,0.0,0.0,127.91063924715608,0.0,0.0
2048,SA1_AR6_fixed_split,SSP5-8.5,S0,Baseline,0.07,369.4404235901001,185.38520455751225,184.05521903258787,0.5018,0.027,0.022985547972701727,5.005400523052831,4.230610066699672,9.236010589752503,0.7357153868752863,0.25062831860586676,0.2627554953126022,0.5865956087403791,6.795075104224003,90.27742638469034,97.07250148891434,97.07250148891433,0.06999999999999999,AR6 World GDP level and trajectory (unrebased),Fixed original NATO GDP share = 0.5018,MIGRATION 1.0,SSP5-8.5_zeromig,1.4210854715202004e-14,6.795075104224003,97.07250148891434,0.0,0.0,134.7057143513801,0.0,0.0
2049,SA1_AR6_fixed_split,SSP5-8.5,S0,Baseline,0.07,380.9164495738606,191.14387439616326,189.77257517769732,0.5018,0.027,0.022985547972701727,5.160884608696408,4.3620266306501065,9.522911239346515,0.7245680676818302,0.24683088019930483,0.25877430988636796,0.5777077037097655,6.899997395398888,91.67139396744237,98.57139136284125,98.57139136284125,0.07,AR6 World GDP level and trajectory (unrebased),Fixed original NATO GDP share = 0.5018,MIGRATION 1.0,SSP5-8.5_zeromig,0.0,6.899997395398888,98.57139136284125,0.0,0.0,141.60571174677898,0.0,0.0
2050,SA1_AR6_fixed_split,SSP5-8.5,S0,Baseline,0.07,392.7489584002411,197.081427325241,195.6675310750001,0.5018,0.027,0.022985547972701727,5.321198537781507,4.497525422224521,9.818723960006029,0.7134458809018105,0.24304200338413326,0.2548021003220752,0.5688398370847934,7.005128164978214,93.06813133471056,100.07325949968877,100.07325949968876,0.07,AR6 World GDP level and trajectory (unrebased),Fixed original NATO GDP share = 0.5018,MIGRATION 1.0,SSP5-8.5_zeromig,1.4210854715202004e-14,7.005128164978214,100.07325949968877,0.0,0.0,148.61083991175718,0.0,0.0
2025,SA1_AR6_fixed_split,SSP5-8.5,S1,"NATO→3.5%, nonNATO holds",0.07,144.2051385147961,72.36213850672468,71.84300000807141,0.5018,0.027,0.022985547972701727,1.9537777396815663,1.651350723188336,3.605128462869902,1.2542122305605359,0.42725911150963314,0.4479329394859057,1.0,4.521596210873336,60.07263537303147,64.5942315839048,64.5942315839048,0.07,AR6 World GDP level and trajectory (unrebased),Fixed original NATO GDP share = 0.5018,MIGRATION 1.0,SSP5-8.5_zeromig,0.0,4.521596210873336,64.5942315839048,0.0,0.0,4.521596210873336,0.0,0.0
2026,SA1_AR6_fixed_split,SSP5-8.5,S1,"NATO→3.5%, nonNATO holds",0.07,151.357011624834,75.95094843334171,75.4060631914923,0.5018,0.02740877593256891,0.022985547972701727,2.0817225274755584,1.733249682920624,3.8149722103961823,1.2171084205431049,0.41461935205314565,0.4346815787653946,0.9704166415273685,4.643234801411135,61.173784782613886,65.81701958402502,65.79210477029503,0.07054763085228083,AR6 World GDP level and trajectory (unrebased),Fixed original NATO GDP share = 0.5018,MIGRATION 1.0,SSP5-8.5_zeromig,0.024914813729992602,4.605447333920652,65.79210477029503,0.03778746749048345,0.024914813729992602,9.164831012284472,0.03778746749048345,0.024914813729992602
2027,SA1_AR6_fixed_split,SSP5-8.5,S1,"NATO→3.5%, nonNATO holds",0.07,158.86358283723416,79.7177458677241,79.14583696951006,0.5018,0.028005016140972137,0.022985547972701727,2.2324967597475283,1.8192104325023033,4.051707192249832,1.180945563720206,0.4023001370914988,0.42176627275721645,0.941583517482057,4.78484563418069,62.28083879536926,67.06568442954995,67.00330121011756,0.07134566171775963,AR6 World GDP level and trajectory (unrebased),Fixed original NATO GDP share = 0.5018,MIGRATION 1.0,SSP5-8.5_zeromig,0.062383219432391,4.690231084708229,67.00330121011756,0.09461454947246128,0.062383219432391,13.94967664646516,0.13240201696294474,0.0872980331623836
2028,SA1_AR6_fixed_split,SSP5-8.5,S1,"NATO→3.5%, nonNATO holds",0.07,166.7424434517702,83.67135812409829,83.07108532767192,0.5018,0.028820930945768986,0.022985547972701727,2.4114864346333436,1.9094344169436015,4.320920851576945,1.145850162182916,0.3903445607436308,0.40923220077961286,0.913601489654434,4.951127858558986,63.40035789468414,68.35148575324313,68.23637709713807,0.07243628728764051,AR6 World GDP level and trajectory (unrebased),Fixed original NATO GDP share = 0.5018,MIGRATION 1.0,SSP5-8.5_zeromig,0.1151086561050505,4.776546396799666,68.23637709713807,0.17458146175932043,0.1151086561050505,18.900804505024148,0.30698347872226517,0.2024066892674341
2029,SA1_AR6_fixed_split,SSP5-8.5,S1,"NATO→3.5%, nonNATO holds",0.07,175.0120572110772,87.82105030851855,87.19100690255866,0.5018,0.029845109579542582,0.022985547972701727,2.6210288698482582,2.0041330719469292,4.625161941795188,1.1110754276783552,0.37849822261570343,0.39681265274226973,0.885875133893241,5.13890378256174,64.49113701643125,69.630040798993,69.44699868380943,0.07380296957453542,AR6 World GDP level and trajectory (unrebased),Fixed original NATO GDP share = 0.5018,MIGRATION 1.0,SSP5-8.5_zeromig,0.18304211518356794,4.861289907866659,69.44699868380943,0.2776138746950805,0.18304211518356794,24.03970828758589,0.5845973534173456,0.38544880445100205
2030,SA1_AR6_fixed_split,SSP5-8.5,S1,"NATO→3.5%, nonNATO holds",0.07,183.69180356957398,92.17654703121222,91.51525653836175,0.5018,0.030999999999995285,0.022985547972701727,2.8574729579671443,2.1035283193966197,4.9610012773637635,1.0769302448292266,0.3668663471396267,0.38461794458186666,0.8586507279935566,5.342652320229464,65.57031655827798,70.91296887850744,70.65116392546554,0.07534097647755846,AR6 World GDP level and trajectory (unrebased),Fixed original NATO GDP share = 0.5018,MIGRATION 1.0,SSP5-8.5_zeromig,0.2618049530419029,4.945581474782588,70.65116392546554,0.39707084544687543,0.2618049530419029,29.38236060781535,0.9816681988642211,0.6472537574929049
2031,SA1_AR6_fixed_split,SSP5-8.5,S1,"NATO→3.5%, nonNATO holds",0.07,192.3472811262712,96.5198656691629,95.82741545710832,0.5018,0.03215489042044799,0.022985547972701727,3.103585703988293,2.2026456550893823,5.306231359077675,1.0509788523232155,0.3580257628793372,0.3753495901154341,0.8379593395078831,5.576736943924911,66.96551453265154,72.54225147657645,72.19747313056408,0.07687570802411078,AR6 World GDP level and trajectory (unrebased),Fixed original NATO GDP share = 0.5018,MIGRATION 1.0,SSP5-8.5_zeromig,0.3447783460123759,5.053823119139486,72.19747313056408,0.5229138247854248,0.3447783460123759,34.959097551740264,1.5045820236496459,0.9920321035052808
2032,SA1_AR6_fixed_split,SSP5-8.5,S1,"NATO→3.5%, nonNATO holds",0.07,201.41060100515517,101.06783958438687,100.3427614207683,0.5018,0.033179069054221584,0.022985547972701727,3.353336828731362,2.306433356350434,5.659770185081795,1.0250288694663219,0.34918565882918656,0.36608173909511493,0.8172690749540954,5.801427834253587,68.35338282626796,74.15481066052155,73.73274308815951,0.07823400508447587,AR6 World GDP level and trajectory (unrebased),Fixed original NATO GDP share = 0.5018,MIGRATION 1.0,SSP5-8.5_zeromig,0.42206757236203885,5.161292016171166,73.73274308815951,0.6401358180824213,0.42206757236203885,40.76052538599385,2.144717841732067,1.4140996758673197
2033,SA1_AR6_fixed_split,SSP5-8.5,S1,"NATO→3.5%, nonNATO holds",0.07,210.9009805583224,105.83011204416619,105.07086851415622,0.5018,0.03399498385901843,0.022985547972701727,3.5976929507395417,2.415111488765573,6.012804439505114,0.9983482350861821,0.34009665151287527,0.3565529411022079,0.7959962522770151,6.002872700098291,69.68178263259001,75.68465533268831,75.19736489940942,0.07931426355463156,AR6 World GDP level and trajectory (unrebased),Fixed original NATO GDP share = 0.5018,MIGRATION 1.0,SSP5-8.5_zeromig,0.4872904332788863,5.2638155429586595,75.19736489940942,0.7390571571396318,0.4872904332788863,46.76339808609214,2.883774998871699,1.901390109146206
2034,SA1_AR6_fixed_split,SSP5-8.5,S1,"NATO→3.5%, nonNATO holds",0.07,220.8385426511057,110.81678070232485,110.02176194878086,0.5018,0.034591224067421655,0.022985547972701727,3.8332880917044467,2.528910487314872,6.362198579019319,0.9715939056631746,0.33098253929185073,0.3469978234511338,0.7746646715675443,6.18147336599408,70.98792497901184,77.16939834500592,76.63049363405406,0.08010265077302005,AR6 World GDP level and trajectory (unrebased),Fixed original NATO GDP share = 0.5018,MIGRATION 1.0,SSP5-8.5_zeromig,0.5389047109518543,5.364134554383784,76.63049363405408,0.8173388116102958,0.5389047109518401,52.94487145208622,3.7011138104819947,2.440294820098046
2035,SA1_AR6_fixed_split,SSP5-8.5,S1,"NATO→3.5%, nonNATO holds",0.07,231.244358329465,116.03841900972554,115.20593931973946,0.5018,0.03499999999999057,0.022985547972701727,4.0613446653393,2.6480716449740354,6.709416310313335,0.9449104753266844,0.32189257950689254,0.3374680269023873,0.7533896196374855,6.339797754942782,72.27613167597528,78.61592943091806,78.03757733775319,0.08064266110996925,AR6 World GDP level and trajectory (unrebased),Fixed original NATO GDP share = 0.5018,MIGRATION 1.0,SSP5-8.5_zeromig,0.5783520931648667,5.462630413642723,78.0375773377532,0.8771673413000594,0.5783520931648525,59.284669207029005,4.578281151782054,3.0186469132628986
2036,SA1_AR6_fixed_split,SSP5-8.5,S1,"NATO→3.5%, nonNATO holds",0.07,240.72811483684964,120.79736802513115,119.93074681171849,0.5018,0.035,0.022985547972701727,4.227907880879591,2.7566739342427002,6.984581815122291,0.9159028717654599,0.31201086840361825,0.3271081684876643,0.7302614736551581,6.397198542551315,72.93052272183897,79.32772126439028,78.74413274777001,0.08064266110998171,AR6 World GDP level and trajectory (unrebased),Fixed original NATO GDP share = 0.5018,MIGRATION 1.0,SSP5-8.5_zeromig,0.5835885166202672,5.512089292343901,78.74413274777001,0.8851092502074147,0.5835885166202672,65.68186774958032,5.463390401989469,3.602235429883166
2037,SA1_AR6_fixed_split,SSP5-8.5,S1,"NATO→3.5%, nonNATO holds",0.07,250.6008176439028,125.75149029371042,124.84932735019237,0.5018,0.035,0.022985547972701727,4.401302160279865,2.8697302031673884,7.271032363447254,0.8984140815478568,0.30605314865916006,0.32086217198137745,0.7163174299028604,6.532397862711207,74.47184694764076,81.00424481035196,80.40832264953174,0.0806426611099817,AR6 World GDP level and trajectory (unrebased),Fixed original NATO GDP share = 0.5018,MIGRATION 1.0,SSP5-8.5_zeromig,0.5959221608202228,5.628582585467221,80.40832264953175,0.9038152772439858,0.5959221608202085,72.21426561229153,6.367205679233455,4.198157590703374
2038,SA1_AR6_fixed_split,SSP5-8.5,S1,"NATO→3.5%, nonNATO holds",0.07,260.8784181538368,130.9087902295953,129.96962792424148,0.5018,0.035,0.022985547972701727,4.581807658035836,2.9874231176468466,7.569230775682683,0.879240414959899,0.2995214600412843,0.31401443391424966,0.7010300119358162,6.6551736081384805,75.87153764537598,82.52671125351446,81.91958879702197,0.08064266110998171,AR6 World GDP level and trajectory (unrebased),Fixed original NATO GDP share = 0.5018,MIGRATION 1.0,SSP5-8.5_zeromig,0.6071224564924904,5.734371215791537,81.91958879702199,0.9208023923469435,0.6071224564924762,78.86943922043001,7.288008071580398,4.805280047195851
2039,SA1_AR6_fixed_split,SSP5-8.5,S1,"NATO→3.5%, nonNATO holds",0.07,271.5775219662541,136.27760052266632,135.29992144358778,0.5018,0.035,0.022985547972701727,4.769716018293321,3.109942835044362,7.879658853337683,0.859001160269046,0.2926267688828619,0.3067861286675164,0.6848929864805567,6.76863609754133,77.16505364404794,83.93368974158928,83.31621659714449,0.08064266110998168,AR6 World GDP level and trajectory (unrebased),Fixed original NATO GDP share = 0.5018,MIGRATION 1.0,SSP5-8.5_zeromig,0.6174731444447872,5.832135161800116,83.31621659714452,0.9365009357412148,0.6174731444447588,85.63807531797134,8.224509007321613,5.422753191640609
2040,SA1_AR6_fixed_split,SSP5-8.5,S1,"NATO→3.5%, nonNATO holds",0.07,282.7154157069408,141.86659560174292,140.8488201051979,0.5018,0.035,0.022985547972701727,4.965330846061002,3.2374873114264617,8.202818157487464,0.8387804762392235,0.28573840399358164,0.2995644557997227,0.6687707676589579,6.880363720641085,78.4387914999132,85.31915522055428,84.69148965244209,0.0806426611099817,AR6 World GDP level and trajectory (unrebased),Fixed original NATO GDP share = 0.5018,MIGRATION 1.0,SSP5-8.5_zeromig,0.6276655681121923,5.928404275670947,84.69148965244209,0.9519594449701376,0.6276655681121923,92.51843903861243,9.17646845229175,6.050418759752802
2041,SA1_AR6_fixed_split,SSP5-8.5,S1,"NATO→3.5%, nonNATO holds",0.07,292.8311588771492,146.9426755245535,145.88848335259573,0.5018,0.035,0.022985547972701727,5.142993643359373,3.3533267327657863,8.496320376125158,0.8248987886124108,0.28100947743939275,0.29460671021871815,0.6577027145108806,7.008604385928586,79.9007843849869,86.9093887709155,86.27002436633171,0.08064266110998168,AR6 World GDP level and trajectory (unrebased),Fixed original NATO GDP share = 0.5018,MIGRATION 1.0,SSP5-8.5_zeromig,0.6393644045837874,6.0389017056432195,86.27002436633174,0.9697026802853665,0.639364404583759,99.527043424541,10.146171132577116,6.689783164336561
2042,SA1_AR6_fixed_split,SSP5-8.5,S1,"NATO→3.5%, nonNATO holds",0.07,303.30884997874205,152.20038091933276,151.1084690594093,0.5018,0.035,0.022985547972701727,5.327013332176647,3.4733109646465667,8.800324296823213,0.8108474853466889,0.27622276973348747,0.2895883876238175,0.6464994245705153,7.135720826314471,81.34996067398555,88.48568150030002,87.83472081737825,0.0806426611099817,AR6 World GDP level and trajectory (unrebased),Fixed original NATO GDP share = 0.5018,MIGRATION 1.0,SSP5-8.5_zeromig,0.6509606829217631,6.148430457216477,87.83472081737827,0.9872903690979937,0.6509606829217489,106.66276425085547,11.13346150167511,7.3407438472583095
2043,SA1_AR6_fixed_split,SSP5-8.5,S1,"NATO→3.5%, nonNATO holds",0.07,314.16143974631484,157.6462104647008,156.51522928161404,0.5018,0.035,0.022985547972701727,5.5176173662645285,3.5975883111109495,9.115205677375478,0.7969256588594221,0.2714801695015614,0.2846163067355079,0.6353993681781097,7.264141290081598,82.81400333084864,90.07814462093023,89.41546869930593,0.08064266110998171,AR6 World GDP level and trajectory (unrebased),Fixed original NATO GDP share = 0.5018,MIGRATION 1.0,SSP5-8.5_zeromig,0.6626759216242988,6.2590828089514154,89.41546869930593,1.0050584811301828,0.6626759216242988,113.92690554093707,12.138519982805294,8.003419768882608
2044,SA1_AR6_fixed_split,SSP5-8.5,S1,"NATO→3.5%, nonNATO holds",0.07,325.4023423002487,163.2868953662648,162.1154469339839,0.5018,0.035,0.022985547972701727,5.715041337819268,3.726312382617068,9.441353720436336,0.7829104196714529,0.2667057473606049,0.27961086416837605,0.6242248326039306,7.391734203533445,84.26861159597439,91.66034579950784,90.98603013298624,0.0806426611099817,AR6 World GDP level and trajectory (unrebased),Fixed original NATO GDP share = 0.5018,MIGRATION 1.0,SSP5-8.5_zeromig,0.6743156665215935,6.369022109309036,90.98603013298626,1.022712094224409,0.6743156665215793,121.31863974447052,13.161232077029702,8.677735435404188
2045,SA1_AR6_fixed_split,SSP5-8.5,S1,"NATO→3.5%, nonNATO holds",0.07,337.04545172695816,169.12940767658762,167.91604405037054,0.5018,0.035,0.022985547972701727,5.919529268680567,3.8596422859060886,9.779171554586656,0.7688673200903207,0.26192183431648286,0.2745954714608288,0.613028083569793,7.518885425878537,85.71818441267955,93.23706983855809,92.55115472069208,0.08064266110998171,AR6 World GDP level and trajectory (unrebased),Fixed original NATO GDP share = 0.5018,MIGRATION 1.0,SSP5-8.5_zeromig,0.6859151178660028,6.478580830448447,92.5511547206921,1.04030459543009,0.6859151178659886,128.83752517034907,14.201536672459792,9.363650553270176
2046,SA1_AR6_fixed_split,SSP5-8.5,S1,"NATO→3.5%, nonNATO holds",0.07,347.51518409717266,174.38311937996124,173.13206471721142,0.5018,0.035,0.022985547972701727,6.103409178298644,3.979535379170363,10.082944557469007,0.7579068422611005,0.25818804516586946,0.2706810150932502,0.6042891496301027,7.641932670245085,87.12097030269749,94.76290297294257,94.06576279174041,0.0806426611099817,AR6 World GDP level and trajectory (unrebased),Fixed original NATO GDP share = 0.5018,MIGRATION 1.0,SSP5-8.5_zeromig,0.6971401812021583,6.584603395421828,94.06576279174043,1.0573292748232568,0.697140181202144,136.47945784059414,15.258865947283049,10.06079073447232
2047,SA1_AR6_fixed_split,SSP5-8.5,S1,"NATO→3.5%, nonNATO holds",0.07,358.3101405442649,179.80002852511214,178.51011201915279,0.5018,0.035,0.022985547972701727,6.2930009983789255,4.103152743428596,10.39615374180752,0.7468443224836411,0.2544194944724492,0.266730115172729,0.5954688562954449,7.7643083977360074,88.51610064217559,96.28040903991159,95.57210505492849,0.08064266110998168,AR6 World GDP level and trajectory (unrebased),Fixed original NATO GDP share = 0.5018,MIGRATION 1.0,SSP5-8.5_zeromig,0.7083039849831039,6.690047353844993,95.5721050549285,1.0742610438910143,0.7083039849830897,144.24376623833015,16.333126991174062,10.76909471945541
2048,SA1_AR6_fixed_split,SSP5-8.5,S1,"NATO→3.5%, nonNATO holds",0.07,369.4404235901001,185.38520455751225,184.05521903258787,0.5018,0.035,0.022985547972701727,6.488482159512929,4.230610066699672,10.719092226212602,0.7357153868752863,0.25062831860586676,0.2627554953126022,0.5865956087403791,7.886201084159878,89.90572412778911,97.79192521194899,97.07250148891433,0.0806426611099817,AR6 World GDP level and trajectory (unrebased),Fixed original NATO GDP share = 0.5018,MIGRATION 1.0,SSP5-8.5_zeromig,0.7194237230346658,6.795075104224003,97.07250148891434,1.0911259799358746,0.7194237230346516,152.12996732249002,17.424252971109937,11.488518442490061
2049,SA1_AR6_fixed_split,SSP5-8.5,S1,"NATO→3.5%, nonNATO holds",0.07,380.9164495738606,191.14387439616326,189.77257517769732,0.5018,0.035,0.022985547972701727,6.690035603865715,4.3620266306501065,11.052062234515821,0.7245680676818302,0.24683088019930483,0.25877430988636796,0.5777077037097655,8.007971377162459,91.29395228134709,99.30192365850955,98.57139136284125,0.0806426611099817,AR6 World GDP level and trajectory (unrebased),Fixed original NATO GDP share = 0.5018,MIGRATION 1.0,SSP5-8.5_zeromig,0.7305322956682971,6.899997395398888,98.57139136284125,1.1079739817635712,0.7305322956682971,160.1379386996525,18.532226952873508,12.219050738158359
2050,SA1_AR6_fixed_split,SSP5-8.5,S1,"NATO→3.5%, nonNATO holds",0.07,392.7489584002411,197.081427325241,195.6675310750001,0.5018,0.035,0.022985547972701727,6.897849956383436,4.497525422224521,11.395375378607957,0.7134458809018105,0.24304200338413326,0.2548021003220752,0.5688398370847934,8.129983625197756,92.68493881529511,100.81492244049286,100.07325949968876,0.08064266110998171,AR6 World GDP level and trajectory (unrebased),Fixed original NATO GDP share = 0.5018,MIGRATION 1.0,SSP5-8.5_zeromig,0.7416629408041047,7.005128164978214,100.07325949968877,1.1248554602195417,0.7416629408040905,168.26792232485025,19.65708241309305,12.960713678962449
2025,SA1_AR6_fixed_split,SSP5-8.5,S2,"NATO→3.5%, nonNATO→3.5%",0.07,144.2051385147961,72.36213850672468,71.84300000807141,0.5018,0.027,0.022985547972701727,1.9537777396815663,1.651350723188336,3.605128462869902,1.2542122305605359,0.42725911150963314,0.4479329394859057,1.0,4.521596210873336,60.07263537303147,64.5942315839048,64.5942315839048,0.07,AR6 World GDP level and trajectory (unrebased),Fixed original NATO GDP share = 0.5018,MIGRATION 1.0,SSP5-8.5_zeromig,0.0,4.521596210873336,64.5942315839048,0.0,0.0,4.521596210873336,0.0,0.0
2026,SA1_AR6_fixed_split,SSP5-8.5,S2,"NATO→3.5%, nonNATO→3.5%",0.07,151.357011624834,75.95094843334171,75.4060631914923,0.5018,0.02740877593256891,0.023599450326672138,2.0817225274755584,1.7795416426175228,3.861264170093081,1.2171084205431049,0.41461935205314565,0.4346815787653946,0.9704166415273685,4.699577135361673,61.15459124027909,65.85416837564077,65.79210477029503,0.07136339659707905,AR6 World GDP level and trajectory (unrebased),Fixed original NATO GDP share = 0.5018,MIGRATION 1.0,SSP5-8.5_zeromig,0.062063605345741735,4.605447333920652,65.79210477029503,0.09412980144102079,0.062063605345741735,9.221173346235009,0.09412980144102079,0.062063605345741735
2027,SA1_AR6_fixed_split,SSP5-8.5,S2,"NATO→3.5%, nonNATO→3.5%",0.07,158.86358283723416,79.7177458677241,79.14583696951006,0.5018,0.028005016140972137,0.024494887749248,2.2324967597475283,1.9386683923884314,4.171165152135959,1.180945563720206,0.4023001370914988,0.42176627275721645,0.941583517482057,4.9259189819592795,62.2327808417304,67.15869982368969,67.00330121011756,0.07334744411209851,AR6 World GDP level and trajectory (unrebased),Fixed original NATO GDP share = 0.5018,MIGRATION 1.0,SSP5-8.5_zeromig,0.1553986135721317,4.690231084708229,67.00330121011756,0.23568789725105077,0.1553986135721317,14.147092328194288,0.32981769869207156,0.21746221891787343
2028,SA1_AR6_fixed_split,SSP5-8.5,S2,"NATO→3.5%, nonNATO→3.5%",0.07,166.7424434517702,83.67135812409829,83.07108532767192,0.5018,0.028820930945768986,0.025720233909322272,2.4114864346333436,2.136607745728991,4.548094180362335,1.145850162182916,0.3903445607436308,0.40923220077961286,0.913601489654434,5.211434454191358,63.311682021446735,68.52311647563809,68.23637709713807,0.07605366950938623,AR6 World GDP level and trajectory (unrebased),Fixed original NATO GDP share = 0.5018,MIGRATION 1.0,SSP5-8.5_zeromig,0.2867393785000161,4.776546396799666,68.23637709713807,0.43488805739169223,0.2867393785000161,19.358526782385646,0.7647057560837638,0.5042015974178895
2029,SA1_AR6_fixed_split,SSP5-8.5,S2,"NATO→3.5%, nonNATO→3.5%",0.07,175.0120572110772,87.82105030851855,87.19100690255866,0.5018,0.029845109579542582,0.027258352042179364,2.6210288698482582,2.3766831610620347,4.997712030910293,1.1110754276783552,0.37849822261570343,0.39681265274226973,0.885875133893241,5.552835032156915,64.35012746986587,69.90296250202279,69.44699868380943,0.07943633335992352,AR6 World GDP level and trajectory (unrebased),Fixed original NATO GDP share = 0.5018,MIGRATION 1.0,SSP5-8.5_zeromig,0.4559638182133625,4.861289907866659,69.44699868380943,0.6915451242902559,0.4559638182133625,24.911361814542563,1.4562508803740197,0.960165415631252
2030,SA1_AR6_fixed_split,SSP5-8.5,S2,"NATO→3.5%, nonNATO→3.5%",0.07,183.69180356957398,92.17654703121222,91.51525653836175,0.5018,0.030999999999995285,0.028992773986343784,2.8574729579671443,2.6532811491189925,5.510754107086137,1.0769302448292266,0.3668663471396267,0.38461794458186666,0.8586507279935566,5.934697769737939,65.36863074580805,71.30332851554599,70.65116392546554,0.08323170731705772,AR6 World GDP level and trajectory (unrebased),Fixed original NATO GDP share = 0.5018,MIGRATION 1.0,SSP5-8.5_zeromig,0.6521645900804458,4.945581474782588,70.65116392546554,0.9891162949553509,0.6521645900804458,30.8460595842805,2.4453671753293706,1.6123300057116978
2031,SA1_AR6_fixed_split,SSP5-8.5,S2,"NATO→3.5%, nonNATO→3.5%",0.07,192.3472811262712,96.5198656691629,95.82741545710832,0.5018,0.03215489042044799,0.0307271959305082,3.103585703988293,2.944507770264777,6.04809347425307,1.0509788523232155,0.3580257628793372,0.3753495901154341,0.8379593395078831,6.356418338314021,66.69990878291459,73.0563271212286,72.19747313056408,0.08700708875996836,AR6 World GDP level and trajectory (unrebased),Fixed original NATO GDP share = 0.5018,MIGRATION 1.0,SSP5-8.5_zeromig,0.858853990664528,5.053823119139486,72.19747313056408,1.3025952191745347,0.858853990664528,37.202477922594525,3.7479623945039053,2.471183996376226
2032,SA1_AR6_fixed_split,SSP5-8.5,S2,"NATO→3.5%, nonNATO→3.5%",0.07,201.41060100515517,101.06783958438687,100.3427614207683,0.5018,0.033179069054221584,0.032265314063365295,3.353336828731362,3.237590711226424,6.590927539957786,1.0250288694663219,0.34918565882918656,0.36608173909511493,0.8172690749540954,6.755891005017375,68.02823603183194,74.78412703684931,73.73274308815951,0.09033856879399636,AR6 World GDP level and trajectory (unrebased),Fixed original NATO GDP share = 0.5018,MIGRATION 1.0,SSP5-8.5_zeromig,1.0513839486898036,5.161292016171166,73.73274308815951,1.5945989888462089,1.0513839486898036,43.9583689276119,5.342561383350114,3.5225679450660294
2033,SA1_AR6_fixed_split,SSP5-8.5,S2,"NATO→3.5%, nonNATO→3.5%",0.07,210.9009805583224,105.83011204416619,105.07086851415622,0.5018,0.03399498385901843,0.033490660223439564,3.5976929507395417,3.5188927567893002,7.1165857075288415,0.9983482350861821,0.34009665151287527,0.3565529411022079,0.7959962522770151,7.104830780950968,69.30639031933251,76.41122110028347,75.19736489940942,0.09298151081274383,AR6 World GDP level and trajectory (unrebased),Fixed original NATO GDP share = 0.5018,MIGRATION 1.0,SSP5-8.5_zeromig,1.2138562008740479,5.2638155429586595,75.19736489940942,1.8410152379923082,1.2138562008740479,51.06319970856286,7.183576621342422,4.736424145940077
2034,SA1_AR6_fixed_split,SSP5-8.5,S2,"NATO→3.5%, nonNATO→3.5%",0.07,220.8385426511057,110.81678070232485,110.02176194878086,0.5018,0.034591224067421655,0.034386097646015426,3.8332880917044467,3.7832190495574434,7.61650714126189,0.9715939056631746,0.33098253929185073,0.3469978234511338,0.7746646715675443,7.4001519208901,70.57277074602528,77.97292266691538,76.63049363405406,0.09490668898615047,AR6 World GDP level and trajectory (unrebased),Fixed original NATO GDP share = 0.5018,MIGRATION 1.0,SSP5-8.5_zeromig,1.3424290328613182,5.364134554383784,76.63049363405408,2.036017366506316,1.342429032861304,58.463351629452966,9.21959398784874,6.078853178801381
2035,SA1_AR6_fixed_split,SSP5-8.5,S2,"NATO→3.5%, nonNATO→3.5%",0.07,231.244358329465,116.03841900972554,115.20593931973946,0.5018,0.03499999999999057,0.03499999999998584,4.0613446653393,4.03220787618925,8.093552541528549,0.9449104753266844,0.32189257950689254,0.3374680269023873,0.7533896196374855,7.647682579097236,71.83058849412048,79.47827107321771,78.03757733775319,0.0962235649546524,AR6 World GDP level and trajectory (unrebased),Fixed original NATO GDP share = 0.5018,MIGRATION 1.0,SSP5-8.5_zeromig,1.4406937354645208,5.462630413642723,78.0375773377532,2.185052165454513,1.4406937354645066,66.1110342085502,11.40464615330325,7.519546914265888
2036,SA1_AR6_fixed_split,SSP5-8.5,S2,"NATO→3.5%, nonNATO→3.5%",0.07,240.72811483684964,120.79736802513115,119.93074681171849,0.5018,0.035,0.035,4.227907880879591,4.197576138410148,8.425484019289739,0.9159028717654599,0.31201086840361825,0.3271081684876643,0.7302614736551581,7.716925009281462,72.48094557383199,80.19787058311346,78.74413274777001,0.09622356495468279,AR6 World GDP level and trajectory (unrebased),Fixed original NATO GDP share = 0.5018,MIGRATION 1.0,SSP5-8.5_zeromig,1.4537378353434462,5.512089292343901,78.74413274777001,2.204835716937561,1.4537378353434462,73.82795921783166,13.609481870240813,8.973284749609334
2037,SA1_AR6_fixed_split,SSP5-8.5,S2,"NATO→3.5%, nonNATO→3.5%",0.07,250.6008176439028,125.75149029371042,124.84932735019237,0.5018,0.035,0.035,4.401302160279865,4.369726457256733,8.771028617536597,0.8984140815478568,0.30605314865916006,0.32086217198137745,0.7163174299028604,7.8800156196541105,74.01276837109977,81.89278399075388,80.40832264953174,0.09622356495468276,AR6 World GDP level and trajectory (unrebased),Fixed original NATO GDP share = 0.5018,MIGRATION 1.0,SSP5-8.5_zeromig,1.4844613412221435,5.628582585467221,80.40832264953175,2.2514330341868893,1.4844613412221292,81.70797483748578,15.860914904427702,10.457746090831463
2038,SA1_AR6_fixed_split,SSP5-8.5,S2,"NATO→3.5%, nonNATO→3.5%",0.07,260.8784181538368,130.9087902295953,129.96962792424148,0.5018,0.035,0.035,4.581807658035836,4.548936977348452,9.13074463538429,0.879240414959899,0.2995214600412843,0.31401443391424966,0.7010300119358162,8.028119702108155,75.40383073424346,83.43195043635161,81.91958879702197,0.09622356495468279,AR6 World GDP level and trajectory (unrebased),Fixed original NATO GDP share = 0.5018,MIGRATION 1.0,SSP5-8.5_zeromig,1.5123616393296402,5.734371215791537,81.91958879702199,2.293748486316618,1.512361639329626,89.73609453959392,18.154663390744318,11.97010773016109
2039,SA1_AR6_fixed_split,SSP5-8.5,S2,"NATO→3.5%, nonNATO→3.5%",0.07,271.5775219662541,136.27760052266632,135.29992144358778,0.5018,0.035,0.035,4.769716018293321,4.735497250525572,9.505213268818894,0.859001160269046,0.2926267688828619,0.3067861286675164,0.6848929864805567,8.164989226520161,76.6893729078024,84.85436213432256,83.31621659714449,0.09622356495468277,AR6 World GDP level and trajectory (unrebased),Fixed original NATO GDP share = 0.5018,MIGRATION 1.0,SSP5-8.5_zeromig,1.5381455371780675,5.832135161800116,83.31621659714452,2.3328540647200455,1.538145537178039,97.90108376611408,20.487517455464364,13.508253267339128
2040,SA1_AR6_fixed_split,SSP5-8.5,S2,"NATO→3.5%, nonNATO→3.5%",0.07,282.7154157069408,141.86659560174292,140.8488201051979,0.5018,0.035,0.035,4.965330846061002,4.929708703681927,9.895039549742929,0.8387804762392235,0.28573840399358164,0.2995644557997227,0.6687707676589579,8.299765985939326,77.95525886008632,86.25502484602565,84.69148965244209,0.09622356495468277,AR6 World GDP level and trajectory (unrebased),Fixed original NATO GDP share = 0.5018,MIGRATION 1.0,SSP5-8.5_zeromig,1.5635351935835615,5.928404275670947,84.69148965244209,2.3713617102683786,1.5635351935835615,106.20084975205341,22.858879165732745,15.07178846092269
2041,SA1_AR6_fixed_split,SSP5-8.5,S2,"NATO→3.5%, nonNATO→3.5%",0.07,292.8311588771492,146.9426755245535,145.88848335259573,0.5018,0.035,0.035,5.142993643359373,5.106096917340851,10.249090560700225,0.8248987886124108,0.28100947743939275,0.29460671021871815,0.6577027145108806,8.45446238790051,79.40823935134812,87.86270173924862,86.27002436633171,0.09622356495468277,AR6 World GDP level and trajectory (unrebased),Fixed original NATO GDP share = 0.5018,MIGRATION 1.0,SSP5-8.5_zeromig,1.59267737291691,6.0389017056432195,86.27002436633174,2.41556068225729,1.5926773729168815,114.65531213995392,25.274439847990035,16.66446583383957
2042,SA1_AR6_fixed_split,SSP5-8.5,S2,"NATO→3.5%, nonNATO→3.5%",0.07,303.30884997874205,152.20038091933276,151.1084690594093,0.5018,0.035,0.035,5.327013332176647,5.288796417079325,10.615809749255973,0.8108474853466889,0.27622276973348747,0.2895883876238175,0.6464994245705153,8.60780264010307,80.84848225390373,89.4562848940068,87.83472081737825,0.09622356495468277,AR6 World GDP level and trajectory (unrebased),Fixed original NATO GDP share = 0.5018,MIGRATION 1.0,SSP5-8.5_zeromig,1.6215640766285446,6.148430457216477,87.83472081737827,2.459372182886593,1.6215640766285304,123.263114780057,27.733812030876628,18.286029910468102
2043,SA1_AR6_fixed_split,SSP5-8.5,S2,"NATO→3.5%, nonNATO→3.5%",0.07,314.16143974631484,157.6462104647008,156.51522928161404,0.5018,0.035,0.035,5.5176173662645285,5.478033024856492,10.995650391121021,0.7969256588594221,0.2714801695015614,0.2846163067355079,0.6353993681781097,8.762715932531982,82.30349988122266,91.06621581375464,89.41546869930593,0.09622356495468282,AR6 World GDP level and trajectory (unrebased),Fixed original NATO GDP share = 0.5018,MIGRATION 1.0,SSP5-8.5_zeromig,1.6507471144487056,6.2590828089514154,89.41546869930593,2.503633123580567,1.6507471144487056,132.02583071258897,30.237445154457195,19.936777024916807
2044,SA1_AR6_fixed_split,SSP5-8.5,S2,"NATO→3.5%, nonNATO→3.5%",0.07,325.4023423002487,163.2868953662648,162.1154469339839,0.5018,0.035,0.035,5.715041337819268,5.6740406426894365,11.389081980508704,0.7829104196714529,0.2667057473606049,0.27961086416837605,0.6242248326039306,8.916630953032652,83.74914127471642,92.66577222774907,90.98603013298624,0.09622356495468277,AR6 World GDP level and trajectory (unrebased),Fixed original NATO GDP share = 0.5018,MIGRATION 1.0,SSP5-8.5_zeromig,1.6797420947628297,6.369022109309036,90.98603013298626,2.5476088437236157,1.6797420947628154,140.94246166562164,32.78505399818081,21.616519119679623
2045,SA1_AR6_fixed_split,SSP5-8.5,S2,"NATO→3.5%, nonNATO→3.5%",0.07,337.04545172695816,169.12940767658762,167.91604405037054,0.5018,0.035,0.035,5.919529268680567,5.87706154176297,11.796590810443536,0.7688673200903207,0.26192183431648286,0.2745954714608288,0.613028083569793,9.070013162627825,85.18977826060012,94.25979142322795,92.55115472069208,0.09622356495468277,AR6 World GDP level and trajectory (unrebased),Fixed original NATO GDP share = 0.5018,MIGRATION 1.0,SSP5-8.5_zeromig,1.7086367025358697,6.478580830448447,92.5511547206921,2.5914323321793784,1.7086367025358555,150.01247482824945,35.37648633036019,23.32515582221548
2046,SA1_AR6_fixed_split,SSP5-8.5,S2,"NATO→3.5%, nonNATO→3.5%",0.07,347.51518409717266,174.38311937996124,173.13206471721142,0.5018,0.035,0.035,6.103409178298644,6.0596222651024005,12.163031443401046,0.7579068422611005,0.25818804516586946,0.2706810150932502,0.6042891496301027,9.218444753590562,86.58391673584353,95.80236148943409,94.06576279174041,0.09622356495468279,AR6 World GDP level and trajectory (unrebased),Fixed original NATO GDP share = 0.5018,MIGRATION 1.0,SSP5-8.5_zeromig,1.7365986976936796,6.584603395421828,94.06576279174043,2.633841358168734,1.7365986976936654,159.23091958184003,38.010327688528925,25.061754519909144
2047,SA1_AR6_fixed_split,SSP5-8.5,S2,"NATO→3.5%, nonNATO→3.5%",0.07,358.3101405442649,179.80002852511214,178.51011201915279,0.5018,0.035,0.035,6.2930009983789255,6.247853920670348,12.540854919049274,0.7468443224836411,0.2544194944724492,0.266730115172729,0.5954688562954449,9.366066295382993,87.97044685286727,97.33651314825026,95.57210505492849,0.09622356495468277,AR6 World GDP level and trajectory (unrebased),Fixed original NATO GDP share = 0.5018,MIGRATION 1.0,SSP5-8.5_zeromig,1.7644080933217765,6.690047353844993,95.5721050549285,2.6760189415379996,1.7644080933217623,168.596985877223,40.68634663006692,26.826162613230906
2048,SA1_AR6_fixed_split,SSP5-8.5,S2,"NATO→3.5%, nonNATO→3.5%",0.07,369.4404235901001,185.38520455751225,184.05521903258787,0.5018,0.035,0.035,6.488482159512929,6.441932666140576,12.930414825653505,0.7357153868752863,0.25062831860586676,0.2627554953126022,0.5865956087403791,9.513105145913606,89.35150406279608,98.86460920870968,97.07250148891433,0.09622356495468279,AR6 World GDP level and trajectory (unrebased),Fixed original NATO GDP share = 0.5018,MIGRATION 1.0,SSP5-8.5_zeromig,1.7921077197953537,6.795075104224003,97.07250148891434,2.7180300416896026,1.7921077197953394,178.11009102313662,43.40437667175652,28.618270333026246
2049,SA1_AR6_fixed_split,SSP5-8.5,S2,"NATO→3.5%, nonNATO→3.5%",0.07,380.9164495738606,191.14387439616326,189.77257517769732,0.5018,0.035,0.035,6.690035603865715,6.642040131219407,13.332075735085121,0.7245680676818302,0.24683088019930483,0.25877430988636796,0.5777077037097655,9.659996353558443,90.73117454213526,100.3911708956937,98.57139136284125,0.09622356495468277,AR6 World GDP level and trajectory (unrebased),Fixed original NATO GDP share = 0.5018,MIGRATION 1.0,SSP5-8.5_zeromig,1.8197795328524506,6.899997395398888,98.57139136284125,2.7599989581595548,1.8197795328524506,187.77008737669505,46.16437562991608,30.438049865878696
2050,SA1_AR6_fixed_split,SSP5-8.5,S2,"NATO→3.5%, nonNATO→3.5%",0.07,392.7489584002411,197.081427325241,195.6675310750001,0.5018,0.035,0.035,6.897849956383436,6.848363587625005,13.746213544008441,0.7134458809018105,0.24304200338413326,0.2548021003220752,0.5688398370847934,9.8071794309695,92.11358639794429,101.92076582891379,100.07325949968876,0.09622356495468279,AR6 World GDP level and trajectory (unrebased),Fixed original NATO GDP share = 0.5018,MIGRATION 1.0,SSP5-8.5_zeromig,1.8475063292250269,7.005128164978214,100.07325949968877,2.8020512659912855,1.8475063292250127,197.57726680766456,48.96642689590736,32.28555619510371
2025,SA1_AR6_fixed_split,SSP5-8.5,S3,"NATO→5%, nonNATO→3.5%",0.07,144.2051385147961,72.36213850672468,71.84300000807141,0.5018,0.027,0.022985547972701727,1.9537777396815663,1.651350723188336,3.605128462869902,1.2542122305605359,0.42725911150963314,0.4479329394859057,1.0,4.521596210873336,60.07263537303147,64.5942315839048,64.5942315839048,0.07,AR6 World GDP level and trajectory (unrebased),Fixed original NATO GDP share = 0.5018,MIGRATION 1.0,SSP5-8.5_zeromig,0.0,4.521596210873336,64.5942315839048,0.0,0.0,4.521596210873336,0.0,0.0
2026,SA1_AR6_fixed_split,SSP5-8.5,S3,"NATO→5%, nonNATO→3.5%",0.07,151.357011624834,75.95094843334171,75.4060631914923,0.5018,0.02817523080613562,0.023599450326672138,2.139935502054307,1.7795416426175228,3.9194771446718297,1.2171084205431049,0.41461935205314565,0.4346815787653946,0.9704166415273685,4.770428636906329,61.130455014478166,65.90088365138449,65.79210477029503,0.07238793127785487,AR6 World GDP level and trajectory (unrebased),Fixed original NATO GDP share = 0.5018,MIGRATION 1.0,SSP5-8.5_zeromig,0.10877888108946365,4.605447333920652,65.79210477029503,0.16498130298567748,0.10877888108946365,9.292024847779665,0.16498130298567748,0.10877888108946365
2027,SA1_AR6_fixed_split,SSP5-8.5,S3,"NATO→5%, nonNATO→3.5%",0.07,158.86358283723416,79.7177458677241,79.14583696951006,0.5018,0.029889421405294894,0.024494887749248,2.3827172997206114,1.9386683923884314,4.321385692109043,1.180945563720206,0.4023001370914988,0.42176627275721645,0.941583517482057,5.103321262220146,62.17234709790527,67.27566836012542,67.00330121011756,0.07585686454874237,AR6 World GDP level and trajectory (unrebased),Fixed original NATO GDP share = 0.5018,MIGRATION 1.0,SSP5-8.5_zeromig,0.2723671500078666,4.690231084708229,67.00330121011756,0.41309017751191757,0.2723671500078666,14.395346109999812,0.578071480497595,0.38114603109733025
2028,SA1_AR6_fixed_split,SSP5-8.5,S3,"NATO→5%, nonNATO→3.5%",0.07,166.7424434517702,83.67135812409829,83.07108532767192,0.5018,0.03223517646908584,0.025720233909322272,2.6971609945383874,2.136607745728991,4.833768740267379,1.145850162182916,0.3903445607436308,0.40923220077961286,0.913601489654434,5.538774694990086,63.20017051084498,68.73894520583507,68.23637709713807,0.08057695209614468,AR6 World GDP level and trajectory (unrebased),Fixed original NATO GDP share = 0.5018,MIGRATION 1.0,SSP5-8.5_zeromig,0.5025681086969911,4.776546396799666,68.23637709713807,0.7622282981904203,0.5025681086969911,19.9341208049899,1.3402997786880153,0.8837141397943213
2029,SA1_AR6_fixed_split,SSP5-8.5,S3,"NATO→5%, nonNATO→3.5%",0.07,175.0120572110772,87.82105030851855,87.19100690255866,0.5018,0.03517969004118492,0.027258352042179364,3.08951732894499,2.3766831610620347,5.466200490007025,1.1110754276783552,0.37849822261570343,0.39681265274226973,0.885875133893241,6.07336104721019,64.17280542078178,70.24616646799197,69.44699868380943,0.0864582560526993,AR6 World GDP level and trajectory (unrebased),Fixed original NATO GDP share = 0.5018,MIGRATION 1.0,SSP5-8.5_zeromig,0.7991677841825435,4.861289907866659,69.44699868380943,1.2120711393435304,0.7991677841825435,26.007481852200087,2.5523709180315457,1.6828819239768649
2030,SA1_AR6_fixed_split,SSP5-8.5,S3,"NATO→5%, nonNATO→3.5%",0.07,183.69180356957398,92.17654703121222,91.51525653836175,0.5018,0.03849999999998644,0.028992773986343784,3.5487970607004207,2.6532811491189925,6.202078209819414,1.0769302448292266,0.3668663471396267,0.38461794458186666,0.8586507279935566,6.679205604950832,65.11500719754872,71.79421280249956,70.65116392546554,0.09303264628480322,AR6 World GDP level and trajectory (unrebased),Fixed original NATO GDP share = 0.5018,MIGRATION 1.0,SSP5-8.5_zeromig,1.143048877034019,4.945581474782588,70.65116392546554,1.733624130168244,1.143048877034019,32.68668745715092,4.28599504819979,2.825930801010884
2031,SA1_AR6_fixed_split,SSP5-8.5,S3,"NATO→5%, nonNATO→3.5%",0.07,192.3472811262712,96.5198656691629,95.82741545710832,0.5018,0.041820309958787966,0.0307271959305082,4.03649069946497,2.944507770264777,6.980998469729747,1.0509788523232155,0.3580257628793372,0.3753495901154341,0.8379593395078831,7.336881759786693,66.36590476021512,73.70278652000181,72.19747313056408,0.09954687069796982,AR6 World GDP level and trajectory (unrebased),Fixed original NATO GDP share = 0.5018,MIGRATION 1.0,SSP5-8.5_zeromig,1.505313389437731,5.053823119139486,72.19747313056408,2.283058640647207,1.505313389437731,40.02356921693762,6.569053688846997,4.331244190448615
2032,SA1_AR6_fixed_split,SSP5-8.5,S3,"NATO→5%, nonNATO→3.5%",0.07,201.41060100515517,101.06783958438687,100.3427614207683,0.5018,0.04476482353088705,0.032265314063365295,4.524284003643079,3.237590711226424,7.761874714869503,1.0250288694663219,0.34918565882918656,0.36608173909511493,0.8172690749540954,7.956145663921916,67.61935807110622,75.57550373502814,73.73274308815951,0.10527413342578039,AR6 World GDP level and trajectory (unrebased),Fixed original NATO GDP share = 0.5018,MIGRATION 1.0,SSP5-8.5_zeromig,1.8427606468686264,5.161292016171166,73.73274308815951,2.7948536477507497,1.8427606468686264,47.97971488085953,9.363907336597746,6.174004837317241
2033,SA1_AR6_fixed_split,SSP5-8.5,S3,"NATO→5%, nonNATO→3.5%",0.07,210.9009805583224,105.83011204416619,105.07086851415622,0.5018,0.04711057859467799,0.033490660223439564,4.985717811140269,3.5188927567893002,8.50461056792957,0.9983482350861821,0.34009665151287527,0.3565529411022079,0.7959962522770151,8.490562950587778,68.8343277120936,77.32489066268137,75.19736489940942,0.10980374983815533,AR6 World GDP level and trajectory (unrebased),Fixed original NATO GDP share = 0.5018,MIGRATION 1.0,SSP5-8.5_zeromig,2.1275257632719473,5.2638155429586595,75.19736489940942,3.2267474076291185,2.1275257632719473,56.470277831447305,12.590654744226864,8.301530600589189
2034,SA1_AR6_fixed_split,SSP5-8.5,S3,"NATO→5%, nonNATO→3.5%",0.07,220.8385426511057,110.81678070232485,110.02176194878086,0.5018,0.04882476919383726,0.034386097646015426,5.41060374059509,3.7832190495574434,9.193822790152534,0.9715939056631746,0.33098253929185073,0.3469978234511338,0.7746646715675443,8.932662192659405,70.05070680729068,78.98336899995009,76.63049363405406,0.11309548207123261,AR6 World GDP level and trajectory (unrebased),Fixed original NATO GDP share = 0.5018,MIGRATION 1.0,SSP5-8.5_zeromig,2.3528753658960255,5.364134554383784,76.63049363405408,3.5685276382756212,2.3528753658960113,65.40294002410671,16.159182382502486,10.6544059664852
2035,SA1_AR6_fixed_split,SSP5-8.5,S3,"NATO→5%, nonNATO→3.5%",0.07,231.244358329465,116.03841900972554,115.20593931973946,0.5018,0.049999999999972886,0.03499999999998584,5.801920950483131,4.03220787618925,9.83412882667238,0.9449104753266844,0.32189257950689254,0.3374680269023873,0.7533896196374855,9.292371344034848,71.270309903867,80.56268124790185,78.03757733775319,0.11534337239150486,AR6 World GDP level and trajectory (unrebased),Fixed original NATO GDP share = 0.5018,MIGRATION 1.0,SSP5-8.5_zeromig,2.5251039101486583,5.462630413642723,78.0375773377532,3.8297409303921253,2.525103910148644,74.69531136814156,19.988923312894613,13.179509876633844
2036,SA1_AR6_fixed_split,SSP5-8.5,S3,"NATO→5%, nonNATO→3.5%",0.07,240.72811483684964,120.79736802513115,119.93074681171849,0.5018,0.05,0.035,6.039868401256558,4.197576138410148,10.237444539666706,0.9159028717654599,0.31201086840361825,0.3271081684876643,0.7302614736551581,9.376504853420363,71.9155941983561,81.29209905177646,78.74413274777001,0.11534337239155666,AR6 World GDP level and trajectory (unrebased),Fixed original NATO GDP share = 0.5018,MIGRATION 1.0,SSP5-8.5_zeromig,2.547966304006451,5.512089292343901,78.74413274777001,3.864415561076462,2.547966304006451,84.07181622156192,23.853338873971072,15.727476180640295
2037,SA1_AR6_fixed_split,SSP5-8.5,S3,"NATO→5%, nonNATO→3.5%",0.07,250.6008176439028,125.75149029371042,124.84932735019237,0.5018,0.05,0.035,6.287574514685521,4.369726457256733,10.657300971942254,0.8984140815478568,0.30605314865916006,0.32086217198137745,0.7163174299028604,9.574669264486582,73.43546877780518,83.01013804229177,80.40832264953174,0.11534337239155663,AR6 World GDP level and trajectory (unrebased),Fixed original NATO GDP share = 0.5018,MIGRATION 1.0,SSP5-8.5_zeromig,2.601815392760031,5.628582585467221,80.40832264953175,3.946086679019361,2.6018153927600167,93.6464854860485,27.799425552990435,18.32929157340031
2038,SA1_AR6_fixed_split,SSP5-8.5,S3,"NATO→5%, nonNATO→3.5%",0.07,260.8784181538368,130.9087902295953,129.96962792424148,0.5018,0.05,0.035,6.545439511479765,4.548936977348452,11.094376488828217,0.879240414959899,0.2995214600412843,0.31401443391424966,0.7010300119358162,9.754624187758669,74.81568085451636,84.57030504227502,81.91958879702197,0.11534337239155665,AR6 World GDP level and trajectory (unrebased),Fixed original NATO GDP share = 0.5018,MIGRATION 1.0,SSP5-8.5_zeromig,2.650716245253051,5.734371215791537,81.91958879702199,4.020252971967132,2.6507162452530366,103.40110967380717,31.819678524957567,20.98000781865335
2039,SA1_AR6_fixed_split,SSP5-8.5,S3,"NATO→5%, nonNATO→3.5%",0.07,271.5775219662541,136.27760052266632,135.29992144358778,0.5018,0.05,0.035,6.813880026133316,4.735497250525572,11.549377276658888,0.859001160269046,0.2926267688828619,0.3067861286675164,0.6848929864805567,9.92092848103494,76.09119579912154,86.01212428015647,83.31621659714449,0.11534337239155666,AR6 World GDP level and trajectory (unrebased),Fixed original NATO GDP share = 0.5018,MIGRATION 1.0,SSP5-8.5_zeromig,2.6959076830119812,5.832135161800116,83.31621659714452,4.088793319234824,2.695907683011953,113.32203815484212,35.90847184419239,23.6759155016653
2040,SA1_AR6_fixed_split,SSP5-8.5,S3,"NATO→5%, nonNATO→3.5%",0.07,282.7154157069408,141.86659560174292,140.8488201051979,0.5018,0.05,0.035,7.093329780087146,4.929708703681927,12.023038483769072,0.8387804762392235,0.28573840399358164,0.2995644557997227,0.6687707676589579,10.084689945258335,77.34720784097763,87.43189778623596,84.69148965244209,0.11534337239155668,AR6 World GDP level and trajectory (unrebased),Fixed original NATO GDP share = 0.5018,MIGRATION 1.0,SSP5-8.5_zeromig,2.7404081337938777,5.928404275670947,84.69148965244209,4.156285669587388,2.7404081337938777,123.40672810010045,40.06475751377978,26.41632363545918
2041,SA1_AR6_fixed_split,SSP5-8.5,S3,"NATO→5%, nonNATO→3.5%",0.07,292.8311588771492,146.9426755245535,145.88848335259573,0.5018,0.05,0.035,7.347133776227675,5.106096917340851,12.453230693568527,0.8248987886124108,0.28100947743939275,0.29460671021871815,0.6577027145108806,10.27265491343557,78.7888550844076,89.06150999784317,86.27002436633171,0.11534337239155663,AR6 World GDP level and trajectory (unrebased),Fixed original NATO GDP share = 0.5018,MIGRATION 1.0,SSP5-8.5_zeromig,2.7914856315114633,6.0389017056432195,86.27002436633174,4.2337532077923505,2.791485631511435,133.679383013536,44.29851072157213,29.207809266970614
2042,SA1_AR6_fixed_split,SSP5-8.5,S3,"NATO→5%, nonNATO→3.5%",0.07,303.30884997874205,152.20038091933276,151.1084690594093,0.5018,0.05,0.035,7.610019045966638,5.288796417079325,12.898815463045963,0.8108474853466889,0.27622276973348747,0.2895883876238175,0.6464994245705153,10.458972082161806,80.21786409232328,90.67683617448509,87.83472081737825,0.11534337239155662,AR6 World GDP level and trajectory (unrebased),Fixed original NATO GDP share = 0.5018,MIGRATION 1.0,SSP5-8.5_zeromig,2.8421153571068345,6.148430457216477,87.83472081737827,4.310541624945328,2.8421153571068203,144.13835509569782,48.60905234651746,32.049924624077434
2043,SA1_AR6_fixed_split,SSP5-8.5,S3,"NATO→5%, nonNATO→3.5%",0.07,314.16143974631484,157.6462104647008,156.51522928161404,0.5018,0.05,0.035,7.8823105232350406,5.478033024856492,13.360343548091532,0.7969256588594221,0.2714801695015614,0.2846163067355079,0.6353993681781097,10.647200584651074,81.66153258214914,92.30873316680021,89.41546869930593,0.11534337239155666,AR6 World GDP level and trajectory (unrebased),Fixed original NATO GDP share = 0.5018,MIGRATION 1.0,SSP5-8.5_zeromig,2.8932644674942765,6.2590828089514154,89.41546869930593,4.3881177756996586,2.8932644674942765,154.7855556803489,52.99717012221711,34.94318909157171
2044,SA1_AR6_fixed_split,SSP5-8.5,S3,"NATO→5%, nonNATO→3.5%",0.07,325.4023423002487,163.2868953662648,162.1154469339839,0.5018,0.05,0.035,8.16434476831324,5.6740406426894365,13.838385411002676,0.7829104196714529,0.2667057473606049,0.27961086416837605,0.6242248326039306,10.834216129703417,83.09589797277364,93.93011410247706,90.98603013298624,0.11534337239155663,AR6 World GDP level and trajectory (unrebased),Fixed original NATO GDP share = 0.5018,MIGRATION 1.0,SSP5-8.5_zeromig,2.944083969490819,6.369022109309036,90.98603013298626,4.465194020394382,2.944083969490805,165.61977181005233,57.4623641426115,37.887273061062515
2045,SA1_AR6_fixed_split,SSP5-8.5,S3,"NATO→5%, nonNATO→3.5%",0.07,337.04545172695816,169.12940767658762,167.91604405037054,0.5018,0.05,0.035,8.456470383829382,5.87706154176297,14.333531925592352,0.7688673200903207,0.26192183431648286,0.2745954714608288,0.613028083569793,11.020584279059245,84.52529799016745,95.5458822692267,92.55115472069208,0.11534337239155665,AR6 World GDP level and trajectory (unrebased),Fixed original NATO GDP share = 0.5018,MIGRATION 1.0,SSP5-8.5_zeromig,2.9947275485346125,6.478580830448447,92.5511547206921,4.542003448610798,2.9947275485345983,176.64035608911155,62.00436759122229,40.882000609597114
2046,SA1_AR6_fixed_split,SSP5-8.5,S3,"NATO→5%, nonNATO→3.5%",0.07,347.51518409717266,174.38311937996124,173.13206471721142,0.5018,0.05,0.035,8.719155968998063,6.0596222651024005,14.778778234100464,0.7579068422611005,0.25818804516586946,0.2706810150932502,0.6042891496301027,11.200937143884167,85.90856218530396,97.10949932918813,94.06576279174041,0.11534337239155665,AR6 World GDP level and trajectory (unrebased),Fixed original NATO GDP share = 0.5018,MIGRATION 1.0,SSP5-8.5_zeromig,3.043736537447714,6.584603395421828,94.06576279174043,4.616333748462338,3.0437365374476997,187.84129323299572,66.62070133968463,43.92573714704481
2047,SA1_AR6_fixed_split,SSP5-8.5,S3,"NATO→5%, nonNATO→3.5%",0.07,358.3101405442649,179.80002852511214,178.51011201915279,0.5018,0.05,0.035,8.990001426255608,6.247853920670348,15.237855346925956,0.7468443224836411,0.2544194944724492,0.266730115172729,0.5954688562954449,11.380305752678643,87.2842773674149,98.66458312009354,95.57210505492849,0.11534337239155665,AR6 World GDP level and trajectory (unrebased),Fixed original NATO GDP share = 0.5018,MIGRATION 1.0,SSP5-8.5_zeromig,3.0924780651650536,6.690047353844993,95.5721050549285,4.69025839883365,3.0924780651650394,199.22159898567438,71.31095973851828,47.01821521220985
2048,SA1_AR6_fixed_split,SSP5-8.5,S3,"NATO→5%, nonNATO→3.5%",0.07,369.4404235901001,185.38520455751225,184.05521903258787,0.5018,0.05,0.035,9.269260227875613,6.441932666140576,15.71119289401619,0.7357153868752863,0.25062831860586676,0.2627554953126022,0.5865956087403791,11.55896635829337,88.65456233110628,100.21352868939965,97.07250148891433,0.11534337239155665,AR6 World GDP level and trajectory (unrebased),Fixed original NATO GDP share = 0.5018,MIGRATION 1.0,SSP5-8.5_zeromig,3.1410272004853255,6.795075104224003,97.07250148891434,4.7638912540693665,3.1410272004853113,210.78056534396774,76.07485099258764,50.159242412695164
2049,SA1_AR6_fixed_split,SSP5-8.5,S3,"NATO→5%, nonNATO→3.5%",0.07,380.9164495738606,191.14387439616326,189.77257517769732,0.5018,0.05,0.035,9.557193719808163,6.642040131219407,16.19923385102757,0.7245680676818302,0.24683088019930483,0.25877430988636796,0.5777077037097655,11.737447569365141,90.0234713807066,101.76091895007174,98.57139136284125,0.11534337239155668,AR6 World GDP level and trajectory (unrebased),Fixed original NATO GDP share = 0.5018,MIGRATION 1.0,SSP5-8.5_zeromig,3.1895275872304865,6.899997395398888,98.57139136284125,4.837450173966253,3.1895275872304865,222.51801291333288,80.9123011665539,53.34876999992565
2050,SA1_AR6_fixed_split,SSP5-8.5,S3,"NATO→5%, nonNATO→3.5%",0.07,392.7489584002411,197.081427325241,195.6675310750001,0.5018,0.05,0.035,9.854071366262051,6.848363587625005,16.702434953887057,0.7134458809018105,0.24304200338413326,0.2548021003220752,0.5688398370847934,11.916283418881141,91.39510042404034,103.31138384292147,100.07325949968876,0.11534337239155666,AR6 World GDP level and trajectory (unrebased),Fixed original NATO GDP share = 0.5018,MIGRATION 1.0,SSP5-8.5_zeromig,3.2381243432327125,7.005128164978214,100.07325949968877,4.911155253902927,3.2381243432326983,234.43429633221402,85.82345642045684,56.58689434315835
