year,analysis,ssp,scenario_code,scenario,s_mil_2025_assumed,GDP_world,GDP_NATO,GDP_nonNATO,s_NATO_GDP,m_NATO,m_nonNATO,M_NATO,M_nonNATO,M_global,eta_mil,eta_rest,economy_GHG_intensity,intensity_multiplier_q,E_mil_Gt,E_rest_Gt,E_world_Gt,E_world_AR6_Gt,s_mil,GDP_model_basis,bloc_split_basis,ar6_model,ar6_scenario,world_GHG_minus_AR6_Gt,E_mil_S0_Gt,E_world_S0_Gt,incremental_E_mil_vs_S0_Gt,incremental_E_world_vs_S0_Gt,cum_E_mil_Gt,cum_incremental_E_mil_vs_S0_Gt,cum_incremental_E_world_vs_S0_Gt
2025,SA2_AR6_dynamic_v32_split,SSP1-1.9,S0,Baseline,0.033,138.56683200039697,43.97774514368174,94.58908685671523,0.31737569885090355,0.027,0.024070130675639158,1.1873991188794069,2.276771681130518,3.4641708000099247,0.34955595203439743,0.26264227320688605,0.26481511517757383,1.0,1.2109215220072294,35.48367005396942,36.694591575976645,36.694591575976645,0.033,AR6 World GDP level and trajectory (unrebased),SSP Basic Drivers v3.2 / OECD ENV-Growth 2025,IMAGE 3.0.1,SSP1-19,0.0,1.2109215220072294,36.694591575976645,0.0,0.0,1.2109215220072294,0.0,0.0
2026,SA2_AR6_dynamic_v32_split,SSP1-1.9,S0,Baseline,0.033,144.59391012503605,45.33351151158073,99.26039861345532,0.3135229656102325,0.027,0.024070130675639158,1.2240048108126798,2.3892107655419017,3.6132155763545812,0.31718477030701875,0.23831987015298148,0.24029149265683242,0.9073934185958498,1.1460569526557702,33.598500818918914,34.744557771574684,34.74468649303279,0.03298522203651087,AR6 World GDP level and trajectory (unrebased),SSP Basic Drivers v3.2 / OECD ENV-Growth 2025,IMAGE 3.0.1,SSP1-19,-0.000128721458104053,1.1460569526557702,34.744557771574684,0.0,0.0,2.3569784746629994,0.0,0.0
2027,SA2_AR6_dynamic_v32_split,SSP1-1.9,S0,Baseline,0.033,150.8831409610859,46.73312797844958,104.15001298263633,0.3097306145721242,0.027,0.024070130675639158,1.2617944554181386,2.506904422361571,3.76869887777971,0.28691996641145184,0.2155801146230567,0.2173636109177666,0.820812704637391,1.0813149554274306,31.714948287026186,32.79626324245362,32.796504345916006,0.03297067557464004,AR6 World GDP level and trajectory (unrebased),SSP Basic Drivers v3.2 / OECD ENV-Growth 2025,IMAGE 3.0.1,SSP1-19,-0.00024110346238614966,1.0813149554274306,32.79626324245362,0.0,0.0,3.43829343009043,0.0,0.0
2028,SA2_AR6_dynamic_v32_split,SSP1-1.9,S0,Baseline,0.033,157.44592705596344,48.17809427302516,109.26783278293829,0.3059977172728036,0.027,0.024070130675639158,1.3008085453716793,2.6300910137292126,3.930899559100892,0.2586415561198641,0.19433285529752028,0.19594057281807886,0.7399146105640133,1.0166939789167424,29.83301362454264,30.849707603459382,30.850045135218938,0.03295635705807253,AR6 World GDP level and trajectory (unrebased),SSP Basic Drivers v3.2 / OECD ENV-Growth 2025,IMAGE 3.0.1,SSP1-19,-0.0003375317595555316,1.0166939789167424,30.849707603459382,0.0,0.0,4.454987409007172,0.0,0.0
2029,SA2_AR6_dynamic_v32_split,SSP1-1.9,S0,Baseline,0.033,164.2941669202464,49.669964719013336,114.62420220123306,0.3023233608964627,0.027,0.024070130675639158,1.34108904741336,2.7590195255745655,4.100108572987926,0.23223592436260723,0.17449272638589058,0.17593630633530852,0.6643741095266902,0.9521925044349014,27.952697991833563,28.904890496268465,28.90530888038478,0.03294226299033469,AR6 World GDP level and trajectory (unrebased),SSP Basic Drivers v3.2 / OECD ENV-Growth 2025,IMAGE 3.0.1,SSP1-19,-0.00041838411631545114,0.9521925044349014,28.904890496268465,0.0,0.0,5.407179913442074,0.0,0.0
2030,SA2_AR6_dynamic_v32_split,SSP1-1.9,S0,Baseline,0.033,171.44027659999995,51.210350355708485,120.22992624429146,0.2987066480019229,0.027,0.024070130675639158,1.382679459604129,2.893950035822553,4.276629495426683,0.20759550117052517,0.15597890414288876,0.1572693190685797,0.5938834683326951,0.8878090434237523,26.074002487899918,26.96181153132367,26.962295561810947,0.03292838993375183,AR6 World GDP level and trajectory (unrebased),SSP Basic Drivers v3.2 / OECD ENV-Growth 2025,IMAGE 3.0.1,SSP1-19,-0.0004840304872786305,0.8878090434237523,26.96181153132367,0.0,0.0,6.294988956865827,0.0,0.0
2031,SA2_AR6_dynamic_v32_split,SSP1-1.9,S0,Baseline,0.033,177.7089843520823,52.45723246827724,125.25175188380506,0.2951861587613793,0.027,0.024070130675639158,1.4163452766434854,3.0148260351959206,4.431171311839406,0.19052470098680738,0.14315259196133856,0.14433689468697528,0.5450477952898914,0.8442475892095218,24.805168066103,25.649415655312524,25.64996295935584,0.032914885881022427,AR6 World GDP level and trajectory (unrebased),SSP Basic Drivers v3.2 / OECD ENV-Growth 2025,IMAGE 3.0.1,SSP1-19,-0.0005473040433159326,0.8442475892095218,25.649415655312524,0.0,0.0,7.139236546075348,0.0,0.0
2032,SA2_AR6_dynamic_v32_split,SSP1-1.9,S0,Baseline,0.033,184.20690718512637,53.735867189565425,130.47103999556094,0.29171472454917957,0.027,0.024070130675639158,1.4508684141182664,3.140454982079695,4.591323396197962,0.17440891003352915,0.1310438352777177,0.132127962146613,0.49894418624108205,0.8007677091423278,23.537514975347438,24.338282684489766,24.338883259701028,0.03290156990627111,AR6 World GDP level and trajectory (unrebased),SSP Basic Drivers v3.2 / OECD ENV-Growth 2025,IMAGE 3.0.1,SSP1-19,-0.000600575211262111,0.8007677091423278,24.338282684489766,0.0,0.0,7.940004255217676,0.0,0.0
2033,SA2_AR6_dynamic_v32_split,SSP1-1.9,S0,Baseline,0.033,190.94242634059682,55.047108440212476,135.89531790038436,0.2882916567846543,0.027,0.024070130675639158,1.4862719278857368,3.2710180600697765,4.757289987955513,0.15920167728578036,0.11961773266149932,0.12060733127710635,0.45543975537888826,0.7573685454173675,22.271043865775045,23.028412411192413,23.02905646851484,0.032888439371932844,AR6 World GDP level and trajectory (unrebased),SSP Basic Drivers v3.2 / OECD ENV-Growth 2025,IMAGE 3.0.1,SSP1-19,-0.0006440573224253399,0.7573685454173675,23.028412411192413,0.0,0.0,8.697372800635044,0.0,0.0
2034,SA2_AR6_dynamic_v32_split,SSP1-1.9,S0,Baseline,0.033,197.92422951976133,56.391834602579834,141.53239491718148,0.2849162769985648,0.027,0.024070130675639158,1.5225795342696555,3.4067032404927255,4.929282774762381,0.14485865154634198,0.10884096040816839,0.10974140268662272,0.41440762402491554,0.7140492558426894,21.005755357648997,21.719804613491686,21.72048257316767,0.03287549167910763,AR6 World GDP level and trajectory (unrebased),SSP Basic Drivers v3.2 / OECD ENV-Growth 2025,IMAGE 3.0.1,SSP1-19,-0.00067795967598272,0.7140492558426894,21.719804613491686,0.0,0.0,9.411422056477733,0.0,0.0
2035,SA2_AR6_dynamic_v32_split,SSP1-1.9,S0,Baseline,0.033,205.16132208938131,57.770949270489076,147.39037281889225,0.2815879166801254,0.027,0.024070130675639158,1.5598156303032051,3.5477055340819104,5.1075211643851155,0.13133749111224877,0.09868170466631279,0.0994980993274612,0.3757266622063547,0.6708090155330526,19.74165010025381,20.412459115786863,20.41316160340252,0.03286272426697738,AR6 World GDP level and trajectory (unrebased),SSP Basic Drivers v3.2 / OECD ENV-Growth 2025,IMAGE 3.0.1,SSP1-19,-0.000702487615658498,0.6708090155330526,20.412459115786863,0.0,0.0,10.082231072010785,0.0,0.0
2025,SA2_AR6_dynamic_v32_split,SSP1-1.9,S1,"NATO→3.5%, nonNATO holds",0.033,138.56683200039697,43.97774514368174,94.58908685671523,0.31737569885090355,0.027,0.024070130675639158,1.1873991188794069,2.276771681130518,3.4641708000099247,0.34955595203439743,0.26264227320688605,0.26481511517757383,1.0,1.2109215220072294,35.48367005396942,36.694591575976645,36.694591575976645,0.033,AR6 World GDP level and trajectory (unrebased),SSP Basic Drivers v3.2 / OECD ENV-Growth 2025,IMAGE 3.0.1,SSP1-19,0.0,1.2109215220072294,36.694591575976645,0.0,0.0,1.2109215220072294,0.0,0.0
2026,SA2_AR6_dynamic_v32_split,SSP1-1.9,S1,"NATO→3.5%, nonNATO holds",0.033,144.59391012503605,45.33351151158073,99.26039861345532,0.3135229656102325,0.02740877593256891,0.024070130675639158,1.2425360592574497,2.3892107655419017,3.631746824799351,0.31718477030701875,0.23831987015298148,0.24029149265683242,0.9073934185958498,1.1519347824372268,33.59408445419578,34.746019236633,34.74468649303279,0.033153000192399966,AR6 World GDP level and trajectory (unrebased),SSP Basic Drivers v3.2 / OECD ENV-Growth 2025,IMAGE 3.0.1,SSP1-19,0.0013327436002157356,1.1460569526557702,34.744557771574684,0.005877829781456567,0.0014614650583197886,2.362856304444456,0.005877829781456567,0.0014614650583197886
2027,SA2_AR6_dynamic_v32_split,SSP1-1.9,S1,"NATO→3.5%, nonNATO holds",0.033,150.8831409610859,46.73312797844958,104.15001298263633,0.3097306145721242,0.028005016140972137,0.024070130675639158,1.308762003354597,2.506904422361571,3.8156664257161683,0.28691996641145184,0.2155801146230567,0.2173636109177666,0.820812704637391,1.0947908827037875,31.704823017658484,32.799613900362274,32.796504345916006,0.03337816371953377,AR6 World GDP level and trajectory (unrebased),SSP Basic Drivers v3.2 / OECD ENV-Growth 2025,IMAGE 3.0.1,SSP1-19,0.003109554446268703,1.0813149554274306,32.79626324245362,0.013475927276356936,0.0033506579086548527,3.4576471871482437,0.019353757057813503,0.004812122966974641
2028,SA2_AR6_dynamic_v32_split,SSP1-1.9,S1,"NATO→3.5%, nonNATO holds",0.033,157.44592705596344,48.17809427302516,109.26783278293829,0.3059977172728036,0.028820930945768986,0.024070130675639158,1.3885375281416064,2.6300910137292126,4.018628541870819,0.2586415561198641,0.19433285529752028,0.19594057281807886,0.7399146105640133,1.0393843395371691,29.815965000828612,30.85534934036578,30.850045135218938,0.03368570966647327,AR6 World GDP level and trajectory (unrebased),SSP Basic Drivers v3.2 / OECD ENV-Growth 2025,IMAGE 3.0.1,SSP1-19,0.005304205146842378,1.0166939789167424,30.849707603459382,0.02269036062042673,0.0056417369063979095,4.497031526685413,0.042044117678240234,0.01045385987337255
2029,SA2_AR6_dynamic_v32_split,SSP1-1.9,S1,"NATO→3.5%, nonNATO holds",0.033,164.2941669202464,49.669964719013336,114.62420220123306,0.3023233608964627,0.029845109579542582,0.024070130675639158,1.482405539850967,2.7590195255745655,4.241425065425533,0.23223592436260723,0.17449272638589058,0.17593630633530852,0.6643741095266902,0.9850112706838305,27.92803929178483,28.913050562468662,28.90530888038478,0.03406805063878144,AR6 World GDP level and trajectory (unrebased),SSP Basic Drivers v3.2 / OECD ENV-Growth 2025,IMAGE 3.0.1,SSP1-19,0.00774168208388204,0.9521925044349014,28.904890496268465,0.0328187662489291,0.008160066200197491,5.482042797369243,0.07486288392716933,0.018613926073570042
2030,SA2_AR6_dynamic_v32_split,SSP1-1.9,S1,"NATO→3.5%, nonNATO holds",0.033,171.44027659999995,51.210350355708485,120.22992624429146,0.2987066480019229,0.030999999999995285,0.024070130675639158,1.5875208610267215,2.893950035822553,4.481470896849275,0.20759550117052517,0.15597890414288876,0.1572693190685797,0.5938834683326951,0.9303331968125481,26.042051550582926,26.972384747395473,26.962295561810947,0.034492063105483604,AR6 World GDP level and trajectory (unrebased),SSP Basic Drivers v3.2 / OECD ENV-Growth 2025,IMAGE 3.0.1,SSP1-19,0.010089185584526206,0.8878090434237523,26.96181153132367,0.04252415338879578,0.010573216071804836,6.412375994181792,0.11738703731596511,0.029187142145374878
2031,SA2_AR6_dynamic_v32_split,SSP1-1.9,S1,"NATO→3.5%, nonNATO holds",0.033,177.7089843520823,52.45723246827724,125.25175188380506,0.2951861587613793,0.03215489042044799,0.024070130675639158,1.686756561777421,3.0148260351959206,4.701582596973342,0.19052470098680738,0.14315259196133856,0.14433689468697528,0.5450477952898914,0.8957676184531232,24.76645798974048,25.662225608193605,25.64996295935584,0.03490607682005245,AR6 World GDP level and trajectory (unrebased),SSP Basic Drivers v3.2 / OECD ENV-Growth 2025,IMAGE 3.0.1,SSP1-19,0.01226264883776551,0.8442475892095218,25.649415655312524,0.05152002924360144,0.012809952881081443,7.308143612634915,0.16890706655956655,0.04199709502645632
2032,SA2_AR6_dynamic_v32_split,SSP1-1.9,S1,"NATO→3.5%, nonNATO holds",0.033,184.20690718512637,53.735867189565425,130.47103999556094,0.29171472454917957,0.033179069054221584,0.024070130675639158,1.7829060481710712,3.140454982079695,4.923361030250766,0.17440891003352915,0.1310438352777177,0.132127962146613,0.49894418624108205,0.8586780309875893,23.49400349032462,24.35268152131221,24.338883259701028,0.03526010185926008,AR6 World GDP level and trajectory (unrebased),SSP Basic Drivers v3.2 / OECD ENV-Growth 2025,IMAGE 3.0.1,SSP1-19,0.013798261611182028,0.8007677091423278,24.338282684489766,0.05791032184526157,0.014398836822444139,8.166821643622503,0.22681738840482812,0.05639593184890046
2033,SA2_AR6_dynamic_v32_split,SSP1-1.9,S1,"NATO→3.5%, nonNATO holds",0.033,190.94242634059682,55.047108440212476,135.89531790038436,0.2882916567846543,0.03399498385901843,0.024070130675639158,1.8713255629106604,3.2710180600697765,5.142343622980437,0.15920167728578036,0.11961773266149932,0.12060733127710635,0.45543975537888826,0.8186697299583222,22.224984623000296,23.04365435295862,23.02905646851484,0.03552690547335916,AR6 World GDP level and trajectory (unrebased),SSP Basic Drivers v3.2 / OECD ENV-Growth 2025,IMAGE 3.0.1,SSP1-19,0.014597884443780629,0.7573685454173675,23.028412411192413,0.06130118454095468,0.015241941766205969,8.985491373580826,0.2881185729457828,0.07163787361510643
2034,SA2_AR6_dynamic_v32_split,SSP1-1.9,S1,"NATO→3.5%, nonNATO holds",0.033,197.92422951976133,56.391834602579834,141.53239491718148,0.2849162769985648,0.034591224067421655,0.024070130675639158,1.950662586310821,3.4067032404927255,5.357365826803546,0.14485865154634198,0.10884096040816839,0.10974140268662272,0.41440762402491554,0.7760607895112152,20.959162387130377,21.735223176641593,21.72048257316767,0.035705213753923264,AR6 World GDP level and trajectory (unrebased),SSP Basic Drivers v3.2 / OECD ENV-Growth 2025,IMAGE 3.0.1,SSP1-19,0.014740603473924807,0.7140492558426894,21.719804613491686,0.06201153366852574,0.015418563149907527,9.761552163092041,0.35013010661430854,0.08705643676501396
2035,SA2_AR6_dynamic_v32_split,SSP1-1.9,S1,"NATO→3.5%, nonNATO holds",0.033,205.16132208938131,57.770949270489076,147.39037281889225,0.2815879166801254,0.03499999999999057,0.024070130675639158,2.021983224466573,3.5477055340819104,5.569688758548484,0.13133749111224877,0.09868170466631279,0.0994980993274612,0.3757266622063547,0.7315089478238533,19.696042614220236,20.42755156204409,20.41316160340252,0.035809918070800584,AR6 World GDP level and trajectory (unrebased),SSP Basic Drivers v3.2 / OECD ENV-Growth 2025,IMAGE 3.0.1,SSP1-19,0.014389958641569223,0.6708090155330526,20.412459115786863,0.06069993229080073,0.01509244625722772,10.493061110915894,0.4108300389051093,0.10214888302224168
2025,SA2_AR6_dynamic_v32_split,SSP1-1.9,S2,"NATO→3.5%, nonNATO→3.5%",0.033,138.56683200039697,43.97774514368174,94.58908685671523,0.31737569885090355,0.027,0.024070130675639158,1.1873991188794069,2.276771681130518,3.4641708000099247,0.34955595203439743,0.26264227320688605,0.26481511517757383,1.0,1.2109215220072294,35.48367005396942,36.694591575976645,36.694591575976645,0.033,AR6 World GDP level and trajectory (unrebased),SSP Basic Drivers v3.2 / OECD ENV-Growth 2025,IMAGE 3.0.1,SSP1-19,0.0,1.2109215220072294,36.694591575976645,0.0,0.0,1.2109215220072294,0.0,0.0
2026,SA2_AR6_dynamic_v32_split,SSP1-1.9,S2,"NATO→3.5%, nonNATO→3.5%",0.033,144.59391012503605,45.33351151158073,99.26039861345532,0.3135229656102325,0.02740877593256891,0.0246286141163794,1.2425360592574497,2.444646054488792,3.6871821137462417,0.31718477030701875,0.23831987015298148,0.24029149265683242,0.9073934185958498,1.1695180118287496,33.58087312333206,34.75039113516081,34.74468649303279,0.03365481577689118,AR6 World GDP level and trajectory (unrebased),SSP Basic Drivers v3.2 / OECD ENV-Growth 2025,IMAGE 3.0.1,SSP1-19,0.005704642128023352,1.1460569526557702,34.744557771574684,0.02346105917297936,0.005833363586127405,2.380439533835979,0.02346105917297936,0.005833363586127405
2027,SA2_AR6_dynamic_v32_split,SSP1-1.9,S2,"NATO→3.5%, nonNATO→3.5%",0.033,150.8831409610859,46.73312797844958,104.15001298263633,0.3097306145721242,0.028005016140972137,0.025443217561851517,1.308762003354597,2.649911439386876,3.958673442741473,0.28691996641145184,0.2155801146230567,0.2173636109177666,0.820812704637391,1.13582245122529,31.67399354853626,32.80981599976155,32.796504345916006,0.03461837308790591,AR6 World GDP level and trajectory (unrebased),SSP Basic Drivers v3.2 / OECD ENV-Growth 2025,IMAGE 3.0.1,SSP1-19,0.013311653845541116,1.0813149554274306,32.79626324245362,0.054507495797859296,0.013552757307927266,3.516261985061269,0.07796855497083865,0.01938612089405467
2028,SA2_AR6_dynamic_v32_split,SSP1-1.9,S2,"NATO→3.5%, nonNATO→3.5%",0.033,157.44592705596344,48.17809427302516,109.26783278293829,0.3059977172728036,0.028820930945768986,0.026557947836381636,1.3885375281416064,2.9019294032437464,4.290466931385353,0.2586415561198641,0.19433285529752028,0.19594057281807886,0.7399146105640133,1.109693043614326,29.763137870414774,30.872830914029098,30.850045135218938,0.03594400029930731,AR6 World GDP level and trajectory (unrebased),SSP Basic Drivers v3.2 / OECD ENV-Growth 2025,IMAGE 3.0.1,SSP1-19,0.022785778810160195,1.0166939789167424,30.849707603459382,0.09299906469758357,0.023123310569715727,4.625955028675595,0.17096761966842222,0.0425094314637704
2029,SA2_AR6_dynamic_v32_split,SSP1-1.9,S2,"NATO→3.5%, nonNATO→3.5%",0.033,164.2941669202464,49.669964719013336,114.62420220123306,0.3023233608964627,0.029845109579542582,0.027957215165375113,1.482405539850967,3.2045734840993365,4.686979023950304,0.23223592436260723,0.17449272638589058,0.17593630633530852,0.6643741095266902,1.0884849060952495,27.850293366809822,28.938778272905072,28.90530888038478,0.03761336763530135,AR6 World GDP level and trajectory (unrebased),SSP Basic Drivers v3.2 / OECD ENV-Growth 2025,IMAGE 3.0.1,SSP1-19,0.03346939252029202,0.9521925044349014,28.904890496268465,0.13629240166034806,0.03388777663660747,5.714439934770844,0.3072600213287703,0.07639720810037787
2030,SA2_AR6_dynamic_v32_split,SSP1-1.9,S2,"NATO→3.5%, nonNATO→3.5%",0.033,171.44027659999995,51.210350355708485,120.22992624429146,0.2987066480019229,0.030999999999995285,0.029535065337813138,1.5875208610267215,3.5509987271856027,5.138519588212324,0.20759550117052517,0.15597890414288876,0.1572693190685797,0.5938834683326951,1.066733549189498,25.9395658157356,27.0062993649251,26.962295561810947,0.03949943436437414,AR6 World GDP level and trajectory (unrebased),SSP Basic Drivers v3.2 / OECD ENV-Growth 2025,IMAGE 3.0.1,SSP1-19,0.044003803114151196,0.8878090434237523,26.96181153132367,0.1789245057657457,0.04448783360142983,6.781173483960343,0.486184527094516,0.1208850417018077
2031,SA2_AR6_dynamic_v32_split,SSP1-1.9,S2,"NATO→3.5%, nonNATO→3.5%",0.033,177.7089843520823,52.45723246827724,125.25175188380506,0.2951861587613793,0.03215489042044799,0.031112915510251166,1.686756561777421,3.896947173871769,5.583703735649189,0.19052470098680738,0.14315259196133856,0.14433689468697528,0.5450477952898914,1.0638334846334812,24.640180062315146,25.704013546948627,25.64996295935584,0.0413878355102163,AR6 World GDP level and trajectory (unrebased),SSP Basic Drivers v3.2 / OECD ENV-Growth 2025,IMAGE 3.0.1,SSP1-19,0.054050587592787025,0.8442475892095218,25.649415655312524,0.21958589542395934,0.05459789163610296,7.8450069685938235,0.7057704225184753,0.17548293333791065
2032,SA2_AR6_dynamic_v32_split,SSP1-1.9,S2,"NATO→3.5%, nonNATO→3.5%",0.033,184.20690718512637,53.735867189565425,130.47103999556094,0.29171472454917957,0.033179069054221584,0.03251218283924464,1.7829060481710712,4.241898307562077,6.024804355733148,0.17440891003352915,0.1310438352777177,0.132127962146613,0.49894418624108205,1.0507795608486772,23.349666132612363,24.40044569346104,24.338883259701028,0.043063949488851776,AR6 World GDP level and trajectory (unrebased),SSP Basic Drivers v3.2 / OECD ENV-Growth 2025,IMAGE 3.0.1,SSP1-19,0.061562433760013135,0.8007677091423278,24.338282684489766,0.25001185170634943,0.062163008971275246,8.8957865294425,0.9557822742248248,0.2376459423091859
2033,SA2_AR6_dynamic_v32_split,SSP1-1.9,S2,"NATO→3.5%, nonNATO→3.5%",0.033,190.94242634059682,55.047108440212476,135.89531790038436,0.2882916567846543,0.03399498385901843,0.03362691311377476,1.8713255629106604,4.569740047605025,6.441065610515686,0.15920167728578036,0.11961773266149932,0.12060733127710635,0.45543975537888826,1.0254284487018561,22.069634443493694,23.09506289219555,23.02905646851484,0.044400331511908385,AR6 World GDP level and trajectory (unrebased),SSP Basic Drivers v3.2 / OECD ENV-Growth 2025,IMAGE 3.0.1,SSP1-19,0.06600642368071163,0.7573685454173675,23.028412411192413,0.2680599032844886,0.06665048100313697,9.921214978144357,1.2238421775093133,0.3042964233123229
2034,SA2_AR6_dynamic_v32_split,SSP1-1.9,S2,"NATO→3.5%, nonNATO→3.5%",0.033,197.92422951976133,56.391834602579834,141.53239491718148,0.2849162769985648,0.034591224067421655,0.034441516559246876,1.950662586310821,4.874590323209974,6.8252529095207946,0.14485865154634198,0.10884096040816839,0.10974140268662272,0.41440762402491554,0.9886969329359295,20.799396147276685,21.788093080212615,21.72048257316767,0.04537785520265831,AR6 World GDP level and trajectory (unrebased),SSP Basic Drivers v3.2 / OECD ENV-Growth 2025,IMAGE 3.0.1,SSP1-19,0.06761050704494664,0.7140492558426894,21.719804613491686,0.2746476770932401,0.06828846672092936,10.909911911080286,1.4984898546025534,0.37258489003325224
2035,SA2_AR6_dynamic_v32_split,SSP1-1.9,S2,"NATO→3.5%, nonNATO→3.5%",0.033,205.16132208938131,57.770949270489076,147.39037281889225,0.2815879166801254,0.03499999999999057,0.03499999999998712,2.021983224466573,5.15866304865933,7.180646273125903,0.13133749111224877,0.09868170466631279,0.0994980993274612,0.3757266622063547,0.9430880660768755,19.53707058053673,20.480158646613607,20.41316160340252,0.046048865262711965,AR6 World GDP level and trajectory (unrebased),SSP Basic Drivers v3.2 / OECD ENV-Growth 2025,IMAGE 3.0.1,SSP1-19,0.06699704321108513,0.6708090155330526,20.412459115786863,0.27227905054382284,0.06769953082674363,11.852999977157161,1.7707689051463764,0.44028442085999586
2025,SA2_AR6_dynamic_v32_split,SSP1-1.9,S3,"NATO→5%, nonNATO→3.5%",0.033,138.56683200039697,43.97774514368174,94.58908685671523,0.31737569885090355,0.027,0.024070130675639158,1.1873991188794069,2.276771681130518,3.4641708000099247,0.34955595203439743,0.26264227320688605,0.26481511517757383,1.0,1.2109215220072294,35.48367005396942,36.694591575976645,36.694591575976645,0.033,AR6 World GDP level and trajectory (unrebased),SSP Basic Drivers v3.2 / OECD ENV-Growth 2025,IMAGE 3.0.1,SSP1-19,0.0,1.2109215220072294,36.694591575976645,0.0,0.0,1.2109215220072294,0.0,0.0
2026,SA2_AR6_dynamic_v32_split,SSP1-1.9,S3,"NATO→5%, nonNATO→3.5%",0.033,144.59391012503605,45.33351151158073,99.26039861345532,0.3135229656102325,0.02817523080613562,0.0246286141163794,1.2772821500913931,2.444646054488792,3.721928204580185,0.31718477030701875,0.23831987015298148,0.24029149265683242,0.9073934185958498,1.1805389426689807,33.572592439476196,34.75313138214518,34.74468649303279,0.033969282643563345,AR6 World GDP level and trajectory (unrebased),SSP Basic Drivers v3.2 / OECD ENV-Growth 2025,IMAGE 3.0.1,SSP1-19,0.00844488911238983,1.1460569526557702,34.744557771574684,0.034481990013210506,0.008573610570493884,2.39146046467621,0.034481990013210506,0.008573610570493884
2027,SA2_AR6_dynamic_v32_split,SSP1-1.9,S3,"NATO→5%, nonNATO→3.5%",0.033,150.8831409610859,46.73312797844958,104.15001298263633,0.3097306145721242,0.029889421405294894,0.025443217561851517,1.3968261557354567,2.649911439386876,4.046737595122333,0.28691996641145184,0.2155801146230567,0.2173636109177666,0.820812704637391,1.1610898148684592,31.65500866847182,32.81609848334028,32.796504345916006,0.03538171411381852,AR6 World GDP level and trajectory (unrebased),SSP Basic Drivers v3.2 / OECD ENV-Growth 2025,IMAGE 3.0.1,SSP1-19,0.01959413742427074,1.0813149554274306,32.79626324245362,0.07977485944102858,0.01983524088665689,3.5525502795446693,0.11425684945423908,0.028408851457150774
2028,SA2_AR6_dynamic_v32_split,SSP1-1.9,S3,"NATO→5%, nonNATO→3.5%",0.033,157.44592705596344,48.17809427302516,109.26783278293829,0.3059977172728036,0.03223517646908584,0.026557947836381636,1.5530293708352196,2.9019294032437464,4.454958774078966,0.2586415561198641,0.19433285529752028,0.19594057281807886,0.7399146105640133,1.1522374697776259,29.73117170095097,30.883409170728594,30.850045135218938,0.03730927059923555,AR6 World GDP level and trajectory (unrebased),SSP Basic Drivers v3.2 / OECD ENV-Growth 2025,IMAGE 3.0.1,SSP1-19,0.033364035509656276,1.0166939789167424,30.849707603459382,0.13554349086088346,0.03370156726921181,4.704787749322295,0.24980034031512255,0.06211041872636258
2029,SA2_AR6_dynamic_v32_split,SSP1-1.9,S3,"NATO→5%, nonNATO→3.5%",0.033,164.2941669202464,49.669964719013336,114.62420220123306,0.3023233608964627,0.03517969004118492,0.027957215165375113,1.74737396317148,3.2045734840993365,4.9519474472708165,0.23223592436260723,0.17449272638589058,0.17593630633530852,0.6643741095266902,1.1500200928119912,27.804058304218454,28.954078397030447,28.90530888038478,0.03971876006697344,AR6 World GDP level and trajectory (unrebased),SSP Basic Drivers v3.2 / OECD ENV-Growth 2025,IMAGE 3.0.1,SSP1-19,0.048769516645666755,0.9521925044349014,28.904890496268465,0.1978275883770898,0.049187900761982206,5.854807842134287,0.44762792869221235,0.11129831948834479
2030,SA2_AR6_dynamic_v32_split,SSP1-1.9,S3,"NATO→5%, nonNATO→3.5%",0.033,171.44027659999995,51.210350355708485,120.22992624429146,0.2987066480019229,0.03849999999998644,0.029535065337813138,1.9715984886940823,3.5509987271856027,5.522597215879685,0.20759550117052517,0.15597890414288876,0.1572693190685797,0.5938834683326951,1.1464663367934902,25.87965780826625,27.02612414505974,26.962295561810947,0.04242067159315774,AR6 World GDP level and trajectory (unrebased),SSP Basic Drivers v3.2 / OECD ENV-Growth 2025,IMAGE 3.0.1,SSP1-19,0.06382858324879237,0.8878090434237523,26.96181153132367,0.25865729336973786,0.064312613736071,7.001274178927776,0.7062852220619502,0.1756109332244158
2031,SA2_AR6_dynamic_v32_split,SSP1-1.9,S3,"NATO→5%, nonNATO→3.5%",0.033,177.7089843520823,52.45723246827724,125.25175188380506,0.2951861587613793,0.041820309958787966,0.031112915510251166,2.19377772140355,3.896947173871769,6.090724895275319,0.19052470098680738,0.14315259196133856,0.14433689468697528,0.5450477952898914,1.1604335394652336,24.56759866913542,25.728032208600656,25.64996295935584,0.04510385909254696,AR6 World GDP level and trajectory (unrebased),SSP Basic Drivers v3.2 / OECD ENV-Growth 2025,IMAGE 3.0.1,SSP1-19,0.07806924924481606,0.8442475892095218,25.649415655312524,0.31618595025571183,0.078616553288132,8.16170771839301,1.022471172317662,0.2542274865125478
2032,SA2_AR6_dynamic_v32_split,SSP1-1.9,S3,"NATO→5%, nonNATO→3.5%",0.033,184.20690718512637,53.735867189565425,130.47103999556094,0.29171472454917957,0.04476482353088705,0.03251218283924464,2.4054766120200797,4.241898307562077,6.647374919582157,0.17440891003352915,0.1310438352777177,0.132127962146613,0.49894418624108205,1.1593614143085424,23.26808209819458,24.42744351250312,24.338883259701028,0.047461430571526096,AR6 World GDP level and trajectory (unrebased),SSP Basic Drivers v3.2 / OECD ENV-Growth 2025,IMAGE 3.0.1,SSP1-19,0.08856025280209323,0.8007677091423278,24.338282684489766,0.3585937051662147,0.08916082801335534,9.321069132701552,1.3810648774838767,0.3433883145259031
2033,SA2_AR6_dynamic_v32_split,SSP1-1.9,S3,"NATO→5%, nonNATO→3.5%",0.033,190.94242634059682,55.047108440212476,135.89531790038436,0.2882916567846543,0.04711057859467799,0.03362691311377476,2.5933011285823917,4.569740047605025,7.163041176187416,0.15920167728578036,0.11961773266149932,0.12060733127710635,0.45543975537888826,1.1403681697161456,21.983273363291037,23.12364153300718,23.02905646851484,0.04931611520133452,AR6 World GDP level and trajectory (unrebased),SSP Basic Drivers v3.2 / OECD ENV-Growth 2025,IMAGE 3.0.1,SSP1-19,0.0945850644923425,0.7573685454173675,23.028412411192413,0.3829996242987781,0.09522912181476784,10.461437302417698,1.7640645017826548,0.43861743634067096
2034,SA2_AR6_dynamic_v32_split,SSP1-1.9,S3,"NATO→5%, nonNATO→3.5%",0.033,197.92422951976133,56.391834602579834,141.53239491718148,0.2849162769985648,0.04882476919383726,0.034441516559246876,2.753318308888006,4.874590323209974,7.62790863209798,0.14485865154634198,0.10884096040816839,0.10974140268662272,0.41440762402491554,1.1049685585644153,20.712034327554274,21.81700288611869,21.72048257316767,0.050647128954062884,AR6 World GDP level and trajectory (unrebased),SSP Basic Drivers v3.2 / OECD ENV-Growth 2025,IMAGE 3.0.1,SSP1-19,0.09652031295102148,0.7140492558426894,21.719804613491686,0.3909193027217259,0.0971982726270042,11.566405860982114,2.154983804504381,0.5358157089676752
2035,SA2_AR6_dynamic_v32_split,SSP1-1.9,S3,"NATO→5%, nonNATO→3.5%",0.033,205.16132208938131,57.770949270489076,147.39037281889225,0.2815879166801254,0.049999999999972886,0.03499999999998712,2.8885474635228876,5.15866304865933,8.047210512182218,0.13133749111224877,0.09868170466631279,0.0994980993274612,0.3757266622063547,1.0569004391221268,19.451556544223788,20.508456983345916,20.41316160340252,0.051534859008671045,AR6 World GDP level and trajectory (unrebased),SSP Basic Drivers v3.2 / OECD ENV-Growth 2025,IMAGE 3.0.1,SSP1-19,0.09529537994339421,0.6708090155330526,20.412459115786863,0.3860914235890742,0.09599786755905271,12.62330630010424,2.541075228093455,0.6318135765267279
2025,SA2_AR6_dynamic_v32_split,SSP1-2.6,S0,Baseline,0.033,138.56683200039697,43.97774514368174,94.58908685671523,0.31737569885090355,0.027,0.024070130675639158,1.1873991188794069,2.276771681130518,3.4641708000099247,0.4690146344621055,0.35239871913353227,0.3553141170167466,1.0,1.6247468014809545,47.610004758547966,49.23475156002892,49.23475156002892,0.033,AR6 World GDP level and trajectory (unrebased),SSP Basic Drivers v3.2 / OECD ENV-Growth 2025,IMAGE 3.0.1,SSP1-26,0.0,1.6247468014809545,49.23475156002892,0.0,0.0,1.6247468014809545,0.0,0.0
2026,SA2_AR6_dynamic_v32_split,SSP1-2.6,S0,Baseline,0.033,144.59391012503605,45.33351151158073,99.26039861345532,0.3135229656102325,0.027,0.024070130675639158,1.2240048108126798,2.3892107655419017,3.6132155763545812,0.44312931215776563,0.3329495298030764,0.33570402436194363,0.9448091372798489,1.6011217330277303,46.939455961294634,48.540577694322366,48.54075752720379,0.03298522203651087,AR6 World GDP level and trajectory (unrebased),SSP Basic Drivers v3.2 / OECD ENV-Growth 2025,IMAGE 3.0.1,SSP1-26,-0.0001798328814217598,1.6011217330277303,48.540577694322366,0.0,0.0,3.2258685345086846,0.0,0.0
2027,SA2_AR6_dynamic_v32_split,SSP1-2.6,S0,Baseline,0.033,150.8831409610859,46.73312797844958,104.15001298263633,0.3097306145721242,0.027,0.024070130675639158,1.2617944554181386,2.506904422361571,3.76869887777971,0.41859163319326004,0.3145129054373601,0.31711487363125757,0.8924916248579884,1.577545818263415,46.26939061141687,47.846936429680284,47.847288178961975,0.03297067557464005,AR6 World GDP level and trajectory (unrebased),SSP Basic Drivers v3.2 / OECD ENV-Growth 2025,IMAGE 3.0.1,SSP1-26,-0.0003517492816911272,1.577545818263415,47.846936429680284,0.0,0.0,4.8034143527721,0.0,0.0
2028,SA2_AR6_dynamic_v32_split,SSP1-2.6,S0,Baseline,0.033,157.44592705596344,48.17809427302516,109.26783278293829,0.3059977172728036,0.027,0.024070130675639158,1.3008085453716793,2.6300910137292126,3.930899559100892,0.3953340337010794,0.2970380812656906,0.2994954800765753,0.842903407810446,1.55401837877315,45.59980921311779,47.15382759189094,47.15434350972723,0.03295635705807253,AR6 World GDP level and trajectory (unrebased),SSP Basic Drivers v3.2 / OECD ENV-Growth 2025,IMAGE 3.0.1,SSP1-26,-0.0005159178362887928,1.55401837877315,47.15382759189094,0.0,0.0,6.35743273154525,0.0,0.0
2029,SA2_AR6_dynamic_v32_split,SSP1-2.6,S0,Baseline,0.033,164.2941669202464,49.669964719013336,114.62420220123306,0.3023233608964627,0.027,0.024070130675639158,1.34108904741336,2.7590195255745655,4.100108572987926,0.37329224889219137,0.2804767713121593,0.28279715825166013,0.7959074652762288,1.5305387499128165,44.93071226863072,46.461251018543535,46.46192352236958,0.03294226299033469,AR6 World GDP level and trajectory (unrebased),SSP Basic Drivers v3.2 / OECD ENV-Growth 2025,IMAGE 3.0.1,SSP1-26,-0.0006725038260455563,1.5305387499128165,46.461251018543535,0.0,0.0,7.887971481458067,0.0,0.0
2030,SA2_AR6_dynamic_v32_split,SSP1-2.6,S0,Baseline,0.033,171.44027659999995,51.210350355708485,120.22992624429146,0.2987066480019229,0.027,0.024070130675639158,1.382679459604129,2.893950035822553,4.276629495426683,0.35240515498628133,0.264783049628387,0.26697360226233435,0.7513734734321051,1.5071062801547421,44.262100267352395,45.76920654750714,45.77002821675297,0.03292838993375182,AR6 World GDP level and trajectory (unrebased),SSP Basic Drivers v3.2 / OECD ENV-Growth 2025,IMAGE 3.0.1,SSP1-26,-0.0008216692458304919,1.5071062801547421,45.76920654750714,0.0,0.0,9.395077761612809,0.0,0.0
2031,SA2_AR6_dynamic_v32_split,SSP1-2.6,S0,Baseline,0.033,177.7089843520823,52.45723246827724,125.25175188380506,0.2951861587613793,0.027,0.024070130675639158,1.4163452766434854,3.0148260351959206,4.431171311839406,0.33193025120568137,0.24939903101468056,0.2514623115194556,0.7077183243681919,1.4708398066742627,43.215318668579556,44.68615847525382,44.687111982949375,0.032914885881022427,AR6 World GDP level and trajectory (unrebased),SSP Basic Drivers v3.2 / OECD ENV-Growth 2025,IMAGE 3.0.1,SSP1-26,-0.0009535076955557997,1.4708398066742627,44.68615847525382,0.0,0.0,10.86591756828707,0.0,0.0
2032,SA2_AR6_dynamic_v32_split,SSP1-2.6,S0,Baseline,0.033,184.20690718512637,53.735867189565425,130.47103999556094,0.29171472454917957,0.027,0.024070130675639158,1.4508684141182664,3.140454982079695,4.591323396197962,0.31246647211274065,0.23477473079488748,0.2367170243278338,0.6662190242125305,1.434634623938664,42.16920033061222,43.603834954550884,43.60491092949658,0.03290156990627112,AR6 World GDP level and trajectory (unrebased),SSP Basic Drivers v3.2 / OECD ENV-Growth 2025,IMAGE 3.0.1,SSP1-26,-0.0010759749456994427,1.434634623938664,43.603834954550884,0.0,0.0,12.300552192225735,0.0,0.0
2033,SA2_AR6_dynamic_v32_split,SSP1-2.6,S0,Baseline,0.033,190.94242634059682,55.047108440212476,135.89531790038436,0.2882916567846543,0.027,0.024070130675639158,1.4862719278857368,3.2710180600697765,4.757289987955513,0.29396777947047814,0.22087555769071668,0.2227028632352107,0.6267774134758466,1.3984899740564198,41.12374582561178,42.522235799668195,42.52342505912923,0.032888439371932844,AR6 World GDP level and trajectory (unrebased),SSP Basic Drivers v3.2 / OECD ENV-Growth 2025,IMAGE 3.0.1,SSP1-26,-0.0011892594610358742,1.3984899740564198,42.522235799668195,0.0,0.0,13.699042166282155,0.0,0.0
2034,SA2_AR6_dynamic_v32_split,SSP1-2.6,S0,Baseline,0.033,197.92422951976133,56.391834602579834,141.53239491718148,0.2849162769985648,0.027,0.024070130675639158,1.5225795342696555,3.4067032404927255,4.929282774762381,0.2763901312336865,0.20766842028203175,0.20938646305582312,0.5892995888084974,1.362405113004525,40.078955712948776,41.4413608259533,41.44265437219176,0.03287549167910764,AR6 World GDP level and trajectory (unrebased),SSP Basic Drivers v3.2 / OECD ENV-Growth 2025,IMAGE 3.0.1,SSP1-26,-0.0012935462384575658,1.362405113004525,41.4413608259533,0.0,0.0,15.06144727928668,0.0,0.0
2035,SA2_AR6_dynamic_v32_split,SSP1-2.6,S0,Baseline,0.033,205.16132208938131,57.770949270489076,147.39037281889225,0.2815879166801254,0.027,0.024070130675639158,1.5598156303032051,3.5477055340819104,5.1075211643851155,0.25969139777538863,0.1951216640627823,0.19673590740559746,0.5536957243844183,1.326379310346551,39.03483053856984,40.361209848916396,40.36259886578648,0.032862724266977374,AR6 World GDP level and trajectory (unrebased),SSP Basic Drivers v3.2 / OECD ENV-Growth 2025,IMAGE 3.0.1,SSP1-26,-0.0013890168700854133,1.326379310346551,40.361209848916396,0.0,0.0,16.38782658963323,0.0,0.0
2025,SA2_AR6_dynamic_v32_split,SSP1-2.6,S1,"NATO→3.5%, nonNATO holds",0.033,138.56683200039697,43.97774514368174,94.58908685671523,0.31737569885090355,0.027,0.024070130675639158,1.1873991188794069,2.276771681130518,3.4641708000099247,0.4690146344621055,0.35239871913353227,0.3553141170167466,1.0,1.6247468014809545,47.610004758547966,49.23475156002892,49.23475156002892,0.033,AR6 World GDP level and trajectory (unrebased),SSP Basic Drivers v3.2 / OECD ENV-Growth 2025,IMAGE 3.0.1,SSP1-26,0.0,1.6247468014809545,49.23475156002892,0.0,0.0,1.6247468014809545,0.0,0.0
2026,SA2_AR6_dynamic_v32_split,SSP1-2.6,S1,"NATO→3.5%, nonNATO holds",0.033,144.59391012503605,45.33351151158073,99.26039861345532,0.3135229656102325,0.02740877593256891,0.024070130675639158,1.2425360592574497,2.3892107655419017,3.631746824799351,0.44312931215776563,0.3329495298030764,0.33570402436194363,0.9448091372798489,1.6093334724044859,46.93328599083828,48.542619463242765,48.54075752720379,0.033153000192399966,AR6 World GDP level and trajectory (unrebased),SSP Basic Drivers v3.2 / OECD ENV-Growth 2025,IMAGE 3.0.1,SSP1-26,0.001861936038977774,1.6011217330277303,48.540577694322366,0.008211739376755567,0.0020417689203995337,3.23408027388544,0.008211739376755567,0.0020417689203995337
2027,SA2_AR6_dynamic_v32_split,SSP1-2.6,S1,"NATO→3.5%, nonNATO holds",0.033,150.8831409610859,46.73312797844958,104.15001298263633,0.3097306145721242,0.028005016140972137,0.024070130675639158,1.308762003354597,2.506904422361571,3.8156664257161683,0.41859163319326004,0.3145129054373601,0.31711487363125757,0.8924916248579884,1.5972060408612199,46.25461871145411,47.85182475231532,47.847288178961975,0.03337816371953378,AR6 World GDP level and trajectory (unrebased),SSP Basic Drivers v3.2 / OECD ENV-Growth 2025,IMAGE 3.0.1,SSP1-26,0.004536573353348672,1.577545818263415,47.846936429680284,0.019660222597804866,0.004888322635039799,4.83128631474666,0.027871961974560433,0.006930091555439333
2028,SA2_AR6_dynamic_v32_split,SSP1-2.6,S1,"NATO→3.5%, nonNATO holds",0.033,157.44592705596344,48.17809427302516,109.26783278293829,0.3059977172728036,0.028820930945768986,0.024070130675639158,1.3885375281416064,2.6300910137292126,4.018628541870819,0.3953340337010794,0.2970380812656906,0.2994954800765753,0.842903407810446,1.588700631404078,45.57375036440442,47.1624509958085,47.15434350972723,0.03368570966647326,AR6 World GDP level and trajectory (unrebased),SSP Basic Drivers v3.2 / OECD ENV-Growth 2025,IMAGE 3.0.1,SSP1-26,0.008107486081271986,1.55401837877315,47.15382759189094,0.034682252630927835,0.008623403917560779,6.419986946150738,0.06255421460548827,0.015553495473000112
2029,SA2_AR6_dynamic_v32_split,SSP1-2.6,S1,"NATO→3.5%, nonNATO holds",0.033,164.2941669202464,49.669964719013336,114.62420220123306,0.3023233608964627,0.029845109579542582,0.024070130675639158,1.482405539850967,2.7590195255745655,4.241425065425533,0.37329224889219137,0.2804767713121593,0.28279715825166013,0.7959074652762288,1.5832911011804072,44.891076275098655,46.47436737627906,46.46192352236958,0.03406805063878144,AR6 World GDP level and trajectory (unrebased),SSP Basic Drivers v3.2 / OECD ENV-Growth 2025,IMAGE 3.0.1,SSP1-26,0.012443853909481106,1.5305387499128165,46.461251018543535,0.0527523512675907,0.013116357735526663,8.003278047331145,0.11530656587307897,0.028669853208526774
2030,SA2_AR6_dynamic_v32_split,SSP1-2.6,S1,"NATO→3.5%, nonNATO holds",0.033,171.44027659999995,51.210350355708485,120.22992624429146,0.2987066480019229,0.030999999999995285,0.024070130675639158,1.5875208610267215,2.893950035822553,4.481470896849275,0.35240515498628133,0.264783049628387,0.26697360226233435,0.7513734734321051,1.5792934459706778,44.20786173639356,45.78715518236424,45.77002821675297,0.0344920631054836,AR6 World GDP level and trajectory (unrebased),SSP Basic Drivers v3.2 / OECD ENV-Growth 2025,IMAGE 3.0.1,SSP1-26,0.017126965611268474,1.5071062801547421,45.76920654750714,0.07218716581593565,0.017948634857098966,9.582571493301824,0.18749373168901462,0.04661848806562574
2031,SA2_AR6_dynamic_v32_split,SSP1-2.6,S1,"NATO→3.5%, nonNATO holds",0.033,177.7089843520823,52.45723246827724,125.25175188380506,0.2951861587613793,0.03215489042044799,0.024070130675639158,1.686756561777421,3.0148260351959206,4.701582596973342,0.33193025120568137,0.24939903101468056,0.2514623115194556,0.7077183243681919,1.5605974924776211,43.14787835609172,44.708475848569336,44.687111982949375,0.03490607682005246,AR6 World GDP level and trajectory (unrebased),SSP Basic Drivers v3.2 / OECD ENV-Growth 2025,IMAGE 3.0.1,SSP1-26,0.02136386561996062,1.4708398066742627,44.68615847525382,0.08975768580335841,0.02231737331551642,11.143168985779445,0.27725141749237303,0.06893586138114216
2032,SA2_AR6_dynamic_v32_split,SSP1-2.6,S1,"NATO→3.5%, nonNATO holds",0.033,184.20690718512637,53.735867189565425,130.47103999556094,0.29171472454917957,0.033179069054221584,0.024070130675639158,1.7829060481710712,3.140454982079695,4.923361030250766,0.31246647211274065,0.23477473079488748,0.2367170243278338,0.6662190242125305,1.5383852520598051,42.09124628446371,43.62963153652351,43.60491092949658,0.03526010185926009,AR6 World GDP level and trajectory (unrebased),SSP Basic Drivers v3.2 / OECD ENV-Growth 2025,IMAGE 3.0.1,SSP1-26,0.024720607026928576,1.434634623938664,43.603834954550884,0.10375062812114111,0.02579658197262802,12.681554237839249,0.38100204561351414,0.09473244335377018
2033,SA2_AR6_dynamic_v32_split,SSP1-2.6,S1,"NATO→3.5%, nonNATO holds",0.033,190.94242634059682,55.047108440212476,135.89531790038436,0.2882916567846543,0.03399498385901843,0.024070130675639158,1.8713255629106604,3.2710180600697765,5.142343622980437,0.29396777947047814,0.22087555769071668,0.2227028632352107,0.6267774134758466,1.5116833361217328,41.03869688923481,42.55038022535654,42.52342505912923,0.03552690547335916,AR6 World GDP level and trajectory (unrebased),SSP Basic Drivers v3.2 / OECD ENV-Growth 2025,IMAGE 3.0.1,SSP1-26,0.0269551662273102,1.3984899740564198,42.522235799668195,0.11319336206531294,0.028144425688346075,14.193237573960982,0.4941954076788271,0.12287686904211625
2034,SA2_AR6_dynamic_v32_split,SSP1-2.6,S1,"NATO→3.5%, nonNATO holds",0.033,197.92422951976133,56.391834602579834,141.53239491718148,0.2849162769985648,0.034591224067421655,0.024070130675639158,1.950662586310821,3.4067032404927255,5.357365826803546,0.2763901312336865,0.20766842028203175,0.20938646305582312,0.5892995888084974,1.4807230439370995,39.990056381781876,41.47077942571897,41.44265437219176,0.03570521375392328,AR6 World GDP level and trajectory (unrebased),SSP Basic Drivers v3.2 / OECD ENV-Growth 2025,IMAGE 3.0.1,SSP1-26,0.028125053527212174,1.362405113004525,41.4413608259533,0.11831793093257459,0.02941859976566974,15.673960617898082,0.6125133386114017,0.152295468807786
2035,SA2_AR6_dynamic_v32_split,SSP1-2.6,S1,"NATO→3.5%, nonNATO holds",0.033,205.16132208938131,57.770949270489076,147.39037281889225,0.2815879166801254,0.03499999999999057,0.024070130675639158,2.021983224466573,3.5477055340819104,5.569688758548484,0.25969139777538863,0.1951216640627823,0.19673590740559746,0.5536957243844183,1.4464002588813247,38.94465162852079,40.391051887402114,40.36259886578648,0.03580991807080058,AR6 World GDP level and trajectory (unrebased),SSP Basic Drivers v3.2 / OECD ENV-Growth 2025,IMAGE 3.0.1,SSP1-26,0.02845302161563268,1.326379310346551,40.361209848916396,0.12002094853477363,0.029842038485718092,17.120360876779408,0.7325342871461753,0.1821375072935041
2025,SA2_AR6_dynamic_v32_split,SSP1-2.6,S2,"NATO→3.5%, nonNATO→3.5%",0.033,138.56683200039697,43.97774514368174,94.58908685671523,0.31737569885090355,0.027,0.024070130675639158,1.1873991188794069,2.276771681130518,3.4641708000099247,0.4690146344621055,0.35239871913353227,0.3553141170167466,1.0,1.6247468014809545,47.610004758547966,49.23475156002892,49.23475156002892,0.033,AR6 World GDP level and trajectory (unrebased),SSP Basic Drivers v3.2 / OECD ENV-Growth 2025,IMAGE 3.0.1,SSP1-26,0.0,1.6247468014809545,49.23475156002892,0.0,0.0,1.6247468014809545,0.0,0.0
2026,SA2_AR6_dynamic_v32_split,SSP1-2.6,S2,"NATO→3.5%, nonNATO→3.5%",0.033,144.59391012503605,45.33351151158073,99.26039861345532,0.3135229656102325,0.02740877593256891,0.0246286141163794,1.2425360592574497,2.444646054488792,3.6871821137462417,0.44312931215776563,0.3329495298030764,0.33570402436194363,0.9448091372798489,1.6338984738647884,46.914828837448916,48.548727311313705,48.54075752720379,0.03365481577689118,AR6 World GDP level and trajectory (unrebased),SSP Basic Drivers v3.2 / OECD ENV-Growth 2025,IMAGE 3.0.1,SSP1-26,0.007969784109917555,1.6011217330277303,48.540577694322366,0.03277674083705806,0.008149616991339315,3.258645275345743,0.03277674083705806,0.008149616991339315
2027,SA2_AR6_dynamic_v32_split,SSP1-2.6,S2,"NATO→3.5%, nonNATO→3.5%",0.033,150.8831409610859,46.73312797844958,104.15001298263633,0.3097306145721242,0.028005016140972137,0.025443217561851517,1.308762003354597,2.649911439386876,3.958673442741473,0.41859163319326004,0.3145129054373601,0.31711487363125757,0.8924916248579884,1.6570675816759386,46.20964115903154,47.86670874070748,47.847288178961975,0.03461837308790591,AR6 World GDP level and trajectory (unrebased),SSP Basic Drivers v3.2 / OECD ENV-Growth 2025,IMAGE 3.0.1,SSP1-26,0.019420561745505438,1.577545818263415,47.846936429680284,0.0795217634125236,0.019772311027196565,4.915712857021681,0.11229850424958165,0.02792192801853588
2028,SA2_AR6_dynamic_v32_split,SSP1-2.6,S2,"NATO→3.5%, nonNATO→3.5%",0.033,157.44592705596344,48.17809427302516,109.26783278293829,0.3059977172728036,0.028820930945768986,0.026557947836381636,1.3885375281416064,2.9019294032437464,4.290466931385353,0.3953340337010794,0.2970380812656906,0.2994954800765753,0.842903407810446,1.696167598445664,45.493004010768665,47.18917160921433,47.15434350972723,0.03594400029930731,AR6 World GDP level and trajectory (unrebased),SSP Basic Drivers v3.2 / OECD ENV-Growth 2025,IMAGE 3.0.1,SSP1-26,0.03482809948710042,1.55401837877315,47.15382759189094,0.14214921967251382,0.03534401732338921,6.611880455467345,0.25444772392209547,0.06326594534192509
2029,SA2_AR6_dynamic_v32_split,SSP1-2.6,S2,"NATO→3.5%, nonNATO→3.5%",0.033,164.2941669202464,49.669964719013336,114.62420220123306,0.3023233608964627,0.029845109579542582,0.027957215165375113,1.482405539850967,3.2045734840993365,4.686979023950304,0.37329224889219137,0.2804767713121593,0.28279715825166013,0.7959074652762288,1.749612940360937,44.76610873936628,46.51572167972722,46.46192352236958,0.03761336763530135,AR6 World GDP level and trajectory (unrebased),SSP Basic Drivers v3.2 / OECD ENV-Growth 2025,IMAGE 3.0.1,SSP1-26,0.053798157357640264,1.5305387499128165,46.461251018543535,0.2190741904481206,0.05447066118368582,8.361493395828283,0.47352191437021607,0.11773660652561091
2030,SA2_AR6_dynamic_v32_split,SSP1-2.6,S2,"NATO→3.5%, nonNATO→3.5%",0.033,171.44027659999995,51.210350355708485,120.22992624429146,0.2987066480019229,0.030999999999995285,0.029535065337813138,1.5875208610267215,3.5509987271856027,5.138519588212324,0.35240515498628133,0.264783049628387,0.26697360226233435,0.7513734734321051,1.8108407918840066,44.03388638014012,45.84472717202412,45.77002821675297,0.03949943436437414,AR6 World GDP level and trajectory (unrebased),SSP Basic Drivers v3.2 / OECD ENV-Growth 2025,IMAGE 3.0.1,SSP1-26,0.07469895527115256,1.5071062801547421,45.76920654750714,0.30373451172926447,0.07552062451698305,10.17233418771229,0.7772564260994805,0.19325723104259396
2031,SA2_AR6_dynamic_v32_split,SSP1-2.6,S2,"NATO→3.5%, nonNATO→3.5%",0.033,177.7089843520823,52.45723246827724,125.25175188380506,0.2951861587613793,0.03215489042044799,0.031112915510251166,1.686756561777421,3.896947173871769,5.583703735649189,0.33193025120568137,0.24939903101468056,0.2514623115194556,0.7077183243681919,1.853400183632137,42.9278781988684,44.78127838250054,44.687111982949375,0.04138783551021629,AR6 World GDP level and trajectory (unrebased),SSP Basic Drivers v3.2 / OECD ENV-Growth 2025,IMAGE 3.0.1,SSP1-26,0.09416639955116324,1.4708398066742627,44.68615847525382,0.38256037695787426,0.09511990724671904,12.025734371344425,1.1598168030573548,0.288377138289313
2032,SA2_AR6_dynamic_v32_split,SSP1-2.6,S2,"NATO→3.5%, nonNATO→3.5%",0.033,184.20690718512637,53.735867189565425,130.47103999556094,0.29171472454917957,0.033179069054221584,0.03251218283924464,1.7829060481710712,4.241898307562077,6.024804355733148,0.31246647211274065,0.23477473079488748,0.2367170243278338,0.6662190242125305,1.8825493622054101,41.83265522423775,43.71520458644316,43.60491092949658,0.04306394948885179,AR6 World GDP level and trajectory (unrebased),SSP Basic Drivers v3.2 / OECD ENV-Growth 2025,IMAGE 3.0.1,SSP1-26,0.110293656946574,1.434634623938664,43.603834954550884,0.4479147382667461,0.11136963189227345,13.908283733549837,1.607731541324101,0.39974677018158644
2033,SA2_AR6_dynamic_v32_split,SSP1-2.6,S2,"NATO→3.5%, nonNATO→3.5%",0.033,190.94242634059682,55.047108440212476,135.89531790038436,0.2882916567846543,0.03399498385901843,0.03362691311377476,1.8713255629106604,4.569740047605025,6.441065610515686,0.29396777947047814,0.22087555769071668,0.2227028632352107,0.6267774134758466,1.8934657549469558,40.751840945952765,42.645306700899724,42.52342505912923,0.044400331511908385,AR6 World GDP level and trajectory (unrebased),SSP Basic Drivers v3.2 / OECD ENV-Growth 2025,IMAGE 3.0.1,SSP1-26,0.12188164177049288,1.3984899740564198,42.522235799668195,0.49497578089053595,0.12307090123152875,15.801749488496792,2.102707322214637,0.5228176714131152
2034,SA2_AR6_dynamic_v32_split,SSP1-2.6,S2,"NATO→3.5%, nonNATO→3.5%",0.033,197.92422951976133,56.391834602579834,141.53239491718148,0.2849162769985648,0.034591224067421655,0.034441516559246876,1.950662586310821,4.874590323209974,6.8252529095207946,0.2763901312336865,0.20766842028203175,0.20938646305582312,0.5892995888084974,1.886432547365553,39.68522259016159,41.57165513752714,41.44265437219176,0.045377855202658315,AR6 World GDP level and trajectory (unrebased),SSP Basic Drivers v3.2 / OECD ENV-Growth 2025,IMAGE 3.0.1,SSP1-26,0.12900076533537685,1.362405113004525,41.4413608259533,0.524027434361028,0.13029431157383442,17.688182035862344,2.626734756575665,0.6531119829869496
2035,SA2_AR6_dynamic_v32_split,SSP1-2.6,S2,"NATO→3.5%, nonNATO→3.5%",0.033,205.16132208938131,57.770949270489076,147.39037281889225,0.2815879166801254,0.03499999999999057,0.03499999999998712,2.021983224466573,5.15866304865933,7.180646273125903,0.25969139777538863,0.1951216640627823,0.19673590740559746,0.5536957243844183,1.8647520675987006,38.630318917542,40.4950709851407,40.36259886578648,0.04604886526271196,AR6 World GDP level and trajectory (unrebased),SSP Basic Drivers v3.2 / OECD ENV-Growth 2025,IMAGE 3.0.1,SSP1-26,0.13247211935421888,1.326379310346551,40.361209848916396,0.5383727572521495,0.1338611362243043,19.552934103461045,3.1651075138278144,0.7869731192112539
2025,SA2_AR6_dynamic_v32_split,SSP1-2.6,S3,"NATO→5%, nonNATO→3.5%",0.033,138.56683200039697,43.97774514368174,94.58908685671523,0.31737569885090355,0.027,0.024070130675639158,1.1873991188794069,2.276771681130518,3.4641708000099247,0.4690146344621055,0.35239871913353227,0.3553141170167466,1.0,1.6247468014809545,47.610004758547966,49.23475156002892,49.23475156002892,0.033,AR6 World GDP level and trajectory (unrebased),SSP Basic Drivers v3.2 / OECD ENV-Growth 2025,IMAGE 3.0.1,SSP1-26,0.0,1.6247468014809545,49.23475156002892,0.0,0.0,1.6247468014809545,0.0,0.0
2026,SA2_AR6_dynamic_v32_split,SSP1-2.6,S3,"NATO→5%, nonNATO→3.5%",0.033,144.59391012503605,45.33351151158073,99.26039861345532,0.3135229656102325,0.02817523080613562,0.0246286141163794,1.2772821500913931,2.444646054488792,3.721928204580185,0.44312931215776563,0.3329495298030764,0.33570402436194363,0.9448091372798489,1.649295485196205,46.90326014284326,48.552555628039464,48.54075752720379,0.03396928264356335,AR6 World GDP level and trajectory (unrebased),SSP Basic Drivers v3.2 / OECD ENV-Growth 2025,IMAGE 3.0.1,SSP1-26,0.01179810083567645,1.6011217330277303,48.540577694322366,0.04817375216847464,0.01197793371709821,3.2740422866771595,0.04817375216847464,0.01197793371709821
2027,SA2_AR6_dynamic_v32_split,SSP1-2.6,S3,"NATO→5%, nonNATO→3.5%",0.033,150.8831409610859,46.73312797844958,104.15001298263633,0.3097306145721242,0.029889421405294894,0.025443217561851517,1.3968261557354567,2.649911439386876,4.046737595122333,0.41859163319326004,0.3145129054373601,0.31711487363125757,0.8924916248579884,1.693930499046823,46.181943846601364,47.875874345648185,47.847288178961975,0.03538171411381853,AR6 World GDP level and trajectory (unrebased),SSP Basic Drivers v3.2 / OECD ENV-Growth 2025,IMAGE 3.0.1,SSP1-26,0.02858616668621039,1.577545818263415,47.846936429680284,0.11638468078340791,0.028937915967901517,4.967972785723982,0.16455843295188255,0.04091584968499973
2028,SA2_AR6_dynamic_v32_split,SSP1-2.6,S3,"NATO→5%, nonNATO→3.5%",0.033,157.44592705596344,48.17809427302516,109.26783278293829,0.3059977172728036,0.03223517646908584,0.026557947836381636,1.5530293708352196,2.9019294032437464,4.454958774078966,0.3953340337010794,0.2970380812656906,0.2994954800765753,0.842903407810446,1.7611968221286531,45.44414366943109,47.205340491559745,47.15434350972723,0.03730927059923554,AR6 World GDP level and trajectory (unrebased),SSP Basic Drivers v3.2 / OECD ENV-Growth 2025,IMAGE 3.0.1,SSP1-26,0.050996981832518884,1.55401837877315,47.15382759189094,0.20717844335550306,0.05151289966880768,6.7291696078526355,0.3717368763073856,0.0924287493538074
2029,SA2_AR6_dynamic_v32_split,SSP1-2.6,S3,"NATO→5%, nonNATO→3.5%",0.033,164.2941669202464,49.669964719013336,114.62420220123306,0.3023233608964627,0.03517969004118492,0.027957215165375113,1.74737396317148,3.2045734840993365,4.9519474472708165,0.37329224889219137,0.2804767713121593,0.28279715825166013,0.7959074652762288,1.8485235989876694,44.69179125149367,46.54031485048134,46.46192352236958,0.039718760066973446,AR6 World GDP level and trajectory (unrebased),SSP Basic Drivers v3.2 / OECD ENV-Growth 2025,IMAGE 3.0.1,SSP1-26,0.07839132811175631,1.5305387499128165,46.461251018543535,0.3179848490748529,0.07906383193780187,8.577693206840305,0.6897217253822385,0.17149258129160927
2030,SA2_AR6_dynamic_v32_split,SSP1-2.6,S3,"NATO→5%, nonNATO→3.5%",0.033,171.44027659999995,51.210350355708485,120.22992624429146,0.2987066480019229,0.03849999999998644,0.029535065337813138,1.9715984886940823,3.5509987271856027,5.522597215879685,0.35240515498628133,0.264783049628387,0.26697360226233435,0.7513734734321051,1.9461917277888863,43.93218913459232,45.878380862381206,45.77002821675297,0.042420671593157745,AR6 World GDP level and trajectory (unrebased),SSP Basic Drivers v3.2 / OECD ENV-Growth 2025,IMAGE 3.0.1,SSP1-26,0.1083526456282371,1.5071062801547421,45.76920654750714,0.43908544763414414,0.10917431487406759,10.52388493462919,1.1288071730163827,0.28066689616567686
2031,SA2_AR6_dynamic_v32_split,SSP1-2.6,S3,"NATO→5%, nonNATO→3.5%",0.033,177.7089843520823,52.45723246827724,125.25175188380506,0.2951861587613793,0.041820309958787966,0.031112915510251166,2.19377772140355,3.896947173871769,6.090724895275319,0.33193025120568137,0.24939903101468056,0.2514623115194556,0.7077183243681919,2.0216958445134336,42.8014276129537,44.82312345746713,44.687111982949375,0.04510385909254695,AR6 World GDP level and trajectory (unrebased),SSP Basic Drivers v3.2 / OECD ENV-Growth 2025,IMAGE 3.0.1,SSP1-26,0.1360114745177583,1.4708398066742627,44.68615847525382,0.5508560378391709,0.1369649822133141,12.545580779142625,1.6796632108555536,0.41763187837899096
2032,SA2_AR6_dynamic_v32_split,SSP1-2.6,S3,"NATO→5%, nonNATO→3.5%",0.033,184.20690718512637,53.735867189565425,130.47103999556094,0.29171472454917957,0.04476482353088705,0.03251218283924464,2.4054766120200797,4.241898307562077,6.647374919582157,0.31246647211274065,0.23477473079488748,0.2367170243278338,0.6662190242125305,2.0770817899325498,41.68649138770928,43.76357317764183,43.60491092949658,0.0474614305715261,AR6 World GDP level and trajectory (unrebased),SSP Basic Drivers v3.2 / OECD ENV-Growth 2025,IMAGE 3.0.1,SSP1-26,0.15866224814524799,1.434634623938664,43.603834954550884,0.6424471659938857,0.15973822309094743,14.622662569075175,2.322110376849439,0.5773701014699384
2033,SA2_AR6_dynamic_v32_split,SSP1-2.6,S3,"NATO→5%, nonNATO→3.5%",0.033,190.94242634059682,55.047108440212476,135.89531790038436,0.2882916567846543,0.04711057859467799,0.03362691311377476,2.5933011285823917,4.569740047605025,7.163041176187416,0.29396777947047814,0.22087555769071668,0.2227028632352107,0.6267774134758466,2.105703308819417,40.59237419024595,42.69807749906536,42.52342505912923,0.04931611520133452,AR6 World GDP level and trajectory (unrebased),SSP Basic Drivers v3.2 / OECD ENV-Growth 2025,IMAGE 3.0.1,SSP1-26,0.174652439936132,1.3984899740564198,42.522235799668195,0.707213334762997,0.17584169939716787,16.728365877894593,3.0293237116124363,0.7532118008671063
2034,SA2_AR6_dynamic_v32_split,SSP1-2.6,S3,"NATO→5%, nonNATO→3.5%",0.033,197.92422951976133,56.391834602579834,141.53239491718148,0.2849162769985648,0.04882476919383726,0.034441516559246876,2.753318308888006,4.874590323209974,7.62790863209798,0.2763901312336865,0.20766842028203175,0.20938646305582312,0.5892995888084974,2.1082786678641305,39.51853634422365,41.626815012087775,41.44265437219176,0.05064712895406289,AR6 World GDP level and trajectory (unrebased),SSP Basic Drivers v3.2 / OECD ENV-Growth 2025,IMAGE 3.0.1,SSP1-26,0.18416063989601383,1.362405113004525,41.4413608259533,0.7458735548596056,0.1854541861344714,18.836644545758723,3.775197266472042,0.9386659870015777
2035,SA2_AR6_dynamic_v32_split,SSP1-2.6,S3,"NATO→5%, nonNATO→3.5%",0.033,205.16132208938131,57.770949270489076,147.39037281889225,0.2815879166801254,0.049999999999972886,0.03499999999998712,2.8885474635228876,5.15866304865933,8.047210512182218,0.25969139777538863,0.1951216640627823,0.19673590740559746,0.5536957243844183,2.0897913461014013,38.46123346120003,40.55102480730143,40.36259886578648,0.051534859008671045,AR6 World GDP level and trajectory (unrebased),SSP Basic Drivers v3.2 / OECD ENV-Growth 2025,IMAGE 3.0.1,SSP1-26,0.18842594151495007,1.326379310346551,40.361209848916396,0.7634120357548502,0.18981495838503548,20.926435891860123,4.538609302226892,1.1284809453866131
2025,SA2_AR6_dynamic_v32_split,SSP2-4.5,S0,Baseline,0.033,132.3421461836991,42.00214329316893,90.34000289053017,0.3173754129305667,0.027,0.024070131902827918,1.134057868915561,2.1744957856769167,3.308553654592478,0.5460528372493102,0.41028212402492853,0.41367639185553806,1.0,1.8066451102817969,52.94017641340901,54.74682152369081,54.74682152369081,0.033,AR6 World GDP level and trajectory (unrebased),SSP Basic Drivers v3.2 / OECD ENV-Growth 2025,MESSAGE-GLOBIOM 1.0,SSP2-45,0.0,1.8066451102817969,54.74682152369081,0.0,0.0,1.8066451102817969,0.0,0.0
2026,SA2_AR6_dynamic_v32_split,SSP2-4.5,S0,Baseline,0.033,136.9984651539472,42.952745856388574,94.04571929755862,0.313527204907894,0.027,0.024070131902827918,1.1597241381224914,2.263692868388565,3.4234170065110563,0.5301983905011147,0.39836973085825794,0.40166544734932935,0.9709653614693026,1.8150901868663063,53.212255979872985,55.02734616673929,55.02754979223171,0.032985239400176974,AR6 World GDP level and trajectory (unrebased),SSP Basic Drivers v3.2 / OECD ENV-Growth 2025,MESSAGE-GLOBIOM 1.0,SSP2-45,-0.0002036254924178138,1.8150901868663063,55.02734616673929,0.0,0.0,3.621735297148103,0.0,0.0
2027,SA2_AR6_dynamic_v32_split,SSP2-4.5,S0,Baseline,0.033,141.81861180100074,43.92675167777622,97.89186012322452,0.3097389765696906,0.027,0.024070131902827918,1.1860222952999577,2.3562699853791944,3.542292280679152,0.5147886532080013,0.38679147447718515,0.3899914039454555,0.9427451303086358,1.8235318724399199,53.48410151254356,55.30763338498348,55.308039521867826,0.03297070875816981,AR6 World GDP level and trajectory (unrebased),SSP Basic Drivers v3.2 / OECD ENV-Growth 2025,MESSAGE-GLOBIOM 1.0,SSP2-45,-0.00040613688434376627,1.8235318724399199,55.30763338498348,0.0,0.0,5.445267169588023,0.0,0.0
2028,SA2_AR6_dynamic_v32_split,SSP2-4.5,S0,Baseline,0.033,146.8083502290495,44.924795441758356,101.88355478729113,0.30600981055687204,0.027,0.024070131902827918,1.2129694769274757,2.4523506024590924,3.665320079386568,0.4998117860429949,0.37553845928793794,0.3786452924568144,0.9153176248671279,1.8319701752974524,53.755713000211266,55.587683175508715,55.58829070758088,0.03295640456022094,AR6 World GDP level and trajectory (unrebased),SSP Basic Drivers v3.2 / OECD ENV-Growth 2025,MESSAGE-GLOBIOM 1.0,SSP2-45,-0.0006075320721663502,1.8319701752974524,55.587683175508715,0.0,0.0,7.277237344885475,0.0,0.0
2029,SA2_AR6_dynamic_v32_split,SSP2-4.5,S0,Baseline,0.033,151.97364734621675,45.94753090707104,106.02611643914571,0.30233880484816084,0.027,0.024070131902827918,1.240583334490918,2.5520626078348285,3.7926459423257466,0.4852562383536907,0.3646020065951973,0.3676183623891596,0.8886616921507511,1.8404051033803803,54.02709045114441,55.867495554524794,55.868303363723854,0.03294232335122678,AR6 World GDP level and trajectory (unrebased),SSP Basic Drivers v3.2 / OECD ENV-Growth 2025,MESSAGE-GLOBIOM 1.0,SSP2-45,-0.0008078091990597613,1.8404051033803803,55.867495554524794,0.0,0.0,9.117642448265856,0.0,0.0
2030,SA2_AR6_dynamic_v32_split,SSP2-4.5,S0,Baseline,0.033,157.32067999999987,46.99563153786879,110.32504846213108,0.29872507249440333,0.027,0.024070131902827918,1.2688820515224573,2.6555384686693775,3.924420520191835,0.47111074188634094,0.35397364988662916,0.356902077186622,0.8627566963290897,1.8488366627415553,54.298233847024086,56.14707050976564,56.14807747641181,0.03292846173372461,AR6 World GDP level and trajectory (unrebased),SSP Basic Drivers v3.2 / OECD ENV-Growth 2025,MESSAGE-GLOBIOM 1.0,SSP2-45,-0.0010069666461660631,1.8488366627415553,56.14707050976564,0.0,0.0,10.966479111007411,0.0,0.0
2031,SA2_AR6_dynamic_v32_split,SSP2-4.5,S0,Baseline,0.033,161.48654563007247,47.69202573763901,113.79451989243347,0.2953312646051032,0.027,0.024070131902827918,1.2876846949162533,2.739049103629849,4.026733798546102,0.4587847685346482,0.34471240961383437,0.3475642185868547,0.8401838379702106,1.8474041337166183,54.2783511537864,56.12575528750302,56.12694504420659,0.03291544361859059,AR6 World GDP level and trajectory (unrebased),SSP Basic Drivers v3.2 / OECD ENV-Growth 2025,MESSAGE-GLOBIOM 1.0,SSP2-45,-0.0011897567035745737,1.8474041337166183,56.12575528750302,0.0,0.0,12.81388324472403,0.0,0.0
2032,SA2_AR6_dynamic_v32_split,SSP2-4.5,S0,Baseline,0.033,165.76272375337751,48.39990092213574,117.36282283124177,0.29198302143095406,0.027,0.024070131902827918,1.306797324897665,2.8249386260362135,4.131735950933878,0.44678190529746614,0.33569394127634017,0.3384711403768683,0.8182026991162393,1.8459848603442761,54.25854332779036,56.10452818813464,56.105898140781484,0.0329026001992951,AR6 World GDP level and trajectory (unrebased),SSP Basic Drivers v3.2 / OECD ENV-Growth 2025,MESSAGE-GLOBIOM 1.0,SSP2-45,-0.001369952646847139,1.8459848603442761,56.10452818813464,0.0,0.0,14.659868105068306,0.0,0.0
2033,SA2_AR6_dynamic_v32_split,SSP2-4.5,S0,Baseline,0.033,170.15213545456908,49.119472846077905,121.03266260849117,0.28867973190493923,0.027,0.024070131902827918,1.3262257668441033,2.913272153536851,4.239497920380954,0.43509366674433625,0.326911869263227,0.3296164142002547,0.7967977401895385,1.8445786953335372,54.23881047069368,56.08338916602722,56.08493675705109,0.032889929135218876,AR6 World GDP level and trajectory (unrebased),SSP Basic Drivers v3.2 / OECD ENV-Growth 2025,MESSAGE-GLOBIOM 1.0,SSP2-45,-0.0015475910238720303,1.8445786953335372,56.08338916602722,0.0,0.0,16.504446800401844,0.0,0.0
2034,SA2_AR6_dynamic_v32_split,SSP2-4.5,S0,Baseline,0.033,174.65777916888334,49.85096192227519,124.80681724660815,0.28542079350540905,0.027,0.024070131902827918,1.3459759719014301,3.0041165534979966,4.350092525399427,0.4237117907677051,0.31835998575941793,0.3209937808846251,0.7759538305892034,1.8431854939421999,54.21915269453895,56.06233818848115,56.064060896331775,0.03287742811841747,AR6 World GDP level and trajectory (unrebased),SSP Basic Drivers v3.2 / OECD ENV-Growth 2025,MESSAGE-GLOBIOM 1.0,SSP2-45,-0.001722707850625227,1.8431854939421999,56.06233818848115,0.0,0.0,18.34763229434404,0.0,0.0
2035,SA2_AR6_dynamic_v32_split,SSP2-4.5,S0,Baseline,0.033,179.28273273038877,50.59459333516991,128.68813939521885,0.28220561213363315,0.027,0.024070131902827918,1.3660540200495876,3.0975404895724234,4.463594509622011,0.41262823266715665,0.31003224630080845,0.3125971459599672,0.7556562378573702,1.8418051138481542,54.19957011895584,56.04137523280399,56.04327057142313,0.0328650948731545,AR6 World GDP level and trajectory (unrebased),SSP Basic Drivers v3.2 / OECD ENV-Growth 2025,MESSAGE-GLOBIOM 1.0,SSP2-45,-0.0018953386191356003,1.8418051138481542,56.04137523280399,0.0,0.0,20.189437408192198,0.0,0.0
2025,SA2_AR6_dynamic_v32_split,SSP2-4.5,S1,"NATO→3.5%, nonNATO holds",0.033,132.3421461836991,42.00214329316893,90.34000289053017,0.3173754129305667,0.027,0.024070131902827918,1.134057868915561,2.1744957856769167,3.308553654592478,0.5460528372493102,0.41028212402492853,0.41367639185553806,1.0,1.8066451102817969,52.94017641340901,54.74682152369081,54.74682152369081,0.033,AR6 World GDP level and trajectory (unrebased),SSP Basic Drivers v3.2 / OECD ENV-Growth 2025,MESSAGE-GLOBIOM 1.0,SSP2-45,0.0,1.8066451102817969,54.74682152369081,0.0,0.0,1.8066451102817969,0.0,0.0
2026,SA2_AR6_dynamic_v32_split,SSP2-4.5,S1,"NATO→3.5%, nonNATO holds",0.033,136.9984651539472,42.952745856388574,94.04571929755862,0.313527204907894,0.02740877593256891,0.024070131902827918,1.1772821868663321,2.263692868388565,3.440975055254897,0.5301983905011147,0.39836973085825794,0.40166544734932935,0.9709653614693026,1.8243994360506306,53.205261384720494,55.02966082077113,55.02754979223171,0.03315301982312064,AR6 World GDP level and trajectory (unrebased),SSP Basic Drivers v3.2 / OECD ENV-Growth 2025,MESSAGE-GLOBIOM 1.0,SSP2-45,0.002111028539417248,1.8150901868663063,55.02734616673929,0.009309249184324297,0.0023146540318350617,3.6310445463324275,0.009309249184324297,0.0023146540318350617
2027,SA2_AR6_dynamic_v32_split,SSP2-4.5,S1,"NATO→3.5%, nonNATO holds",0.033,141.81861180100074,43.92675167777622,97.89186012322452,0.3097389765696906,0.028005016140972137,0.024070131902827918,1.230169389756598,2.3562699853791944,3.586439375135792,0.5147886532080013,0.38679147447718515,0.3899914039454555,0.9427451303086358,1.8462582957383,53.467025792784796,55.3132840885231,55.308039521867826,0.03337820789638087,AR6 World GDP level and trajectory (unrebased),SSP Basic Drivers v3.2 / OECD ENV-Growth 2025,MESSAGE-GLOBIOM 1.0,SSP2-45,0.005244566655271399,1.8235318724399199,55.30763338498348,0.02272642329838015,0.005650703539615165,5.477302842070728,0.03203567248270445,0.007965357571450227
2028,SA2_AR6_dynamic_v32_split,SSP2-4.5,S1,"NATO→3.5%, nonNATO holds",0.033,146.8083502290495,44.924795441758356,101.88355478729113,0.30600981055687204,0.028820930945768986,0.024070131902827918,1.2947744271797148,2.4523506024590924,3.7471250296388074,0.4998117860429949,0.37553845928793794,0.3786452924568144,0.9153176248671279,1.8728572535901826,53.724992095231414,55.5978493488216,55.58829070758088,0.03368578597060208,AR6 World GDP level and trajectory (unrebased),SSP Basic Drivers v3.2 / OECD ENV-Growth 2025,MESSAGE-GLOBIOM 1.0,SSP2-45,0.009558641240715815,1.8319701752974524,55.587683175508715,0.040887078292730195,0.010166173312882165,7.35016009566091,0.07292275077543464,0.018131530884332392
2029,SA2_AR6_dynamic_v32_split,SSP2-4.5,S1,"NATO→3.5%, nonNATO holds",0.033,151.97364734621675,45.94753090707104,106.02611643914571,0.30233880484816084,0.029845109579542582,0.024070131902827918,1.3713090948309548,2.5520626078348285,3.9233717026657833,0.4852562383536907,0.3646020065951973,0.3676183623891596,0.8886616921507511,1.9038405940989127,53.97942757661075,55.88326817070966,55.868303363723854,0.03406816845935258,AR6 World GDP level and trajectory (unrebased),SSP Basic Drivers v3.2 / OECD ENV-Growth 2025,MESSAGE-GLOBIOM 1.0,SSP2-45,0.01496480698580882,1.8404051033803803,55.867495554524794,0.06343549071853238,0.015772616184868582,9.254000689759822,0.13635824149396703,0.033904147069200974
2030,SA2_AR6_dynamic_v32_split,SSP2-4.5,S1,"NATO→3.5%, nonNATO holds",0.033,157.32067999999987,46.99563153786879,110.32504846213108,0.29872507249440333,0.030999999999995285,0.024070131902827918,1.4568645776737108,2.6555384686693775,4.112403046343088,0.47111074188634094,0.35397364988662916,0.356902077186622,0.8627566963290897,1.9373972500983407,54.23169298612743,56.16909023622577,56.14807747641181,0.0344922312601181,AR6 World GDP level and trajectory (unrebased),SSP Basic Drivers v3.2 / OECD ENV-Growth 2025,MESSAGE-GLOBIOM 1.0,SSP2-45,0.021012759813963555,1.8488366627415553,56.14707050976564,0.0885605873567854,0.02201972646012962,11.191397939858163,0.22491882885075243,0.05592387352933059
2031,SA2_AR6_dynamic_v32_split,SSP2-4.5,S1,"NATO→3.5%, nonNATO holds",0.033,161.48654563007247,47.69202573763901,113.79451989243347,0.2953312646051032,0.03215489042044799,0.024070131902827918,1.5335318615229674,2.739049103629849,4.272580965152817,0.4587847685346482,0.34471240961383437,0.3475642185868547,0.8401838379702106,1.9601950691431789,54.19360458458866,56.15379965373184,56.12694504420659,0.0349076123295409,AR6 World GDP level and trajectory (unrebased),SSP Basic Drivers v3.2 / OECD ENV-Growth 2025,MESSAGE-GLOBIOM 1.0,SSP2-45,0.026854609525244655,1.8474041337166183,56.12575528750302,0.1127909354265606,0.02804436622881923,13.151593009001342,0.33770976427731303,0.08396823975814982
2032,SA2_AR6_dynamic_v32_split,SSP2-4.5,S1,"NATO→3.5%, nonNATO holds",0.033,165.76272375337751,48.39990092213574,117.36282283124177,0.29198302143095406,0.033179069054221584,0.024070131902827918,1.6058636549130247,2.8249386260362135,4.430802280949238,0.44678190529746614,0.33569394127634017,0.3384711403768683,0.8182026991162393,1.9796022850788595,54.15814857276445,56.137750857843315,56.105898140781484,0.035263298846649076,AR6 World GDP level and trajectory (unrebased),SSP Basic Drivers v3.2 / OECD ENV-Growth 2025,MESSAGE-GLOBIOM 1.0,SSP2-45,0.031852717061831015,1.8459848603442761,56.10452818813464,0.13361742473458338,0.033222669708678154,15.131195294080202,0.4713271890118964,0.11719090946682797
2033,SA2_AR6_dynamic_v32_split,SSP2-4.5,S1,"NATO→3.5%, nonNATO holds",0.033,170.15213545456908,49.119472846077905,121.03266260849117,0.28867973190493923,0.03399498385901843,0.024070131902827918,1.6698156865659126,2.913272153536851,4.583087840102763,0.43509366674433625,0.326911869263227,0.3296164142002547,0.7967977401895385,1.9940724933616916,54.12648684777742,56.12055934113911,56.08493675705109,0.03553194260307272,AR6 World GDP level and trajectory (unrebased),SSP Basic Drivers v3.2 / OECD ENV-Growth 2025,MESSAGE-GLOBIOM 1.0,SSP2-45,0.03562258408802421,1.8445786953335372,56.08338916602722,0.14949379802815432,0.03717017511189624,17.125267787441892,0.6208209870400507,0.15436108457872422
2034,SA2_AR6_dynamic_v32_split,SSP2-4.5,S1,"NATO→3.5%, nonNATO holds",0.033,174.65777916888334,49.85096192227519,124.80681724660815,0.28542079350540905,0.034591224067421655,0.024070131902827918,1.724405793829926,3.0041165534979966,4.728522347327923,0.4237117907677051,0.31835998575941793,0.3209937808846251,0.7759538305892034,2.0035306714714265,54.098675781818855,56.10220645329028,56.064060896331775,0.035712154621575024,AR6 World GDP level and trajectory (unrebased),SSP Basic Drivers v3.2 / OECD ENV-Growth 2025,MESSAGE-GLOBIOM 1.0,SSP2-45,0.0381455569585043,1.8431854939421999,56.06233818848115,0.1603451775292266,0.03986826480912953,19.12879845891332,0.7811661645692773,0.19422934938785374
2035,SA2_AR6_dynamic_v32_split,SSP2-4.5,S1,"NATO→3.5%, nonNATO holds",0.033,179.28273273038877,50.59459333516991,128.68813939521885,0.28220561213363315,0.03499999999999057,0.024070131902827918,1.77081076673047,3.0975404895724234,4.868351256302893,0.41262823266715665,0.31003224630080845,0.3125971459599672,0.7556562378573702,2.0088191748911948,54.07408247557695,56.082901650468145,56.04327057142313,0.035818745388942023,AR6 World GDP level and trajectory (unrebased),SSP Basic Drivers v3.2 / OECD ENV-Growth 2025,MESSAGE-GLOBIOM 1.0,SSP2-45,0.03963107904501584,1.8418051138481542,56.04137523280399,0.16701406104304062,0.04152641766415144,21.137617633804513,0.948180225612318,0.23575576705200518
2025,SA2_AR6_dynamic_v32_split,SSP2-4.5,S2,"NATO→3.5%, nonNATO→3.5%",0.033,132.3421461836991,42.00214329316893,90.34000289053017,0.3173754129305667,0.027,0.024070131902827918,1.134057868915561,2.1744957856769167,3.308553654592478,0.5460528372493102,0.41028212402492853,0.41367639185553806,1.0,1.8066451102817969,52.94017641340901,54.74682152369081,54.74682152369081,0.033,AR6 World GDP level and trajectory (unrebased),SSP Basic Drivers v3.2 / OECD ENV-Growth 2025,MESSAGE-GLOBIOM 1.0,SSP2-45,0.0,1.8066451102817969,54.74682152369081,0.0,0.0,1.8066451102817969,0.0,0.0
2026,SA2_AR6_dynamic_v32_split,SSP2-4.5,S2,"NATO→3.5%, nonNATO→3.5%",0.033,136.9984651539472,42.952745856388574,94.04571929755862,0.313527204907894,0.02740877593256891,0.024628615280862506,1.1772821868663321,2.316215839391558,3.4934980262578903,0.5301983905011147,0.39836973085825794,0.40166544734932935,0.9709653614693026,1.8522470307407544,53.18433782289816,55.036584853638914,55.02754979223171,0.03365483224779503,AR6 World GDP level and trajectory (unrebased),SSP Basic Drivers v3.2 / OECD ENV-Growth 2025,MESSAGE-GLOBIOM 1.0,SSP2-45,0.00903506140720367,1.8150901868663063,55.02734616673929,0.037156843874448064,0.009238686899621484,3.6588921410225512,0.037156843874448064,0.009238686899621484
2027,SA2_AR6_dynamic_v32_split,SSP2-4.5,S2,"NATO→3.5%, nonNATO→3.5%",0.033,141.81861180100074,43.92675167777622,97.89186012322452,0.3097389765696906,0.028005016140972137,0.025443218634872214,1.230169389756598,2.49068399968953,3.7208533894461278,0.5147886532080013,0.38679147447718515,0.3899914039454555,0.9427451303086358,1.9154531051373986,53.415035597999314,55.33048870313671,55.308039521867826,0.03461840207872248,AR6 World GDP level and trajectory (unrebased),SSP Basic Drivers v3.2 / OECD ENV-Growth 2025,MESSAGE-GLOBIOM 1.0,SSP2-45,0.022449181268882512,1.8235318724399199,55.30763338498348,0.09192123269747876,0.02285531815322628,5.57434524615995,0.12907807657192683,0.03209400505284776
2028,SA2_AR6_dynamic_v32_split,SSP2-4.5,S2,"NATO→3.5%, nonNATO→3.5%",0.033,146.8083502290495,44.924795441758356,101.88355478729113,0.30600981055687204,0.028820930945768986,0.02655794878424215,1.2947744271797148,2.7058182299974067,4.000592657177122,0.4998117860429949,0.37553845928793794,0.3786452924568144,0.9153176248671279,1.9995433612141882,53.6298052529063,55.62934861412049,55.58829070758088,0.0359440369342495,AR6 World GDP level and trajectory (unrebased),SSP Basic Drivers v3.2 / OECD ENV-Growth 2025,MESSAGE-GLOBIOM 1.0,SSP2-45,0.04105790653960639,1.8319701752974524,55.587683175508715,0.16757318591673576,0.04166543861177274,7.573888607374138,0.2966512624886626,0.0737594436646205
2029,SA2_AR6_dynamic_v32_split,SSP2-4.5,S2,"NATO→3.5%, nonNATO→3.5%",0.033,151.97364734621675,45.94753090707104,106.02611643914571,0.30233880484816084,0.029845109579542582,0.02795721595612806,1.3713090948309548,2.964195034278776,4.335504129109731,0.4852562383536907,0.3646020065951973,0.3676183623891596,0.8886616921507511,2.103830425058682,53.829163266946345,55.93299369200503,55.868303363723854,0.037613406438486416,AR6 World GDP level and trajectory (unrebased),SSP Basic Drivers v3.2 / OECD ENV-Growth 2025,MESSAGE-GLOBIOM 1.0,SSP2-45,0.06469032828117349,1.8404051033803803,55.867495554524794,0.26342532167830157,0.06549813748023325,9.677719032432819,0.5600765841669642,0.13925758114485376
2030,SA2_AR6_dynamic_v32_split,SSP2-4.5,S2,"NATO→3.5%, nonNATO→3.5%",0.033,157.32067999999987,46.99563153786879,110.32504846213108,0.29872507249440333,0.030999999999995285,0.029535065951407518,1.4568645776737108,3.258457582421272,4.715322160094983,0.47111074188634094,0.35397364988662916,0.356902077186622,0.8627566963290897,2.221438921075451,54.01827550684625,56.239714427921704,56.14807747641181,0.03949947014618123,AR6 World GDP level and trajectory (unrebased),SSP Basic Drivers v3.2 / OECD ENV-Growth 2025,MESSAGE-GLOBIOM 1.0,SSP2-45,0.09163695150989781,1.8488366627415553,56.14707050976564,0.3726022583338957,0.09264391815606388,11.89915795350827,0.9326788425008599,0.23190149930091764
2031,SA2_AR6_dynamic_v32_split,SSP2-4.5,S2,"NATO→3.5%, nonNATO→3.5%",0.033,161.48654563007247,47.69202573763901,113.79451989243347,0.2953312646051032,0.03215489042044799,0.031112915946686977,1.5335318615229674,3.5404793326068815,5.074011194129849,0.4587847685346482,0.34471240961383437,0.3475642185868547,0.8401838379702106,2.3278790512410765,53.91734163922063,56.24522069046171,56.12694504420659,0.041388033021547865,AR6 World GDP level and trajectory (unrebased),SSP Basic Drivers v3.2 / OECD ENV-Growth 2025,MESSAGE-GLOBIOM 1.0,SSP2-45,0.118275646255114,1.8474041337166183,56.12575528750302,0.48047491752445826,0.11946540295868857,14.227037004749347,1.4131537600253181,0.3513669022596062
2032,SA2_AR6_dynamic_v32_split,SSP2-4.5,S2,"NATO→3.5%, nonNATO→3.5%",0.033,165.76272375337751,48.39990092213574,117.36282283124177,0.29198302143095406,0.033179069054221584,0.03251218311857289,1.6058636549130247,3.8157215872019594,5.421585242114984,0.44678190529746614,0.33569394127634017,0.3384711403768683,0.8182026991162393,2.422266184204757,53.825548735581286,56.247814919786045,56.105898140781484,0.043064182807085134,AR6 World GDP level and trajectory (unrebased),SSP Basic Drivers v3.2 / OECD ENV-Growth 2025,MESSAGE-GLOBIOM 1.0,SSP2-45,0.14191677900456057,1.8459848603442761,56.10452818813464,0.5762813238604807,0.1432867316514077,16.649303188954104,1.9894350838857988,0.4946536339110139
2033,SA2_AR6_dynamic_v32_split,SSP2-4.5,S2,"NATO→3.5%, nonNATO→3.5%",0.033,170.15213545456908,49.119472846077905,121.03266260849117,0.28867973190493923,0.03399498385901843,0.03362691326794282,1.6698156865659126,4.069954848123919,5.739770534689831,0.43509366674433625,0.326911869263227,0.3296164142002547,0.7967977401895385,2.497337808209298,53.74835354594554,56.245691354154836,56.08493675705109,0.044400517587820904,AR6 World GDP level and trajectory (unrebased),SSP Basic Drivers v3.2 / OECD ENV-Growth 2025,MESSAGE-GLOBIOM 1.0,SSP2-45,0.16075459710374673,1.8445786953335372,56.08338916602722,0.6527591128757608,0.16230218812761876,19.146640997163402,2.64219419676156,0.6569558220386327
2034,SA2_AR6_dynamic_v32_split,SSP2-4.5,S2,"NATO→3.5%, nonNATO→3.5%",0.033,174.65777916888334,49.85096192227519,124.80681724660815,0.28542079350540905,0.034591224067421655,0.03444151662195252,1.724405793829926,4.2985360707320455,6.022941864561972,0.4237117907677051,0.31835998575941793,0.3209937808846251,0.7759538305892034,2.551991483123334,53.68658440274551,56.23857588586884,56.064060896331775,0.04537795352966214,AR6 World GDP level and trajectory (unrebased),SSP Basic Drivers v3.2 / OECD ENV-Growth 2025,MESSAGE-GLOBIOM 1.0,SSP2-45,0.1745149895370659,1.8431854939421999,56.06233818848115,0.708805989181134,0.17623769738769113,21.698632480286737,3.3510001859426937,0.8331935194263238
2035,SA2_AR6_dynamic_v32_split,SSP2-4.5,S2,"NATO→3.5%, nonNATO→3.5%",0.033,179.28273273038877,50.59459333516991,128.68813939521885,0.28220561213363315,0.03499999999999057,0.03499999999998712,1.77081076673047,4.504084878831002,6.274895645561473,0.41262823266715665,0.31003224630080845,0.3125971459599672,0.7556562378573702,2.5891991003988672,53.638008359053316,56.22720745945218,56.04327057142313,0.04604886526271198,AR6 World GDP level and trajectory (unrebased),SSP Basic Drivers v3.2 / OECD ENV-Growth 2025,MESSAGE-GLOBIOM 1.0,SSP2-45,0.18393688802905217,1.8418051138481542,56.04137523280399,0.7473939865507131,0.18583222664818777,24.287831580685605,4.098394172493407,1.0190257460745116
2025,SA2_AR6_dynamic_v32_split,SSP2-4.5,S3,"NATO→5%, nonNATO→3.5%",0.033,132.3421461836991,42.00214329316893,90.34000289053017,0.3173754129305667,0.027,0.024070131902827918,1.134057868915561,2.1744957856769167,3.308553654592478,0.5460528372493102,0.41028212402492853,0.41367639185553806,1.0,1.8066451102817969,52.94017641340901,54.74682152369081,54.74682152369081,0.033,AR6 World GDP level and trajectory (unrebased),SSP Basic Drivers v3.2 / OECD ENV-Growth 2025,MESSAGE-GLOBIOM 1.0,SSP2-45,0.0,1.8066451102817969,54.74682152369081,0.0,0.0,1.8066451102817969,0.0,0.0
2026,SA2_AR6_dynamic_v32_split,SSP2-4.5,S3,"NATO→5%, nonNATO→3.5%",0.033,136.9984651539472,42.952745856388574,94.04571929755862,0.313527204907894,0.02817523080613562,0.024628615280862506,1.2102035282610335,2.316215839391558,3.5264193676525917,0.5301983905011147,0.39836973085825794,0.40166544734932935,0.9709653614693026,1.8697018729613628,53.171222956987265,55.04092482994863,55.02754979223171,0.03396930336359517,AR6 World GDP level and trajectory (unrebased),SSP Basic Drivers v3.2 / OECD ENV-Growth 2025,MESSAGE-GLOBIOM 1.0,SSP2-45,0.01337503771691928,1.8150901868663063,55.02734616673929,0.05461168609505651,0.013578663209337094,3.6763469832431594,0.05461168609505651,0.013578663209337094
2027,SA2_AR6_dynamic_v32_split,SSP2-4.5,S3,"NATO→5%, nonNATO→3.5%",0.033,141.81861180100074,43.92675167777622,97.89186012322452,0.3097389765696906,0.029889421405294894,0.025443218634872214,1.312945191862798,2.49068399968953,3.8036291915523277,0.5147886532080013,0.38679147447718515,0.3899914039454555,0.9427451303086358,1.9580651488218614,53.38301862345162,55.34108377227348,55.308039521867826,0.03538176369800106,AR6 World GDP level and trajectory (unrebased),SSP Basic Drivers v3.2 / OECD ENV-Growth 2025,MESSAGE-GLOBIOM 1.0,SSP2-45,0.033044250405652065,1.8235318724399199,55.30763338498348,0.13453327638194157,0.03345038728999583,5.634412132065021,0.18914496247699808,0.047029050499332925
2028,SA2_AR6_dynamic_v32_split,SSP2-4.5,S3,"NATO→5%, nonNATO→3.5%",0.033,146.8083502290495,44.924795441758356,101.88355478729113,0.30600981055687204,0.03223517646908584,0.02655794878424215,1.4481587089026635,2.7058182299974067,4.153976938900071,0.4998117860429949,0.37553845928793794,0.3786452924568144,0.9153176248671279,2.076206633013057,53.572203556069084,55.64841018908214,55.58829070758088,0.03730936114721918,AR6 World GDP level and trajectory (unrebased),SSP Basic Drivers v3.2 / OECD ENV-Growth 2025,MESSAGE-GLOBIOM 1.0,SSP2-45,0.06011948150126045,1.8319701752974524,55.587683175508715,0.24423645771560465,0.0607270135734268,7.710618765078078,0.43338142019260273,0.10775606407275973
2029,SA2_AR6_dynamic_v32_split,SSP2-4.5,S3,"NATO→5%, nonNATO→3.5%",0.033,151.97364734621675,45.94753090707104,106.02611643914571,0.30233880484816084,0.03517969004118492,0.02795721595612806,1.6164198954685236,2.964195034278776,4.580614929747299,0.4852562383536907,0.3646020065951973,0.3676183623891596,0.8886616921507511,2.2227719701559296,53.739795377195726,55.96256734735166,55.868303363723854,0.039718906324642,AR6 World GDP level and trajectory (unrebased),SSP Basic Drivers v3.2 / OECD ENV-Growth 2025,MESSAGE-GLOBIOM 1.0,SSP2-45,0.09426398362780475,1.8404051033803803,55.867495554524794,0.3823668667755493,0.09507179282686451,9.933390735234008,0.815748286968152,0.20282785689962424
2030,SA2_AR6_dynamic_v32_split,SSP2-4.5,S3,"NATO→5%, nonNATO→3.5%",0.033,157.32067999999987,46.99563153786879,110.32504846213108,0.29872507249440333,0.03849999999998644,0.029535065951407518,1.8093318142073112,3.258457582421272,5.067789396628584,0.47111074188634094,0.35397364988662916,0.356902077186622,0.8627566963290897,2.387490022369424,53.89351139266499,56.28100141503442,56.14807747641181,0.04242088737482291,AR6 World GDP level and trajectory (unrebased),SSP Basic Drivers v3.2 / OECD ENV-Growth 2025,MESSAGE-GLOBIOM 1.0,SSP2-45,0.13292393862261065,1.8488366627415553,56.14707050976564,0.5386533596278689,0.1339309052687767,12.320880757603433,1.354401646596021,0.33675876216840095
2031,SA2_AR6_dynamic_v32_split,SSP2-4.5,S3,"NATO→5%, nonNATO→3.5%",0.033,161.48654563007247,47.69202573763901,113.79451989243347,0.2953312646051032,0.041820309958787966,0.031112915946686977,1.9944952989105564,3.5404793326068815,5.5349746315174375,0.4587847685346482,0.34471240961383437,0.3475642185868547,0.8401838379702106,2.5393620551658773,53.75844182197488,56.29780387714075,56.12694504420659,0.04510588122953343,AR6 World GDP level and trajectory (unrebased),SSP Basic Drivers v3.2 / OECD ENV-Growth 2025,MESSAGE-GLOBIOM 1.0,SSP2-45,0.17085883293415804,1.8474041337166183,56.12575528750302,0.691957921449259,0.17204858963773262,14.86024281276931,2.04635956804528,0.5088073518061336
2032,SA2_AR6_dynamic_v32_split,SSP2-4.5,S3,"NATO→5%, nonNATO→3.5%",0.033,165.76272375337751,48.39990092213574,117.36282283124177,0.29198302143095406,0.04476482353088705,0.03251218311857289,2.166613023691824,3.8157215872019594,5.982334610893783,0.44678190529746614,0.33569394127634017,0.3384711403768683,0.8182026991162393,2.6727988555821005,53.63730856990771,56.31010742548981,56.105898140781484,0.04746570336628782,AR6 World GDP level and trajectory (unrebased),SSP Basic Drivers v3.2 / OECD ENV-Growth 2025,MESSAGE-GLOBIOM 1.0,SSP2-45,0.20420928470832678,1.8459848603442761,56.10452818813464,0.8268139952378244,0.20557923735517392,17.53304166835141,2.873173563283104,0.7143865891613075
2033,SA2_AR6_dynamic_v32_split,SSP2-4.5,S3,"NATO→5%, nonNATO→3.5%",0.033,170.15213545456908,49.119472846077905,121.03266260849117,0.28867973190493923,0.04711057859467799,0.03362691326794282,2.3140467860443046,4.069954848123919,6.384001634168223,0.43509366674433625,0.326911869263227,0.3296164142002547,0.7967977401895385,2.777638679512087,53.537746752977554,56.31538543248964,56.08493675705109,0.049322909861673495,AR6 World GDP level and trajectory (unrebased),SSP Basic Drivers v3.2 / OECD ENV-Growth 2025,MESSAGE-GLOBIOM 1.0,SSP2-45,0.2304486754385522,1.8445786953335372,56.08338916602722,0.9330599841785499,0.23199626646242422,20.310680347863496,3.8062335474616544,0.9463828556237317
2034,SA2_AR6_dynamic_v32_split,SSP2-4.5,S3,"NATO→5%, nonNATO→3.5%",0.033,174.65777916888334,49.85096192227519,124.80681724660815,0.28542079350540905,0.04882476919383726,0.03444151662195252,2.433961709945856,4.2985360707320455,6.732497780677901,0.4237117907677051,0.31835998575941793,0.3209937808846251,0.7759538305892034,2.852638690990634,53.46069019139533,56.31332888238596,56.064060896331775,0.05065654521949066,AR6 World GDP level and trajectory (unrebased),SSP Basic Drivers v3.2 / OECD ENV-Growth 2025,MESSAGE-GLOBIOM 1.0,SSP2-45,0.24926798605418554,1.8431854939421999,56.06233818848115,1.009453197048434,0.25099069390481077,23.16331903885413,4.815686744510089,1.1973735495285425
2035,SA2_AR6_dynamic_v32_split,SSP2-4.5,S3,"NATO→5%, nonNATO→3.5%",0.033,179.28273273038877,50.59459333516991,128.68813939521885,0.28220561213363315,0.049999999999972886,0.03499999999998712,2.529729666757124,4.504084878831002,7.033814545588126,0.41262823266715665,0.31003224630080845,0.3125971459599672,0.7556562378573702,2.902350464854568,53.40271902771792,56.30506949257249,56.04327057142313,0.05154687652481155,AR6 World GDP level and trajectory (unrebased),SSP Basic Drivers v3.2 / OECD ENV-Growth 2025,MESSAGE-GLOBIOM 1.0,SSP2-45,0.26179892114936365,1.8418051138481542,56.04137523280399,1.0605453510064138,0.26369425976849925,26.065669503708698,5.876232095516502,1.4610678092970417
2025,SA2_AR6_dynamic_v32_split,SSP3-7.0,S0,Baseline,0.033,131.57368822870808,41.75831570410389,89.81537252460419,0.317375884694495,0.027,0.024070129877985763,1.127474524010805,2.1618676817068967,3.289342205717702,0.6610439048545443,0.49668178398938956,0.5007908370110185,1.0,2.1743996160704895,63.71649784061101,65.8908974566815,65.8908974566815,0.033,AR6 World GDP level and trajectory (unrebased),SSP Basic Drivers v3.2 / OECD ENV-Growth 2025,MIGRATION 1.0,SSP3-7.0_zeromig,0.0,2.1743996160704895,65.8908974566815,0.0,0.0,2.1743996160704895,0.0,0.0
2026,SA2_AR6_dynamic_v32_split,SSP3-7.0,S0,Baseline,0.033,134.8941946705815,42.289728200521836,92.60446647005966,0.3135029517303951,0.027,0.024070129877985763,1.1418226614140896,2.229001535215914,3.3708241966300037,0.6553251689882162,0.4923849560307732,0.4964584613547093,0.9913489318571261,2.2089859362861253,64.7601289878357,66.96911492412183,66.96936433183951,0.03298514455191737,AR6 World GDP level and trajectory (unrebased),SSP Basic Drivers v3.2 / OECD ENV-Growth 2025,MIGRATION 1.0,SSP3-7.0_zeromig,-0.00024940771768910963,2.2089859362861253,66.96911492412183,0.0,0.0,4.383385552356614,0.0,0.0
2027,SA2_AR6_dynamic_v32_split,SSP3-7.0,S0,Baseline,0.033,138.29850026089372,42.829721690573244,95.46877857032047,0.3096904276602925,0.027,0.024070129877985763,1.1564024856454775,2.2979458994802777,3.4543483851257553,0.6496442600139989,0.4881165496764079,0.49215474243484764,0.9827550866790704,2.2440976004855733,65.81966215764137,68.06375975812695,68.06426277502585,0.03297052070676457,AR6 World GDP level and trajectory (unrebased),SSP Basic Drivers v3.2 / OECD ENV-Growth 2025,MIGRATION 1.0,SSP3-7.0_zeromig,-0.000503016898903752,2.2440976004855733,68.06375975812695,0.0,0.0,6.6274831528421885,0.0,0.0
2028,SA2_AR6_dynamic_v32_split,SSP3-7.0,S0,Baseline,0.033,141.78871982682614,43.37847042426535,98.4102494025608,0.30593738681924565,0.027,0.024070129877985763,1.1712187014551645,2.3687474844446093,3.5399661858997735,0.6436538653828238,0.4836156082557813,0.4876165646839574,0.9736930643426066,2.278512918878881,66.85925508266027,69.13776800153914,69.13852847289309,0.03295612491899011,AR6 World GDP level and trajectory (unrebased),SSP Basic Drivers v3.2 / OECD ENV-Growth 2025,MIGRATION 1.0,SSP3-7.0_zeromig,-0.0007604713539421937,2.278512918878881,69.13776800153914,0.0,0.0,8.90599607172107,0.0,0.0
2029,SA2_AR6_dynamic_v32_split,SSP3-7.0,S0,Baseline,0.033,145.36702156715262,43.936152928235394,101.43086863891722,0.3022429190236865,0.027,0.024070129877985763,1.1862761290623556,2.4414541817756503,3.6277303108380057,0.6372354275564843,0.4787930524064649,0.48275411178521543,0.9639835158856827,2.3117182756864745,67.86378790653983,70.1755061822263,70.17652737951302,0.03294195370224454,AR6 World GDP level and trajectory (unrebased),SSP Basic Drivers v3.2 / OECD ENV-Growth 2025,MIGRATION 1.0,SSP3-7.0_zeromig,-0.001021197286718234,2.3117182756864745,70.1755061822263,0.0,0.0,11.217714347407544,0.0,0.0
2030,SA2_AR6_dynamic_v32_split,SSP3-7.0,S0,Baseline,0.033,149.0356283991709,44.502952124553694,104.53267627461719,0.29860612930324837,0.027,0.024070129877985763,1.2015797073629497,2.5161150944234767,3.7176948017864264,0.6306305973322774,0.47383044881143144,0.4777504525244526,0.953992000684192,2.3444920935496767,68.85606169679848,71.20055379034815,71.20183890997005,0.03292800362835791,AR6 World GDP level and trajectory (unrebased),SSP Basic Drivers v3.2 / OECD ENV-Growth 2025,MIGRATION 1.0,SSP3-7.0_zeromig,-0.0012851196218974792,2.3444920935496767,71.20055379034815,0.0,0.0,13.56220644095722,0.0,0.0
2031,SA2_AR6_dynamic_v32_split,SSP3-7.0,S0,Baseline,0.033,151.81959450515436,44.82483068419079,106.99476382096356,0.29525062842049,0.027,0.024070129877985763,1.2102704284731514,2.575377861435005,3.7856482899081563,0.6237120856202252,0.46863215757168436,0.47250915577289787,0.9435259610440949,2.361154590323255,69.3734676087015,71.73462219902476,71.73614842941417,0.03291513244151937,AR6 World GDP level and trajectory (unrebased),SSP Basic Drivers v3.2 / OECD ENV-Growth 2025,MIGRATION 1.0,SSP3-7.0_zeromig,-0.0015262303894161278,2.361154590323255,71.73462219902476,0.0,0.0,15.923361031280475,0.0,0.0
2032,SA2_AR6_dynamic_v32_split,SSP3-7.0,S0,Baseline,0.033,154.65556473500078,45.15017158102272,109.50539315397806,0.29194016819496044,0.027,0.024070129877985763,1.2190546326876133,2.635809035556145,3.8548636682437585,0.617120501606805,0.46367950664629404,0.46751553152030684,0.9335544841648541,2.3789154005724367,69.92319467254917,72.30211007312161,72.30387854965711,0.03290243394233664,AR6 World GDP level and trajectory (unrebased),SSP Basic Drivers v3.2 / OECD ENV-Growth 2025,MIGRATION 1.0,SSP3-7.0_zeromig,-0.0017684765355028276,2.3789154005724367,72.30211007312161,0.0,0.0,18.302276431852913,0.0,0.0
2033,SA2_AR6_dynamic_v32_split,SSP3-7.0,S0,Baseline,0.033,157.54451051896345,45.47902803215464,112.0654824868088,0.28867415235442545,0.027,0.024070129877985763,1.2279337568681752,2.697430718296627,3.925364475164802,0.6102942219388422,0.4585505148522614,0.46234410752942595,0.9232279693632921,2.3956272581970746,70.4421385095486,72.83776576774568,72.83977611205042,0.0328899058468638,AR6 World GDP level and trajectory (unrebased),SSP Basic Drivers v3.2 / OECD ENV-Growth 2025,MIGRATION 1.0,SSP3-7.0_zeromig,-0.0020103443047361225,2.3956272581970746,72.83776576774568,0.0,0.0,20.697903690049987,0.0,0.0
2034,SA2_AR6_dynamic_v32_split,SSP3-7.0,S0,Baseline,0.033,160.48742143348534,45.81145428799752,114.67596714548782,0.28545199292758444,0.027,0.024070129877985763,1.236909265775933,2.76026542307552,3.997174688851453,0.6035105064147404,0.4534535040427769,0.45720492910207605,0.9129658438459339,2.4123369206969225,70.961050734873,73.37338765556991,73.37564013827166,0.03287754590289518,AR6 World GDP level and trajectory (unrebased),SSP Basic Drivers v3.2 / OECD ENV-Growth 2025,MIGRATION 1.0,SSP3-7.0_zeromig,-0.002252482701749159,2.4123369206969225,73.37338765556991,0.0,0.0,23.11024061074691,0.0,0.0
2035,SA2_AR6_dynamic_v32_split,SSP3-7.0,S0,Baseline,0.033,163.48530554016915,46.1475056546803,117.33779988548885,0.2822731101257393,0.027,0.024070129877985763,1.2459826526763682,2.8243360828408197,4.070318735517188,0.5968024762618647,0.4484133601749985,0.4521230880771702,0.9028182120417322,2.4291763005317195,71.48380989532703,73.91298619585875,73.91548119606098,0.03286535188951442,AR6 World GDP level and trajectory (unrebased),SSP Basic Drivers v3.2 / OECD ENV-Growth 2025,MIGRATION 1.0,SSP3-7.0_zeromig,-0.0024950002022308126,2.4291763005317195,73.91298619585875,0.0,0.0,25.53941691127863,0.0,0.0
2025,SA2_AR6_dynamic_v32_split,SSP3-7.0,S1,"NATO→3.5%, nonNATO holds",0.033,131.57368822870808,41.75831570410389,89.81537252460419,0.317375884694495,0.027,0.024070129877985763,1.127474524010805,2.1618676817068967,3.289342205717702,0.6610439048545443,0.49668178398938956,0.5007908370110185,1.0,2.1743996160704895,63.71649784061101,65.8908974566815,65.8908974566815,0.033,AR6 World GDP level and trajectory (unrebased),SSP Basic Drivers v3.2 / OECD ENV-Growth 2025,MIGRATION 1.0,SSP3-7.0_zeromig,0.0,2.1743996160704895,65.8908974566815,0.0,0.0,2.1743996160704895,0.0,0.0
2026,SA2_AR6_dynamic_v32_split,SSP3-7.0,S1,"NATO→3.5%, nonNATO holds",0.033,134.8941946705815,42.289728200521836,92.60446647005966,0.3135029517303951,0.02740877593256891,0.024070129877985763,1.1591096844973436,2.229001535215914,3.3881112197132577,0.6553251689882162,0.4923849560307732,0.4964584613547093,0.9913489318571261,2.220314557609462,64.75161711773495,66.97193167534441,66.96936433183951,0.03315291200458037,AR6 World GDP level and trajectory (unrebased),SSP Basic Drivers v3.2 / OECD ENV-Growth 2025,MIGRATION 1.0,SSP3-7.0_zeromig,0.0025673435048929605,2.2089859362861253,66.96911492412183,0.011328621323336563,0.00281675122258207,4.394714173679951,0.011328621323336563,0.00281675122258207
2027,SA2_AR6_dynamic_v32_split,SSP3-7.0,S1,"NATO→3.5%, nonNATO holds",0.033,138.29850026089372,42.829721690573244,95.46877857032047,0.3096904276602925,0.028005016140972137,0.024070129877985763,1.1994470472578482,2.2979458994802777,3.4973929467381257,0.6496442600139989,0.4881165496764079,0.49215474243484764,0.9827550866790704,2.2720612528618687,65.79865139474481,68.07071264760668,68.06426277502585,0.033377956017943244,AR6 World GDP level and trajectory (unrebased),SSP Basic Drivers v3.2 / OECD ENV-Growth 2025,MIGRATION 1.0,SSP3-7.0_zeromig,0.006449872580830629,2.2440976004855733,68.06375975812695,0.02796365237629539,0.006952889479734381,6.66677542654182,0.03929227369963195,0.009769640702316451
2028,SA2_AR6_dynamic_v32_split,SSP3-7.0,S1,"NATO→3.5%, nonNATO holds",0.033,141.78871982682614,43.37847042426535,98.4102494025608,0.30593738681924565,0.028820930945768986,0.024070129877985763,1.250207900630834,2.3687474844446093,3.6189553850754432,0.6436538653828238,0.4836156082557813,0.4876165646839574,0.9736930643426066,2.3293546222517945,66.82105467305529,69.15040929530709,69.13852847289309,0.033685333839518966,AR6 World GDP level and trajectory (unrebased),SSP Basic Drivers v3.2 / OECD ENV-Growth 2025,MIGRATION 1.0,SSP3-7.0_zeromig,0.011880822413999681,2.278512918878881,69.13776800153914,0.05084170337291338,0.012641293767941875,8.996130048793614,0.09013397707254533,0.022410934470258326
2029,SA2_AR6_dynamic_v32_split,SSP3-7.0,S1,"NATO→3.5%, nonNATO holds",0.033,145.36702156715262,43.936152928235394,101.43086863891722,0.3022429190236865,0.029845109579542582,0.024070129877985763,1.311279298646726,2.4414541817756503,3.7527334804223766,0.6372354275564843,0.4787930524064649,0.48275411178521543,0.9639835158856827,2.3913747239024867,67.80393725741406,70.19531198131655,70.17652737951302,0.03406744206135851,AR6 World GDP level and trajectory (unrebased),SSP Basic Drivers v3.2 / OECD ENV-Growth 2025,MIGRATION 1.0,SSP3-7.0_zeromig,0.018784601803531586,2.3117182756864745,70.1755061822263,0.07965644821601225,0.01980579909024982,11.3875047726961,0.1697904252885576,0.042216733560508146
2030,SA2_AR6_dynamic_v32_split,SSP3-7.0,S1,"NATO→3.5%, nonNATO holds",0.033,149.0356283991709,44.502952124553694,104.53267627461719,0.29860612930324837,0.030999999999995285,0.024070129877985763,1.3795915158609546,2.5161150944234767,3.8957066102844315,0.6306305973322774,0.47383044881143144,0.4777504525244526,0.953992000684192,2.456751786674973,68.77171428168413,71.2284660683591,71.20183890997005,0.03449115111249467,AR6 World GDP level and trajectory (unrebased),SSP Basic Drivers v3.2 / OECD ENV-Growth 2025,MIGRATION 1.0,SSP3-7.0_zeromig,0.026627158389047167,2.3444920935496767,71.20055379034815,0.11225969312529616,0.027912278010944647,13.844256559371074,0.28205011841385375,0.07012901157145279
2031,SA2_AR6_dynamic_v32_split,SSP3-7.0,S1,"NATO→3.5%, nonNATO holds",0.033,151.81959450515436,44.82483068419079,106.99476382096356,0.29525062842049,0.03215489042044799,0.024070129877985763,1.4413375187652895,2.575377861435005,4.016715380200295,0.6237120856202252,0.46863215757168436,0.47250915577289787,0.9435259610440949,2.5052739271275617,69.26518213963409,71.77045606676165,71.73614842941417,0.03490675780013337,AR6 World GDP level and trajectory (unrebased),SSP Basic Drivers v3.2 / OECD ENV-Growth 2025,MIGRATION 1.0,SSP3-7.0_zeromig,0.034307637347481545,2.361154590323255,71.73462219902476,0.14411933680430655,0.03583386773689767,16.349530486498637,0.4261694552181603,0.10596287930835047
2032,SA2_AR6_dynamic_v32_split,SSP3-7.0,S1,"NATO→3.5%, nonNATO holds",0.033,154.65556473500078,45.15017158102272,109.50539315397806,0.29194016819496044,0.033179069054221584,0.024070129877985763,1.4980406606967056,2.635809035556145,4.133849696252851,0.617120501606805,0.46367950664629404,0.46751553152030684,0.9335544841648541,2.5510833981186978,69.7938345687207,72.34491796683939,72.30387854965711,0.035262786520651436,AR6 World GDP level and trajectory (unrebased),SSP Basic Drivers v3.2 / OECD ENV-Growth 2025,MIGRATION 1.0,SSP3-7.0_zeromig,0.041039417182275884,2.3789154005724367,72.30211007312161,0.1721679975462611,0.04280789371777871,18.900613884617332,0.5983374527644214,0.14877077302612918
2033,SA2_AR6_dynamic_v32_split,SSP3-7.0,S1,"NATO→3.5%, nonNATO holds",0.033,157.54451051896345,45.47902803215464,112.0654824868088,0.28867415235442545,0.03399498385901843,0.024070129877985763,1.5460588238769437,2.697430718296627,4.24348954217357,0.6102942219388422,0.4585505148522614,0.46234410752942595,0.9232279693632921,2.5897771484464327,70.29626209628432,72.88603924473075,72.83977611205042,0.035531868315010116,AR6 World GDP level and trajectory (unrebased),SSP Basic Drivers v3.2 / OECD ENV-Growth 2025,MIGRATION 1.0,SSP3-7.0_zeromig,0.04626313268033755,2.3956272581970746,72.83776576774568,0.19414989024935814,0.04827347698507367,21.490391033063766,0.7924873430137795,0.19704425001120285
2034,SA2_AR6_dynamic_v32_split,SSP3-7.0,S1,"NATO→3.5%, nonNATO holds",0.033,160.48742143348534,45.81145428799752,114.67596714548782,0.28545199292758444,0.034591224067421655,0.024070129877985763,1.5846742801305669,2.76026542307552,4.344939703206087,0.6035105064147404,0.4534535040427769,0.45720492910207605,0.9129658438459339,2.6222167606234175,70.8033554705304,73.42557223115382,73.37564013827166,0.03571258188316623,AR6 World GDP level and trajectory (unrebased),SSP Basic Drivers v3.2 / OECD ENV-Growth 2025,MIGRATION 1.0,SSP3-7.0_zeromig,0.04993209288215894,2.4123369206969225,73.37338765556991,0.20987983992649495,0.0521845755839081,24.112607793687182,1.0023671829402745,0.24922882559511095
2035,SA2_AR6_dynamic_v32_split,SSP3-7.0,S1,"NATO→3.5%, nonNATO holds",0.033,163.48530554016915,46.1475056546803,117.33779988548885,0.2822731101257393,0.03499999999999057,0.024070129877985763,1.6151626979133755,2.8243360828408197,4.439498780754195,0.5968024762618647,0.4484133601749985,0.4521230880771702,0.9028182120417322,2.6495038657156327,71.31826463073274,73.96776849644837,73.91548119606098,0.03581970795621408,AR6 World GDP level and trajectory (unrebased),SSP Basic Drivers v3.2 / OECD ENV-Growth 2025,MIGRATION 1.0,SSP3-7.0_zeromig,0.052287300387391156,2.4291763005317195,73.91298619585875,0.22032756518391317,0.05478230058962197,26.762111659402816,1.2226947481241877,0.3040111261847329
2025,SA2_AR6_dynamic_v32_split,SSP3-7.0,S2,"NATO→3.5%, nonNATO→3.5%",0.033,131.57368822870808,41.75831570410389,89.81537252460419,0.317375884694495,0.027,0.024070129877985763,1.127474524010805,2.1618676817068967,3.289342205717702,0.6610439048545443,0.49668178398938956,0.5007908370110185,1.0,2.1743996160704895,63.71649784061101,65.8908974566815,65.8908974566815,0.033,AR6 World GDP level and trajectory (unrebased),SSP Basic Drivers v3.2 / OECD ENV-Growth 2025,MIGRATION 1.0,SSP3-7.0_zeromig,0.0,2.1743996160704895,65.8908974566815,0.0,0.0,2.1743996160704895,0.0,0.0
2026,SA2_AR6_dynamic_v32_split,SSP3-7.0,S2,"NATO→3.5%, nonNATO→3.5%",0.033,134.8941946705815,42.289728200521836,92.60446647005966,0.3135029517303951,0.02740877593256891,0.024628613359483693,1.1591096844973436,2.2807196000523713,3.439829284549715,0.6553251689882162,0.4923849560307732,0.4964584613547093,0.9913489318571261,2.254206707188157,64.72615192065446,66.98035862784262,66.96936433183951,0.03365474227620992,AR6 World GDP level and trajectory (unrebased),SSP Basic Drivers v3.2 / OECD ENV-Growth 2025,MIGRATION 1.0,SSP3-7.0_zeromig,0.010994296003104864,2.2089859362861253,66.96911492412183,0.04522077090203158,0.011243703720793974,4.428606323258647,0.04522077090203158,0.011243703720793974
2027,SA2_AR6_dynamic_v32_split,SSP3-7.0,S2,"NATO→3.5%, nonNATO→3.5%",0.033,138.29850026089372,42.829721690573244,95.46877857032047,0.3096904276602925,0.028005016140972137,0.02544321686440494,1.1994470472578482,2.429032836944519,3.628479884202367,0.6496442600139989,0.4881165496764079,0.49215474243484764,0.9827550866790704,2.357221129348327,65.73466569112213,68.09188682047046,68.06426277502585,0.03461823778746686,AR6 World GDP level and trajectory (unrebased),SSP Basic Drivers v3.2 / OECD ENV-Growth 2025,MIGRATION 1.0,SSP3-7.0_zeromig,0.027624045444611056,2.2440976004855733,68.06375975812695,0.1131235288627539,0.028127062343514808,6.7858274526069735,0.15834429976478548,0.03937076606430878
2028,SA2_AR6_dynamic_v32_split,SSP3-7.0,S2,"NATO→3.5%, nonNATO→3.5%",0.033,141.78871982682614,43.37847042426535,98.4102494025608,0.30593738681924565,0.028820930945768986,0.02655794722028721,1.250207900630834,2.6135742095685104,3.8637821101993444,0.6436538653828238,0.4836156082557813,0.4876165646839574,0.9736930643426066,2.4869382902268113,66.70265264746722,69.18959093769404,69.13852847289309,0.03594382126736847,AR6 World GDP level and trajectory (unrebased),SSP Basic Drivers v3.2 / OECD ENV-Growth 2025,MIGRATION 1.0,SSP3-7.0_zeromig,0.05106246480094967,2.278512918878881,69.13776800153914,0.20842537134793027,0.05182293615489186,9.272765742833785,0.36676967111271574,0.09119370221920065
2029,SA2_AR6_dynamic_v32_split,SSP3-7.0,S2,"NATO→3.5%, nonNATO→3.5%",0.033,145.36702156715262,43.936152928235394,101.43086863891722,0.3022429190236865,0.029845109579542582,0.02795721465139813,1.311279298646726,2.835724566815976,4.147003865462702,0.6372354275564843,0.4787930524064649,0.48275411178521543,0.9639835158856827,2.642617781286518,67.61516333628713,70.25778111757364,70.17652737951302,0.037613168808508214,AR6 World GDP level and trajectory (unrebased),SSP Basic Drivers v3.2 / OECD ENV-Growth 2025,MIGRATION 1.0,SSP3-7.0_zeromig,0.08125373806062441,2.3117182756864745,70.1755061822263,0.33089950560004366,0.08227493534734265,11.915383524120303,0.6976691767127594,0.1734686375665433
2030,SA2_AR6_dynamic_v32_split,SSP3-7.0,S2,"NATO→3.5%, nonNATO→3.5%",0.033,149.0356283991709,44.502952124553694,104.53267627461719,0.29860612930324837,0.030999999999995285,0.02953506493898644,1.3795915158609546,3.087379382016866,4.466970897877821,0.6306305973322774,0.47383044881143144,0.4777504525244526,0.953992000684192,2.81700852559459,68.5010318679038,71.31804039349839,71.20183890997005,0.039499241847528364,AR6 World GDP level and trajectory (unrebased),SSP Basic Drivers v3.2 / OECD ENV-Growth 2025,MIGRATION 1.0,SSP3-7.0_zeromig,0.11620148352834292,2.3444920935496767,71.20055379034815,0.47251643204491334,0.1174866031502404,14.732392049714893,1.1701856087576727,0.2909552407167837
2031,SA2_AR6_dynamic_v32_split,SSP3-7.0,S2,"NATO→3.5%, nonNATO→3.5%",0.033,151.81959450515436,44.82483068419079,106.99476382096356,0.29525062842049,0.03215489042044799,0.03111291522657475,1.4413375187652895,3.328919016449026,4.770256535214315,0.6237120856202252,0.46863215757168436,0.47250915577289787,0.9435259610440949,2.9752666525220297,68.91204852234081,71.88731517486283,71.73614842941417,0.0413879228245598,AR6 World GDP level and trajectory (unrebased),SSP Basic Drivers v3.2 / OECD ENV-Growth 2025,MIGRATION 1.0,SSP3-7.0_zeromig,0.1511667454486627,2.361154590323255,71.73462219902476,0.6141120621987746,0.15269297583807884,17.707658702236923,1.7842976709564473,0.44364821655486253
2032,SA2_AR6_dynamic_v32_split,SSP3-7.0,S2,"NATO→3.5%, nonNATO→3.5%",0.033,154.65556473500078,45.15017158102272,109.50539315397806,0.29194016819496044,0.033179069054221584,0.03251218265768567,1.4980406606967056,3.560259344223817,5.058300004920523,0.617120501606805,0.46367950664629404,0.46751553152030684,0.9335544841648541,3.121580636314257,69.36518590567866,72.48676654199292,72.30387854965711,0.04306414515683863,AR6 World GDP level and trajectory (unrebased),SSP Basic Drivers v3.2 / OECD ENV-Growth 2025,MIGRATION 1.0,SSP3-7.0_zeromig,0.18288799233580733,2.3789154005724367,72.30211007312161,0.7426652357418204,0.18465646887131015,20.82923933855118,2.5269629066982677,0.6283046854261727
2033,SA2_AR6_dynamic_v32_split,SSP3-7.0,S2,"NATO→3.5%, nonNATO→3.5%",0.033,157.54451051896345,45.47902803215464,112.0654824868088,0.28867415235442545,0.03399498385901843,0.03362691301356794,1.5460588238769437,3.768416231407441,5.314475055284385,0.6102942219388422,0.4585505148522614,0.46234410752942595,0.9232279693632921,3.2433934188781692,69.80516113784805,73.04855455672622,72.83977611205042,0.04440051467903442,AR6 World GDP level and trajectory (unrebased),SSP Basic Drivers v3.2 / OECD ENV-Growth 2025,MIGRATION 1.0,SSP3-7.0_zeromig,0.20877844467580076,2.3956272581970746,72.83776576774568,0.8477661606810947,0.21078878898053688,24.07263275742935,3.3747290673793624,0.8390934744067096
2034,SA2_AR6_dynamic_v32_split,SSP3-7.0,S2,"NATO→3.5%, nonNATO→3.5%",0.033,160.48742143348534,45.81145428799752,114.67596714548782,0.28545199292758444,0.034591224067421655,0.03444151651848919,1.5846742801305669,3.949614216715042,5.534288496845608,0.6035105064147404,0.4534535040427769,0.45720492910207605,0.9129658438459339,3.340001253376565,70.2640410925255,73.60404234590207,73.37564013827166,0.04537795951043334,AR6 World GDP level and trajectory (unrebased),SSP Basic Drivers v3.2 / OECD ENV-Growth 2025,MIGRATION 1.0,SSP3-7.0_zeromig,0.22840220763040975,2.4123369206969225,73.37338765556991,0.9276643326796425,0.2306546903321589,27.412634010805913,4.302393400059005,1.0697481647388685
2035,SA2_AR6_dynamic_v32_split,SSP3-7.0,S2,"NATO→3.5%, nonNATO→3.5%",0.033,163.48530554016915,46.1475056546803,117.33779988548885,0.2822731101257393,0.03499999999999057,0.03499999999998712,1.6151626979133755,4.106822995990598,5.7219856939039735,0.5968024762618647,0.4484133601749985,0.4521230880771702,0.9028182120417322,3.4148952312568555,70.7431803646268,74.15807559588364,73.91548119606098,0.04604886526271198,AR6 World GDP level and trajectory (unrebased),SSP Basic Drivers v3.2 / OECD ENV-Growth 2025,MIGRATION 1.0,SSP3-7.0_zeromig,0.2425943998226643,2.4291763005317195,73.91298619585875,0.9857189307251359,0.2450894000248951,30.82752924206277,5.288112330784141,1.3148375647637636
2025,SA2_AR6_dynamic_v32_split,SSP3-7.0,S3,"NATO→5%, nonNATO→3.5%",0.033,131.57368822870808,41.75831570410389,89.81537252460419,0.317375884694495,0.027,0.024070129877985763,1.127474524010805,2.1618676817068967,3.289342205717702,0.6610439048545443,0.49668178398938956,0.5007908370110185,1.0,2.1743996160704895,63.71649784061101,65.8908974566815,65.8908974566815,0.033,AR6 World GDP level and trajectory (unrebased),SSP Basic Drivers v3.2 / OECD ENV-Growth 2025,MIGRATION 1.0,SSP3-7.0_zeromig,0.0,2.1743996160704895,65.8908974566815,0.0,0.0,2.1743996160704895,0.0,0.0
2026,SA2_AR6_dynamic_v32_split,SSP3-7.0,S3,"NATO→5%, nonNATO→3.5%",0.033,134.8941946705815,42.289728200521836,92.60446647005966,0.3135029517303951,0.02817523080613562,0.024628613359483693,1.1915228527784452,2.2807196000523713,3.4722424528308165,0.6553251689882162,0.4923849560307732,0.4964584613547093,0.9913489318571261,2.2754478721694134,64.71019216421554,66.98564003638495,66.96936433183951,0.033969189081920335,AR6 World GDP level and trajectory (unrebased),SSP Basic Drivers v3.2 / OECD ENV-Growth 2025,MIGRATION 1.0,SSP3-7.0_zeromig,0.016275704545435588,2.2089859362861253,66.96911492412183,0.06646193588328808,0.016525112263124697,4.449847488239903,0.06646193588328808,0.016525112263124697
2027,SA2_AR6_dynamic_v32_split,SSP3-7.0,S3,"NATO→5%, nonNATO→3.5%",0.033,138.29850026089372,42.829721690573244,95.46877857032047,0.3096904276602925,0.029889421405294894,0.02544321686440494,1.280155600281043,2.429032836944519,3.7091884372255617,0.6496442600139989,0.4881165496764079,0.49215474243484764,0.9827550866790704,2.409652977553881,65.69527051069107,68.10492348824495,68.06426277502585,0.03538147984219954,AR6 World GDP level and trajectory (unrebased),SSP Basic Drivers v3.2 / OECD ENV-Growth 2025,MIGRATION 1.0,SSP3-7.0_zeromig,0.04066071321909703,2.2440976004855733,68.06375975812695,0.16555537706830759,0.041163730118000785,6.859500465793784,0.23201731295159567,0.05768884238112548
2028,SA2_AR6_dynamic_v32_split,SSP3-7.0,S3,"NATO→5%, nonNATO→3.5%",0.033,141.78871982682614,43.37847042426535,98.4102494025608,0.30593738681924565,0.03223517646908584,0.02655794722028721,1.3983126490852145,2.6135742095685104,4.011886858653725,0.6436538653828238,0.4836156082557813,0.4876165646839574,0.9736930643426066,2.5822664840510243,66.63102687945789,69.21329336350891,69.13852847289309,0.03730882260563639,AR6 World GDP level and trajectory (unrebased),SSP Basic Drivers v3.2 / OECD ENV-Growth 2025,MIGRATION 1.0,SSP3-7.0_zeromig,0.0747648906158247,2.278512918878881,69.13776800153914,0.30375356517214325,0.07552536196976689,9.441766949844808,0.5357708781237389,0.13321420435089237
2029,SA2_AR6_dynamic_v32_split,SSP3-7.0,S3,"NATO→5%, nonNATO→3.5%",0.033,145.36702156715262,43.936152928235394,101.43086863891722,0.3022429190236865,0.03517969004118492,0.02795721465139813,1.5456602416174205,2.835724566815976,4.381384808433396,0.6372354275564843,0.4787930524064649,0.48275411178521543,0.9639835158856827,2.7919736216915405,67.50294336917628,70.29491699086782,70.17652737951302,0.0397180015456061,AR6 World GDP level and trajectory (unrebased),SSP Basic Drivers v3.2 / OECD ENV-Growth 2025,MIGRATION 1.0,SSP3-7.0_zeromig,0.1183896113548002,2.3117182756864745,70.1755061822263,0.48025534600506603,0.11941080864151843,12.233740571536348,1.016026224128805,0.2526250129924108
2030,SA2_AR6_dynamic_v32_split,SSP3-7.0,S3,"NATO→5%, nonNATO→3.5%",0.033,149.0356283991709,44.502952124553694,104.53267627461719,0.29860612930324837,0.03849999999998644,0.02953506493898644,1.7133636567947137,3.087379382016866,4.8007430388115795,0.6306305973322774,0.47383044881143144,0.4777504525244526,0.953992000684192,3.027495450204519,68.3428804645644,71.37037591476891,71.20183890997005,0.04241949704482401,AR6 World GDP level and trajectory (unrebased),SSP Basic Drivers v3.2 / OECD ENV-Growth 2025,MIGRATION 1.0,SSP3-7.0_zeromig,0.16853700479886413,2.3444920935496767,71.20055379034815,0.6830033566548424,0.1698221244207616,15.261236021740867,1.6990295807836473,0.4224471374131724
2031,SA2_AR6_dynamic_v32_split,SSP3-7.0,S3,"NATO→5%, nonNATO→3.5%",0.033,151.81959450515436,44.82483068419079,106.99476382096356,0.29525062842049,0.041820309958787966,0.03111291522657475,1.8745883130630485,3.328919016449026,5.203507329512075,0.6237120856202252,0.46863215757168436,0.47250915577289787,0.9435259610440949,3.245490409030104,68.70901326783941,71.9545036768695,71.73614842941417,0.04510475707823414,AR6 World GDP level and trajectory (unrebased),SSP Basic Drivers v3.2 / OECD ENV-Growth 2025,MIGRATION 1.0,SSP3-7.0_zeromig,0.2183552474553352,2.361154590323255,71.73462219902476,0.8843358187068491,0.21988147784475132,18.50672643077097,2.5833653994904964,0.6423286152579237
2032,SA2_AR6_dynamic_v32_split,SSP3-7.0,S3,"NATO→5%, nonNATO→3.5%",0.033,154.65556473500078,45.15017158102272,109.50539315397806,0.29194016819496044,0.04476482353088705,0.03251218265768567,2.021139463213754,3.560259344223817,5.581398807437571,0.617120501606805,0.46367950664629404,0.46751553152030684,0.9335544841648541,3.444395631713497,69.12263571100029,72.56703134271378,72.30387854965711,0.04746502051939511,AR6 World GDP level and trajectory (unrebased),SSP Basic Drivers v3.2 / OECD ENV-Growth 2025,MIGRATION 1.0,SSP3-7.0_zeromig,0.26315279305666195,2.3789154005724367,72.30211007312161,1.0654802311410605,0.2649212695921648,21.95112206248447,3.648845630631557,0.9072498848500885
2033,SA2_AR6_dynamic_v32_split,SSP3-7.0,S3,"NATO→5%, nonNATO→3.5%",0.033,157.54451051896345,45.47902803215464,112.0654824868088,0.28867415235442545,0.04711057859467799,0.03362691301356794,2.1425433245183845,3.768416231407441,5.9109595559258254,0.6102942219388422,0.4585505148522614,0.46234410752942595,0.9232279693632921,3.607424463095716,69.53164286297752,73.13906732607323,72.83977611205042,0.04932281193869847,AR6 World GDP level and trajectory (unrebased),SSP Basic Drivers v3.2 / OECD ENV-Growth 2025,MIGRATION 1.0,SSP3-7.0_zeromig,0.29929121402281567,2.3956272581970746,72.83776576774568,1.2117972048986414,0.3013015583275518,25.558546525580184,4.860642835530198,1.2085514431776403
2034,SA2_AR6_dynamic_v32_split,SSP3-7.0,S3,"NATO→5%, nonNATO→3.5%",0.033,160.48742143348534,45.81145428799752,114.67596714548782,0.28545199292758444,0.04882476919383726,0.03444151651848919,2.2367336820455055,3.949614216715042,6.186347898760547,0.6035105064147404,0.4534535040427769,0.45720492910207605,0.9129658438459339,3.733525953238743,69.96836247188314,73.70188842512188,73.37564013827166,0.05065712742261487,AR6 World GDP level and trajectory (unrebased),SSP Basic Drivers v3.2 / OECD ENV-Growth 2025,MIGRATION 1.0,SSP3-7.0_zeromig,0.3262482868502161,2.4123369206969225,73.37338765556991,1.3211890325418203,0.3285007695519653,29.292072478818927,6.181831868072019,1.5370522127296056
2035,SA2_AR6_dynamic_v32_split,SSP3-7.0,S3,"NATO→5%, nonNATO→3.5%",0.033,163.48530554016915,46.1475056546803,117.33779988548885,0.2822731101257393,0.049999999999972886,0.03499999999998712,2.307375282732764,4.106822995990598,6.414198278723362,0.5968024762618647,0.4484133601749985,0.4521230880771702,0.9028182120417322,3.8280094159766924,70.4327829935125,74.2607924094892,73.91548119606098,0.05154818972127668,AR6 World GDP level and trajectory (unrebased),SSP Basic Drivers v3.2 / OECD ENV-Growth 2025,MIGRATION 1.0,SSP3-7.0_zeromig,0.3453112134282179,2.4291763005317195,73.91298619585875,1.398833115444973,0.3478062136304487,33.12008189479562,7.580664983516991,1.8848584263600543
2025,SA2_AR6_dynamic_v32_split,SSP5-8.5,S0,Baseline,0.033,144.2051385147961,45.7671366793366,98.43800183545949,0.31737521388421736,0.027,0.02407013275714725,1.2357126903420883,2.369415772527814,3.6051284628699025,0.5912714801213955,0.4442575922901239,0.4479329394859057,1.0,2.1316096422688586,62.462621941635945,64.5942315839048,64.5942315839048,0.033,AR6 World GDP level and trajectory (unrebased),SSP Basic Drivers v3.2 / OECD ENV-Growth 2025,MIGRATION 1.0,SSP5-8.5_zeromig,0.0,2.1316096422688586,64.5942315839048,0.0,0.0,2.1316096422688586,0.0,0.0
2026,SA2_AR6_dynamic_v32_split,SSP5-8.5,S0,Baseline,0.033,151.357011624834,47.45292234687236,103.90408927796165,0.31351651197034136,0.027,0.02407013275714725,1.2812289033655537,2.5009852229310168,3.7822141262965703,0.5737796839703209,0.431114960683217,0.4346815787653946,0.9704166415273685,2.1701576260945292,63.62170302141568,65.7918606475102,65.79210477029503,0.03298519915284773,AR6 World GDP level and trajectory (unrebased),SSP Basic Drivers v3.2 / OECD ENV-Growth 2025,MIGRATION 1.0,SSP5-8.5_zeromig,-0.00024412278482088823,2.1701576260945292,65.7918606475102,0.0,0.0,4.301767268363388,0.0,0.0
2027,SA2_AR6_dynamic_v32_split,SSP5-8.5,S0,Baseline,0.033,158.86358283723416,49.2030258641469,109.66055697308727,0.3097187220973011,0.027,0.02407013275714725,1.3284816983319663,2.63954416456492,3.9680258628968863,0.5567314800395258,0.4183056264166444,0.42176627275721645,0.941583517482057,2.2091249114857,64.79368298930518,67.00280790079088,67.00330121011756,0.032970631839141534,AR6 World GDP level and trajectory (unrebased),SSP Basic Drivers v3.2 / OECD ENV-Growth 2025,MIGRATION 1.0,SSP5-8.5_zeromig,-0.000493309326671465,2.2091249114857,67.00280790079088,0.0,0.0,6.510892179849088,0.0,0.0
2028,SA2_AR6_dynamic_v32_split,SSP5-8.5,S0,Baseline,0.033,166.7424434517702,51.020003323278466,115.72244012849174,0.30598090244512854,0.027,0.02407013275714725,1.3775400897285186,2.7854544968738204,4.1629945866023395,0.540186505029089,0.4058743981065494,0.40923220077961286,0.913601489654434,2.2487934961917353,65.98683595264454,68.23562944883628,68.23637709713807,0.03295629445138924,AR6 World GDP level and trajectory (unrebased),SSP Basic Drivers v3.2 / OECD ENV-Growth 2025,MIGRATION 1.0,SSP5-8.5_zeromig,-0.0007476483017967439,2.2487934961917353,68.23562944883628,0.0,0.0,8.759685676040823,0.0,0.0
2029,SA2_AR6_dynamic_v32_split,SSP5-8.5,S0,Baseline,0.033,175.0120572110772,52.90651717625217,122.10554003482503,0.30230212717540417,0.027,0.02407013275714725,1.4284759637588087,2.939096559021397,4.367572522780206,0.5237927016197961,0.39355675405310236,0.39681265274226973,0.885875133893241,2.287702611227432,67.1582894909905,69.44599210221793,69.44699868380943,0.03294218344321657,AR6 World GDP level and trajectory (unrebased),SSP Basic Drivers v3.2 / OECD ENV-Growth 2025,MIGRATION 1.0,SSP5-8.5_zeromig,-0.0010065815914970244,2.287702611227432,69.44599210221793,0.0,0.0,11.047388287268255,0.0,0.0
2030,SA2_AR6_dynamic_v32_split,SSP5-8.5,S0,Baseline,0.033,183.69180356957398,54.86534088378083,128.82646268579316,0.2986814861502537,0.027,0.02407013275714725,1.4813642038620825,3.1008700594807177,4.5822342633428,0.507695686848064,0.3814621050365795,0.38461794458186666,0.8586507279935566,2.3263805716265553,68.32351333975008,70.64989391137664,70.65116392546554,0.03292829532829549,AR6 World GDP level and trajectory (unrebased),SSP Basic Drivers v3.2 / OECD ENV-Growth 2025,MIGRATION 1.0,SSP5-8.5_zeromig,-0.0012700140889023714,2.3263805716265553,70.64989391137664,0.0,0.0,13.37376885889481,0.0,0.0
2031,SA2_AR6_dynamic_v32_split,SSP5-8.5,S0,Baseline,0.033,192.3472811262712,56.747150529398425,135.6001305968728,0.2950244484721639,0.027,0.02407013275714725,1.5321730642937574,3.2639131453532326,4.79608620964699,0.49546145895237304,0.37226979860679466,0.3753495901154341,0.8379593395078831,2.3762758706930547,69.81964556007539,72.19592143076844,72.19747313056408,0.032914267504318244,AR6 World GDP level and trajectory (unrebased),SSP Basic Drivers v3.2 / OECD ENV-Growth 2025,MIGRATION 1.0,SSP5-8.5_zeromig,-0.0015516997956410705,2.3762758706930547,72.19592143076844,0.0,0.0,15.750044729587865,0.0,0.0
2032,SA2_AR6_dynamic_v32_split,SSP5-8.5,S0,Baseline,0.033,201.41060100515517,58.69511096673633,142.71549003841884,0.2914201669316999,0.027,0.02407013275714725,1.5847679961018808,3.4351807917260673,5.019948787827948,0.48322789560555174,0.3630779914922832,0.36608173909511493,0.8172690749540954,2.4257792887897396,71.30512355492668,73.73090284371642,73.73274308815951,0.03290044194808706,AR6 World GDP level and trajectory (unrebased),SSP Basic Drivers v3.2 / OECD ENV-Growth 2025,MIGRATION 1.0,SSP5-8.5_zeromig,-0.001840244443087613,2.4257792887897396,73.73090284371642,0.0,0.0,18.175824018377604,0.0,0.0
2033,SA2_AR6_dynamic_v32_split,SSP5-8.5,S0,Baseline,0.033,210.9009805583224,60.71161589235351,150.1893646659689,0.2878678692324257,0.027,0.02407013275714725,1.6392136290935446,3.6150779462214713,5.2542915753150155,0.47064988225491444,0.3536273785085488,0.3565529411022079,0.7959962522770151,2.472931711255001,72.72229952402377,75.19523123527877,75.19736489940942,0.03288681570134989,AR6 World GDP level and trajectory (unrebased),SSP Basic Drivers v3.2 / OECD ENV-Growth 2025,MIGRATION 1.0,SSP5-8.5_zeromig,-0.002133664130653301,2.472931711255001,75.19523123527877,0.0,0.0,20.648755729632605,0.0,0.0
2034,SA2_AR6_dynamic_v32_split,SSP5-8.5,S0,Baseline,0.033,220.8385426511057,62.79914855117536,158.03939409993035,0.28436679484155675,0.027,0.02407013275714725,1.6955770108817345,3.804029196844437,5.499606207726171,0.45803712695549664,0.34415066182281684,0.3469978234511338,0.7746646715675443,2.51902382677351,74.10903749321056,76.62806131998407,76.63049363405406,0.03287338585083799,AR6 World GDP level and trajectory (unrebased),SSP Basic Drivers v3.2 / OECD ENV-Growth 2025,MIGRATION 1.0,SSP5-8.5_zeromig,-0.002432314069992003,2.51902382677351,76.62806131998407,0.0,0.0,23.167779556406117,0.0,0.0
2035,SA2_AR6_dynamic_v32_split,SSP5-8.5,S0,Baseline,0.033,231.244358329465,64.96028521218528,166.28407311727972,0.28091619480564034,0.027,0.02407013275714725,1.7539277007290026,4.002479715332103,5.756407416061106,0.4454577955111513,0.3346990584765216,0.3374680269023873,0.7533896196374855,2.564236557622623,75.4706048685164,78.03484142613902,78.03757733775319,0.032860149527563345,AR6 World GDP level and trajectory (unrebased),SSP Basic Drivers v3.2 / OECD ENV-Growth 2025,MIGRATION 1.0,SSP5-8.5_zeromig,-0.0027359116141667528,2.564236557622623,78.03484142613902,0.0,0.0,25.73201611402874,0.0,0.0
2025,SA2_AR6_dynamic_v32_split,SSP5-8.5,S1,"NATO→3.5%, nonNATO holds",0.033,144.2051385147961,45.7671366793366,98.43800183545949,0.31737521388421736,0.027,0.02407013275714725,1.2357126903420883,2.369415772527814,3.6051284628699025,0.5912714801213955,0.4442575922901239,0.4479329394859057,1.0,2.1316096422688586,62.462621941635945,64.5942315839048,64.5942315839048,0.033,AR6 World GDP level and trajectory (unrebased),SSP Basic Drivers v3.2 / OECD ENV-Growth 2025,MIGRATION 1.0,SSP5-8.5_zeromig,0.0,2.1316096422688586,64.5942315839048,0.0,0.0,2.1316096422688586,0.0,0.0
2026,SA2_AR6_dynamic_v32_split,SSP5-8.5,S1,"NATO→3.5%, nonNATO holds",0.033,151.357011624834,47.45292234687236,103.90408927796165,0.31351651197034136,0.02740877593256891,0.02407013275714725,1.3006265159510166,2.5009852229310168,3.801611738882033,0.5737796839703209,0.431114960683217,0.4346815787653946,0.9704166415273685,2.181287582113595,63.61334042042854,65.79462800254214,65.79210477029503,0.033152973857216966,AR6 World GDP level and trajectory (unrebased),SSP Basic Drivers v3.2 / OECD ENV-Growth 2025,MIGRATION 1.0,SSP5-8.5_zeromig,0.002523232247114038,2.1701576260945292,65.7918606475102,0.011129956019065634,0.002767355031934926,4.3128972243824535,0.011129956019065634,0.002767355031934926
2027,SA2_AR6_dynamic_v32_split,SSP5-8.5,S1,"NATO→3.5%, nonNATO holds",0.033,158.86358283723416,49.2030258641469,109.66055697308727,0.3097187220973011,0.028005016140972137,0.02407013275714725,1.3779315335101034,2.63954416456492,4.017475698075023,0.5567314800395258,0.4183056264166444,0.42176627275721645,0.941583517482057,2.2366551914121344,64.77299784502479,67.00965303643693,67.00330121011756,0.03337810434857704,AR6 World GDP level and trajectory (unrebased),SSP Basic Drivers v3.2 / OECD ENV-Growth 2025,MIGRATION 1.0,SSP5-8.5_zeromig,0.006351826319374254,2.2091249114857,67.00280790079088,0.02753027992643453,0.006845135646045719,6.549552415794588,0.038660235945500165,0.009612490677980645
2028,SA2_AR6_dynamic_v32_split,SSP5-8.5,S1,"NATO→3.5%, nonNATO holds",0.033,166.7424434517702,51.020003323278466,115.72244012849174,0.30598090244512854,0.028820930945768986,0.02407013275714725,1.4704439926331128,2.7854544968738204,4.255898489506933,0.540186505029089,0.4058743981065494,0.40923220077961286,0.913601489654434,2.2989789308053292,65.94912863697138,68.24810756777671,68.23637709713807,0.03368560701147984,AR6 World GDP level and trajectory (unrebased),SSP Basic Drivers v3.2 / OECD ENV-Growth 2025,MIGRATION 1.0,SSP5-8.5_zeromig,0.01173047063863919,2.2487934961917353,68.23562944883628,0.05018543461359393,0.012478118940435934,8.848531346599916,0.08884567055909409,0.02209060961841658
2029,SA2_AR6_dynamic_v32_split,SSP5-8.5,S1,"NATO→3.5%, nonNATO holds",0.033,175.0120572110772,52.90651717625217,122.10554003482503,0.30230212717540417,0.029845109579542582,0.02407013275714725,1.579000802597198,2.939096559021397,4.518097361618595,0.5237927016197961,0.39355675405310236,0.39681265274226973,0.885875133893241,2.3665464232234763,67.09904942401289,69.46559584723637,69.44699868380943,0.03406789208902506,AR6 World GDP level and trajectory (unrebased),SSP Basic Drivers v3.2 / OECD ENV-Growth 2025,MIGRATION 1.0,SSP5-8.5_zeromig,0.018597163426946395,2.287702611227432,69.44599210221793,0.07884381199604418,0.01960374501844342,11.215077769823393,0.16768948255513827,0.04169435463686
2030,SA2_AR6_dynamic_v32_split,SSP5-8.5,S1,"NATO→3.5%, nonNATO holds",0.033,183.69180356957398,54.86534088378083,128.82646268579316,0.2986814861502537,0.030999999999995285,0.02407013275714725,1.700825567396947,3.1008700594807177,4.801695626877665,0.507695686848064,0.3814621050365795,0.38461794458186666,0.8586507279935566,2.437800159323001,68.23979714604187,70.67759730536487,70.65116392546554,0.03449183690824132,AR6 World GDP level and trajectory (unrebased),SSP Basic Drivers v3.2 / OECD ENV-Growth 2025,MIGRATION 1.0,SSP5-8.5_zeromig,0.02643337989933059,2.3263805716265553,70.64989391137664,0.11141958769644589,0.02770339398823296,13.652877929146396,0.27910907025158416,0.06939774862509296
2031,SA2_AR6_dynamic_v32_split,SSP5-8.5,S1,"NATO→3.5%, nonNATO holds",0.033,192.3472811262712,56.747150529398425,135.6001305968728,0.2950244484721639,0.03215489042044799,0.02407013275714725,1.8246984069454733,3.2639131453532326,5.088611552298706,0.49546145895237304,0.37226979860679466,0.3753495901154341,0.8379593395078831,2.521210903743816,69.71074720967904,72.23195811342286,72.19747313056408,0.03490436878071148,AR6 World GDP level and trajectory (unrebased),SSP Basic Drivers v3.2 / OECD ENV-Growth 2025,MIGRATION 1.0,SSP5-8.5_zeromig,0.03448498285878543,2.3762758706930547,72.19592143076844,0.1449350330507615,0.0360366826544265,16.17408883289021,0.42404410330234565,0.10543443127951946
2032,SA2_AR6_dynamic_v32_split,SSP5-8.5,S1,"NATO→3.5%, nonNATO holds",0.033,201.41060100515517,58.69511096673633,142.71549003841884,0.2914201669316999,0.033179069054221584,0.02407013275714725,1.9474491399105434,3.4351807917260673,5.382629931636611,0.48322789560555174,0.3630779914922832,0.36608173909511493,0.8172690749540954,2.6010369346882145,71.17344201368051,73.77447894836872,73.73274308815951,0.03525659512293618,AR6 World GDP level and trajectory (unrebased),SSP Basic Drivers v3.2 / OECD ENV-Growth 2025,MIGRATION 1.0,SSP5-8.5_zeromig,0.04173586020921505,2.4257792887897396,73.73090284371642,0.17525764589847492,0.04357610465230266,18.775125767578427,0.5993017492008206,0.14901053593182212
2033,SA2_AR6_dynamic_v32_split,SSP5-8.5,S1,"NATO→3.5%, nonNATO holds",0.033,210.9009805583224,60.71161589235351,150.1893646659689,0.2878678692324257,0.03399498385901843,0.02407013275714725,2.0638904023154843,3.6150779462214713,5.678968348536955,0.47064988225491444,0.3536273785085488,0.3565529411022079,0.7959962522770151,2.672805784568304,72.57212218999582,75.24492797456412,75.19736489940942,0.03552140797412714,AR6 World GDP level and trajectory (unrebased),SSP Basic Drivers v3.2 / OECD ENV-Growth 2025,MIGRATION 1.0,SSP5-8.5_zeromig,0.04756307515469871,2.472931711255001,75.19523123527877,0.19987407331330287,0.04969673928535201,21.44793155214673,0.7991758225141234,0.19870727521717413
2034,SA2_AR6_dynamic_v32_split,SSP5-8.5,S1,"NATO→3.5%, nonNATO holds",0.033,220.8385426511057,62.79914855117536,158.03939409993035,0.28436679484155675,0.034591224067421655,0.02407013275714725,2.172299418777005,3.804029196844437,5.976328615621442,0.45803712695549664,0.34415066182281684,0.3469978234511338,0.7746646715675443,2.7373803888411663,73.94497316102763,76.6823535498688,76.63049363405406,0.035697657441629865,AR6 World GDP level and trajectory (unrebased),SSP Basic Drivers v3.2 / OECD ENV-Growth 2025,MIGRATION 1.0,SSP5-8.5_zeromig,0.05185991581473104,2.51902382677351,76.62806131998407,0.2183565620676564,0.05429222988472304,24.185311940987894,1.0175323845817799,0.25299950510189717
2035,SA2_AR6_dynamic_v32_split,SSP5-8.5,S1,"NATO→3.5%, nonNATO holds",0.033,231.244358329465,64.96028521218528,166.28407311727972,0.28091619480564034,0.03499999999999057,0.02407013275714725,2.2736099824258726,4.002479715332103,6.276089697757976,0.4454577955111513,0.3346990584765216,0.3374680269023873,0.7533896196374855,2.7957330811935157,75.29666769812553,78.09240077931905,78.03757733775319,0.035800321840456215,AR6 World GDP level and trajectory (unrebased),SSP Basic Drivers v3.2 / OECD ENV-Growth 2025,MIGRATION 1.0,SSP5-8.5_zeromig,0.05482344156585839,2.564236557622623,78.03484142613902,0.2314965235708928,0.05755935318002514,26.981045022181412,1.2490289081526726,0.3105588582819223
2025,SA2_AR6_dynamic_v32_split,SSP5-8.5,S2,"NATO→3.5%, nonNATO→3.5%",0.033,144.2051385147961,45.7671366793366,98.43800183545949,0.31737521388421736,0.027,0.02407013275714725,1.2357126903420883,2.369415772527814,3.6051284628699025,0.5912714801213955,0.4442575922901239,0.4479329394859057,1.0,2.1316096422688586,62.462621941635945,64.5942315839048,64.5942315839048,0.033,AR6 World GDP level and trajectory (unrebased),SSP Basic Drivers v3.2 / OECD ENV-Growth 2025,MIGRATION 1.0,SSP5-8.5_zeromig,0.0,2.1316096422688586,64.5942315839048,0.0,0.0,2.1316096422688586,0.0,0.0
2026,SA2_AR6_dynamic_v32_split,SSP5-8.5,S2,"NATO→3.5%, nonNATO→3.5%",0.033,151.357011624834,47.45292234687236,103.90408927796165,0.31351651197034136,0.02740877593256891,0.02462861609152869,1.3006265159510166,2.55901392516684,3.8596404411178566,0.5737796839703209,0.431114960683217,0.4346815787653946,0.9704166415273685,2.2145832725436736,63.58832337874565,65.80290665128932,65.79210477029503,0.033654794069803935,AR6 World GDP level and trajectory (unrebased),SSP Basic Drivers v3.2 / OECD ENV-Growth 2025,MIGRATION 1.0,SSP5-8.5_zeromig,0.010801880994293356,2.1701576260945292,65.7918606475102,0.044425646449144374,0.011046003779114244,4.346192914812532,0.044425646449144374,0.011046003779114244
2027,SA2_AR6_dynamic_v32_split,SSP5-8.5,S2,"NATO→3.5%, nonNATO→3.5%",0.033,158.86358283723416,49.2030258641469,109.66055697308727,0.3097187220973011,0.028005016140972137,0.025443219381865955,1.3779315335101034,2.79011760860387,4.168049142113974,0.5567314800395258,0.4183056264166444,0.42176627275721645,0.941583517482057,2.320484167766588,64.71001212619437,67.03049629396097,67.00330121011756,0.03461833487835371,AR6 World GDP level and trajectory (unrebased),SSP Basic Drivers v3.2 / OECD ENV-Growth 2025,MIGRATION 1.0,SSP5-8.5_zeromig,0.027195083843409407,2.2091249114857,67.00280790079088,0.11135925628088827,0.02768839317008087,6.66667708257912,0.15578490273003265,0.038734396949195116
2028,SA2_AR6_dynamic_v32_split,SSP5-8.5,S2,"NATO→3.5%, nonNATO→3.5%",0.033,166.7424434517702,51.020003323278466,115.72244012849174,0.30598090244512854,0.028820930945768986,0.026557949444104414,1.4704439926331128,3.0733507144808834,4.543794707113996,0.540186505029089,0.4058743981065494,0.40923220077961286,0.913601489654434,2.4544965824055827,65.83227893293297,68.28677551533855,68.23637709713807,0.035943952015339405,AR6 World GDP level and trajectory (unrebased),SSP Basic Drivers v3.2 / OECD ENV-Growth 2025,MIGRATION 1.0,SSP5-8.5_zeromig,0.05039841820047286,2.2487934961917353,68.23562944883628,0.20570308621384736,0.051146066502269605,9.121173664984703,0.36148798894388,0.08988046345146472
2029,SA2_AR6_dynamic_v32_split,SSP5-8.5,S2,"NATO→3.5%, nonNATO→3.5%",0.033,175.0120572110772,52.90651717625217,122.10554003482503,0.30230212717540417,0.029845109579542582,0.02795721650661838,1.579000802597198,3.4137310194111614,4.992731822008359,0.5237927016197961,0.39355675405310236,0.39681265274226973,0.885875133893241,2.615156489512885,66.91225382642016,69.52741031593304,69.44699868380943,0.03761331649819252,AR6 World GDP level and trajectory (unrebased),SSP Basic Drivers v3.2 / OECD ENV-Growth 2025,MIGRATION 1.0,SSP5-8.5_zeromig,0.08041163212361369,2.287702611227432,69.44599210221793,0.327453878285453,0.08141821371511071,11.736330154497589,0.688941867229333,0.17129867716657543
2030,SA2_AR6_dynamic_v32_split,SSP5-8.5,S2,"NATO→3.5%, nonNATO→3.5%",0.033,183.69180356957398,54.86534088378083,128.82646268579316,0.2986814861502537,0.030999999999995285,0.029535066378567183,1.700825567396947,3.8048981267409094,5.505723694137856,0.507695686848064,0.3814621050365795,0.38461794458186666,0.8586507279935566,2.795232172490979,67.97123711749997,70.76646928999095,70.65116392546554,0.03949938721736299,AR6 World GDP level and trajectory (unrebased),SSP Basic Drivers v3.2 / OECD ENV-Growth 2025,MIGRATION 1.0,SSP5-8.5_zeromig,0.11530536452541185,2.3263805716265553,70.64989391137664,0.4688516008644239,0.11657537861431422,14.531562326988567,1.157793468093757,0.28787405578088965
2031,SA2_AR6_dynamic_v32_split,SSP5-8.5,S2,"NATO→3.5%, nonNATO→3.5%",0.033,192.3472811262712,56.747150529398425,135.6001305968728,0.2950244484721639,0.03215489042044799,0.03111291625051599,1.8246984069454733,4.218915506819534,6.043613913765007,0.49546145895237304,0.37226979860679466,0.3753495901154341,0.8379593395078831,2.9943777670588716,69.35522867290697,72.34960643996584,72.19747313056408,0.041387616524818864,AR6 World GDP level and trajectory (unrebased),SSP Basic Drivers v3.2 / OECD ENV-Growth 2025,MIGRATION 1.0,SSP5-8.5_zeromig,0.15213330940176206,2.3762758706930547,72.19592143076844,0.6181018963658169,0.15368500919740313,17.52594009404744,1.7758953644595739,0.4415590649782928
2032,SA2_AR6_dynamic_v32_split,SSP5-8.5,S2,"NATO→3.5%, nonNATO→3.5%",0.033,201.41060100515517,58.69511096673633,142.71549003841884,0.2914201669316999,0.033179069054221584,0.032512183313029956,1.9474491399105434,4.639992173737974,6.587441313648517,0.48322789560555174,0.3630779914922832,0.36608173909511493,0.8172690749540954,3.1832354034194443,70.73600151697258,73.91923692039202,73.73274308815951,0.043063694053655587,AR6 World GDP level and trajectory (unrebased),SSP Basic Drivers v3.2 / OECD ENV-Growth 2025,MIGRATION 1.0,SSP5-8.5_zeromig,0.18649383223251448,2.4257792887897396,73.73090284371642,0.7574561146297047,0.1883340766756021,20.709175497466884,2.5333514790892786,0.6298931416538949
2033,SA2_AR6_dynamic_v32_split,SSP5-8.5,S2,"NATO→3.5%, nonNATO→3.5%",0.033,210.9009805583224,60.71161589235351,150.1893646659689,0.2878678692324257,0.03399498385901843,0.03362691337526841,2.0638904023154843,5.050404755509134,7.114295157824618,0.47064988225491444,0.3536273785085488,0.3565529411022079,0.7959962522770151,3.348342178356864,72.06455133312438,75.41289351148124,75.19736489940942,0.0444001287107104,AR6 World GDP level and trajectory (unrebased),SSP Basic Drivers v3.2 / OECD ENV-Growth 2025,MIGRATION 1.0,SSP5-8.5_zeromig,0.2155286120718216,2.472931711255001,75.19523123527877,0.875410467101863,0.2176622762024749,24.057517675823746,3.4087619461911416,0.8475554178563698
2034,SA2_AR6_dynamic_v32_split,SSP5-8.5,S2,"NATO→3.5%, nonNATO→3.5%",0.033,220.8385426511057,62.79914855117536,158.03939409993035,0.28436679484155675,0.034591224067421655,0.03444151666560567,2.172299418777005,5.443116425714974,7.615415844491979,0.45803712695549664,0.34415066182281684,0.3469978234511338,0.7746646715675443,3.488143193982473,73.38088020642651,76.86902340040898,76.63049363405406,0.04537774827465695,AR6 World GDP level and trajectory (unrebased),SSP Basic Drivers v3.2 / OECD ENV-Growth 2025,MIGRATION 1.0,SSP5-8.5_zeromig,0.2385297663549153,2.51902382677351,76.62806131998407,0.9691193672089633,0.2409620804249073,27.54566086980622,4.3778813134001044,1.088517498281277
2035,SA2_AR6_dynamic_v32_split,SSP5-8.5,S2,"NATO→3.5%, nonNATO→3.5%",0.033,231.244358329465,64.96028521218528,166.28407311727972,0.28091619480564034,0.03499999999999057,0.03499999999998712,2.2736099824258726,5.819942559102648,8.09355254152852,0.4454577955111513,0.3346990584765216,0.3374680269023873,0.7533896196374855,3.60533607300297,74.68836459549946,78.29370066850244,78.03757733775319,0.046048865262711965,AR6 World GDP level and trajectory (unrebased),SSP Basic Drivers v3.2 / OECD ENV-Growth 2025,MIGRATION 1.0,SSP5-8.5_zeromig,0.2561233307492472,2.564236557622623,78.03484142613902,1.0410995153803473,0.25885924236341395,31.15099694280919,5.418980828780452,1.347376740644691
2025,SA2_AR6_dynamic_v32_split,SSP5-8.5,S3,"NATO→5%, nonNATO→3.5%",0.033,144.2051385147961,45.7671366793366,98.43800183545949,0.31737521388421736,0.027,0.02407013275714725,1.2357126903420883,2.369415772527814,3.6051284628699025,0.5912714801213955,0.4442575922901239,0.4479329394859057,1.0,2.1316096422688586,62.462621941635945,64.5942315839048,64.5942315839048,0.033,AR6 World GDP level and trajectory (unrebased),SSP Basic Drivers v3.2 / OECD ENV-Growth 2025,MIGRATION 1.0,SSP5-8.5_zeromig,0.0,2.1316096422688586,64.5942315839048,0.0,0.0,2.1316096422688586,0.0,0.0
2026,SA2_AR6_dynamic_v32_split,SSP5-8.5,S3,"NATO→5%, nonNATO→3.5%",0.033,151.357011624834,47.45292234687236,103.90408927796165,0.31351651197034136,0.02817523080613562,0.02462861609152869,1.3369970395487596,2.55901392516684,3.8960109647155994,0.5737796839703209,0.431114960683217,0.4346815787653946,0.9704166415273685,2.2354519400794217,63.572643501894774,65.80809544197419,65.79210477029503,0.033969254467340046,AR6 World GDP level and trajectory (unrebased),SSP Basic Drivers v3.2 / OECD ENV-Growth 2025,MIGRATION 1.0,SSP5-8.5_zeromig,0.01599067167916246,2.1701576260945292,65.7918606475102,0.0652943139848925,0.01623479446398335,4.36706158234828,0.0652943139848925,0.01623479446398335
2027,SA2_AR6_dynamic_v32_split,SSP5-8.5,S3,"NATO→5%, nonNATO→3.5%",0.033,158.86358283723416,49.2030258641469,109.66055697308727,0.3097187220973011,0.029889421405294894,0.025443219381865955,1.4706499744691106,2.79011760860387,4.2607675830729805,0.5567314800395258,0.4183056264166444,0.42176627275721645,0.941583517482057,2.3721034426286534,64.67122748066865,67.0433309232973,67.00330121011756,0.03538164661512002,AR6 World GDP level and trajectory (unrebased),SSP Basic Drivers v3.2 / OECD ENV-Growth 2025,MIGRATION 1.0,SSP5-8.5_zeromig,0.04002971317974868,2.2091249114857,67.00280790079088,0.16297853114295346,0.04052302250642015,6.739165024976934,0.22827284512784596,0.056757816970403496
2028,SA2_AR6_dynamic_v32_split,SSP5-8.5,S3,"NATO→5%, nonNATO→3.5%",0.033,166.7424434517702,51.020003323278466,115.72244012849174,0.30598090244512854,0.03223517646908584,0.026557949444104414,1.6446388105792271,3.0733507144808834,4.71798952506011,0.540186505029089,0.4058743981065494,0.40923220077961286,0.913601489654434,2.548594272306073,65.7615777160458,68.31017198835188,68.23637709713807,0.0373091473513001,AR6 World GDP level and trajectory (unrebased),SSP Basic Drivers v3.2 / OECD ENV-Growth 2025,MIGRATION 1.0,SSP5-8.5_zeromig,0.073794891213808,2.2487934961917353,68.23562944883628,0.29980077611433753,0.07454253951560474,9.287759297283007,0.5280736212421835,0.13130035648600824
2029,SA2_AR6_dynamic_v32_split,SSP5-8.5,S3,"NATO→5%, nonNATO→3.5%",0.033,175.0120572110772,52.90651717625217,122.10554003482503,0.30230212717540417,0.03517969004118492,0.02795721650661838,1.8612348754191776,3.4137310194111614,5.2749658948303395,0.5237927016197961,0.39355675405310236,0.39681265274226973,0.885875133893241,2.762988637005469,66.80117870083716,69.56416733784262,69.44699868380943,0.039718561189510775,AR6 World GDP level and trajectory (unrebased),SSP Basic Drivers v3.2 / OECD ENV-Growth 2025,MIGRATION 1.0,SSP5-8.5_zeromig,0.11716865403319332,2.287702611227432,69.44599210221793,0.4752860257780367,0.11817523562469034,12.050747934288475,1.0033596470202202,0.24947559211069859
2030,SA2_AR6_dynamic_v32_split,SSP5-8.5,S3,"NATO→5%, nonNATO→3.5%",0.033,183.69180356957398,54.86534088378083,128.82646268579316,0.2986814861502537,0.03849999999998644,0.029535066378567183,2.112315624024818,3.8048981267409094,5.917213750765727,0.507695686848064,0.3814621050365795,0.38461794458186666,0.8586507279935566,3.004143899421815,67.81426925429707,70.8184131537189,70.65116392546554,0.04242037862244952,AR6 World GDP level and trajectory (unrebased),SSP Basic Drivers v3.2 / OECD ENV-Growth 2025,MIGRATION 1.0,SSP5-8.5_zeromig,0.16724922825335398,2.3263805716265553,70.64989391137664,0.6777633277952595,0.16851924234225635,15.05489183371029,1.6811229748154797,0.41799483445295493
2031,SA2_AR6_dynamic_v32_split,SSP5-8.5,S3,"NATO→5%, nonNATO→3.5%",0.033,192.3472811262712,56.747150529398425,135.6001305968728,0.2950244484721639,0.041820309958787966,0.03111291625051599,2.373183424417441,4.218915506819534,6.592098931236975,0.49546145895237304,0.37226979860679466,0.3753495901154341,0.8379593395078831,3.2661309540290504,69.15104426591385,72.4171752199429,72.19747313056408,0.04510160668528249,AR6 World GDP level and trajectory (unrebased),SSP Basic Drivers v3.2 / OECD ENV-Growth 2025,MIGRATION 1.0,SSP5-8.5_zeromig,0.21970208937882774,2.3762758706930547,72.19592143076844,0.8898550833359957,0.2212537891744688,18.32102278773934,2.5709780581514754,0.6392486236274237
2032,SA2_AR6_dynamic_v32_split,SSP5-8.5,S3,"NATO→5%, nonNATO→3.5%",0.033,201.41060100515517,58.69511096673633,142.71549003841884,0.2914201669316999,0.04476482353088705,0.032512183313029956,2.627476284551785,4.639992173737974,7.267468458289759,0.48322789560555174,0.3630779914922832,0.36608173909511493,0.8172690749540954,3.5118434894790838,70.48909862713602,74.00094211661511,73.73274308815951,0.04745674026615649,AR6 World GDP level and trajectory (unrebased),SSP Basic Drivers v3.2 / OECD ENV-Growth 2025,MIGRATION 1.0,SSP5-8.5_zeromig,0.26819902845559795,2.4257792887897396,73.73090284371642,1.0860642006893442,0.27003927289868557,21.832866277218425,3.6570422588408196,0.9092878965261093
2033,SA2_AR6_dynamic_v32_split,SSP5-8.5,S3,"NATO→5%, nonNATO→3.5%",0.033,210.9009805583224,60.71161589235351,150.1893646659689,0.2878678692324257,0.04711057859467799,0.03362691337526841,2.860159352106621,5.050404755509134,7.910564107615755,0.47064988225491444,0.3536273785085488,0.3565529411022079,0.7959962522770151,3.723106065819308,71.78296883182199,75.5060748976413,75.19736489940942,0.049308695636297896,AR6 World GDP level and trajectory (unrebased),SSP Basic Drivers v3.2 / OECD ENV-Growth 2025,MIGRATION 1.0,SSP5-8.5_zeromig,0.30870999823187617,2.472931711255001,75.19523123527877,1.2501743545643067,0.31084366236252947,25.55597234303773,4.907216613405126,1.2201315588886388
2034,SA2_AR6_dynamic_v32_split,SSP5-8.5,S3,"NATO→5%, nonNATO→3.5%",0.033,220.8385426511057,62.79914855117536,158.03939409993035,0.28436679484155675,0.04882476919383726,0.03444151666560567,3.0661539335806367,5.443116425714974,8.509270359295611,0.45803712695549664,0.34415066182281684,0.3469978234511338,0.7746646715675443,3.8975617478593283,73.07325958358354,76.97082133144286,76.63049363405406,0.05063687356376383,AR6 World GDP level and trajectory (unrebased),SSP Basic Drivers v3.2 / OECD ENV-Growth 2025,MIGRATION 1.0,SSP5-8.5_zeromig,0.3403276973888012,2.51902382677351,76.62806131998407,1.3785379210858184,0.3427600114587932,29.45353409089706,6.285754534490945,1.562891570347432
2035,SA2_AR6_dynamic_v32_split,SSP5-8.5,S3,"NATO→5%, nonNATO→3.5%",0.033,231.244358329465,64.96028521218528,166.28407311727972,0.28091619480564034,0.049999999999972886,0.03499999999998712,3.2480142606075026,5.819942559102648,9.067956819710151,0.4454577955111513,0.3346990584765216,0.3374680269023873,0.7533896196374855,4.039392054698394,74.36223240101657,78.40162445571497,78.03757733775319,0.05152179030397563,AR6 World GDP level and trajectory (unrebased),SSP Basic Drivers v3.2 / OECD ENV-Growth 2025,MIGRATION 1.0,SSP5-8.5_zeromig,0.3640471179617748,2.564236557622623,78.03484142613902,1.4751554970757708,0.36678302957594155,33.492926145595455,7.760910031566715,1.9296745999233735
2025,SA2_AR6_dynamic_v32_split,SSP1-1.9,S0,Baseline,0.055,138.56683200039697,43.97774514368174,94.58908685671523,0.31737569885090355,0.027,0.024070130675639158,1.1873991188794069,2.276771681130518,3.4641708000099247,0.5825932533906624,0.25666695778749465,0.26481511517757383,1.0,2.0182025366787157,34.67638903929793,36.694591575976645,36.694591575976645,0.05500000000000001,AR6 World GDP level and trajectory (unrebased),SSP Basic Drivers v3.2 / OECD ENV-Growth 2025,IMAGE 3.0.1,SSP1-19,0.0,2.0182025366787157,36.694591575976645,0.0,0.0,2.0182025366787157,0.0,0.0
2026,SA2_AR6_dynamic_v32_split,SSP1-1.9,S0,Baseline,0.055,144.59391012503605,45.33351151158073,99.26039861345532,0.3135229656102325,0.027,0.024070130675639158,1.2240048108126798,2.3892107655419017,3.6132155763545812,0.5286412838450313,0.23289790826739143,0.24029149265683242,0.9073934185958498,1.9100949210929505,32.83410886647195,34.7442037875649,34.74468649303279,0.054975930165841985,AR6 World GDP level and trajectory (unrebased),SSP Basic Drivers v3.2 / OECD ENV-Growth 2025,IMAGE 3.0.1,SSP1-19,-0.0004827054678884224,1.9100949210929505,34.7442037875649,0.0,0.0,3.9282974577716665,0.0,0.0
2027,SA2_AR6_dynamic_v32_split,SSP1-1.9,S0,Baseline,0.055,150.8831409610859,46.73312797844958,104.15001298263633,0.3097306145721242,0.027,0.024070130675639158,1.2617944554181386,2.506904422361571,3.76869887777971,0.47819994401908644,0.21067549981260456,0.2173636109177666,0.820812704637391,1.8021915923790512,30.993408615552998,32.79560020793205,32.796504345916006,0.05495223691448609,AR6 World GDP level and trajectory (unrebased),SSP Basic Drivers v3.2 / OECD ENV-Growth 2025,IMAGE 3.0.1,SSP1-19,-0.0009041379839587194,1.8021915923790512,32.79560020793205,0.0,0.0,5.730489050150718,0.0,0.0
2028,SA2_AR6_dynamic_v32_split,SSP1-1.9,S0,Baseline,0.055,157.44592705596344,48.17809427302516,109.26783278293829,0.3059977172728036,0.027,0.024070130675639158,1.3008085453716793,2.6300910137292126,3.930899559100892,0.4310692601997735,0.18991163211598416,0.19594057281807886,0.7399146105640133,1.6944899648612373,29.154289426259357,30.848779391120594,30.850045135218938,0.05492891447591516,AR6 World GDP level and trajectory (unrebased),SSP Basic Drivers v3.2 / OECD ENV-Growth 2025,IMAGE 3.0.1,SSP1-19,-0.0012657440983439017,1.6944899648612373,30.848779391120594,0.0,0.0,7.424979015011955,0.0,0.0
2029,SA2_AR6_dynamic_v32_split,SSP1-1.9,S0,Baseline,0.055,164.2941669202464,49.669964719013336,114.62420220123306,0.3023233608964627,0.027,0.024070130675639158,1.34108904741336,2.7590195255745655,4.100108572987926,0.3870598739376787,0.17052288152499134,0.17593630633530852,0.6643741095266902,1.5869875073915025,27.31675243255711,28.90373993994861,28.90530888038478,0.05490595717677648,AR6 World GDP level and trajectory (unrebased),SSP Basic Drivers v3.2 / OECD ENV-Growth 2025,IMAGE 3.0.1,SSP1-19,-0.001568940436168731,1.5869875073915025,28.90373993994861,0.0,0.0,9.011966522403457,0.0,0.0
2030,SA2_AR6_dynamic_v32_split,SSP1-1.9,S0,Baseline,0.055,171.44027659999995,51.210350355708485,120.22992624429146,0.2987066480019229,0.027,0.024070130675639158,1.382679459604129,2.893950035822553,4.276629495426683,0.3459925019508753,0.15243026309723878,0.1572693190685797,0.5938834683326951,1.479681739039587,25.48079870844408,26.96048044748367,26.962295561810947,0.05488335943871103,AR6 World GDP level and trajectory (unrebased),SSP Basic Drivers v3.2 / OECD ENV-Growth 2025,IMAGE 3.0.1,SSP1-19,-0.0018151143272788772,1.479681739039587,26.96048044748367,0.0,0.0,10.491648261443045,0.0,0.0
2031,SA2_AR6_dynamic_v32_split,SSP1-1.9,S0,Baseline,0.055,177.7089843520823,52.45723246827724,125.25175188380506,0.2951861587613793,0.027,0.024070130675639158,1.4163452766434854,3.0148260351959206,4.431171311839406,0.3175411683113456,0.1398957594658376,0.14433689468697528,0.5450477952898914,1.407079315349203,24.2408312538442,25.647910569193403,25.64996295935584,0.0548613623535983,AR6 World GDP level and trajectory (unrebased),SSP Basic Drivers v3.2 / OECD ENV-Growth 2025,IMAGE 3.0.1,SSP1-19,-0.0020523901624365237,1.407079315349203,25.647910569193403,0.0,0.0,11.898727576792247,0.0,0.0
2032,SA2_AR6_dynamic_v32_split,SSP1-1.9,S0,Baseline,0.055,184.20690718512637,53.735867189565425,130.47103999556094,0.29171472454917957,0.027,0.024070130675639158,1.4508684141182664,3.140454982079695,4.591323396197962,0.29068151672254855,0.12806248638825568,0.132127962146613,0.49894418624108205,1.3346128485705462,23.00201825408824,24.33663110265879,24.338883259701028,0.05483967123225774,AR6 World GDP level and trajectory (unrebased),SSP Basic Drivers v3.2 / OECD ENV-Growth 2025,IMAGE 3.0.1,SSP1-19,-0.0022521570422391335,1.3346128485705462,24.33663110265879,0.0,0.0,13.233340425362794,0.0,0.0
2033,SA2_AR6_dynamic_v32_split,SSP1-1.9,S0,Baseline,0.055,190.94242634059682,55.047108440212476,135.89531790038436,0.2882916567846543,0.027,0.024070130675639158,1.4862719278857368,3.2710180600697765,4.757289987955513,0.2653361288096339,0.11689633646858,0.12060733127710635,0.45543975537888826,1.2622809090289457,21.764360344526803,23.02664125355575,23.02905646851484,0.054818281794963286,AR6 World GDP level and trajectory (unrebased),SSP Basic Drivers v3.2 / OECD ENV-Growth 2025,IMAGE 3.0.1,SSP1-19,-0.0024152149590896954,1.2622809090289457,23.02664125355575,0.0,0.0,14.495621334391739,0.0,0.0
2034,SA2_AR6_dynamic_v32_split,SSP1-1.9,S0,Baseline,0.055,197.92422951976133,56.391834602579834,141.53239491718148,0.2849162769985648,0.027,0.024070130675639158,1.5225795342696555,3.4067032404927255,4.929282774762381,0.24143108591056997,0.10636474414241895,0.10974140268662272,0.41440762402491554,1.190082093071149,20.527858131311582,21.71794022438273,21.72048257316767,0.054797189824431145,AR6 World GDP level and trajectory (unrebased),SSP Basic Drivers v3.2 / OECD ENV-Growth 2025,IMAGE 3.0.1,SSP1-19,-0.0025423487849387527,1.190082093071149,21.71794022438273,0.0,0.0,15.685703427462888,0.0,0.0
2035,SA2_AR6_dynamic_v32_split,SSP1-1.9,S0,Baseline,0.055,205.16132208938131,57.770949270489076,147.39037281889225,0.2815879166801254,0.027,0.024070130675639158,1.5598156303032051,3.5477055340819104,5.1075211643851155,0.21889581852041462,0.0964366193481547,0.0994980993274612,0.3757266622063547,1.118015025888421,19.29251224895538,20.4105272748438,20.41316160340252,0.05477639116488611,AR6 World GDP level and trajectory (unrebased),SSP Basic Drivers v3.2 / OECD ENV-Growth 2025,IMAGE 3.0.1,SSP1-19,-0.002634328558720256,1.118015025888421,20.4105272748438,0.0,0.0,16.80371845335131,0.0,0.0
2025,SA2_AR6_dynamic_v32_split,SSP1-1.9,S1,"NATO→3.5%, nonNATO holds",0.055,138.56683200039697,43.97774514368174,94.58908685671523,0.31737569885090355,0.027,0.024070130675639158,1.1873991188794069,2.276771681130518,3.4641708000099247,0.5825932533906624,0.25666695778749465,0.26481511517757383,1.0,2.0182025366787157,34.67638903929793,36.694591575976645,36.694591575976645,0.05500000000000001,AR6 World GDP level and trajectory (unrebased),SSP Basic Drivers v3.2 / OECD ENV-Growth 2025,IMAGE 3.0.1,SSP1-19,0.0,2.0182025366787157,36.694591575976645,0.0,0.0,2.0182025366787157,0.0,0.0
2026,SA2_AR6_dynamic_v32_split,SSP1-1.9,S1,"NATO→3.5%, nonNATO holds",0.055,144.59391012503605,45.33351151158073,99.26039861345532,0.3135229656102325,0.02740877593256891,0.024070130675639158,1.2425360592574497,2.3892107655419017,3.631746824799351,0.5286412838450313,0.23289790826739143,0.24029149265683242,0.9073934185958498,1.919891304062045,32.82979297747158,34.749684281533625,34.74468649303279,0.05524917258262104,AR6 World GDP level and trajectory (unrebased),SSP Basic Drivers v3.2 / OECD ENV-Growth 2025,IMAGE 3.0.1,SSP1-19,0.00499778850083743,1.9100949210929505,34.7442037875649,0.009796382969094353,0.0054804939687258525,3.938093840740761,0.009796382969094353,0.0054804939687258525
2027,SA2_AR6_dynamic_v32_split,SSP1-1.9,S1,"NATO→3.5%, nonNATO holds",0.055,150.8831409610859,46.73312797844958,104.15001298263633,0.3097306145721242,0.028005016140972137,0.024070130675639158,1.308762003354597,2.506904422361571,3.8156664257161683,0.47819994401908644,0.21067549981260456,0.2173636109177666,0.820812704637391,1.8246514711729793,30.98351370391651,32.80816517508949,32.796504345916006,0.0556157731295012,AR6 World GDP level and trajectory (unrebased),SSP Basic Drivers v3.2 / OECD ENV-Growth 2025,IMAGE 3.0.1,SSP1-19,0.01166082917348632,1.8021915923790512,32.79560020793205,0.02245987879392808,0.01256496715744504,5.76274531191374,0.03225626176302243,0.018045461126170892
2028,SA2_AR6_dynamic_v32_split,SSP1-1.9,S1,"NATO→3.5%, nonNATO holds",0.055,157.44592705596344,48.17809427302516,109.26783278293829,0.3059977172728036,0.028820930945768986,0.024070130675639158,1.3885375281416064,2.6300910137292126,4.018628541870819,0.4310692601997735,0.18991163211598416,0.19594057281807886,0.7399146105640133,1.7323072325619484,29.137628671957643,30.86993590451959,30.850045135218938,0.05611632100306129,AR6 World GDP level and trajectory (unrebased),SSP Basic Drivers v3.2 / OECD ENV-Growth 2025,IMAGE 3.0.1,SSP1-19,0.01989076930065181,1.6944899648612373,30.848779391120594,0.037817267700711144,0.021156513398995713,7.495052544475689,0.07007352946373357,0.039201974525166605
2029,SA2_AR6_dynamic_v32_split,SSP1-1.9,S1,"NATO→3.5%, nonNATO holds",0.055,164.2941669202464,49.669964719013336,114.62420220123306,0.3023233608964627,0.029845109579542582,0.024070130675639158,1.482405539850967,2.7590195255745655,4.241425065425533,0.3870598739376787,0.17052288152499134,0.17593630633530852,0.6643741095266902,1.6416854511397174,27.29265473705964,28.934340188199357,28.90530888038478,0.05673830612557967,AR6 World GDP level and trajectory (unrebased),SSP Basic Drivers v3.2 / OECD ENV-Growth 2025,IMAGE 3.0.1,SSP1-19,0.02903130781457719,1.5869875073915025,28.90373993994861,0.054697943748214906,0.03060024825074592,9.136737995615405,0.12477147321194848,0.06980222277591253
2030,SA2_AR6_dynamic_v32_split,SSP1-1.9,S1,"NATO→3.5%, nonNATO holds",0.055,171.44027659999995,51.210350355708485,120.22992624429146,0.2987066480019229,0.030999999999995285,0.024070130675639158,1.5875208610267215,2.893950035822553,4.481470896849275,0.3459925019508753,0.15243026309723878,0.1572693190685797,0.5938834683326951,1.5505553280209134,25.449574679732027,27.00013000775294,26.962295561810947,0.057427698591661594,AR6 World GDP level and trajectory (unrebased),SSP Basic Drivers v3.2 / OECD ENV-Growth 2025,IMAGE 3.0.1,SSP1-19,0.03783444594199281,1.479681739039587,26.96048044748367,0.07087358898132634,0.03964956026927169,10.68729332363632,0.19564506219327482,0.10945178304518421
2031,SA2_AR6_dynamic_v32_split,SSP1-1.9,S1,"NATO→3.5%, nonNATO holds",0.055,177.7089843520823,52.45723246827724,125.25175188380506,0.2951861587613793,0.03215489042044799,0.024070130675639158,1.686756561777421,3.0148260351959206,4.701582596973342,0.3175411683113456,0.1398957594658376,0.14433689468697528,0.5450477952898914,1.4929460307552054,24.20300186174225,25.695947892497458,25.64996295935584,0.058100445914708074,AR6 World GDP level and trajectory (unrebased),SSP Basic Drivers v3.2 / OECD ENV-Growth 2025,IMAGE 3.0.1,SSP1-19,0.045984933141618,1.407079315349203,25.647910569193403,0.08586671540600244,0.048037323304054524,12.180239354391524,0.28151177759927726,0.15748910634923874
2032,SA2_AR6_dynamic_v32_split,SSP1-1.9,S1,"NATO→3.5%, nonNATO holds",0.055,184.20690718512637,53.735867189565425,130.47103999556094,0.29171472454917957,0.033179069054221584,0.024070130675639158,1.7829060481710712,3.140454982079695,4.923361030250766,0.29068151672254855,0.12806248638825568,0.132127962146613,0.49894418624108205,1.431130051645982,22.959496689096966,24.39062674074295,24.338883259701028,0.05867541112649527,AR6 World GDP level and trajectory (unrebased),SSP Basic Drivers v3.2 / OECD ENV-Growth 2025,IMAGE 3.0.1,SSP1-19,0.05174348104192106,1.3346128485705462,24.33663110265879,0.09651720307543576,0.05399563808416019,13.611369406037507,0.378028980674713,0.21148474443339893
2033,SA2_AR6_dynamic_v32_split,SSP1-1.9,S1,"NATO→3.5%, nonNATO holds",0.055,190.94242634059682,55.047108440212476,135.89531790038436,0.2882916567846543,0.03399498385901843,0.024070130675639158,1.8713255629106604,3.2710180600697765,5.142343622980437,0.2653361288096339,0.11689633646858,0.12060733127710635,0.45543975537888826,1.364449549930537,21.71934898524848,23.083798535179017,23.02905646851484,0.05910853657170663,AR6 World GDP level and trajectory (unrebased),SSP Basic Drivers v3.2 / OECD ENV-Growth 2025,IMAGE 3.0.1,SSP1-19,0.054742066664179134,1.2622809090289457,23.02664125355575,0.10216864090159117,0.05715728162326883,14.975818955968043,0.4801976215763042,0.26864202605666776
2034,SA2_AR6_dynamic_v32_split,SSP1-1.9,S1,"NATO→3.5%, nonNATO holds",0.055,197.92422951976133,56.391834602579834,141.53239491718148,0.2849162769985648,0.034591224067421655,0.024070130675639158,1.950662586310821,3.4067032404927255,5.357365826803546,0.24143108591056997,0.10636474414241895,0.10974140268662272,0.41440762402491554,1.2934346491853588,20.48232518700952,21.775759836194876,21.72048257316767,0.059397911205626854,AR6 World GDP level and trajectory (unrebased),SSP Basic Drivers v3.2 / OECD ENV-Growth 2025,IMAGE 3.0.1,SSP1-19,0.05527726302720737,1.190082093071149,21.71794022438273,0.10335255611420968,0.05781961181214612,16.269253605153402,0.5835501776905139,0.3264616378688139
2035,SA2_AR6_dynamic_v32_split,SSP1-1.9,S1,"NATO→3.5%, nonNATO holds",0.055,205.16132208938131,57.770949270489076,147.39037281889225,0.2815879166801254,0.03499999999999057,0.024070130675639158,2.021983224466573,3.5477055340819104,5.569688758548484,0.21889581852041462,0.0964366193481547,0.0994980993274612,0.3757266622063547,1.2191815797064223,19.24794236860199,20.467123948308412,20.41316160340252,0.0595678016503724,AR6 World GDP level and trajectory (unrebased),SSP Basic Drivers v3.2 / OECD ENV-Growth 2025,IMAGE 3.0.1,SSP1-19,0.0539623449058908,1.118015025888421,20.4105272748438,0.10116655381800133,0.05659667346461106,17.488435184859824,0.6847167315085152,0.38305831133342494
2025,SA2_AR6_dynamic_v32_split,SSP1-1.9,S2,"NATO→3.5%, nonNATO→3.5%",0.055,138.56683200039697,43.97774514368174,94.58908685671523,0.31737569885090355,0.027,0.024070130675639158,1.1873991188794069,2.276771681130518,3.4641708000099247,0.5825932533906624,0.25666695778749465,0.26481511517757383,1.0,2.0182025366787157,34.67638903929793,36.694591575976645,36.694591575976645,0.05500000000000001,AR6 World GDP level and trajectory (unrebased),SSP Basic Drivers v3.2 / OECD ENV-Growth 2025,IMAGE 3.0.1,SSP1-19,0.0,2.0182025366787157,36.694591575976645,0.0,0.0,2.0182025366787157,0.0,0.0
2026,SA2_AR6_dynamic_v32_split,SSP1-1.9,S2,"NATO→3.5%, nonNATO→3.5%",0.055,144.59391012503605,45.33351151158073,99.26039861345532,0.3135229656102325,0.02740877593256891,0.0246286141163794,1.2425360592574497,2.444646054488792,3.6871821137462417,0.5286412838450313,0.23289790826739143,0.24029149265683242,0.9073934185958498,1.9491966863812493,32.81688221463165,34.7660789010129,34.74468649303279,0.05606604909144529,AR6 World GDP level and trajectory (unrebased),SSP Basic Drivers v3.2 / OECD ENV-Growth 2025,IMAGE 3.0.1,SSP1-19,0.021392407980108885,1.9100949210929505,34.7442037875649,0.039101765288298784,0.021875113447997308,3.967399223059965,0.039101765288298784,0.021875113447997308
2027,SA2_AR6_dynamic_v32_split,SSP1-1.9,S2,"NATO→3.5%, nonNATO→3.5%",0.055,150.8831409610859,46.73312797844958,104.15001298263633,0.3097306145721242,0.028005016140972137,0.025443217561851517,1.308762003354597,2.649911439386876,3.958673442741473,0.47819994401908644,0.21067549981260456,0.2173636109177666,0.820812704637391,1.8930374187088166,30.953385629127993,32.84642304783681,32.796504345916006,0.05763298536196281,AR6 World GDP level and trajectory (unrebased),SSP Basic Drivers v3.2 / OECD ENV-Growth 2025,IMAGE 3.0.1,SSP1-19,0.04991870192080228,1.8021915923790512,32.79560020793205,0.09084582632976534,0.050822839904761,5.860436641768782,0.12994759161806413,0.0726979533527583
2028,SA2_AR6_dynamic_v32_split,SSP1-1.9,S2,"NATO→3.5%, nonNATO→3.5%",0.055,157.44592705596344,48.17809427302516,109.26783278293829,0.3059977172728036,0.028820930945768986,0.026557947836381636,1.3885375281416064,2.9019294032437464,4.290466931385353,0.4310692601997735,0.18991163211598416,0.19594057281807886,0.7399146105640133,1.8494884060238765,29.08600339973316,30.935491805757035,30.850045135218938,0.05978532417188501,AR6 World GDP level and trajectory (unrebased),SSP Basic Drivers v3.2 / OECD ENV-Growth 2025,IMAGE 3.0.1,SSP1-19,0.08544667053809718,1.6944899648612373,30.848779391120594,0.15499844116263928,0.08671241463644108,7.709925047792658,0.2849460327807034,0.1594103679891994
2029,SA2_AR6_dynamic_v32_split,SSP1-1.9,S2,"NATO→3.5%, nonNATO→3.5%",0.055,164.2941669202464,49.669964719013336,114.62420220123306,0.3023233608964627,0.029845109579542582,0.027957215165375113,1.482405539850967,3.2045734840993365,4.686979023950304,0.3870598739376787,0.17052288152499134,0.17593630633530852,0.6643741095266902,1.814141510158749,27.21667759217713,29.03081910233588,28.90530888038478,0.06249019374078837,AR6 World GDP level and trajectory (unrebased),SSP Basic Drivers v3.2 / OECD ENV-Growth 2025,IMAGE 3.0.1,SSP1-19,0.1255102219510995,1.5869875073915025,28.90373993994861,0.2271540027672465,0.12707916238726824,9.524066557951407,0.5121000355479499,0.2864895303764676
2030,SA2_AR6_dynamic_v32_split,SSP1-1.9,S2,"NATO→3.5%, nonNATO→3.5%",0.055,171.44027659999995,51.210350355708485,120.22992624429146,0.2987066480019229,0.030999999999995285,0.029535065337813138,1.5875208610267215,3.5509987271856027,5.138519588212324,0.3459925019508753,0.15243026309723878,0.1572693190685797,0.5938834683326951,1.7778892486491633,25.34942057483986,27.127309823489025,26.962295561810947,0.0655387231619157,AR6 World GDP level and trajectory (unrebased),SSP Basic Drivers v3.2 / OECD ENV-Growth 2025,IMAGE 3.0.1,SSP1-19,0.16501426167807765,1.479681739039587,26.96048044748367,0.2982075096095762,0.16682937600535652,11.30195580660057,0.8103075451575261,0.45331890638182415
2031,SA2_AR6_dynamic_v32_split,SSP1-1.9,S2,"NATO→3.5%, nonNATO→3.5%",0.055,177.7089843520823,52.45723246827724,125.25175188380506,0.2951861587613793,0.03215489042044799,0.031112915510251166,1.686756561777421,3.896947173871769,5.583703735649189,0.3175411683113456,0.1398957594658376,0.14433689468697528,0.5450477952898914,1.7730558077224685,24.079596855106328,25.852652662828795,25.64996295935584,0.06858312881261062,AR6 World GDP level and trajectory (unrebased),SSP Basic Drivers v3.2 / OECD ENV-Growth 2025,IMAGE 3.0.1,SSP1-19,0.20268970347295578,1.407079315349203,25.647910569193403,0.36597649237326557,0.2047420936353923,13.075011614323039,1.1762840375307917,0.6580610000172165
2032,SA2_AR6_dynamic_v32_split,SSP1-1.9,S2,"NATO→3.5%, nonNATO→3.5%",0.055,184.20690718512637,53.735867189565425,130.47103999556094,0.29171472454917957,0.033179069054221584,0.03251218283924464,1.7829060481710712,4.241898307562077,6.024804355733148,0.29068151672254855,0.12806248638825568,0.132127962146613,0.49894418624108205,1.7512992680811286,22.818443118219943,24.569742386301073,24.338883259701028,0.07127869883802974,AR6 World GDP level and trajectory (unrebased),SSP Basic Drivers v3.2 / OECD ENV-Growth 2025,IMAGE 3.0.1,SSP1-19,0.23085912660004482,1.3346128485705462,24.33663110265879,0.4166864195105824,0.23311128364228395,14.826310882404167,1.592970457041374,0.8911722836595004
2033,SA2_AR6_dynamic_v32_split,SSP1-1.9,S2,"NATO→3.5%, nonNATO→3.5%",0.055,190.94242634059682,55.047108440212476,135.89531790038436,0.2882916567846543,0.03399498385901843,0.03362691311377476,1.8713255629106604,4.569740047605025,6.441065610515686,0.2653361288096339,0.11689633646858,0.12060733127710635,0.45543975537888826,1.7090474145030934,21.567533142814415,23.27658055731751,23.02905646851484,0.07342347430691733,AR6 World GDP level and trajectory (unrebased),SSP Basic Drivers v3.2 / OECD ENV-Growth 2025,IMAGE 3.0.1,SSP1-19,0.2475240888026704,1.2622809090289457,23.02664125355575,0.44676650547414765,0.2499393037617601,16.535358296907262,2.039736962515522,1.1411115874212605
2034,SA2_AR6_dynamic_v32_split,SSP1-1.9,S2,"NATO→3.5%, nonNATO→3.5%",0.055,197.92422951976133,56.391834602579834,141.53239491718148,0.2849162769985648,0.034591224067421655,0.034441516559246876,1.950662586310821,4.874590323209974,6.8252529095207946,0.24143108591056997,0.10636474414241895,0.10974140268662272,0.41440762402491554,1.6478282215598825,20.326193753026338,21.974021974586222,21.72048257316767,0.07498983224216565,AR6 World GDP level and trajectory (unrebased),SSP Basic Drivers v3.2 / OECD ENV-Growth 2025,IMAGE 3.0.1,SSP1-19,0.25353940141855347,1.190082093071149,21.71794022438273,0.4577461284887334,0.2560817502034922,18.183186518467142,2.497483091004255,1.3971933376247527
2035,SA2_AR6_dynamic_v32_split,SSP1-1.9,S2,"NATO→3.5%, nonNATO→3.5%",0.055,205.16132208938131,57.770949270489076,147.39037281889225,0.2815879166801254,0.03499999999999057,0.03499999999998712,2.021983224466573,5.15866304865933,7.180646273125903,0.21889581852041462,0.0964366193481547,0.0994980993274612,0.3757266622063547,1.5718134434614592,19.09258707198264,20.664400515444097,20.41316160340252,0.07606382978720927,AR6 World GDP level and trajectory (unrebased),SSP Basic Drivers v3.2 / OECD ENV-Growth 2025,IMAGE 3.0.1,SSP1-19,0.25123891204157545,1.118015025888421,20.4105272748438,0.4537984175730383,0.2538732406002957,19.754999961928604,2.9512815085772934,1.6510665782250484
2025,SA2_AR6_dynamic_v32_split,SSP1-1.9,S3,"NATO→5%, nonNATO→3.5%",0.055,138.56683200039697,43.97774514368174,94.58908685671523,0.31737569885090355,0.027,0.024070130675639158,1.1873991188794069,2.276771681130518,3.4641708000099247,0.5825932533906624,0.25666695778749465,0.26481511517757383,1.0,2.0182025366787157,34.67638903929793,36.694591575976645,36.694591575976645,0.05500000000000001,AR6 World GDP level and trajectory (unrebased),SSP Basic Drivers v3.2 / OECD ENV-Growth 2025,IMAGE 3.0.1,SSP1-19,0.0,2.0182025366787157,36.694591575976645,0.0,0.0,2.0182025366787157,0.0,0.0
2026,SA2_AR6_dynamic_v32_split,SSP1-1.9,S3,"NATO→5%, nonNATO→3.5%",0.055,144.59391012503605,45.33351151158073,99.26039861345532,0.3135229656102325,0.02817523080613562,0.0246286141163794,1.2772821500913931,2.444646054488792,3.721928204580185,0.5286412838450313,0.23289790826739143,0.24029149265683242,0.9073934185958498,1.9675649044483012,32.80878992275595,34.77635482720425,34.74468649303279,0.05657766359426343,AR6 World GDP level and trajectory (unrebased),SSP Basic Drivers v3.2 / OECD ENV-Growth 2025,IMAGE 3.0.1,SSP1-19,0.03166833417146364,1.9100949210929505,34.7442037875649,0.057469983355350696,0.032151039639352064,3.9857674411270168,0.057469983355350696,0.032151039639352064
2027,SA2_AR6_dynamic_v32_split,SSP1-1.9,S3,"NATO→5%, nonNATO→3.5%",0.055,150.8831409610859,46.73312797844958,104.15001298263633,0.3097306145721242,0.029889421405294894,0.025443217561851517,1.3968261557354567,2.649911439386876,4.046737595122333,0.47819994401908644,0.21067549981260456,0.2173636109177666,0.820812704637391,1.9351496914474322,30.934832669809587,32.86998236125702,32.796504345916006,0.05887285457531434,AR6 World GDP level and trajectory (unrebased),SSP Basic Drivers v3.2 / OECD ENV-Growth 2025,IMAGE 3.0.1,SSP1-19,0.07347801534101706,1.8021915923790512,32.79560020793205,0.13295809906838096,0.07438215332497577,5.920917132574449,0.19042808242373166,0.10653319296432784
2028,SA2_AR6_dynamic_v32_split,SSP1-1.9,S3,"NATO→5%, nonNATO→3.5%",0.055,157.44592705596344,48.17809427302516,109.26783278293829,0.3059977172728036,0.03223517646908584,0.026557947836381636,1.5530293708352196,2.9019294032437464,4.454958774078966,0.4310692601997735,0.18991163211598416,0.19594057281807886,0.7399146105640133,1.9203957829627096,29.054764485417447,30.975160268380158,30.850045135218938,0.06199792886699199,AR6 World GDP level and trajectory (unrebased),SSP Basic Drivers v3.2 / OECD ENV-Growth 2025,IMAGE 3.0.1,SSP1-19,0.12511513316121992,1.6944899648612373,30.848779391120594,0.22590581810147237,0.12638087725956382,7.841312915537159,0.416333900525204,0.23291407022389166
2029,SA2_AR6_dynamic_v32_split,SSP1-1.9,S3,"NATO→5%, nonNATO→3.5%",0.055,164.2941669202464,49.669964719013336,114.62420220123306,0.3023233608964627,0.03517969004118492,0.027957215165375113,1.74737396317148,3.2045734840993365,4.9519474472708165,0.3870598739376787,0.17052288152499134,0.17593630633530852,0.6643741095266902,1.9167001546866522,27.171494413119383,29.088194567806035,28.90530888038478,0.06589271638082345,AR6 World GDP level and trajectory (unrebased),SSP Basic Drivers v3.2 / OECD ENV-Growth 2025,IMAGE 3.0.1,SSP1-19,0.18288568742125477,1.5869875073915025,28.90373993994861,0.3297126472951497,0.1844546278574235,9.75801307022381,0.7460465478203537,0.41736869808131516
2030,SA2_AR6_dynamic_v32_split,SSP1-1.9,S3,"NATO→5%, nonNATO→3.5%",0.055,171.44027659999995,51.210350355708485,120.22992624429146,0.2987066480019229,0.03849999999998644,0.029535065337813138,1.9715984886940823,3.5509987271856027,5.522597215879685,0.3459925019508753,0.15243026309723878,0.1572693190685797,0.5938834683326951,1.9107772279891502,25.290875521004764,27.201652748993915,26.962295561810947,0.0702448945150887,AR6 World GDP level and trajectory (unrebased),SSP Basic Drivers v3.2 / OECD ENV-Growth 2025,IMAGE 3.0.1,SSP1-19,0.23935718718296783,1.479681739039587,26.96048044748367,0.43109548894956307,0.2411723015102467,11.668790298212961,1.1771420367699168,0.6585409995915619
2031,SA2_AR6_dynamic_v32_split,SSP1-1.9,S3,"NATO→5%, nonNATO→3.5%",0.055,177.7089843520823,52.45723246827724,125.25175188380506,0.2951861587613793,0.041820309958787966,0.031112915510251166,2.19377772140355,3.896947173871769,6.090724895275319,0.3175411683113456,0.1398957594658376,0.14433689468697528,0.5450477952898914,1.9340558991087227,24.00866674491518,25.942722644023902,25.64996295935584,0.07455099935527572,AR6 World GDP level and trajectory (unrebased),SSP Basic Drivers v3.2 / OECD ENV-Growth 2025,IMAGE 3.0.1,SSP1-19,0.2927596846680629,1.407079315349203,25.647910569193403,0.5269765837595197,0.2948120748304994,13.602846197321684,1.7041186205294365,0.9533530744220613
2032,SA2_AR6_dynamic_v32_split,SSP1-1.9,S3,"NATO→5%, nonNATO→3.5%",0.055,184.20690718512637,53.735867189565425,130.47103999556094,0.29171472454917957,0.04476482353088705,0.03251218283924464,2.4054766120200797,4.241898307562077,6.647374919582157,0.29068151672254855,0.12806248638825568,0.132127962146613,0.49894418624108205,1.9322690238475706,22.738715183861302,24.670984207708873,24.338883259701028,0.07832152165391926,AR6 World GDP level and trajectory (unrebased),SSP Basic Drivers v3.2 / OECD ENV-Growth 2025,IMAGE 3.0.1,SSP1-19,0.3321009480078452,1.3346128485705462,24.33663110265879,0.5976561752770244,0.3343531050500843,15.535115221169255,2.3017747958064607,1.2877061794721456
2033,SA2_AR6_dynamic_v32_split,SSP1-1.9,S3,"NATO→5%, nonNATO→3.5%",0.055,190.94242634059682,55.047108440212476,135.89531790038436,0.2882916567846543,0.04711057859467799,0.03362691311377476,2.5933011285823917,4.569740047605025,7.163041176187416,0.2653361288096339,0.11689633646858,0.12060733127710635,0.45543975537888826,1.900613616193576,21.48313684416756,23.383750460361135,23.02905646851484,0.081279246432919,AR6 World GDP level and trajectory (unrebased),SSP Basic Drivers v3.2 / OECD ENV-Growth 2025,IMAGE 3.0.1,SSP1-19,0.3546939918462968,1.2622809090289457,23.02664125355575,0.6383327071646303,0.3571092068053865,17.43572883736283,2.9401075029710912,1.644815386277532
2034,SA2_AR6_dynamic_v32_split,SSP1-1.9,S3,"NATO→5%, nonNATO→3.5%",0.055,197.92422951976133,56.391834602579834,141.53239491718148,0.2849162769985648,0.04882476919383726,0.034441516559246876,2.753318308888006,4.874590323209974,7.62790863209798,0.24143108591056997,0.10636474414241895,0.10974140268662272,0.41440762402491554,1.8416142642740256,20.240819482459965,22.08243374673399,21.72048257316767,0.08339725074671182,AR6 World GDP level and trajectory (unrebased),SSP Basic Drivers v3.2 / OECD ENV-Growth 2025,IMAGE 3.0.1,SSP1-19,0.36195117356632167,1.190082093071149,21.71794022438273,0.6515321712028765,0.3644935223512604,19.277343101636855,3.591639674173968,2.0093089086287925
2035,SA2_AR6_dynamic_v32_split,SSP1-1.9,S3,"NATO→5%, nonNATO→3.5%",0.055,205.16132208938131,57.770949270489076,147.39037281889225,0.2815879166801254,0.049999999999972886,0.03499999999998712,2.8885474635228876,5.15866304865933,8.047210512182218,0.21889581852041462,0.0964366193481547,0.0994980993274612,0.3757266622063547,1.7615007318702116,19.009018546320043,20.770519278190253,20.41316160340252,0.08480773678681432,AR6 World GDP level and trajectory (unrebased),SSP Basic Drivers v3.2 / OECD ENV-Growth 2025,IMAGE 3.0.1,SSP1-19,0.35735767478773184,1.118015025888421,20.4105272748438,0.6434857059817907,0.3599920033464521,21.038843833507066,4.2351253801557585,2.3693009119752446
2025,SA2_AR6_dynamic_v32_split,SSP1-2.6,S0,Baseline,0.055,138.56683200039697,43.97774514368174,94.58908685671523,0.31737569885090355,0.027,0.024070130675639158,1.1873991188794069,2.276771681130518,3.4641708000099247,0.7816910574368426,0.3443813749546929,0.3553141170167466,1.0,2.707911335801591,46.52684022422733,49.23475156002892,49.23475156002892,0.055000000000000014,AR6 World GDP level and trajectory (unrebased),SSP Basic Drivers v3.2 / OECD ENV-Growth 2025,IMAGE 3.0.1,SSP1-26,0.0,2.707911335801591,49.23475156002892,0.0,0.0,2.707911335801591,0.0,0.0
2026,SA2_AR6_dynamic_v32_split,SSP1-2.6,S0,Baseline,0.055,144.59391012503605,45.33351151158073,99.26039861345532,0.3135229656102325,0.027,0.024070130675639158,1.2240048108126798,2.3892107655419017,3.6132155763545812,0.7385488535962761,0.32537466976619156,0.33570402436194363,0.9448091372798489,2.668536221712884,45.87154693218556,48.54008315389844,48.54075752720379,0.05497593016584199,AR6 World GDP level and trajectory (unrebased),SSP Basic Drivers v3.2 / OECD ENV-Growth 2025,IMAGE 3.0.1,SSP1-26,-0.0006743733053440337,2.668536221712884,48.54008315389844,0.0,0.0,5.376447557514475,0.0,0.0
2027,SA2_AR6_dynamic_v32_split,SSP1-2.6,S0,Baseline,0.055,150.8831409610859,46.73312797844958,104.15001298263633,0.3097306145721242,0.027,0.024070130675639158,1.2617944554181386,2.506904422361571,3.76869887777971,0.6976527219887668,0.307357492904142,0.31711487363125757,0.8924916248579884,2.6292430304390253,45.21672608871659,47.84596911915562,47.847288178961975,0.0549522369144861,AR6 World GDP level and trajectory (unrebased),SSP Basic Drivers v3.2 / OECD ENV-Growth 2025,IMAGE 3.0.1,SSP1-26,-0.0013190598063559378,2.6292430304390253,47.84596911915562,0.0,0.0,8.0056905879535,0.0,0.0
2028,SA2_AR6_dynamic_v32_split,SSP1-2.6,S0,Baseline,0.055,157.44592705596344,48.17809427302516,109.26783278293829,0.3059977172728036,0.027,0.024070130675639158,1.3008085453716793,2.6300910137292126,3.930899559100892,0.6588900561684657,0.29028023453575763,0.2994954800765753,0.842903407810446,2.590030631288584,44.56237818655254,47.15240881784113,47.15434350972723,0.05492891447591518,AR6 World GDP level and trajectory (unrebased),SSP Basic Drivers v3.2 / OECD ENV-Growth 2025,IMAGE 3.0.1,SSP1-26,-0.0019346918860989604,2.590030631288584,47.15240881784113,0.0,0.0,10.595721219242085,0.0,0.0
2029,SA2_AR6_dynamic_v32_split,SSP1-2.6,S0,Baseline,0.055,164.2941669202464,49.669964719013336,114.62420220123306,0.3023233608964627,0.027,0.024070130675639158,1.34108904741336,2.7590195255745655,4.100108572987926,0.6221537481536524,0.27409570722853216,0.28279715825166013,0.7959074652762288,2.5508979165213614,43.908503716500555,46.45940163302192,46.46192352236958,0.054905957176776495,AR6 World GDP level and trajectory (unrebased),SSP Basic Drivers v3.2 / OECD ENV-Growth 2025,IMAGE 3.0.1,SSP1-26,-0.002521889347661954,2.5508979165213614,46.45940163302192,0.0,0.0,13.146619135763446,0.0,0.0
2030,SA2_AR6_dynamic_v32_split,SSP1-2.6,S0,Baseline,0.055,171.44027659999995,51.210350355708485,120.22992624429146,0.2987066480019229,0.027,0.024070130675639158,1.382679459604129,2.893950035822553,4.276629495426683,0.5873419249771357,0.2587590298850318,0.26697360226233435,0.7513734734321051,2.511843800257904,43.25510315682318,45.76694695708109,45.77002821675297,0.054883359438711046,AR6 World GDP level and trajectory (unrebased),SSP Basic Drivers v3.2 / OECD ENV-Growth 2025,IMAGE 3.0.1,SSP1-26,-0.003081259671880332,2.511843800257904,45.76694695708109,0.0,0.0,15.658462936021351,0.0,0.0
2031,SA2_AR6_dynamic_v32_split,SSP1-2.6,S0,Baseline,0.055,177.7089843520823,52.45723246827724,125.25175188380506,0.2951861587613793,0.027,0.024070130675639158,1.4163452766434854,3.0148260351959206,4.431171311839406,0.5532170853428023,0.24372500962654928,0.2514623115194556,0.7077183243681919,2.451399677790438,42.23213665130061,44.68353632909105,44.687111982949375,0.05486136235359831,AR6 World GDP level and trajectory (unrebased),SSP Basic Drivers v3.2 / OECD ENV-Growth 2025,IMAGE 3.0.1,SSP1-26,-0.0035756538583271436,2.451399677790438,44.68353632909105,0.0,0.0,18.10986261381179,0.0,0.0
2032,SA2_AR6_dynamic_v32_split,SSP1-2.6,S0,Baseline,0.055,184.20690718512637,53.735867189565425,130.47103999556094,0.29171472454917957,0.027,0.024070130675639158,1.4508684141182664,3.140454982079695,4.591323396197962,0.5207774535212345,0.22943342357928512,0.2367170243278338,0.6662190242125305,2.3910577065644403,41.20981831688579,43.600876023450226,43.60491092949658,0.054839671232257754,AR6 World GDP level and trajectory (unrebased),SSP Basic Drivers v3.2 / OECD ENV-Growth 2025,IMAGE 3.0.1,SSP1-26,-0.004034906046356923,2.3910577065644403,43.600876023450226,0.0,0.0,20.500920320376228,0.0,0.0
2033,SA2_AR6_dynamic_v32_split,SSP1-2.6,S0,Baseline,0.055,190.94242634059682,55.047108440212476,135.89531790038436,0.2882916567846543,0.027,0.024070130675639158,1.4862719278857368,3.2710180600697765,4.757289987955513,0.4899462991174637,0.21585046744335812,0.2227028632352107,0.6267774134758466,2.330816623427367,40.18814871272299,42.51896533615036,42.52342505912923,0.05481828179496331,AR6 World GDP level and trajectory (unrebased),SSP Basic Drivers v3.2 / OECD ENV-Growth 2025,IMAGE 3.0.1,SSP1-26,-0.004459722978872094,2.330816623427367,42.51896533615036,0.0,0.0,22.831736943803595,0.0,0.0
2034,SA2_AR6_dynamic_v32_split,SSP1-2.6,S0,Baseline,0.055,197.92422951976133,56.391834602579834,141.53239491718148,0.2849162769985648,0.027,0.024070130675639158,1.5225795342696555,3.4067032404927255,4.929282774762381,0.4606502187228109,0.2029438026541055,0.20938646305582312,0.5892995888084974,2.270675188340875,39.167128385456664,41.43780357379754,41.44265437219176,0.05479718982443115,AR6 World GDP level and trajectory (unrebased),SSP Basic Drivers v3.2 / OECD ENV-Growth 2025,IMAGE 3.0.1,SSP1-26,-0.004850798394222977,2.270675188340875,41.43780357379754,0.0,0.0,25.102412132144472,0.0,0.0
2035,SA2_AR6_dynamic_v32_split,SSP1-2.6,S0,Baseline,0.055,205.16132208938131,57.770949270489076,147.39037281889225,0.2815879166801254,0.027,0.024070130675639158,1.5598156303032051,3.5477055340819104,5.1075211643851155,0.4328189962923145,0.19068249487004066,0.19673590740559746,0.5536957243844183,2.2106321839109193,38.146757868612724,40.35739005252364,40.36259886578648,0.054776391164886126,AR6 World GDP level and trajectory (unrebased),SSP Basic Drivers v3.2 / OECD ENV-Growth 2025,IMAGE 3.0.1,SSP1-26,-0.00520881326283984,2.2106321839109193,40.35739005252364,0.0,0.0,27.31304431605539,0.0,0.0
2025,SA2_AR6_dynamic_v32_split,SSP1-2.6,S1,"NATO→3.5%, nonNATO holds",0.055,138.56683200039697,43.97774514368174,94.58908685671523,0.31737569885090355,0.027,0.024070130675639158,1.1873991188794069,2.276771681130518,3.4641708000099247,0.7816910574368426,0.3443813749546929,0.3553141170167466,1.0,2.707911335801591,46.52684022422733,49.23475156002892,49.23475156002892,0.055000000000000014,AR6 World GDP level and trajectory (unrebased),SSP Basic Drivers v3.2 / OECD ENV-Growth 2025,IMAGE 3.0.1,SSP1-26,0.0,2.707911335801591,49.23475156002892,0.0,0.0,2.707911335801591,0.0,0.0
2026,SA2_AR6_dynamic_v32_split,SSP1-2.6,S1,"NATO→3.5%, nonNATO holds",0.055,144.59391012503605,45.33351151158073,99.26039861345532,0.3135229656102325,0.02740877593256891,0.024070130675639158,1.2425360592574497,2.3892107655419017,3.631746824799351,0.7385488535962761,0.32537466976619156,0.33570402436194363,0.9448091372798489,2.6822224540074764,45.86551733334248,48.547739787349954,48.54075752720379,0.055249172582621055,AR6 World GDP level and trajectory (unrebased),SSP Basic Drivers v3.2 / OECD ENV-Growth 2025,IMAGE 3.0.1,SSP1-26,0.006982260146166652,2.668536221712884,48.54008315389844,0.013686232294592315,0.007656633451510686,5.3901337898090675,0.013686232294592315,0.007656633451510686
2027,SA2_AR6_dynamic_v32_split,SSP1-2.6,S1,"NATO→3.5%, nonNATO holds",0.055,150.8831409610859,46.73312797844958,104.15001298263633,0.3097306145721242,0.028005016140972137,0.024070130675639158,1.308762003354597,2.506904422361571,3.8156664257161683,0.6976527219887668,0.307357492904142,0.31711487363125757,0.8924916248579884,2.6620100681020338,45.20229026093499,47.86430032903702,47.847288178961975,0.05561577312950122,AR6 World GDP level and trajectory (unrebased),SSP Basic Drivers v3.2 / OECD ENV-Growth 2025,IMAGE 3.0.1,SSP1-26,0.01701215007504686,2.6292430304390253,47.84596911915562,0.03276703766300848,0.0183312098814028,8.052143857911101,0.046453269957600796,0.025987843332913485
2028,SA2_AR6_dynamic_v32_split,SSP1-2.6,S1,"NATO→3.5%, nonNATO holds",0.055,157.44592705596344,48.17809427302516,109.26783278293829,0.3059977172728036,0.028820930945768986,0.024070130675639158,1.3885375281416064,2.6300910137292126,4.018628541870819,0.6588900561684657,0.29028023453575763,0.2994954800765753,0.842903407810446,2.6478343856734634,44.53691219685851,47.18474658253197,47.15434350972723,0.05611632100306129,AR6 World GDP level and trajectory (unrebased),SSP Basic Drivers v3.2 / OECD ENV-Growth 2025,IMAGE 3.0.1,SSP1-26,0.03040307280474508,2.590030631288584,47.15240881784113,0.05780375438487928,0.03233776469084404,10.699978243584564,0.10425702434248008,0.058325608023757525
2029,SA2_AR6_dynamic_v32_split,SSP1-2.6,S1,"NATO→3.5%, nonNATO holds",0.055,164.2941669202464,49.669964719013336,114.62420220123306,0.3023233608964627,0.029845109579542582,0.024070130675639158,1.482405539850967,2.7590195255745655,4.241425065425533,0.6221537481536524,0.27409570722853216,0.28279715825166013,0.7959074652762288,2.638818501967346,43.86976947256281,46.50858797453015,46.46192352236958,0.05673830612557969,AR6 World GDP level and trajectory (unrebased),SSP Basic Drivers v3.2 / OECD ENV-Growth 2025,IMAGE 3.0.1,SSP1-26,0.046664452160570136,2.5508979165213614,46.45940163302192,0.08792058544598458,0.04918634150823209,13.33879674555191,0.19217760978846465,0.10751194953198961
2030,SA2_AR6_dynamic_v32_split,SSP1-2.6,S1,"NATO→3.5%, nonNATO holds",0.055,171.44027659999995,51.210350355708485,120.22992624429146,0.2987066480019229,0.030999999999995285,0.024070130675639158,1.5875208610267215,2.893950035822553,4.481470896849275,0.5873419249771357,0.2587590298850318,0.26697360226233435,0.7513734734321051,2.632155743284464,43.20209859451078,45.834254337795244,45.77002821675297,0.05742769859166161,AR6 World GDP level and trajectory (unrebased),SSP Basic Drivers v3.2 / OECD ENV-Growth 2025,IMAGE 3.0.1,SSP1-26,0.06422612104227454,2.511843800257904,45.76694695708109,0.12031194302655956,0.06730738071415487,15.970952488836375,0.3124895528150242,0.1748193302461445
2031,SA2_AR6_dynamic_v32_split,SSP1-2.6,S1,"NATO→3.5%, nonNATO holds",0.055,177.7089843520823,52.45723246827724,125.25175188380506,0.2951861587613793,0.03215489042044799,0.024070130675639158,1.686756561777421,3.0148260351959206,4.701582596973342,0.5532170853428023,0.24372500962654928,0.2514623115194556,0.7077183243681919,2.6009958207960358,42.16623065822821,44.767226479024245,44.687111982949375,0.05810044591470808,AR6 World GDP level and trajectory (unrebased),SSP Basic Drivers v3.2 / OECD ENV-Growth 2025,IMAGE 3.0.1,SSP1-26,0.08011449607487009,2.451399677790438,44.68353632909105,0.14959614300559787,0.08369014993319723,18.57194830963241,0.4620856958206221,0.2585094801793417
2032,SA2_AR6_dynamic_v32_split,SSP1-2.6,S1,"NATO→3.5%, nonNATO holds",0.055,184.20690718512637,53.735867189565425,130.47103999556094,0.29171472454917957,0.033179069054221584,0.024070130675639158,1.7829060481710712,3.140454982079695,4.923361030250766,0.5207774535212345,0.22943342357928512,0.2367170243278338,0.6662190242125305,2.5639754200996756,41.13363778574789,43.69761320584756,43.60491092949658,0.0586754111264953,AR6 World GDP level and trajectory (unrebased),SSP Basic Drivers v3.2 / OECD ENV-Growth 2025,IMAGE 3.0.1,SSP1-26,0.09270227635097683,2.3910577065644403,43.600876023450226,0.17291771353523533,0.09673718239733375,21.135923729732085,0.6350034093558574,0.3552466625766755
2033,SA2_AR6_dynamic_v32_split,SSP1-2.6,S1,"NATO→3.5%, nonNATO holds",0.055,190.94242634059682,55.047108440212476,135.89531790038436,0.2882916567846543,0.03399498385901843,0.024070130675639158,1.8713255629106604,3.2710180600697765,5.142343622980437,0.4899462991174637,0.21585046744335812,0.2227028632352107,0.6267774134758466,2.519472226869555,40.105034705612105,42.62450693248166,42.52342505912923,0.05910853657170664,AR6 World GDP level and trajectory (unrebased),SSP Basic Drivers v3.2 / OECD ENV-Growth 2025,IMAGE 3.0.1,SSP1-26,0.10108187335242746,2.330816623427367,42.51896533615036,0.188655603442188,0.10554159633129956,23.65539595660164,0.8236590127980454,0.46078825890797503
2034,SA2_AR6_dynamic_v32_split,SSP1-2.6,S1,"NATO→3.5%, nonNATO holds",0.055,197.92422951976133,56.391834602579834,141.53239491718148,0.2849162769985648,0.034591224067421655,0.024070130675639158,1.950662586310821,3.4067032404927255,5.357365826803546,0.4606502187228109,0.2029438026541055,0.20938646305582312,0.5892995888084974,2.467871739895166,39.08025158302366,41.548123322918826,41.44265437219176,0.05939791120562685,AR6 World GDP level and trajectory (unrebased),SSP Basic Drivers v3.2 / OECD ENV-Growth 2025,IMAGE 3.0.1,SSP1-26,0.10546895072706519,2.270675188340875,41.43780357379754,0.19719655155429106,0.11031974912128817,26.123267696496807,1.0208555643523365,0.5711080080292632
2035,SA2_AR6_dynamic_v32_split,SSP1-2.6,S1,"NATO→3.5%, nonNATO holds",0.055,205.16132208938131,57.770949270489076,147.39037281889225,0.2815879166801254,0.03499999999999057,0.024070130675639158,2.021983224466573,3.5477055340819104,5.569688758548484,0.4328189962923145,0.19068249487004066,0.19673590740559746,0.5536957243844183,2.410667098135542,38.05863059870956,40.4692976968451,40.36259886578648,0.059567801650372405,AR6 World GDP level and trajectory (unrebased),SSP Basic Drivers v3.2 / OECD ENV-Growth 2025,IMAGE 3.0.1,SSP1-26,0.10669883105862255,2.2106321839109193,40.35739005252364,0.20003491422462272,0.11190764432146239,28.533934794632348,1.2208904785769592,0.6830156523507256
2025,SA2_AR6_dynamic_v32_split,SSP1-2.6,S2,"NATO→3.5%, nonNATO→3.5%",0.055,138.56683200039697,43.97774514368174,94.58908685671523,0.31737569885090355,0.027,0.024070130675639158,1.1873991188794069,2.276771681130518,3.4641708000099247,0.7816910574368426,0.3443813749546929,0.3553141170167466,1.0,2.707911335801591,46.52684022422733,49.23475156002892,49.23475156002892,0.055000000000000014,AR6 World GDP level and trajectory (unrebased),SSP Basic Drivers v3.2 / OECD ENV-Growth 2025,IMAGE 3.0.1,SSP1-26,0.0,2.707911335801591,49.23475156002892,0.0,0.0,2.707911335801591,0.0,0.0
2026,SA2_AR6_dynamic_v32_split,SSP1-2.6,S2,"NATO→3.5%, nonNATO→3.5%",0.055,144.59391012503605,45.33351151158073,99.26039861345532,0.3135229656102325,0.02740877593256891,0.0246286141163794,1.2425360592574497,2.444646054488792,3.6871821137462417,0.7385488535962761,0.32537466976619156,0.33570402436194363,0.9448091372798489,2.723164123107981,45.84748009450799,48.57064421761597,48.54075752720379,0.0560660490914453,AR6 World GDP level and trajectory (unrebased),SSP Basic Drivers v3.2 / OECD ENV-Growth 2025,IMAGE 3.0.1,SSP1-26,0.029886690412183725,2.668536221712884,48.54008315389844,0.05462790139509677,0.03056106371752776,5.4310754589095716,0.05462790139509677,0.03056106371752776
2027,SA2_AR6_dynamic_v32_split,SSP1-2.6,S2,"NATO→3.5%, nonNATO→3.5%",0.055,150.8831409610859,46.73312797844958,104.15001298263633,0.3097306145721242,0.028005016140972137,0.025443217561851517,1.308762003354597,2.649911439386876,3.958673442741473,0.6976527219887668,0.307357492904142,0.31711487363125757,0.8924916248579884,2.761779302793231,45.158335982714384,47.92011528550761,47.847288178961975,0.05763298536196282,AR6 World GDP level and trajectory (unrebased),SSP Basic Drivers v3.2 / OECD ENV-Growth 2025,IMAGE 3.0.1,SSP1-26,0.07282710654563829,2.6292430304390253,47.84596911915562,0.13253627235420584,0.07414616635199422,8.192854761702803,0.1871641737493026,0.10470723006952198
2028,SA2_AR6_dynamic_v32_split,SSP1-2.6,S2,"NATO→3.5%, nonNATO→3.5%",0.055,157.44592705596344,48.17809427302516,109.26783278293829,0.3059977172728036,0.028820930945768986,0.026557947836381636,1.3885375281416064,2.9019294032437464,4.290466931385353,0.6588900561684657,0.29028023453575763,0.2994954800765753,0.842903407810446,2.82694599740944,44.45800288539441,47.284948882803846,47.15434350972723,0.059785324171885014,AR6 World GDP level and trajectory (unrebased),SSP Basic Drivers v3.2 / OECD ENV-Growth 2025,IMAGE 3.0.1,SSP1-26,0.13060537307661946,2.590030631288584,47.15240881784113,0.23691536612085606,0.13254006496271842,11.019800759112243,0.4240795398701587,0.2372472950322404
2029,SA2_AR6_dynamic_v32_split,SSP1-2.6,S2,"NATO→3.5%, nonNATO→3.5%",0.055,164.2941669202464,49.669964719013336,114.62420220123306,0.3023233608964627,0.029845109579542582,0.027957215165375113,1.482405539850967,3.2045734840993365,4.686979023950304,0.6221537481536524,0.27409570722853216,0.28279715825166013,0.7959074652762288,2.916021567268229,43.7476450451925,46.66366661246073,46.46192352236958,0.062490193740788375,AR6 World GDP level and trajectory (unrebased),SSP Basic Drivers v3.2 / OECD ENV-Growth 2025,IMAGE 3.0.1,SSP1-26,0.2017430900911492,2.5508979165213614,46.45940163302192,0.3651236507468676,0.20426497943881117,13.935822326380473,0.7892031906170263,0.44151227447105157
2030,SA2_AR6_dynamic_v32_split,SSP1-2.6,S2,"NATO→3.5%, nonNATO→3.5%",0.055,171.44027659999995,51.210350355708485,120.22992624429146,0.2987066480019229,0.030999999999995285,0.029535065337813138,1.5875208610267215,3.5509987271856027,5.138519588212324,0.5873419249771357,0.2587590298850318,0.26697360226233435,0.7513734734321051,3.0180679864733446,43.03208131254645,46.0501492990198,45.77002821675297,0.0655387231619157,AR6 World GDP level and trajectory (unrebased),SSP Basic Drivers v3.2 / OECD ENV-Growth 2025,IMAGE 3.0.1,SSP1-26,0.28012108226683097,2.511843800257904,45.76694695708109,0.5062241862154404,0.2832023419387113,16.953890312853815,1.2954273768324667,0.7247146164097629
2031,SA2_AR6_dynamic_v32_split,SSP1-2.6,S2,"NATO→3.5%, nonNATO→3.5%",0.055,177.7089843520823,52.45723246827724,125.25175188380506,0.2951861587613793,0.03215489042044799,0.031112915510251166,1.686756561777421,3.896947173871769,5.583703735649189,0.5532170853428023,0.24372500962654928,0.2514623115194556,0.7077183243681919,3.089000306053562,41.95123567521266,45.04023598126622,44.687111982949375,0.06858312881261064,AR6 World GDP level and trajectory (unrebased),SSP Basic Drivers v3.2 / OECD ENV-Growth 2025,IMAGE 3.0.1,SSP1-26,0.35312399831684615,2.451399677790438,44.68353632909105,0.6376006282631241,0.3566996521751733,20.04289061890738,1.9330280050955908,1.0814142685849362
2032,SA2_AR6_dynamic_v32_split,SSP1-2.6,S2,"NATO→3.5%, nonNATO→3.5%",0.055,184.20690718512637,53.735867189565425,130.47103999556094,0.29171472454917957,0.033179069054221584,0.03251218283924464,1.7829060481710712,4.241898307562077,6.024804355733148,0.5207774535212345,0.22943342357928512,0.2367170243278338,0.6662190242125305,3.137582270342351,40.88092987270391,44.01851214304626,43.60491092949658,0.07127869883802977,AR6 World GDP level and trajectory (unrebased),SSP Basic Drivers v3.2 / OECD ENV-Growth 2025,IMAGE 3.0.1,SSP1-26,0.4136012135496756,2.3910577065644403,43.600876023450226,0.7465245637779105,0.41763611959603253,23.180472889249728,2.6795525688735014,1.4990503881809687
2033,SA2_AR6_dynamic_v32_split,SSP1-2.6,S2,"NATO→3.5%, nonNATO→3.5%",0.055,190.94242634059682,55.047108440212476,135.89531790038436,0.2882916567846543,0.03399498385901843,0.03362691311377476,1.8713255629106604,4.569740047605025,6.441065610515686,0.4899462991174637,0.21585046744335812,0.2227028632352107,0.6267774134758466,3.155776258244927,39.82470495752365,42.98048121576858,42.52342505912923,0.07342347430691733,AR6 World GDP level and trajectory (unrebased),SSP Basic Drivers v3.2 / OECD ENV-Growth 2025,IMAGE 3.0.1,SSP1-26,0.4570561566393465,2.330816623427367,42.51896533615036,0.8249596348175601,0.4615158796182186,26.336249147494655,3.5045122036910614,1.9605662677991873
2034,SA2_AR6_dynamic_v32_split,SSP1-2.6,S2,"NATO→3.5%, nonNATO→3.5%",0.055,197.92422951976133,56.391834602579834,141.53239491718148,0.2849162769985648,0.034591224067421655,0.034441516559246876,1.950662586310821,4.874590323209974,6.8252529095207946,0.4606502187228109,0.2029438026541055,0.20938646305582312,0.5892995888084974,3.1440542456092557,38.78235299659018,41.92640724219943,41.44265437219176,0.07498983224216568,AR6 World GDP level and trajectory (unrebased),SSP Basic Drivers v3.2 / OECD ENV-Growth 2025,IMAGE 3.0.1,SSP1-26,0.4837528700076703,2.270675188340875,41.43780357379754,0.8733790572683806,0.4886036684018933,29.480303393103913,4.3778912609594425,2.4491699362010806
2035,SA2_AR6_dynamic_v32_split,SSP1-2.6,S2,"NATO→3.5%, nonNATO→3.5%",0.055,205.16132208938131,57.770949270489076,147.39037281889225,0.2815879166801254,0.03499999999999057,0.03499999999998712,2.021983224466573,5.15866304865933,7.180646273125903,0.4328189962923145,0.19068249487004066,0.19673590740559746,0.5536957243844183,3.107920112664502,37.7514492007003,40.8593693133648,40.36259886578648,0.07606382978720927,AR6 World GDP level and trajectory (unrebased),SSP Basic Drivers v3.2 / OECD ENV-Growth 2025,IMAGE 3.0.1,SSP1-26,0.4967704475783208,2.2106321839109193,40.35739005252364,0.8972879287535829,0.5019792608411606,32.58822350576841,5.275179189713025,2.951149197042241
2025,SA2_AR6_dynamic_v32_split,SSP1-2.6,S3,"NATO→5%, nonNATO→3.5%",0.055,138.56683200039697,43.97774514368174,94.58908685671523,0.31737569885090355,0.027,0.024070130675639158,1.1873991188794069,2.276771681130518,3.4641708000099247,0.7816910574368426,0.3443813749546929,0.3553141170167466,1.0,2.707911335801591,46.52684022422733,49.23475156002892,49.23475156002892,0.055000000000000014,AR6 World GDP level and trajectory (unrebased),SSP Basic Drivers v3.2 / OECD ENV-Growth 2025,IMAGE 3.0.1,SSP1-26,0.0,2.707911335801591,49.23475156002892,0.0,0.0,2.707911335801591,0.0,0.0
2026,SA2_AR6_dynamic_v32_split,SSP1-2.6,S3,"NATO→5%, nonNATO→3.5%",0.055,144.59391012503605,45.33351151158073,99.26039861345532,0.3135229656102325,0.02817523080613562,0.0246286141163794,1.2772821500913931,2.444646054488792,3.721928204580185,0.7385488535962761,0.32537466976619156,0.33570402436194363,0.9448091372798489,2.748825808660342,45.83617459667723,48.585000405337574,48.54075752720379,0.05657766359426344,AR6 World GDP level and trajectory (unrebased),SSP Basic Drivers v3.2 / OECD ENV-Growth 2025,IMAGE 3.0.1,SSP1-26,0.04424287813378669,2.668536221712884,48.54008315389844,0.0802895869474578,0.04491725143913072,5.456737144461933,0.0802895869474578,0.04491725143913072
2027,SA2_AR6_dynamic_v32_split,SSP1-2.6,S3,"NATO→5%, nonNATO→3.5%",0.055,150.8831409610859,46.73312797844958,104.15001298263633,0.3097306145721242,0.029889421405294894,0.025443217561851517,1.3968261557354567,2.649911439386876,4.046737595122333,0.6976527219887668,0.307357492904142,0.31711487363125757,0.8924916248579884,2.823217498411372,45.13126880562388,47.95448630403526,47.847288178961975,0.05887285457531436,AR6 World GDP level and trajectory (unrebased),SSP Basic Drivers v3.2 / OECD ENV-Growth 2025,IMAGE 3.0.1,SSP1-26,0.10719812507328186,2.6292430304390253,47.84596911915562,0.19397446797234652,0.1085171848796378,8.279954642873305,0.2742640549198043,0.15343443631876852
2028,SA2_AR6_dynamic_v32_split,SSP1-2.6,S3,"NATO→5%, nonNATO→3.5%",0.055,157.44592705596344,48.17809427302516,109.26783278293829,0.3059977172728036,0.03223517646908584,0.026557947836381636,1.5530293708352196,2.9019294032437464,4.454958774078966,0.6588900561684657,0.29028023453575763,0.2994954800765753,0.842903407810446,2.935328036881089,44.41025415471808,47.34558219159917,47.15434350972723,0.06199792886699201,AR6 World GDP level and trajectory (unrebased),SSP Basic Drivers v3.2 / OECD ENV-Growth 2025,IMAGE 3.0.1,SSP1-26,0.19123868187194404,2.590030631288584,47.15240881784113,0.3452974055925049,0.193173373758043,11.215282679754393,0.6195614605123092,0.3466078100768115
2029,SA2_AR6_dynamic_v32_split,SSP1-2.6,S3,"NATO→5%, nonNATO→3.5%",0.055,164.2941669202464,49.669964719013336,114.62420220123306,0.3023233608964627,0.03517969004118492,0.027957215165375113,1.74737396317148,3.2045734840993365,4.9519474472708165,0.6221537481536524,0.27409570722853216,0.28279715825166013,0.7959074652762288,3.0808726649794496,43.675018337809234,46.75589100278869,46.46192352236958,0.06589271638082345,AR6 World GDP level and trajectory (unrebased),SSP Basic Drivers v3.2 / OECD ENV-Growth 2025,IMAGE 3.0.1,SSP1-26,0.2939674804191057,2.5508979165213614,46.45940163302192,0.5299747484580881,0.29648936976676765,14.296155344733844,1.1495362089703973,0.6430971798435792
2030,SA2_AR6_dynamic_v32_split,SSP1-2.6,S3,"NATO→5%, nonNATO→3.5%",0.055,171.44027659999995,51.210350355708485,120.22992624429146,0.2987066480019229,0.03849999999998644,0.029535065337813138,1.9715984886940823,3.5509987271856027,5.522597215879685,0.5873419249771357,0.2587590298850318,0.26697360226233435,0.7513734734321051,3.243652879648144,42.9326977582107,46.176350637858846,45.77002821675297,0.07024489451508871,AR6 World GDP level and trajectory (unrebased),SSP Basic Drivers v3.2 / OECD ENV-Growth 2025,IMAGE 3.0.1,SSP1-26,0.4063224211058767,2.511843800257904,45.76694695708109,0.7318090793902399,0.409403680777757,17.539808224381986,1.8813452883606372,1.0525008606213362
2031,SA2_AR6_dynamic_v32_split,SSP1-2.6,S3,"NATO→5%, nonNATO→3.5%",0.055,177.7089843520823,52.45723246827724,125.25175188380506,0.2951861587613793,0.041820309958787966,0.031112915510251166,2.19377772140355,3.896947173871769,6.090724895275319,0.5532170853428023,0.24372500962654928,0.2514623115194556,0.7077183243681919,3.369493074189057,41.82766193820191,45.19715501239097,44.687111982949375,0.07455099935527573,AR6 World GDP level and trajectory (unrebased),SSP Basic Drivers v3.2 / OECD ENV-Growth 2025,IMAGE 3.0.1,SSP1-26,0.5100430294415972,2.451399677790438,44.68353632909105,0.9180933963986191,0.5136186832999243,20.909301298571044,2.7994386847592563,1.5661195439212605
2032,SA2_AR6_dynamic_v32_split,SSP1-2.6,S3,"NATO→5%, nonNATO→3.5%",0.055,184.20690718512637,53.735867189565425,130.47103999556094,0.29171472454917957,0.04476482353088705,0.03251218283924464,2.4054766120200797,4.241898307562077,6.647374919582157,0.5207774535212345,0.22943342357928512,0.2367170243278338,0.6662190242125305,3.4618029832209167,40.73809137682035,44.19989436004127,43.60491092949658,0.07832152165391927,AR6 World GDP level and trajectory (unrebased),SSP Basic Drivers v3.2 / OECD ENV-Growth 2025,IMAGE 3.0.1,SSP1-26,0.594983430544687,2.3910577065644403,43.600876023450226,1.0707452766564765,0.599018336591044,24.37110428179196,3.8701839614157327,2.1651378805123045
2033,SA2_AR6_dynamic_v32_split,SSP1-2.6,S3,"NATO→5%, nonNATO→3.5%",0.055,190.94242634059682,55.047108440212476,135.89531790038436,0.2882916567846543,0.04711057859467799,0.03362691311377476,2.5933011285823917,4.569740047605025,7.163041176187416,0.4899462991174637,0.21585046744335812,0.2227028632352107,0.6267774134758466,3.5095055146990286,39.66886619419073,43.178371708889756,42.52342505912923,0.081279246432919,AR6 World GDP level and trajectory (unrebased),SSP Basic Drivers v3.2 / OECD ENV-Growth 2025,IMAGE 3.0.1,SSP1-26,0.6549466497605252,2.330816623427367,42.51896533615036,1.1786888912716615,0.6594063727393973,27.88060979649099,5.048872852687394,2.8245442532517018
2034,SA2_AR6_dynamic_v32_split,SSP1-2.6,S3,"NATO→5%, nonNATO→3.5%",0.055,197.92422951976133,56.391834602579834,141.53239491718148,0.2849162769985648,0.04882476919383726,0.034441516559246876,2.753318308888006,4.874590323209974,7.62790863209798,0.4606502187228109,0.2029438026541055,0.20938646305582312,0.5892995888084974,3.513797779773552,38.619458992028285,42.13325677180184,41.44265437219176,0.08339725074671182,AR6 World GDP level and trajectory (unrebased),SSP Basic Drivers v3.2 / OECD ENV-Growth 2025,IMAGE 3.0.1,SSP1-26,0.6906023996100785,2.270675188340875,41.43780357379754,1.2431225914326767,0.6954531980043015,31.39440757626454,6.2919954441200705,3.5199974512560033
2035,SA2_AR6_dynamic_v32_split,SSP1-2.6,S3,"NATO→5%, nonNATO→3.5%",0.055,205.16132208938131,57.770949270489076,147.39037281889225,0.2815879166801254,0.049999999999972886,0.03499999999998712,2.8885474635228876,5.15866304865933,8.047210512182218,0.4328189962923145,0.19068249487004066,0.19673590740559746,0.5536957243844183,3.4829855768356697,37.58621056963189,41.069196146467554,40.36259886578648,0.08480773678681433,AR6 World GDP level and trajectory (unrebased),SSP Basic Drivers v3.2 / OECD ENV-Growth 2025,IMAGE 3.0.1,SSP1-26,0.7065972806810734,2.2106321839109193,40.35739005252364,1.2723533929247504,0.7118060939439133,34.877393153100215,7.564348837044822,4.2318035451999165
2025,SA2_AR6_dynamic_v32_split,SSP2-4.5,S0,Baseline,0.055,132.3421461836991,42.00214329316893,90.34000289053017,0.3173754129305667,0.027,0.024070131902827918,1.134057868915561,2.1744957856769167,3.308553654592478,0.9100880620821836,0.40094788749075233,0.41367639185553806,1.0,3.0110751838029945,51.73574633988782,54.74682152369081,54.74682152369081,0.055,AR6 World GDP level and trajectory (unrebased),SSP Basic Drivers v3.2 / OECD ENV-Growth 2025,MESSAGE-GLOBIOM 1.0,SSP2-45,0.0,3.0110751838029945,54.74682152369081,0.0,0.0,3.0110751838029945,0.0,0.0
2026,SA2_AR6_dynamic_v32_split,SSP2-4.5,S0,Baseline,0.055,136.9984651539472,42.952745856388574,94.04571929755862,0.313527204907894,0.027,0.024070131902827918,1.1597241381224914,2.263692868388565,3.4234170065110563,0.8836639841685245,0.3893065105078116,0.40166544734932935,0.9709653614693026,3.0251503114438436,52.00163588519129,55.026786196635136,55.02754979223171,0.05497595844746663,AR6 World GDP level and trajectory (unrebased),SSP Basic Drivers v3.2 / OECD ENV-Growth 2025,MESSAGE-GLOBIOM 1.0,SSP2-45,-0.0007635955965739072,3.0251503114438436,55.026786196635136,0.0,0.0,6.036225495246838,0.0,0.0
2027,SA2_AR6_dynamic_v32_split,SSP2-4.5,S0,Baseline,0.055,141.81861180100074,43.92675167777622,97.89186012322452,0.3097389765696906,0.027,0.024070131902827918,1.1860222952999577,2.3562699853791944,3.542292280679152,0.857981088680002,0.37799166843944154,0.3899914039454555,0.9427451303086358,3.0392197873998663,52.26729672115167,55.30651650855154,55.308039521867826,0.05495229096430146,AR6 World GDP level and trajectory (unrebased),SSP Basic Drivers v3.2 / OECD ENV-Growth 2025,MESSAGE-GLOBIOM 1.0,SSP2-45,-0.0015230133162873472,3.0392197873998663,55.30651650855154,0.0,0.0,9.075445282646704,0.0,0.0
2028,SA2_AR6_dynamic_v32_split,SSP2-4.5,S0,Baseline,0.055,146.8083502290495,44.924795441758356,101.88355478729113,0.30600981055687204,0.027,0.024070131902827918,1.2129694769274757,2.4523506024590924,3.665320079386568,0.8330196434049916,0.3669946680735278,0.3786452924568144,0.9153176248671279,3.0532836254957543,52.532728836814535,55.586012462310286,55.58829070758088,0.05492899184963146,AR6 World GDP level and trajectory (unrebased),SSP Basic Drivers v3.2 / OECD ENV-Growth 2025,MESSAGE-GLOBIOM 1.0,SSP2-45,-0.0022782452705953915,3.0532836254957543,55.586012462310286,0.0,0.0,12.12872890814246,0.0,0.0
2029,SA2_AR6_dynamic_v32_split,SSP2-4.5,S0,Baseline,0.055,151.97364734621675,45.94753090707104,106.02611643914571,0.30233880484816084,0.027,0.024070131902827918,1.240583334490918,2.5520626078348285,3.7926459423257466,0.8087603972561511,0.35630702816180093,0.3676183623891596,0.8886616921507511,3.0673418389673004,52.79793224026005,55.865274079227355,55.868303363723854,0.05490605549732449,AR6 World GDP level and trajectory (unrebased),SSP Basic Drivers v3.2 / OECD ENV-Growth 2025,MESSAGE-GLOBIOM 1.0,SSP2-45,-0.003029284496498974,3.0673418389673004,55.865274079227355,0.0,0.0,15.19607074710976,0.0,0.0
2030,SA2_AR6_dynamic_v32_split,SSP2-4.5,S0,Baseline,0.055,157.32067999999987,46.99563153786879,110.32504846213108,0.29872507249440333,0.027,0.024070131902827918,1.2688820515224573,2.6555384686693775,3.924420520191835,0.7851845698105682,0.345920474811649,0.356902077186622,0.8627566963290897,3.081394437902592,53.06290691358611,56.14430135148871,56.14807747641181,0.054883476394365825,AR6 World GDP level and trajectory (unrebased),SSP Basic Drivers v3.2 / OECD ENV-Growth 2025,MESSAGE-GLOBIOM 1.0,SSP2-45,-0.003776124923099644,3.081394437902592,56.14430135148871,0.0,0.0,18.27746518501235,0.0,0.0
2031,SA2_AR6_dynamic_v32_split,SSP2-4.5,S0,Baseline,0.055,161.48654563007247,47.69202573763901,113.79451989243347,0.2953312646051032,0.027,0.024070131902827918,1.2876846949162533,2.739049103629849,4.026733798546102,0.7646412808910803,0.33686993493802847,0.3475642185868547,0.8401838379702106,3.079006889527697,53.04347656704049,56.12248345656819,56.12694504420659,0.054862270874211486,AR6 World GDP level and trajectory (unrebased),SSP Basic Drivers v3.2 / OECD ENV-Growth 2025,MESSAGE-GLOBIOM 1.0,SSP2-45,-0.004461587638402875,3.079006889527697,56.12248345656819,0.0,0.0,21.356472074540047,0.0,0.0
2032,SA2_AR6_dynamic_v32_split,SSP2-4.5,S0,Baseline,0.055,165.76272375337751,48.39990092213574,117.36282283124177,0.29198302143095406,0.027,0.024070131902827918,1.306797324897665,2.8249386260362135,4.131735950933878,0.7446365088291103,0.3280566437498878,0.3384711403768683,0.8182026991162393,3.076641433907127,53.02411938444871,56.10076081835584,56.105898140781484,0.05484134954726796,AR6 World GDP level and trajectory (unrebased),SSP Basic Drivers v3.2 / OECD ENV-Growth 2025,MESSAGE-GLOBIOM 1.0,SSP2-45,-0.005137322425646573,3.076641433907127,56.10076081835584,0.0,0.0,24.433113508447175,0.0,0.0
2033,SA2_AR6_dynamic_v32_split,SSP2-4.5,S0,Baseline,0.055,170.15213545456908,49.119472846077905,121.03266260849117,0.28867973190493923,0.027,0.024070131902827918,1.3262257668441033,2.913272153536851,4.239497920380954,0.7251561112405603,0.3194743706864008,0.3296164142002547,0.7967977401895385,3.0742978255558953,53.004835465155665,56.07913329071156,56.08493675705109,0.05482070861578551,AR6 World GDP level and trajectory (unrebased),SSP Basic Drivers v3.2 / OECD ENV-Growth 2025,MESSAGE-GLOBIOM 1.0,SSP2-45,-0.005803466339528995,3.0742978255558953,56.07913329071156,0.0,0.0,27.50741133400307,0.0,0.0
2034,SA2_AR6_dynamic_v32_split,SSP2-4.5,S0,Baseline,0.055,174.65777916888334,49.85096192227519,124.80681724660815,0.28542079350540905,0.027,0.024070131902827918,1.3459759719014301,3.0041165534979966,4.350092525399427,0.7061863179461751,0.31111704916509825,0.3209937808846251,0.7759538305892034,3.071975823237,52.985624918654935,56.05760074189193,56.064060896331775,0.05480034433477471,AR6 World GDP level and trajectory (unrebased),SSP Basic Drivers v3.2 / OECD ENV-Growth 2025,MESSAGE-GLOBIOM 1.0,SSP2-45,-0.0064601544398428246,3.071975823237,56.05760074189193,0.0,0.0,30.57938715724007,0.0,0.0
2035,SA2_AR6_dynamic_v32_split,SSP2-4.5,S0,Baseline,0.055,179.28273273038877,50.59459333516991,128.68813939521885,0.28220561213363315,0.027,0.024070131902827918,1.3660540200495876,3.0975404895724234,4.463594509622011,0.6877137211119276,0.3029787722381221,0.3125971459599672,0.7556562378573702,3.0696751897469228,52.96648786185448,56.036163051601406,56.04327057142313,0.05478025301125962,AR6 World GDP level and trajectory (unrebased),SSP Basic Drivers v3.2 / OECD ENV-Growth 2025,MESSAGE-GLOBIOM 1.0,SSP2-45,-0.007107519821722974,3.0696751897469228,56.036163051601406,0.0,0.0,33.649062346986994,0.0,0.0
2025,SA2_AR6_dynamic_v32_split,SSP2-4.5,S1,"NATO→3.5%, nonNATO holds",0.055,132.3421461836991,42.00214329316893,90.34000289053017,0.3173754129305667,0.027,0.024070131902827918,1.134057868915561,2.1744957856769167,3.308553654592478,0.9100880620821836,0.40094788749075233,0.41367639185553806,1.0,3.0110751838029945,51.73574633988782,54.74682152369081,54.74682152369081,0.055,AR6 World GDP level and trajectory (unrebased),SSP Basic Drivers v3.2 / OECD ENV-Growth 2025,MESSAGE-GLOBIOM 1.0,SSP2-45,0.0,3.0110751838029945,54.74682152369081,0.0,0.0,3.0110751838029945,0.0,0.0
2026,SA2_AR6_dynamic_v32_split,SSP2-4.5,S1,"NATO→3.5%, nonNATO holds",0.055,136.9984651539472,42.952745856388574,94.04571929755862,0.313527204907894,0.02740877593256891,0.024070131902827918,1.1772821868663321,2.263692868388565,3.440975055254897,0.8836639841685245,0.3893065105078116,0.40166544734932935,0.9709653614693026,3.040665726751051,51.994800422503495,55.035466149254546,55.02754979223171,0.05524920454938741,AR6 World GDP level and trajectory (unrebased),SSP Basic Drivers v3.2 / OECD ENV-Growth 2025,MESSAGE-GLOBIOM 1.0,SSP2-45,0.007916357022835996,3.0251503114438436,55.026786196635136,0.015515415307207459,0.008679952619409903,6.051740910554045,0.015515415307207459,0.008679952619409903
2027,SA2_AR6_dynamic_v32_split,SSP2-4.5,S1,"NATO→3.5%, nonNATO holds",0.055,141.81861180100074,43.92675167777622,97.89186012322452,0.3097389765696906,0.028005016140972137,0.024070131902827918,1.230169389756598,2.3562699853791944,3.586439375135792,0.857981088680002,0.37799166843944154,0.3899914039454555,0.9427451303086358,3.077097159563833,52.25060948726126,55.32770664682509,55.308039521867826,0.05561584504497817,AR6 World GDP level and trajectory (unrebased),SSP Basic Drivers v3.2 / OECD ENV-Growth 2025,MESSAGE-GLOBIOM 1.0,SSP2-45,0.01966712495726597,3.0392197873998663,55.30651650855154,0.037877372163966694,0.021190138273553316,9.12883807011788,0.05339278747117415,0.02987009089296322
2028,SA2_AR6_dynamic_v32_split,SSP2-4.5,S1,"NATO→3.5%, nonNATO holds",0.055,146.8083502290495,44.924795441758356,101.88355478729113,0.30600981055687204,0.028820930945768986,0.024070131902827918,1.2947744271797148,2.4523506024590924,3.7471250296388074,0.8330196434049916,0.3669946680735278,0.3786452924568144,0.9153176248671279,3.121428755983638,52.502706856249944,55.62413561223358,55.58829070758088,0.05611644516588466,AR6 World GDP level and trajectory (unrebased),SSP Basic Drivers v3.2 / OECD ENV-Growth 2025,MESSAGE-GLOBIOM 1.0,SSP2-45,0.03584490465269852,3.0532836254957543,55.586012462310286,0.06814513048788351,0.03812314992329391,12.250266826101516,0.12153791795905766,0.06799324081625713
2029,SA2_AR6_dynamic_v32_split,SSP2-4.5,S1,"NATO→3.5%, nonNATO holds",0.055,151.97364734621675,45.94753090707104,106.02611643914571,0.30233880484816084,0.029845109579542582,0.024070131902827918,1.3713090948309548,2.5520626078348285,3.9233717026657833,0.8087603972561511,0.35630702816180093,0.3676183623891596,0.8886616921507511,3.173067656831521,52.75135373308911,55.92442138992063,55.868303363723854,0.05673849774337422,AR6 World GDP level and trajectory (unrebased),SSP Basic Drivers v3.2 / OECD ENV-Growth 2025,MESSAGE-GLOBIOM 1.0,SSP2-45,0.05611802619677775,3.0673418389673004,55.865274079227355,0.10572581786422042,0.05914731069327672,15.423334482933036,0.22726373582327808,0.12714055150953385
2030,SA2_AR6_dynamic_v32_split,SSP2-4.5,S1,"NATO→3.5%, nonNATO holds",0.055,157.32067999999987,46.99563153786879,110.32504846213108,0.29872507249440333,0.030999999999995285,0.024070131902827918,1.4568645776737108,2.6555384686693775,4.112403046343088,0.7851845698105682,0.345920474811649,0.356902077186622,0.8627566963290897,3.2289954168305677,52.997879908883576,56.22687532571415,56.14807747641181,0.057427971910682656,AR6 World GDP level and trajectory (unrebased),SSP Basic Drivers v3.2 / OECD ENV-Growth 2025,MESSAGE-GLOBIOM 1.0,SSP2-45,0.07879784930234024,3.081394437902592,56.14430135148871,0.14760097892797575,0.08257397422543988,18.652329899763604,0.3748647147512538,0.20971452573497373
2031,SA2_AR6_dynamic_v32_split,SSP2-4.5,S1,"NATO→3.5%, nonNATO holds",0.055,161.48654563007247,47.69202573763901,113.79451989243347,0.2953312646051032,0.03215489042044799,0.024070131902827918,1.5335318615229674,2.739049103629849,4.272580965152817,0.7646412808910803,0.33686993493802847,0.3475642185868547,0.8401838379702106,3.266991781905298,52.96065804802099,56.227649829926285,56.12694504420659,0.05810294031116507,AR6 World GDP level and trajectory (unrebased),SSP Basic Drivers v3.2 / OECD ENV-Growth 2025,MESSAGE-GLOBIOM 1.0,SSP2-45,0.10070478571969232,3.079006889527697,56.12248345656819,0.18798489237760085,0.1051663733580952,21.919321681668904,0.5628496071288547,0.31488089909306893
2032,SA2_AR6_dynamic_v32_split,SSP2-4.5,S1,"NATO→3.5%, nonNATO holds",0.055,165.76272375337751,48.39990092213574,117.36282283124177,0.29198302143095406,0.033179069054221584,0.024070131902827918,1.6058636549130247,2.8249386260362135,4.430802280949238,0.7446365088291103,0.3280566437498878,0.3384711403768683,0.8182026991162393,3.299337141798099,52.92600868796527,56.22534582976337,56.105898140781484,0.05868060201510698,AR6 World GDP level and trajectory (unrebased),SSP Basic Drivers v3.2 / OECD ENV-Growth 2025,MESSAGE-GLOBIOM 1.0,SSP2-45,0.11944768898188585,3.076641433907127,56.10076081835584,0.22269570789097193,0.12458501140753242,25.218658823467003,0.7855453150198266,0.43946591050060135
2033,SA2_AR6_dynamic_v32_split,SSP2-4.5,S1,"NATO→3.5%, nonNATO holds",0.055,170.15213545456908,49.119472846077905,121.03266260849117,0.28867973190493923,0.03399498385901843,0.024070131902827918,1.6698156865659126,2.913272153536851,4.583087840102763,0.7251561112405603,0.3194743706864008,0.3296164142002547,0.7967977401895385,3.323454155602819,52.89506729177835,56.21852144738117,56.08493675705109,0.059116712251379135,AR6 World GDP level and trajectory (unrebased),SSP Basic Drivers v3.2 / OECD ENV-Growth 2025,MESSAGE-GLOBIOM 1.0,SSP2-45,0.1335846903300819,3.0742978255558953,56.07913329071156,0.24915633004692372,0.1393881566696109,28.54211297906982,1.0347016450667503,0.5788540671702123
2034,SA2_AR6_dynamic_v32_split,SSP2-4.5,S1,"NATO→3.5%, nonNATO holds",0.055,174.65777916888334,49.85096192227519,124.80681724660815,0.28542079350540905,0.034591224067421655,0.024070131902827918,1.724405793829926,3.0041165534979966,4.728522347327923,0.7061863179461751,0.31111704916509825,0.3209937808846251,0.7759538305892034,3.339217785785711,52.867888949140465,56.20710673492618,56.064060896331775,0.05940917403084858,AR6 World GDP level and trajectory (unrebased),SSP Basic Drivers v3.2 / OECD ENV-Growth 2025,MESSAGE-GLOBIOM 1.0,SSP2-45,0.14304583859440356,3.071975823237,56.05760074189193,0.2672419625487108,0.1495059930342464,31.88133076485553,1.3019436076154611,0.7283600602044586
2035,SA2_AR6_dynamic_v32_split,SSP2-4.5,S1,"NATO→3.5%, nonNATO holds",0.055,179.28273273038877,50.59459333516991,128.68813939521885,0.28220561213363315,0.03499999999999057,0.024070131902827918,1.77081076673047,3.0975404895724234,4.868351256302893,0.6877137211119276,0.3029787722381221,0.3125971459599672,0.7556562378573702,3.3480319581519904,52.84385515969,56.19188711784199,56.04327057142313,0.05958212350353556,AR6 World GDP level and trajectory (unrebased),SSP Basic Drivers v3.2 / OECD ENV-Growth 2025,MESSAGE-GLOBIOM 1.0,SSP2-45,0.14861654641886446,3.0696751897469228,56.036163051601406,0.2783567684050676,0.15572406624058743,35.22936272300752,1.5803003760205288,0.8840841264450461
2025,SA2_AR6_dynamic_v32_split,SSP2-4.5,S2,"NATO→3.5%, nonNATO→3.5%",0.055,132.3421461836991,42.00214329316893,90.34000289053017,0.3173754129305667,0.027,0.024070131902827918,1.134057868915561,2.1744957856769167,3.308553654592478,0.9100880620821836,0.40094788749075233,0.41367639185553806,1.0,3.0110751838029945,51.73574633988782,54.74682152369081,54.74682152369081,0.055,AR6 World GDP level and trajectory (unrebased),SSP Basic Drivers v3.2 / OECD ENV-Growth 2025,MESSAGE-GLOBIOM 1.0,SSP2-45,0.0,3.0110751838029945,54.74682152369081,0.0,0.0,3.0110751838029945,0.0,0.0
2026,SA2_AR6_dynamic_v32_split,SSP2-4.5,S2,"NATO→3.5%, nonNATO→3.5%",0.055,136.9984651539472,42.952745856388574,94.04571929755862,0.313527204907894,0.02740877593256891,0.024628615280862506,1.1772821868663321,2.316215839391558,3.4934980262578903,0.8836639841685245,0.3893065105078116,0.40166544734932935,0.9709653614693026,3.087078384567924,51.97435288794082,55.06143127250874,55.02754979223171,0.05606607589420312,AR6 World GDP level and trajectory (unrebased),SSP Basic Drivers v3.2 / OECD ENV-Growth 2025,MESSAGE-GLOBIOM 1.0,SSP2-45,0.03388148027703153,3.0251503114438436,55.026786196635136,0.06192807312408055,0.034645075873605435,6.098153568370918,0.06192807312408055,0.034645075873605435
2027,SA2_AR6_dynamic_v32_split,SSP2-4.5,S2,"NATO→3.5%, nonNATO→3.5%",0.055,141.81861180100074,43.92675167777622,97.89186012322452,0.3097389765696906,0.028005016140972137,0.025443218634872214,1.230169389756598,2.49068399968953,3.7208533894461278,0.857981088680002,0.37799166843944154,0.3899914039454555,0.9427451303086358,3.1924218418956642,52.199802109730456,55.39222395162612,55.308039521867826,0.057633032475525765,AR6 World GDP level and trajectory (unrebased),SSP Basic Drivers v3.2 / OECD ENV-Growth 2025,MESSAGE-GLOBIOM 1.0,SSP2-45,0.08418442975829521,3.0392197873998663,55.30651650855154,0.15320205449579793,0.08570744307458256,9.290575410266584,0.2151301276198785,0.12035251894818799
2028,SA2_AR6_dynamic_v32_split,SSP2-4.5,S2,"NATO→3.5%, nonNATO→3.5%",0.055,146.8083502290495,44.924795441758356,101.88355478729113,0.30600981055687204,0.028820930945768986,0.02655794878424215,1.2947744271797148,2.7058182299974067,4.000592657177122,0.8330196434049916,0.3669946680735278,0.3786452924568144,0.9153176248671279,3.332572268690314,52.40968558841413,55.74225785710444,55.58829070758088,0.05978538359951941,AR6 World GDP level and trajectory (unrebased),SSP Basic Drivers v3.2 / OECD ENV-Growth 2025,MESSAGE-GLOBIOM 1.0,SSP2-45,0.1539671495235595,3.0532836254957543,55.586012462310286,0.2792886431945596,0.1562453947941549,12.623147678956897,0.4944187708144381,0.2765979137423429
2029,SA2_AR6_dynamic_v32_split,SSP2-4.5,S2,"NATO→3.5%, nonNATO→3.5%",0.055,151.97364734621675,45.94753090707104,106.02611643914571,0.30233880484816084,0.029845109579542582,0.02795721595612806,1.3713090948309548,2.964195034278776,4.335504129109731,0.8087603972561511,0.35630702816180093,0.3676183623891596,0.8886616921507511,3.50638404176447,52.60450805301375,56.11089209477822,55.868303363723854,0.062490256541310275,AR6 World GDP level and trajectory (unrebased),SSP Basic Drivers v3.2 / OECD ENV-Growth 2025,MESSAGE-GLOBIOM 1.0,SSP2-45,0.24258873105436862,3.0673418389673004,55.865274079227355,0.43904220279716943,0.2456180155508676,16.129531720721367,0.9334609736116075,0.5222159292932105
2030,SA2_AR6_dynamic_v32_split,SSP2-4.5,S2,"NATO→3.5%, nonNATO→3.5%",0.055,157.32067999999987,46.99563153786879,110.32504846213108,0.29872507249440333,0.030999999999995285,0.029535065951407518,1.4568645776737108,3.258457582421272,4.715322160094983,0.7851845698105682,0.345920474811649,0.356902077186622,0.8627566963290897,3.7023982017924184,52.7893178427815,56.49171604457392,56.14807747641181,0.0655387809226949,AR6 World GDP level and trajectory (unrebased),SSP Basic Drivers v3.2 / OECD ENV-Growth 2025,MESSAGE-GLOBIOM 1.0,SSP2-45,0.34363856816211324,3.081394437902592,56.14430135148871,0.6210037638898265,0.3474146930852129,19.831929922513787,1.554464737501434,0.8696306223784234
2031,SA2_AR6_dynamic_v32_split,SSP2-4.5,S2,"NATO→3.5%, nonNATO→3.5%",0.055,161.48654563007247,47.69202573763901,113.79451989243347,0.2953312646051032,0.03215489042044799,0.031112915946686977,1.5335318615229674,3.5404793326068815,5.074011194129849,0.7646412808910803,0.33686993493802847,0.3475642185868547,0.8401838379702106,3.8797984187351275,52.69068029892813,56.570478717663256,56.12694504420659,0.06858344682035934,AR6 World GDP level and trajectory (unrebased),SSP Basic Drivers v3.2 / OECD ENV-Growth 2025,MESSAGE-GLOBIOM 1.0,SSP2-45,0.4435336734566633,3.079006889527697,56.12248345656819,0.8007915292074306,0.44799526109506616,23.711728341248914,2.3552562667088646,1.3176258834734895
2032,SA2_AR6_dynamic_v32_split,SSP2-4.5,S2,"NATO→3.5%, nonNATO→3.5%",0.055,165.76272375337751,48.39990092213574,117.36282283124177,0.29198302143095406,0.033179069054221584,0.03251218311857289,1.6058636549130247,3.8157215872019594,5.421585242114984,0.7446365088291103,0.3280566437498878,0.3384711403768683,0.8182026991162393,4.037110307007929,52.600975755040665,56.63808606204859,56.105898140781484,0.07127907363580688,AR6 World GDP level and trajectory (unrebased),SSP Basic Drivers v3.2 / OECD ENV-Growth 2025,MESSAGE-GLOBIOM 1.0,SSP2-45,0.5321879212671092,3.076641433907127,56.10076081835584,0.9604688731008015,0.5373252436927558,27.748838648256843,3.315725139809666,1.8549511271662453
2033,SA2_AR6_dynamic_v32_split,SSP2-4.5,S2,"NATO→3.5%, nonNATO→3.5%",0.055,170.15213545456908,49.119472846077905,121.03266260849117,0.28867973190493923,0.03399498385901843,0.03362691326794282,1.6698156865659126,4.069954848123919,5.739770534689831,0.7251561112405603,0.3194743706864008,0.3296164142002547,0.7967977401895385,4.16222968034883,52.5255368158413,56.68776649619013,56.08493675705109,0.07342377266933889,AR6 World GDP level and trajectory (unrebased),SSP Basic Drivers v3.2 / OECD ENV-Growth 2025,MESSAGE-GLOBIOM 1.0,SSP2-45,0.6028297391390396,3.0742978255558953,56.07913329071156,1.0879318547929344,0.6086332054785686,31.911068328605673,4.403656994602601,2.463584332644814
2034,SA2_AR6_dynamic_v32_split,SSP2-4.5,S2,"NATO→3.5%, nonNATO→3.5%",0.055,174.65777916888334,49.85096192227519,124.80681724660815,0.28542079350540905,0.034591224067421655,0.03444151662195252,1.724405793829926,4.2985360707320455,6.022941864561972,0.7061863179461751,0.31111704916509825,0.3209937808846251,0.7759538305892034,4.253319138538889,52.46517296855689,56.718492107095784,56.064060896331775,0.07498998969344561,AR6 World GDP level and trajectory (unrebased),SSP Basic Drivers v3.2 / OECD ENV-Growth 2025,MESSAGE-GLOBIOM 1.0,SSP2-45,0.6544312107640096,3.071975823237,56.05760074189193,1.181343315301889,0.6608913652038524,36.16438746714456,5.58500030990449,3.1244756978486663
2035,SA2_AR6_dynamic_v32_split,SSP2-4.5,S2,"NATO→3.5%, nonNATO→3.5%",0.055,179.28273273038877,50.59459333516991,128.68813939521885,0.28220561213363315,0.03499999999999057,0.03499999999998712,1.77081076673047,4.504084878831002,6.274895645561473,0.6877137211119276,0.3029787722381221,0.3125971459599672,0.7556562378573702,4.315331833998112,52.417702067534016,56.733033901532124,56.04327057142313,0.07606382978720926,AR6 World GDP level and trajectory (unrebased),SSP Basic Drivers v3.2 / OECD ENV-Growth 2025,MESSAGE-GLOBIOM 1.0,SSP2-45,0.6897633301089954,3.0696751897469228,56.036163051601406,1.2456566442511892,0.6968708499307184,40.47971930114267,6.830656954155678,3.8213465477793847
2025,SA2_AR6_dynamic_v32_split,SSP2-4.5,S3,"NATO→5%, nonNATO→3.5%",0.055,132.3421461836991,42.00214329316893,90.34000289053017,0.3173754129305667,0.027,0.024070131902827918,1.134057868915561,2.1744957856769167,3.308553654592478,0.9100880620821836,0.40094788749075233,0.41367639185553806,1.0,3.0110751838029945,51.73574633988782,54.74682152369081,54.74682152369081,0.055,AR6 World GDP level and trajectory (unrebased),SSP Basic Drivers v3.2 / OECD ENV-Growth 2025,MESSAGE-GLOBIOM 1.0,SSP2-45,0.0,3.0110751838029945,54.74682152369081,0.0,0.0,3.0110751838029945,0.0,0.0
2026,SA2_AR6_dynamic_v32_split,SSP2-4.5,S3,"NATO→5%, nonNATO→3.5%",0.055,136.9984651539472,42.952745856388574,94.04571929755862,0.313527204907894,0.02817523080613562,0.024628615280862506,1.2102035282610335,2.316215839391558,3.5264193676525917,0.8836639841685245,0.3893065105078116,0.40166544734932935,0.9709653614693026,3.1161697882689383,51.96153639540122,55.07770618367016,55.02754979223171,0.05657769729692997,AR6 World GDP level and trajectory (unrebased),SSP Basic Drivers v3.2 / OECD ENV-Growth 2025,MESSAGE-GLOBIOM 1.0,SSP2-45,0.05015639143844908,3.0251503114438436,55.026786196635136,0.0910194768250947,0.050919987035022984,6.127244972071933,0.0910194768250947,0.050919987035022984
2027,SA2_AR6_dynamic_v32_split,SSP2-4.5,S3,"NATO→5%, nonNATO→3.5%",0.055,141.81861180100074,43.92675167777622,97.89186012322452,0.3097389765696906,0.029889421405294894,0.025443218634872214,1.312945191862798,2.49068399968953,3.8036291915523277,0.857981088680002,0.37799166843944154,0.3899914039454555,0.9427451303086358,3.263441914703102,52.16851354618592,55.43195546088902,55.308039521867826,0.05887293507092096,AR6 World GDP level and trajectory (unrebased),SSP Basic Drivers v3.2 / OECD ENV-Growth 2025,MESSAGE-GLOBIOM 1.0,SSP2-45,0.12391593902119524,3.0392197873998663,55.30651650855154,0.22422212730323565,0.1254389523374826,9.390686886775034,0.31524160412833035,0.17635893937250557
2028,SA2_AR6_dynamic_v32_split,SSP2-4.5,S3,"NATO→5%, nonNATO→3.5%",0.055,146.8083502290495,44.924795441758356,101.88355478729113,0.30600981055687204,0.03223517646908584,0.02655794878424215,1.4481587089026635,2.7058182299974067,4.153976938900071,0.8330196434049916,0.3669946680735278,0.3786452924568144,0.9153176248671279,3.4603443883550953,52.353394374855526,55.81373876321062,55.58829070758088,0.0619980754744917,AR6 World GDP level and trajectory (unrebased),SSP Basic Drivers v3.2 / OECD ENV-Growth 2025,MESSAGE-GLOBIOM 1.0,SSP2-45,0.2254480556297409,3.0532836254957543,55.586012462310286,0.407060762859341,0.2277263009003363,12.85103127513013,0.7223023669876714,0.4040852402728419
2029,SA2_AR6_dynamic_v32_split,SSP2-4.5,S3,"NATO→5%, nonNATO→3.5%",0.055,151.97364734621675,45.94753090707104,106.02611643914571,0.30233880484816084,0.03517969004118492,0.02795721595612806,1.6164198954685236,2.964195034278776,4.580614929747299,0.8087603972561511,0.35630702816180093,0.3676183623891596,0.8886616921507511,3.7046199502598824,52.51717335206822,56.2217933023281,55.868303363723854,0.06589295240617088,AR6 World GDP level and trajectory (unrebased),SSP Basic Drivers v3.2 / OECD ENV-Growth 2025,MESSAGE-GLOBIOM 1.0,SSP2-45,0.35348993860424827,3.0673418389673004,55.865274079227355,0.637278111292582,0.35651922310074724,16.55565122539001,1.3595804782802534,0.7606044633735891
2030,SA2_AR6_dynamic_v32_split,SSP2-4.5,S3,"NATO→5%, nonNATO→3.5%",0.055,157.32067999999987,46.99563153786879,110.32504846213108,0.29872507249440333,0.03849999999998644,0.029535065951407518,1.8093318142073112,3.258457582421272,5.067789396628584,0.7851845698105682,0.345920474811649,0.356902077186622,0.8627566963290897,3.9791500372823734,52.667392208964245,56.64654224624662,56.14807747641181,0.0702452414480079,AR6 World GDP level and trajectory (unrebased),SSP Basic Drivers v3.2 / OECD ENV-Growth 2025,MESSAGE-GLOBIOM 1.0,SSP2-45,0.49846476983481125,3.081394437902592,56.14430135148871,0.8977555993797814,0.5022408947579109,20.534801262672385,2.257336077660035,1.2628453581315
2031,SA2_AR6_dynamic_v32_split,SSP2-4.5,S3,"NATO→5%, nonNATO→3.5%",0.055,161.48654563007247,47.69202573763901,113.79451989243347,0.2953312646051032,0.041820309958787966,0.031112915946686977,1.9944952989105564,3.5404793326068815,5.5349746315174375,0.7646412808910803,0.33686993493802847,0.3475642185868547,0.8401838379702106,4.232270091943128,52.535395575766564,56.76766566770969,56.12694504420659,0.07455423861739849,AR6 World GDP level and trajectory (unrebased),SSP Basic Drivers v3.2 / OECD ENV-Growth 2025,MESSAGE-GLOBIOM 1.0,SSP2-45,0.6407206235030998,3.079006889527697,56.12248345656819,1.1532632024154315,0.6451822111415026,24.767071354615513,3.4105992800754663,1.9080275692730027
2032,SA2_AR6_dynamic_v32_split,SSP2-4.5,S3,"NATO→5%, nonNATO→3.5%",0.055,165.76272375337751,48.39990092213574,117.36282283124177,0.29198302143095406,0.04476482353088705,0.03251218311857289,2.166613023691824,3.8157215872019594,5.982334610893783,0.7446365088291103,0.3280566437498878,0.3384711403768683,0.8182026991162393,4.4546647593035,52.417018199134226,56.871682958437724,56.105898140781484,0.07832834422288865,AR6 World GDP level and trajectory (unrebased),SSP Basic Drivers v3.2 / OECD ENV-Growth 2025,MESSAGE-GLOBIOM 1.0,SSP2-45,0.7657848176562396,3.076641433907127,56.10076081835584,1.3780233253963732,0.7709221400818862,29.221736113919015,4.78862260547184,2.678949709354889
2033,SA2_AR6_dynamic_v32_split,SSP2-4.5,S3,"NATO→5%, nonNATO→3.5%",0.055,170.15213545456908,49.119472846077905,121.03266260849117,0.28867973190493923,0.04711057859467799,0.03362691326794282,2.3140467860443046,4.069954848123919,6.384001634168223,0.7251561112405603,0.3194743706864008,0.3296164142002547,0.7967977401895385,4.629397799186811,52.31972149075883,56.94911928994564,56.08493675705109,0.08129006834358772,AR6 World GDP level and trajectory (unrebased),SSP Basic Drivers v3.2 / OECD ENV-Growth 2025,MESSAGE-GLOBIOM 1.0,SSP2-45,0.8641825328945529,3.0742978255558953,56.07913329071156,1.5550999736309157,0.8699859992340819,33.851133913105826,6.343722579102755,3.548935708588971
2034,SA2_AR6_dynamic_v32_split,SSP2-4.5,S3,"NATO→5%, nonNATO→3.5%",0.055,174.65777916888334,49.85096192227519,124.80681724660815,0.28542079350540905,0.04882476919383726,0.03444151662195252,2.433961709945856,4.2985360707320455,6.732497780677901,0.7061863179461751,0.31111704916509825,0.3209937808846251,0.7759538305892034,4.754397818317723,52.244418025717266,56.998815844034986,56.064060896331775,0.08341222090169577,AR6 World GDP level and trajectory (unrebased),SSP Basic Drivers v3.2 / OECD ENV-Growth 2025,MESSAGE-GLOBIOM 1.0,SSP2-45,0.9347549477032118,3.071975823237,56.05760074189193,1.6824219950807229,0.9412151021430546,38.60553173142355,8.026144574183478,4.490150810732025
2035,SA2_AR6_dynamic_v32_split,SSP2-4.5,S3,"NATO→5%, nonNATO→3.5%",0.055,179.28273273038877,50.59459333516991,128.68813939521885,0.28220561213363315,0.049999999999972886,0.03499999999998712,2.529729666757124,4.504084878831002,7.033814545588126,0.6877137211119276,0.3029787722381221,0.3125971459599672,0.7556562378573702,4.837250774757613,52.18776575097564,57.02501652573326,56.04327057142313,0.08482681934120515,AR6 World GDP level and trajectory (unrebased),SSP Basic Drivers v3.2 / OECD ENV-Growth 2025,MESSAGE-GLOBIOM 1.0,SSP2-45,0.9817459543101279,3.0696751897469228,56.036163051601406,1.76757558501069,0.9888534741318509,43.44278250618116,9.793720159194168,5.479004284863876
2025,SA2_AR6_dynamic_v32_split,SSP3-7.0,S0,Baseline,0.055,131.57368822870808,41.75831570410389,89.81537252460419,0.317375884694495,0.027,0.024070129877985763,1.127474524010805,2.1618676817068967,3.289342205717702,1.1017398414242405,0.4853818881799102,0.5007908370110185,1.0,3.6239993601174825,62.26689809656402,65.8908974566815,65.8908974566815,0.055,AR6 World GDP level and trajectory (unrebased),SSP Basic Drivers v3.2 / OECD ENV-Growth 2025,MIGRATION 1.0,SSP3-7.0_zeromig,0.0,3.6239993601174825,65.8908974566815,0.0,0.0,3.6239993601174825,0.0,0.0
2026,SA2_AR6_dynamic_v32_split,SSP3-7.0,S0,Baseline,0.055,134.8941946705815,42.289728200521836,92.60446647005966,0.3135029517303951,0.027,0.024070129877985763,1.1418226614140896,2.229001535215914,3.3708241966300037,1.0922086149803605,0.481182816389949,0.4964584613547093,0.9913489318571261,3.6816432271435424,63.28678582575464,66.96842905289819,66.96936433183951,0.054975803960332144,AR6 World GDP level and trajectory (unrebased),SSP Basic Drivers v3.2 / OECD ENV-Growth 2025,MIGRATION 1.0,SSP3-7.0_zeromig,-0.0009352789413270557,3.6816432271435424,66.96842905289819,0.0,0.0,7.3056425872610244,0.0,0.0
2027,SA2_AR6_dynamic_v32_split,SSP3-7.0,S0,Baseline,0.055,138.29850026089372,42.829721690573244,95.46877857032047,0.3096904276602925,0.027,0.024070129877985763,1.1564024856454775,2.2979458994802777,3.4543483851257553,1.0827404333566648,0.4770115195906985,0.49215474243484764,0.9827550866790704,3.7401626674759556,64.322213794179,68.06237646165496,68.06426277502585,0.05495198466340786,AR6 World GDP level and trajectory (unrebased),SSP Basic Drivers v3.2 / OECD ENV-Growth 2025,MIGRATION 1.0,SSP3-7.0_zeromig,-0.00188631337088907,3.7401626674759556,68.06237646165496,0.0,0.0,11.04580525473698,0.0,0.0
2028,SA2_AR6_dynamic_v32_split,SSP3-7.0,S0,Baseline,0.055,141.78871982682614,43.37847042426535,98.4102494025608,0.30593738681924565,0.027,0.024070129877985763,1.1712187014551645,2.3687474844446093,3.5399661858997735,1.0727564423047062,0.47261297807829716,0.4876165646839574,0.9736930643426066,3.797521531464801,65.33815517385104,69.13567670531583,69.13852847289309,0.05492853635687073,AR6 World GDP level and trajectory (unrebased),SSP Basic Drivers v3.2 / OECD ENV-Growth 2025,MIGRATION 1.0,SSP3-7.0_zeromig,-0.0028517675772548046,3.797521531464801,69.13567670531583,0.0,0.0,14.843326786201782,0.0,0.0
2029,SA2_AR6_dynamic_v32_split,SSP3-7.0,S0,Baseline,0.055,145.36702156715262,43.936152928235394,101.43086863891722,0.3022429190236865,0.027,0.024070129877985763,1.1862761290623556,2.4414541817756503,3.6277303108380057,1.062059045927474,0.4679001391149011,0.48275411178521543,0.9639835158856827,3.8528637928107905,66.31983409687709,70.17269788968788,70.17652737951302,0.054905453383985996,AR6 World GDP level and trajectory (unrebased),SSP Basic Drivers v3.2 / OECD ENV-Growth 2025,MIGRATION 1.0,SSP3-7.0_zeromig,-0.003829489825136534,3.8528637928107905,70.17269788968788,0.0,0.0,18.696190579012573,0.0,0.0
2030,SA2_AR6_dynamic_v32_split,SSP3-7.0,S0,Baseline,0.055,149.0356283991709,44.502952124553694,104.53267627461719,0.29860612930324837,0.027,0.024070129877985763,1.2015797073629497,2.5161150944234767,3.7176948017864264,1.0510509955537957,0.4630504386006233,0.4777504525244526,0.953992000684192,3.9074868225827943,67.28953288880513,71.19701971138792,71.20183890997005,0.05488273018200218,AR6 World GDP level and trajectory (unrebased),SSP Basic Drivers v3.2 / OECD ENV-Growth 2025,MIGRATION 1.0,SSP3-7.0_zeromig,-0.004819198582126205,3.9074868225827943,71.19701971138792,0.0,0.0,22.603677401595366,0.0,0.0
2031,SA2_AR6_dynamic_v32_split,SSP3-7.0,S0,Baseline,0.055,151.81959450515436,44.82483068419079,106.99476382096356,0.29525062842049,0.027,0.024070129877985763,1.2102704284731514,2.575377861435005,3.7856482899081563,1.0395201427003753,0.4579704125183472,0.47250915577289787,0.9435259610440949,3.9352576505387584,67.79516741491513,71.73042506545389,71.73614842941417,0.0548617639857542,AR6 World GDP level and trajectory (unrebased),SSP Basic Drivers v3.2 / OECD ENV-Growth 2025,MIGRATION 1.0,SSP3-7.0_zeromig,-0.00572336396028561,3.9352576505387584,71.73042506545389,0.0,0.0,26.538935052134125,0.0,0.0
2032,SA2_AR6_dynamic_v32_split,SSP3-7.0,S0,Baseline,0.055,154.65556473500078,45.15017158102272,109.50539315397806,0.29194016819496044,0.027,0.024070129877985763,1.2190546326876133,2.635809035556145,3.8548636682437585,1.028534169344675,0.45313043824275895,0.46751553152030684,0.9335544841648541,3.964859000954061,68.3323877616949,72.29724676264897,72.30387854965711,0.05484107872006036,AR6 World GDP level and trajectory (unrebased),SSP Basic Drivers v3.2 / OECD ENV-Growth 2025,MIGRATION 1.0,SSP3-7.0_zeromig,-0.0066317870081462615,3.964859000954061,72.29724676264897,0.0,0.0,30.503794053088185,0.0,0.0
2033,SA2_AR6_dynamic_v32_split,SSP3-7.0,S0,Baseline,0.055,157.54451051896345,45.47902803215464,112.0654824868088,0.28867415235442545,0.027,0.024070129877985763,1.2279337568681752,2.697430718296627,3.925364475164802,1.017157036564737,0.448118134990059,0.46234410752942595,0.9232279693632921,3.9927120969951244,68.83952522391255,72.83223732090767,72.83977611205042,0.05482067067914927,AR6 World GDP level and trajectory (unrebased),SSP Basic Drivers v3.2 / OECD ENV-Growth 2025,MIGRATION 1.0,SSP3-7.0_zeromig,-0.007538791142749801,3.9927120969951244,72.83223732090767,0.0,0.0,34.49650615008331,0.0,0.0
2034,SA2_AR6_dynamic_v32_split,SSP3-7.0,S0,Baseline,0.055,160.48742143348534,45.81145428799752,114.67596714548782,0.28545199292758444,0.027,0.024070129877985763,1.236909265775933,2.76026542307552,3.997174688851453,1.0058508440245673,0.44313708512970446,0.45720492910207605,0.9129658438459339,4.020561534494871,69.34663179364527,73.36719332814015,73.37564013827166,0.05480053620850146,AR6 World GDP level and trajectory (unrebased),SSP Basic Drivers v3.2 / OECD ENV-Growth 2025,MIGRATION 1.0,SSP3-7.0_zeromig,-0.008446810131516713,4.020561534494871,73.36719332814015,0.0,0.0,38.51706768457818,0.0,0.0
2035,SA2_AR6_dynamic_v32_split,SSP3-7.0,S0,Baseline,0.055,163.48530554016915,46.1475056546803,117.33779988548885,0.2822731101257393,0.027,0.024070129877985763,1.2459826526763682,2.8243360828408197,4.070318735517188,0.9946707937697744,0.4382116084440265,0.4521230880771702,0.9028182120417322,4.048627167552866,69.8574977777498,73.90612494530266,73.91548119606098,0.05478067170412767,AR6 World GDP level and trajectory (unrebased),SSP Basic Drivers v3.2 / OECD ENV-Growth 2025,MIGRATION 1.0,SSP3-7.0_zeromig,-0.00935625075831581,4.048627167552866,73.90612494530266,0.0,0.0,42.565694852131045,0.0,0.0
2025,SA2_AR6_dynamic_v32_split,SSP3-7.0,S1,"NATO→3.5%, nonNATO holds",0.055,131.57368822870808,41.75831570410389,89.81537252460419,0.317375884694495,0.027,0.024070129877985763,1.127474524010805,2.1618676817068967,3.289342205717702,1.1017398414242405,0.4853818881799102,0.5007908370110185,1.0,3.6239993601174825,62.26689809656402,65.8908974566815,65.8908974566815,0.055,AR6 World GDP level and trajectory (unrebased),SSP Basic Drivers v3.2 / OECD ENV-Growth 2025,MIGRATION 1.0,SSP3-7.0_zeromig,0.0,3.6239993601174825,65.8908974566815,0.0,0.0,3.6239993601174825,0.0,0.0
2026,SA2_AR6_dynamic_v32_split,SSP3-7.0,S1,"NATO→3.5%, nonNATO holds",0.055,134.8941946705815,42.289728200521836,92.60446647005966,0.3135029517303951,0.02740877593256891,0.024070129877985763,1.1591096844973436,2.229001535215914,3.3881112197132577,1.0922086149803605,0.481182816389949,0.4964584613547093,0.9913489318571261,3.700524262682437,63.278467607300435,66.97899186998288,66.96936433183951,0.05524902897711206,AR6 World GDP level and trajectory (unrebased),SSP Basic Drivers v3.2 / OECD ENV-Growth 2025,MIGRATION 1.0,SSP3-7.0_zeromig,0.009627538143362813,3.6816432271435424,66.96842905289819,0.01888103553889442,0.010562817084689868,7.324523622799919,0.01888103553889442,0.010562817084689868
2027,SA2_AR6_dynamic_v32_split,SSP3-7.0,S1,"NATO→3.5%, nonNATO holds",0.055,138.29850026089372,42.829721690573244,95.46877857032047,0.3096904276602925,0.028005016140972137,0.024070129877985763,1.1994470472578482,2.2979458994802777,3.4973929467381257,1.0827404333566648,0.4770115195906985,0.49215474243484764,0.9827550866790704,3.7867687547697813,64.30168104243418,68.08844979720396,68.06426277502585,0.05561543501208165,AR6 World GDP level and trajectory (unrebased),SSP Basic Drivers v3.2 / OECD ENV-Growth 2025,MIGRATION 1.0,SSP3-7.0_zeromig,0.024187022178111306,3.7401626674759556,68.06237646165496,0.04660608729382565,0.026073335549000376,11.1112923775697,0.06548712283272007,0.036636152633690244
2028,SA2_AR6_dynamic_v32_split,SSP3-7.0,S1,"NATO→3.5%, nonNATO holds",0.055,141.78871982682614,43.37847042426535,98.4102494025608,0.30593738681924565,0.028820930945768986,0.024070129877985763,1.250207900630834,2.3687474844446093,3.6189553850754432,1.0727564423047062,0.47261297807829716,0.4876165646839574,0.9736930643426066,3.8822577037529906,65.3008238531926,69.18308155694558,69.13852847289309,0.05611570945358149,AR6 World GDP level and trajectory (unrebased),SSP Basic Drivers v3.2 / OECD ENV-Growth 2025,MIGRATION 1.0,SSP3-7.0_zeromig,0.04455308405249525,3.797521531464801,69.13567670531583,0.08473617228818942,0.047404851629750056,14.993550081322692,0.15022329512090948,0.0840410042634403
2029,SA2_AR6_dynamic_v32_split,SSP3-7.0,S1,"NATO→3.5%, nonNATO holds",0.055,145.36702156715262,43.936152928235394,101.43086863891722,0.3022429190236865,0.029845109579542582,0.024070129877985763,1.311279298646726,2.4414541817756503,3.7527334804223766,1.062059045927474,0.4679001391149011,0.48275411178521543,0.9639835158856827,3.985624539837478,66.26134509643876,70.24696963627623,70.17652737951302,0.05673731636359815,AR6 World GDP level and trajectory (unrebased),SSP Basic Drivers v3.2 / OECD ENV-Growth 2025,MIGRATION 1.0,SSP3-7.0_zeromig,0.07044225676321503,3.8528637928107905,70.17269788968788,0.1327607470266874,0.07427174658835156,18.97917462116017,0.28298404214759687,0.15831275085179186
2030,SA2_AR6_dynamic_v32_split,SSP3-7.0,S1,"NATO→3.5%, nonNATO holds",0.055,149.0356283991709,44.502952124553694,104.53267627461719,0.29860612930324837,0.030999999999995285,0.024070129877985763,1.3795915158609546,2.5161150944234767,3.8957066102844315,1.0510509955537957,0.4630504386006233,0.4777504525244526,0.953992000684192,4.094586311124955,67.20710444280404,71.301690753929,71.20183890997005,0.057426216234561414,AR6 World GDP level and trajectory (unrebased),SSP Basic Drivers v3.2 / OECD ENV-Growth 2025,MIGRATION 1.0,SSP3-7.0_zeromig,0.09985184395894464,3.9074868225827943,71.19701971138792,0.1870994885421604,0.10467104254107085,23.073760932285126,0.4700835306897573,0.2629837933928627
2031,SA2_AR6_dynamic_v32_split,SSP3-7.0,S1,"NATO→3.5%, nonNATO holds",0.055,151.81959450515436,44.82483068419079,106.99476382096356,0.29525062842049,0.03215489042044799,0.024070129877985763,1.4413375187652895,2.575377861435005,4.016715380200295,1.0395201427003753,0.4579704125183472,0.47250915577289787,0.9435259610440949,4.175456545212603,67.68934552425462,71.86480206946722,71.73614842941417,0.058101552150334315,AR6 World GDP level and trajectory (unrebased),SSP Basic Drivers v3.2 / OECD ENV-Growth 2025,MIGRATION 1.0,SSP3-7.0_zeromig,0.12865364005304514,3.9352576505387584,71.73042506545389,0.24019889467384425,0.13437700401333075,27.249217477497726,0.7102824253636015,0.39736079740619346
2032,SA2_AR6_dynamic_v32_split,SSP3-7.0,S1,"NATO→3.5%, nonNATO holds",0.055,154.65556473500078,45.15017158102272,109.50539315397806,0.29194016819496044,0.033179069054221584,0.024070129877985763,1.4980406606967056,2.635809035556145,4.133849696252851,1.028534169344675,0.45313043824275895,0.46751553152030684,0.9335544841648541,4.2518056635311625,68.20597070055953,72.45777636409069,72.30387854965711,0.05867977016250684,AR6 World GDP level and trajectory (unrebased),SSP Basic Drivers v3.2 / OECD ENV-Growth 2025,MIGRATION 1.0,SSP3-7.0_zeromig,0.1538978144335772,3.964859000954061,72.29724676264897,0.28694666257710155,0.16052960144172346,31.501023141028888,0.9972290879407031,0.5578903988479169
2033,SA2_AR6_dynamic_v32_split,SSP3-7.0,S1,"NATO→3.5%, nonNATO holds",0.055,157.54451051896345,45.47902803215464,112.0654824868088,0.28867415235442545,0.03399498385901843,0.024070129877985763,1.5460588238769437,2.697430718296627,4.24348954217357,1.017157036564737,0.448118134990059,0.46234410752942595,0.9232279693632921,4.3162952474107215,68.69696761219099,73.01326285960171,72.83977611205042,0.05911659167609849,AR6 World GDP level and trajectory (unrebased),SSP Basic Drivers v3.2 / OECD ENV-Growth 2025,MIGRATION 1.0,SSP3-7.0_zeromig,0.17348674755129423,3.9927120969951244,72.83223732090767,0.32358315041559704,0.18102553869404403,35.81731838843961,1.3208122383563001,0.7389159375419609
2034,SA2_AR6_dynamic_v32_split,SSP3-7.0,S1,"NATO→3.5%, nonNATO holds",0.055,160.48742143348534,45.81145428799752,114.67596714548782,0.28545199292758444,0.034591224067421655,0.024070129877985763,1.5846742801305669,2.76026542307552,4.344939703206087,1.0058508440245673,0.44313708512970446,0.45720492910207605,0.9129658438459339,4.370361267705696,69.19252421887408,73.56288548657977,73.37564013827166,0.059409867337286405,AR6 World GDP level and trajectory (unrebased),SSP Basic Drivers v3.2 / OECD ENV-Growth 2025,MIGRATION 1.0,SSP3-7.0_zeromig,0.18724534830811024,4.020561534494871,73.36719332814015,0.34979973321082447,0.19569215843962695,40.187679656145306,1.6706119715671246,0.9346080959815879
2035,SA2_AR6_dynamic_v32_split,SSP3-7.0,S1,"NATO→3.5%, nonNATO holds",0.055,163.48530554016915,46.1475056546803,117.33779988548885,0.2822731101257393,0.03499999999999057,0.024070129877985763,1.6151626979133755,2.8243360828408197,4.439498780754195,0.9946707937697744,0.4382116084440265,0.4521230880771702,0.9028182120417322,4.415839776192721,69.69571879632105,74.11155857251377,73.91548119606098,0.059583685207106836,AR6 World GDP level and trajectory (unrebased),SSP Basic Drivers v3.2 / OECD ENV-Growth 2025,MIGRATION 1.0,SSP3-7.0_zeromig,0.19607737645279144,4.048627167552866,73.90612494530266,0.3672126086398553,0.20543362721110725,44.603519432338025,2.03782458020698,1.1400417231926951
2025,SA2_AR6_dynamic_v32_split,SSP3-7.0,S2,"NATO→3.5%, nonNATO→3.5%",0.055,131.57368822870808,41.75831570410389,89.81537252460419,0.317375884694495,0.027,0.024070129877985763,1.127474524010805,2.1618676817068967,3.289342205717702,1.1017398414242405,0.4853818881799102,0.5007908370110185,1.0,3.6239993601174825,62.26689809656402,65.8908974566815,65.8908974566815,0.055,AR6 World GDP level and trajectory (unrebased),SSP Basic Drivers v3.2 / OECD ENV-Growth 2025,MIGRATION 1.0,SSP3-7.0_zeromig,0.0,3.6239993601174825,65.8908974566815,0.0,0.0,3.6239993601174825,0.0,0.0
2026,SA2_AR6_dynamic_v32_split,SSP3-7.0,S2,"NATO→3.5%, nonNATO→3.5%",0.055,134.8941946705815,42.289728200521836,92.60446647005966,0.3135029517303951,0.02740877593256891,0.024628613359483693,1.1591096844973436,2.2807196000523713,3.439829284549715,1.0922086149803605,0.481182816389949,0.4964584613547093,0.9913489318571261,3.7570111786469282,63.253581763204195,67.01059294185113,66.96936433183951,0.05606592948531434,AR6 World GDP level and trajectory (unrebased),SSP Basic Drivers v3.2 / OECD ENV-Growth 2025,MIGRATION 1.0,SSP3-7.0_zeromig,0.04122861001161482,3.6816432271435424,66.96842905289819,0.07536795150338582,0.042163888952941875,7.381010538764411,0.07536795150338582,0.042163888952941875
2027,SA2_AR6_dynamic_v32_split,SSP3-7.0,S2,"NATO→3.5%, nonNATO→3.5%",0.055,138.29850026089372,42.829721690573244,95.46877857032047,0.3096904276602925,0.028005016140972137,0.02544321686440494,1.1994470472578482,2.429032836944519,3.628479884202367,1.0827404333566648,0.4770115195906985,0.49215474243484764,0.9827550866790704,3.9287018822472115,64.23915106319588,68.16785294544309,68.06426277502585,0.057632765482455155,AR6 World GDP level and trajectory (unrebased),SSP Basic Drivers v3.2 / OECD ENV-Growth 2025,MIGRATION 1.0,SSP3-7.0_zeromig,0.10359017041723462,3.7401626674759556,68.06237646165496,0.1885392147712559,0.10547648378812369,11.309712421011621,0.2639071662746417,0.14764037274106556
2028,SA2_AR6_dynamic_v32_split,SSP3-7.0,S2,"NATO→3.5%, nonNATO→3.5%",0.055,141.78871982682614,43.37847042426535,98.4102494025608,0.30593738681924565,0.028820930945768986,0.02655794722028721,1.250207900630834,2.6135742095685104,3.8637821101993444,1.0727564423047062,0.47261297807829716,0.4876165646839574,0.9736930643426066,4.144897150378019,65.18511556551864,69.33001271589666,69.13852847289309,0.05978503375389742,AR6 World GDP level and trajectory (unrebased),SSP Basic Drivers v3.2 / OECD ENV-Growth 2025,MIGRATION 1.0,SSP3-7.0_zeromig,0.19148424300357192,3.797521531464801,69.13567670531583,0.34737561891321755,0.19433601058082672,15.454609571389641,0.6112827851878593,0.3419763833218923
2029,SA2_AR6_dynamic_v32_split,SSP3-7.0,S2,"NATO→3.5%, nonNATO→3.5%",0.055,145.36702156715262,43.936152928235394,101.43086863891722,0.3022429190236865,0.029845109579542582,0.02795721465139813,1.311279298646726,2.835724566815976,4.147003865462702,1.062059045927474,0.4679001391149011,0.48275411178521543,0.9639835158856827,4.404362968810863,66.07686592842951,70.48122889724037,70.17652737951302,0.06248987195203846,AR6 World GDP level and trajectory (unrebased),SSP Basic Drivers v3.2 / OECD ENV-Growth 2025,MIGRATION 1.0,SSP3-7.0_zeromig,0.3047015177273522,3.8528637928107905,70.17269788968788,0.5514991760000729,0.30853100755248875,19.858972540200504,1.1627819611879322,0.650507390874381
2030,SA2_AR6_dynamic_v32_split,SSP3-7.0,S2,"NATO→3.5%, nonNATO→3.5%",0.055,149.0356283991709,44.502952124553694,104.53267627461719,0.29860612930324837,0.030999999999995285,0.02953506493898644,1.3795915158609546,3.087379382016866,4.466970897877821,1.0510509955537957,0.4630504386006233,0.4777504525244526,0.953992000684192,4.695014209324317,66.94258026387705,71.63759447320136,71.20183890997005,0.06553841239156427,AR6 World GDP level and trajectory (unrebased),SSP Basic Drivers v3.2 / OECD ENV-Growth 2025,MIGRATION 1.0,SSP3-7.0_zeromig,0.4357555632313108,3.9074868225827943,71.19701971138792,0.7875273867415222,0.440574761813437,24.55398674952482,1.9503093479294544,1.091082152687818
2031,SA2_AR6_dynamic_v32_split,SSP3-7.0,S2,"NATO→3.5%, nonNATO→3.5%",0.055,151.81959450515436,44.82483068419079,106.99476382096356,0.29525062842049,0.03215489042044799,0.03111291522657475,1.4413375187652895,3.328919016449026,4.770256535214315,1.0395201427003753,0.4579704125183472,0.47250915577289787,0.9435259610440949,4.958777754203383,67.3442459706433,72.30302372484668,71.73614842941417,0.0685832693951265,AR6 World GDP level and trajectory (unrebased),SSP Basic Drivers v3.2 / OECD ENV-Growth 2025,MIGRATION 1.0,SSP3-7.0_zeromig,0.56687529543251,3.9352576505387584,71.73042506545389,1.0235201036646244,0.5725986593927956,29.512764503728203,2.973829451594079,1.6636808120806137
2032,SA2_AR6_dynamic_v32_split,SSP3-7.0,S2,"NATO→3.5%, nonNATO→3.5%",0.055,154.65556473500078,45.15017158102272,109.50539315397806,0.29194016819496044,0.033179069054221584,0.03251218265768567,1.4980406606967056,3.560259344223817,5.058300004920523,1.028534169344675,0.45313043824275895,0.46751553152030684,0.9335544841648541,5.202634393857095,67.7870741270593,72.9897085209164,72.30387854965711,0.0712790131552066,AR6 World GDP level and trajectory (unrebased),SSP Basic Drivers v3.2 / OECD ENV-Growth 2025,MIGRATION 1.0,SSP3-7.0_zeromig,0.685829971259281,3.964859000954061,72.29724676264897,1.2377753929030342,0.6924617582674273,34.7153988975853,4.2116048444971135,2.356142570348041
2033,SA2_AR6_dynamic_v32_split,SSP3-7.0,S2,"NATO→3.5%, nonNATO→3.5%",0.055,157.54451051896345,45.47902803215464,112.0654824868088,0.28867415235442545,0.03399498385901843,0.03362691301356794,1.5460588238769437,3.768416231407441,5.314475055284385,1.017157036564737,0.448118134990059,0.46234410752942595,0.9232279693632921,5.405655698130282,68.2170395814544,73.62269527958469,72.83977611205042,0.07342376800526143,AR6 World GDP level and trajectory (unrebased),SSP Basic Drivers v3.2 / OECD ENV-Growth 2025,MIGRATION 1.0,SSP3-7.0_zeromig,0.7829191675342742,3.9927120969951244,72.83223732090767,1.4129436011351575,0.790457958677024,40.12105459571558,5.6245484456322705,3.146600529025065
2034,SA2_AR6_dynamic_v32_split,SSP3-7.0,S2,"NATO→3.5%, nonNATO→3.5%",0.055,160.48742143348534,45.81145428799752,114.67596714548782,0.28545199292758444,0.034591224067421655,0.03444151651848919,1.5846742801305669,3.949614216715042,5.534288496845608,1.0058508440245673,0.44313708512970446,0.45720492910207605,0.9129658438459339,5.566668755627608,68.66547966125813,74.23214841688574,73.37564013827166,0.07498999927046901,AR6 World GDP level and trajectory (unrebased),SSP Basic Drivers v3.2 / OECD ENV-Growth 2025,MIGRATION 1.0,SSP3-7.0_zeromig,0.8565082786140721,4.020561534494871,73.36719332814015,1.5461072211327371,0.8649550887455888,45.68772335134319,7.170655666765008,4.011555617770654
2035,SA2_AR6_dynamic_v32_split,SSP3-7.0,S2,"NATO→3.5%, nonNATO→3.5%",0.055,163.48530554016915,46.1475056546803,117.33779988548885,0.2822731101257393,0.03499999999999057,0.03499999999998712,1.6151626979133755,4.106822995990598,5.7219856939039735,0.9946707937697744,0.4382116084440265,0.4521230880771702,0.9028182120417322,5.691492052094759,69.13371814330127,74.82521019539602,73.91548119606098,0.07606382978720927,AR6 World GDP level and trajectory (unrebased),SSP Basic Drivers v3.2 / OECD ENV-Growth 2025,MIGRATION 1.0,SSP3-7.0_zeromig,0.9097289993350444,4.048627167552866,73.90612494530266,1.6428648845418934,0.9190852500933602,51.37921540343795,8.813520551306901,4.930640867864014
2025,SA2_AR6_dynamic_v32_split,SSP3-7.0,S3,"NATO→5%, nonNATO→3.5%",0.055,131.57368822870808,41.75831570410389,89.81537252460419,0.317375884694495,0.027,0.024070129877985763,1.127474524010805,2.1618676817068967,3.289342205717702,1.1017398414242405,0.4853818881799102,0.5007908370110185,1.0,3.6239993601174825,62.26689809656402,65.8908974566815,65.8908974566815,0.055,AR6 World GDP level and trajectory (unrebased),SSP Basic Drivers v3.2 / OECD ENV-Growth 2025,MIGRATION 1.0,SSP3-7.0_zeromig,0.0,3.6239993601174825,65.8908974566815,0.0,0.0,3.6239993601174825,0.0,0.0
2026,SA2_AR6_dynamic_v32_split,SSP3-7.0,S3,"NATO→5%, nonNATO→3.5%",0.055,134.8941946705815,42.289728200521836,92.60446647005966,0.3135029517303951,0.02817523080613562,0.024628613359483693,1.1915228527784452,2.2807196000523713,3.4722424528308165,1.0922086149803605,0.481182816389949,0.4964584613547093,0.9913489318571261,3.792413120282356,63.237985103602576,67.03039822388493,66.96936433183951,0.05657751140930871,AR6 World GDP level and trajectory (unrebased),SSP Basic Drivers v3.2 / OECD ENV-Growth 2025,MIGRATION 1.0,SSP3-7.0_zeromig,0.06103389204541543,3.6816432271435424,66.96842905289819,0.11076989313881347,0.06196917098674248,7.416412480399838,0.11076989313881347,0.06196917098674248
2027,SA2_AR6_dynamic_v32_split,SSP3-7.0,S3,"NATO→5%, nonNATO→3.5%",0.055,138.29850026089372,42.829721690573244,95.46877857032047,0.3096904276602925,0.029889421405294894,0.02544321686440494,1.280155600281043,2.429032836944519,3.7091884372255617,1.0827404333566648,0.4770115195906985,0.49215474243484764,0.9827550866790704,4.016088295923135,64.20065215367431,68.21674044959745,68.06426277502585,0.05887247425564781,AR6 World GDP level and trajectory (unrebased),SSP Basic Drivers v3.2 / OECD ENV-Growth 2025,MIGRATION 1.0,SSP3-7.0_zeromig,0.15247767457159966,3.7401626674759556,68.06237646165496,0.27592562844717916,0.15436398794248873,11.432500776322973,0.38669552158599263,0.21633315892923122
2028,SA2_AR6_dynamic_v32_split,SSP3-7.0,S3,"NATO→5%, nonNATO→3.5%",0.055,141.78871982682614,43.37847042426535,98.4102494025608,0.30593738681924565,0.03223517646908584,0.02655794722028721,1.3983126490852145,2.6135742095685104,4.011886858653725,1.0727564423047062,0.47261297807829716,0.4876165646839574,0.9736930643426066,4.303777473418373,65.11511933928408,69.41889681270246,69.13852847289309,0.06199720351405608,AR6 World GDP level and trajectory (unrebased),SSP Basic Drivers v3.2 / OECD ENV-Growth 2025,MIGRATION 1.0,SSP3-7.0_zeromig,0.28036833980937104,3.797521531464801,69.13567670531583,0.5062559419535719,0.28322010738662584,15.736278249741346,0.8929514635395646,0.49955326631585706
2029,SA2_AR6_dynamic_v32_split,SSP3-7.0,S3,"NATO→5%, nonNATO→3.5%",0.055,145.36702156715262,43.936152928235394,101.43086863891722,0.3022429190236865,0.03517969004118492,0.02795721465139813,1.5456602416174205,2.835724566815976,4.381384808433396,1.062059045927474,0.4679001391149011,0.48275411178521543,0.9639835158856827,4.653289369485901,65.96719905260763,70.62048842209353,70.17652737951302,0.06589149230565397,AR6 World GDP level and trajectory (unrebased),SSP Basic Drivers v3.2 / OECD ENV-Growth 2025,MIGRATION 1.0,SSP3-7.0_zeromig,0.4439610425805114,3.8528637928107905,70.17269788968788,0.8004255766751109,0.4477905324056479,20.389567619227247,1.6933770402146755,0.947343798721505
2030,SA2_AR6_dynamic_v32_split,SSP3-7.0,S3,"NATO→5%, nonNATO→3.5%",0.055,149.0356283991709,44.502952124553694,104.53267627461719,0.29860612930324837,0.03849999999998644,0.02953506493898644,1.7133636567947137,3.087379382016866,4.8007430388115795,1.0510509955537957,0.4630504386006233,0.4777504525244526,0.953992000684192,5.045825750340865,66.788026927625,71.83385267796587,71.20183890997005,0.07024300607906289,AR6 World GDP level and trajectory (unrebased),SSP Basic Drivers v3.2 / OECD ENV-Growth 2025,MIGRATION 1.0,SSP3-7.0_zeromig,0.6320137679958151,3.9074868225827943,71.19701971138792,1.1383389277580704,0.6368329665779413,25.43539336956811,2.831715967972746,1.5841767652994463
2031,SA2_AR6_dynamic_v32_split,SSP3-7.0,S3,"NATO→5%, nonNATO→3.5%",0.055,151.81959450515436,44.82483068419079,106.99476382096356,0.29525062842049,0.041820309958787966,0.03111291522657475,1.8745883130630485,3.328919016449026,5.203507329512075,1.0395201427003753,0.4579704125183472,0.47250915577289787,0.9435259610440949,5.409150681716841,67.14582992565485,72.55498060737169,71.73614842941417,0.07455243784004627,AR6 World GDP level and trajectory (unrebased),SSP Basic Drivers v3.2 / OECD ENV-Growth 2025,MIGRATION 1.0,SSP3-7.0_zeromig,0.8188321779575176,3.9352576505387584,71.73042506545389,1.4738930311780822,0.8245555419178032,30.844544051284952,4.305608999150828,2.4087323072172495
2032,SA2_AR6_dynamic_v32_split,SSP3-7.0,S3,"NATO→5%, nonNATO→3.5%",0.055,154.65556473500078,45.15017158102272,109.50539315397806,0.29194016819496044,0.04476482353088705,0.03251218265768567,2.021139463213754,3.560259344223817,5.581398807437571,1.028534169344675,0.45313043824275895,0.46751553152030684,0.9335544841648541,5.7406593861891615,67.55004213743048,73.29070152361965,72.30387854965711,0.07832725389235222,AR6 World GDP level and trajectory (unrebased),SSP Basic Drivers v3.2 / OECD ENV-Growth 2025,MIGRATION 1.0,SSP3-7.0_zeromig,0.986822973962532,3.964859000954061,72.29724676264897,1.7758003852351005,0.9934547609706783,36.585203437474114,6.081409384385928,3.402187068187928
2033,SA2_AR6_dynamic_v32_split,SSP3-7.0,S3,"NATO→5%, nonNATO→3.5%",0.055,157.54451051896345,45.47902803215464,112.0654824868088,0.28867415235442545,0.04711057859467799,0.03362691301356794,2.1425433245183845,3.768416231407441,5.9109595559258254,1.017157036564737,0.448118134990059,0.46234410752942595,0.9232279693632921,6.012374105159527,67.94974405947649,73.96211816463601,72.83977611205042,0.08128991238158269,AR6 World GDP level and trajectory (unrebased),SSP Basic Drivers v3.2 / OECD ENV-Growth 2025,MIGRATION 1.0,SSP3-7.0_zeromig,1.1223420525855943,3.9927120969951244,72.83223732090767,2.0196620081644023,1.129880843728344,42.597577542633644,8.101071392550331,4.532067911916272
2034,SA2_AR6_dynamic_v32_split,SSP3-7.0,S3,"NATO→5%, nonNATO→3.5%",0.055,160.48742143348534,45.81145428799752,114.67596714548782,0.28545199292758444,0.04882476919383726,0.03444151651848919,2.2367336820455055,3.949614216715042,6.186347898760547,1.0058508440245673,0.44313708512970446,0.45720492910207605,0.9129658438459339,6.2225432553979045,68.37652795856212,74.59907121396003,73.37564013827166,0.0834131464928139,AR6 World GDP level and trajectory (unrebased),SSP Basic Drivers v3.2 / OECD ENV-Growth 2025,MIGRATION 1.0,SSP3-7.0_zeromig,1.2234310756883673,4.020561534494871,73.36719332814015,2.2019817209030332,1.231877885819884,48.820120798031546,10.303053113453364,5.763945797736156
2035,SA2_AR6_dynamic_v32_split,SSP3-7.0,S3,"NATO→5%, nonNATO→3.5%",0.055,163.48530554016915,46.1475056546803,117.33779988548885,0.2822731101257393,0.049999999999972886,0.03499999999998712,2.307375282732764,4.106822995990598,6.414198278723362,0.9946707937697744,0.4382116084440265,0.4521230880771702,0.9028182120417322,6.380015693294487,68.83038255312236,75.21039824641684,73.91548119606098,0.08482890454044953,AR6 World GDP level and trajectory (unrebased),SSP Basic Drivers v3.2 / OECD ENV-Growth 2025,MIGRATION 1.0,SSP3-7.0_zeromig,1.2949170503558634,4.048627167552866,73.90612494530266,2.3313885257416214,1.3042733011141792,55.200136491326035,12.634441639194986,7.068219098850335
2025,SA2_AR6_dynamic_v32_split,SSP5-8.5,S0,Baseline,0.055,144.2051385147961,45.7671366793366,98.43800183545949,0.31737521388421736,0.027,0.02407013275714725,1.2357126903420883,2.369415772527814,3.6051284628699025,0.9854524668689925,0.43415038750172397,0.4479329394859057,1.0,3.5526827371147642,61.041548846790036,64.5942315839048,64.5942315839048,0.055,AR6 World GDP level and trajectory (unrebased),SSP Basic Drivers v3.2 / OECD ENV-Growth 2025,MIGRATION 1.0,SSP5-8.5_zeromig,0.0,3.5526827371147642,64.5942315839048,0.0,0.0,3.5526827371147642,0.0,0.0
2026,SA2_AR6_dynamic_v32_split,SSP5-8.5,S0,Baseline,0.055,151.357011624834,47.45292234687236,103.90408927796165,0.31351651197034136,0.027,0.02407013275714725,1.2812289033655537,2.5009852229310168,3.7822141262965703,0.956299473283868,0.4213067609572286,0.4346815787653946,0.9704166415273685,3.6169293768242152,62.17425993302773,65.79118930985194,65.79210477029503,0.05497589289334515,AR6 World GDP level and trajectory (unrebased),SSP Basic Drivers v3.2 / OECD ENV-Growth 2025,MIGRATION 1.0,SSP5-8.5_zeromig,-0.0009154604430818836,3.6169293768242152,65.79118930985194,0.0,0.0,7.16961211393898,0.0,0.0
2027,SA2_AR6_dynamic_v32_split,SSP5-8.5,S0,Baseline,0.055,158.86358283723416,49.2030258641469,109.66055697308727,0.3097187220973011,0.027,0.02407013275714725,1.3284816983319663,2.63954416456492,3.9680258628968863,0.9278858000658762,0.40878884898007134,0.42176627275721645,0.941583517482057,3.681874852476166,63.31957644766639,67.00145130014256,67.00330121011756,0.054952165677466934,AR6 World GDP level and trajectory (unrebased),SSP Basic Drivers v3.2 / OECD ENV-Growth 2025,MIGRATION 1.0,SSP5-8.5_zeromig,-0.0018499099749931247,3.681874852476166,67.00145130014256,0.0,0.0,10.851486966415145,0.0,0.0
2028,SA2_AR6_dynamic_v32_split,SSP5-8.5,S0,Baseline,0.055,166.7424434517702,51.020003323278466,115.72244012849174,0.30598090244512854,0.027,0.02407013275714725,1.3775400897285186,2.7854544968738204,4.1629945866023395,0.9003108417151483,0.39664044075562477,0.40923220077961286,0.913601489654434,3.747989160319558,64.48558425568675,68.23357341600631,68.23637709713807,0.054928812499219784,AR6 World GDP level and trajectory (unrebased),SSP Basic Drivers v3.2 / OECD ENV-Growth 2025,MIGRATION 1.0,SSP5-8.5_zeromig,-0.0028036811317662114,3.747989160319558,68.23357341600631,0.0,0.0,14.599476126734704,0.0,0.0
2029,SA2_AR6_dynamic_v32_split,SSP5-8.5,S0,Baseline,0.055,175.0120572110772,52.90651717625217,122.10554003482503,0.30230212717540417,0.027,0.02407013275714725,1.4284759637588087,2.939096559021397,4.367572522780206,0.8729878360329933,0.3846030326578922,0.39681265274226973,0.885875133893241,3.8128376853790535,65.63038631746228,69.44322400284133,69.44699868380943,0.05490582760418854,AR6 World GDP level and trajectory (unrebased),SSP Basic Drivers v3.2 / OECD ENV-Growth 2025,MIGRATION 1.0,SSP5-8.5_zeromig,-0.0037746809680925253,3.8128376853790535,69.44322400284133,0.0,0.0,18.41231381211376,0.0,0.0
2030,SA2_AR6_dynamic_v32_split,SSP5-8.5,S0,Baseline,0.055,183.69180356957398,54.86534088378083,128.82646268579316,0.2986814861502537,0.027,0.02407013275714725,1.4813642038620825,3.1008700594807177,4.5822342633428,0.8461594780801066,0.37278354628703997,0.38461794458186666,0.8586507279935566,3.8773009527109252,66.76910041992123,70.64640137263216,70.65116392546554,0.05488320533497068,AR6 World GDP level and trajectory (unrebased),SSP Basic Drivers v3.2 / OECD ENV-Growth 2025,MIGRATION 1.0,SSP5-8.5_zeromig,-0.004762552833383893,3.8773009527109252,70.64640137263216,0.0,0.0,22.289614764824684,0.0,0.0
2031,SA2_AR6_dynamic_v32_split,SSP5-8.5,S0,Baseline,0.055,192.3472811262712,56.747150529398425,135.6001305968728,0.2950244484721639,0.027,0.02407013275714725,1.5321730642937574,3.2639131453532326,4.79608620964699,0.8257690982539551,0.36380037195803616,0.3753495901154341,0.8379593395078831,3.9604597844884246,68.23119447184203,72.19165425633045,72.19747313056408,0.05486035505469988,AR6 World GDP level and trajectory (unrebased),SSP Basic Drivers v3.2 / OECD ENV-Growth 2025,MIGRATION 1.0,SSP5-8.5_zeromig,-0.005818874233625593,3.9604597844884246,72.19165425633045,0.0,0.0,26.25007454931311,0.0,0.0
2032,SA2_AR6_dynamic_v32_split,SSP5-8.5,S0,Baseline,0.055,201.41060100515517,58.69511096673633,142.71549003841884,0.2914201669316999,0.027,0.02407013275714725,1.5847679961018808,3.4351807917260673,5.019948787827948,0.8053798260092528,0.354817685584496,0.36608173909511493,0.8172690749540954,4.042965481316233,69.68287669018171,73.72584217149794,73.73274308815951,0.05483783382103194,AR6 World GDP level and trajectory (unrebased),SSP Basic Drivers v3.2 / OECD ENV-Growth 2025,MIGRATION 1.0,SSP5-8.5_zeromig,-0.006900916661564338,4.042965481316233,73.72584217149794,0.0,0.0,30.293040030629342,0.0,0.0
2033,SA2_AR6_dynamic_v32_split,SSP5-8.5,S0,Baseline,0.055,210.9009805583224,60.71161589235351,150.1893646659689,0.2878678692324257,0.027,0.02407013275714725,1.6392136290935446,3.6150779462214713,5.2542915753150155,0.7844164704248574,0.3455820813759861,0.3565529411022079,0.7959962522770151,4.121552852091669,71.06781080682777,75.18936365891943,75.19736489940942,0.05481563683379762,AR6 World GDP level and trajectory (unrebased),SSP Basic Drivers v3.2 / OECD ENV-Growth 2025,MIGRATION 1.0,SSP5-8.5_zeromig,-0.008001240489988959,4.121552852091669,75.18936365891943,0.0,0.0,34.41459288272101,0.0,0.0
2034,SA2_AR6_dynamic_v32_split,SSP5-8.5,S0,Baseline,0.055,220.8385426511057,62.79914855117536,158.03939409993035,0.28436679484155675,0.027,0.02407013275714725,1.6955770108817345,3.804029196844437,5.499606207726171,0.7633952115924943,0.33632096734494504,0.3469978234511338,0.7746646715675443,4.198373044622516,72.42299941166904,76.62137245629155,76.63049363405406,0.05479375936547555,AR6 World GDP level and trajectory (unrebased),SSP Basic Drivers v3.2 / OECD ENV-Growth 2025,MIGRATION 1.0,SSP5-8.5_zeromig,-0.009121177762509092,4.198373044622516,76.62137245629155,0.0,0.0,38.612965927343524,0.0,0.0
2035,SA2_AR6_dynamic_v32_split,SSP5-8.5,S0,Baseline,0.055,231.244358329465,64.96028521218528,166.28407311727972,0.28091619480564034,0.027,0.02407013275714725,1.7539277007290026,4.002479715332103,5.756407416061106,0.742429659185252,0.32708439530539074,0.3374680269023873,0.7533896196374855,4.273727596037705,73.75359007316234,78.02731766920004,78.03757733775319,0.05477219676006735,AR6 World GDP level and trajectory (unrebased),SSP Basic Drivers v3.2 / OECD ENV-Growth 2025,MIGRATION 1.0,SSP5-8.5_zeromig,-0.01025966855314664,4.273727596037705,78.02731766920004,0.0,0.0,42.886693523381226,0.0,0.0
2025,SA2_AR6_dynamic_v32_split,SSP5-8.5,S1,"NATO→3.5%, nonNATO holds",0.055,144.2051385147961,45.7671366793366,98.43800183545949,0.31737521388421736,0.027,0.02407013275714725,1.2357126903420883,2.369415772527814,3.6051284628699025,0.9854524668689925,0.43415038750172397,0.4479329394859057,1.0,3.5526827371147642,61.041548846790036,64.5942315839048,64.5942315839048,0.055,AR6 World GDP level and trajectory (unrebased),SSP Basic Drivers v3.2 / OECD ENV-Growth 2025,MIGRATION 1.0,SSP5-8.5_zeromig,0.0,3.5526827371147642,64.5942315839048,0.0,0.0,3.5526827371147642,0.0,0.0
2026,SA2_AR6_dynamic_v32_split,SSP5-8.5,S1,"NATO→3.5%, nonNATO holds",0.055,151.357011624834,47.45292234687236,103.90408927796165,0.31351651197034136,0.02740877593256891,0.02407013275714725,1.3006265159510166,2.5009852229310168,3.801611738882033,0.956299473283868,0.4213067609572286,0.4346815787653946,0.9704166415273685,3.635479303522658,62.16608758769904,65.8015668912217,65.79210477029503,0.05524912969827245,AR6 World GDP level and trajectory (unrebased),SSP Basic Drivers v3.2 / OECD ENV-Growth 2025,MIGRATION 1.0,SSP5-8.5_zeromig,0.009462120926670536,3.6169293768242152,65.79118930985194,0.018549926698442576,0.01037758136975242,7.1881620406374225,0.018549926698442576,0.01037758136975242
2027,SA2_AR6_dynamic_v32_split,SSP5-8.5,S1,"NATO→3.5%, nonNATO holds",0.055,158.86358283723416,49.2030258641469,109.66055697308727,0.3097187220973011,0.028005016140972137,0.02407013275714725,1.3779315335101034,2.63954416456492,4.017475698075023,0.9278858000658762,0.40878884898007134,0.42176627275721645,0.941583517482057,3.727758652353557,63.29936190646167,67.02712055881523,67.00330121011756,0.05561567647953053,AR6 World GDP level and trajectory (unrebased),SSP Basic Drivers v3.2 / OECD ENV-Growth 2025,MIGRATION 1.0,SSP5-8.5_zeromig,0.023819348697671217,3.681874852476166,67.00145130014256,0.045883799877390885,0.02566925867266434,10.91592069299098,0.06443372657583346,0.03604684004241676
2028,SA2_AR6_dynamic_v32_split,SSP5-8.5,S1,"NATO→3.5%, nonNATO holds",0.055,166.7424434517702,51.020003323278466,115.72244012849174,0.30598090244512854,0.028820930945768986,0.02407013275714725,1.4704439926331128,2.7854544968738204,4.255898489506933,0.9003108417151483,0.39664044075562477,0.40923220077961286,0.913601489654434,3.8316315513422152,64.44873481069075,68.28036636203296,68.23637709713807,0.05611615396183315,AR6 World GDP level and trajectory (unrebased),SSP Basic Drivers v3.2 / OECD ENV-Growth 2025,MIGRATION 1.0,SSP5-8.5_zeromig,0.04398926489488986,3.747989160319558,68.23357341600631,0.08364239102265714,0.04679294602665607,14.747552244333194,0.1480761175984906,0.08283978606907283
2029,SA2_AR6_dynamic_v32_split,SSP5-8.5,S1,"NATO→3.5%, nonNATO holds",0.055,175.0120572110772,52.90651717625217,122.10554003482503,0.30230212717540417,0.029845109579542582,0.02407013275714725,1.579000802597198,2.939096559021397,4.518097361618595,0.8729878360329933,0.3846030326578922,0.39681265274226973,0.885875133893241,3.9442440387057935,65.57249400795469,69.51673804666048,69.44699868380943,0.05673804826771891,AR6 World GDP level and trajectory (unrebased),SSP Basic Drivers v3.2 / OECD ENV-Growth 2025,MIGRATION 1.0,SSP5-8.5_zeromig,0.06973936285105253,3.8128376853790535,69.44322400284133,0.13140635332674,0.07351404381914506,18.69179628303899,0.2794824709252306,0.1563538298882179
2030,SA2_AR6_dynamic_v32_split,SSP5-8.5,S1,"NATO→3.5%, nonNATO holds",0.055,183.69180356957398,54.86534088378083,128.82646268579316,0.2986814861502537,0.030999999999995285,0.02407013275714725,1.700825567396947,3.1008700594807177,4.801695626877665,0.8461594780801066,0.37278354628703997,0.38461794458186666,0.8586507279935566,4.063000265538335,66.6872888345497,70.75028910008804,70.65116392546554,0.05742733092992095,AR6 World GDP level and trajectory (unrebased),SSP Basic Drivers v3.2 / OECD ENV-Growth 2025,MIGRATION 1.0,SSP5-8.5_zeromig,0.09912517462250037,3.8773009527109252,70.64640137263216,0.1856993128274098,0.10388772745588426,22.754796548577325,0.4651817837526404,0.26024155734410215
2031,SA2_AR6_dynamic_v32_split,SSP5-8.5,S1,"NATO→3.5%, nonNATO holds",0.055,192.3472811262712,56.747150529398425,135.6001305968728,0.2950244484721639,0.03215489042044799,0.02407013275714725,1.8246984069454733,3.2639131453532326,5.088611552298706,0.8257690982539551,0.36380037195803616,0.3753495901154341,0.8379593395078831,4.202018172906361,68.12477364337818,72.32679181628454,72.19747313056408,0.058097671241658294,AR6 World GDP level and trajectory (unrebased),SSP Basic Drivers v3.2 / OECD ENV-Growth 2025,MIGRATION 1.0,SSP5-8.5_zeromig,0.12931868572046312,3.9604597844884246,72.19165425633045,0.24155838841793642,0.13513755995408872,26.956814721483685,0.7067401721705768,0.39537911729819086
2032,SA2_AR6_dynamic_v32_split,SSP5-8.5,S1,"NATO→3.5%, nonNATO holds",0.055,201.41060100515517,58.69511096673633,142.71549003841884,0.2914201669316999,0.033179069054221584,0.02407013275714725,1.9474491399105434,3.4351807917260673,5.382629931636611,0.8053798260092528,0.354817685584496,0.36608173909511493,0.8172690749540954,4.33506155781369,69.55419100613038,73.88925256394407,73.73274308815951,0.05866971727805894,AR6 World GDP level and trajectory (unrebased),SSP Basic Drivers v3.2 / OECD ENV-Growth 2025,MIGRATION 1.0,SSP5-8.5_zeromig,0.15650947578455998,4.042965481316233,73.72584217149794,0.29209607649745717,0.16341039244612432,31.291876279297373,0.998836248668034,0.5587895097443152
2033,SA2_AR6_dynamic_v32_split,SSP5-8.5,S1,"NATO→3.5%, nonNATO holds",0.055,210.9009805583224,60.71161589235351,150.1893646659689,0.2878678692324257,0.03399498385901843,0.02407013275714725,2.0638904023154843,3.6150779462214713,5.678968348536955,0.7844164704248574,0.3455820813759861,0.3565529411022079,0.7959962522770151,4.454676307613839,70.92105012362569,75.37572643123953,75.19736489940942,0.05909961360939661,AR6 World GDP level and trajectory (unrebased),SSP Basic Drivers v3.2 / OECD ENV-Growth 2025,MIGRATION 1.0,SSP5-8.5_zeromig,0.17836153183010595,4.121552852091669,75.18936365891943,0.3331234555221707,0.1863627723200949,35.746552586911214,1.3319597041902047,0.7451522820644101
2034,SA2_AR6_dynamic_v32_split,SSP5-8.5,S1,"NATO→3.5%, nonNATO holds",0.055,220.8385426511057,62.79914855117536,158.03939409993035,0.28436679484155675,0.034591224067421655,0.02407013275714725,2.172299418777005,3.804029196844437,5.976328615621442,0.7633952115924943,0.33632096734494504,0.3469978234511338,0.7746646715675443,4.56230064806861,72.2626676702907,76.82496831835931,76.63049363405406,0.05938564958676762,AR6 World GDP level and trajectory (unrebased),SSP Basic Drivers v3.2 / OECD ENV-Growth 2025,MIGRATION 1.0,SSP5-8.5_zeromig,0.1944746843052485,4.198373044622516,76.62137245629155,0.3639276034460943,0.2035958620677576,40.30885323497982,1.695887307636299,0.9487481441321677
2035,SA2_AR6_dynamic_v32_split,SSP5-8.5,S1,"NATO→3.5%, nonNATO holds",0.055,231.244358329465,64.96028521218528,166.28407311727972,0.28091619480564034,0.03499999999999057,0.02407013275714725,2.2736099824258726,4.002479715332103,6.276089697757976,0.742429659185252,0.32708439530539074,0.3374680269023873,0.7533896196374855,4.659555135322526,73.5836101083026,78.24316524362511,78.03757733775319,0.05955223208077161,AR6 World GDP level and trajectory (unrebased),SSP Basic Drivers v3.2 / OECD ENV-Growth 2025,MIGRATION 1.0,SSP5-8.5_zeromig,0.20558790587192277,4.273727596037705,78.02731766920004,0.38582753928482116,0.2158475744250694,44.96840837030235,2.08171484692112,1.164595718557237
2025,SA2_AR6_dynamic_v32_split,SSP5-8.5,S2,"NATO→3.5%, nonNATO→3.5%",0.055,144.2051385147961,45.7671366793366,98.43800183545949,0.31737521388421736,0.027,0.02407013275714725,1.2357126903420883,2.369415772527814,3.6051284628699025,0.9854524668689925,0.43415038750172397,0.4479329394859057,1.0,3.5526827371147642,61.041548846790036,64.5942315839048,64.5942315839048,0.055,AR6 World GDP level and trajectory (unrebased),SSP Basic Drivers v3.2 / OECD ENV-Growth 2025,MIGRATION 1.0,SSP5-8.5_zeromig,0.0,3.5526827371147642,64.5942315839048,0.0,0.0,3.5526827371147642,0.0,0.0
2026,SA2_AR6_dynamic_v32_split,SSP5-8.5,S2,"NATO→3.5%, nonNATO→3.5%",0.055,151.357011624834,47.45292234687236,103.90408927796165,0.31351651197034136,0.02740877593256891,0.02462861609152869,1.3006265159510166,2.55901392516684,3.8596404411178566,0.956299473283868,0.4213067609572286,0.4346815787653946,0.9704166415273685,3.6909721209061224,62.14163970311752,65.83261182402364,65.79210477029503,0.05606601376795463,AR6 World GDP level and trajectory (unrebased),SSP Basic Drivers v3.2 / OECD ENV-Growth 2025,MIGRATION 1.0,SSP5-8.5_zeromig,0.04050705372861785,3.6169293768242152,65.79118930985194,0.07404274408190714,0.04142251417169973,7.243654858020887,0.07404274408190714,0.04142251417169973
2027,SA2_AR6_dynamic_v32_split,SSP5-8.5,S2,"NATO→3.5%, nonNATO→3.5%",0.055,158.86358283723416,49.2030258641469,109.66055697308727,0.3097187220973011,0.028005016140972137,0.025443219381865955,1.3779315335101034,2.79011760860387,4.168049142113974,0.9278858000658762,0.40878884898007134,0.42176627275721645,0.941583517482057,3.8674736129443135,63.23780916158602,67.10528277453034,67.00330121011756,0.05763292326684308,AR6 World GDP level and trajectory (unrebased),SSP Basic Drivers v3.2 / OECD ENV-Growth 2025,MIGRATION 1.0,SSP5-8.5_zeromig,0.10198156441278172,3.681874852476166,67.00145130014256,0.18559876046814727,0.10383147438777485,11.1111284709652,0.2596415045500544,0.14525398855947458
2028,SA2_AR6_dynamic_v32_split,SSP5-8.5,S2,"NATO→3.5%, nonNATO→3.5%",0.055,166.7424434517702,51.020003323278466,115.72244012849174,0.30598090244512854,0.028820930945768986,0.026557949444104414,1.4704439926331128,3.0733507144808834,4.543794707113996,0.9003108417151483,0.39664044075562477,0.40923220077961286,0.913601489654434,4.090827637342637,64.3345435280472,68.42537116538985,68.23637709713807,0.05978524584769536,AR6 World GDP level and trajectory (unrebased),SSP Basic Drivers v3.2 / OECD ENV-Growth 2025,MIGRATION 1.0,SSP5-8.5_zeromig,0.18899406825177323,3.747989160319558,68.23357341600631,0.34283847702307924,0.19179774938353944,15.201956108307837,0.6024799815731336,0.337051737943014
2029,SA2_AR6_dynamic_v32_split,SSP5-8.5,S2,"NATO→3.5%, nonNATO→3.5%",0.055,175.0120572110772,52.90651717625217,122.10554003482503,0.30230212717540417,0.029845109579542582,0.02795721650661838,1.579000802597198,3.4137310194111614,4.992731822008359,0.8729878360329933,0.3846030326578922,0.39681265274226973,0.885875133893241,4.358594149188142,65.38994815508485,69.74854230427299,69.44699868380943,0.06249011097857915,AR6 World GDP level and trajectory (unrebased),SSP Basic Drivers v3.2 / OECD ENV-Growth 2025,MIGRATION 1.0,SSP5-8.5_zeromig,0.301543620463562,3.8128376853790535,69.44322400284133,0.5457564638090884,0.3053183014316545,19.56055025749598,1.148236445382222,0.6423700393746685
2030,SA2_AR6_dynamic_v32_split,SSP5-8.5,S2,"NATO→3.5%, nonNATO→3.5%",0.055,183.69180356957398,54.86534088378083,128.82646268579316,0.2986814861502537,0.030999999999995285,0.029535066378567183,1.700825567396947,3.8048981267409094,5.505723694137856,0.8461594780801066,0.37278354628703997,0.38461794458186666,0.8586507279935566,4.658720287484965,66.42483875495084,71.08355904243581,70.65116392546554,0.06553864705485245,AR6 World GDP level and trajectory (unrebased),SSP Basic Drivers v3.2 / OECD ENV-Growth 2025,MIGRATION 1.0,SSP5-8.5_zeromig,0.43239511697026956,3.8773009527109252,70.64640137263216,0.7814193347740401,0.43715766980365345,24.219270544980944,1.9296557801562622,1.079527709178322
2031,SA2_AR6_dynamic_v32_split,SSP5-8.5,S2,"NATO→3.5%, nonNATO→3.5%",0.055,192.3472811262712,56.747150529398425,135.6001305968728,0.2950244484721639,0.03215489042044799,0.03111291625051599,1.8246984069454733,4.218915506819534,6.043613913765007,0.8257690982539551,0.36380037195803616,0.3753495901154341,0.8379593395078831,4.990629611764787,67.77734342905595,72.76797304082073,72.19747313056408,0.06858277622993823,AR6 World GDP level and trajectory (unrebased),SSP Basic Drivers v3.2 / OECD ENV-Growth 2025,MIGRATION 1.0,SSP5-8.5_zeromig,0.5704999102566575,3.9604597844884246,72.19165425633045,1.030169827276362,0.5763187844902831,29.209900156745732,2.959825607432624,1.655846493668605
2032,SA2_AR6_dynamic_v32_split,SSP5-8.5,S2,"NATO→3.5%, nonNATO→3.5%",0.055,201.41060100515517,58.69511096673633,142.71549003841884,0.2914201669316999,0.033179069054221584,0.032512183313029956,1.9474491399105434,4.639992173737974,6.587441313648517,0.8053798260092528,0.354817685584496,0.36608173909511493,0.8172690749540954,5.305392339032407,69.12670261999907,74.43209495903147,73.73274308815951,0.07127828851186539,AR6 World GDP level and trajectory (unrebased),SSP Basic Drivers v3.2 / OECD ENV-Growth 2025,MIGRATION 1.0,SSP5-8.5_zeromig,0.6993518708719648,4.042965481316233,73.72584217149794,1.2624268577161741,0.7062527875335292,34.51529249577814,4.222252465148799,2.362099281202134
2033,SA2_AR6_dynamic_v32_split,SSP5-8.5,S2,"NATO→3.5%, nonNATO→3.5%",0.055,210.9009805583224,60.71161589235351,150.1893646659689,0.2878678692324257,0.03399498385901843,0.03362691337526841,2.0638904023154843,5.050404755509134,7.114295157824618,0.7844164704248574,0.3455820813759861,0.3565529411022079,0.7959962522770151,5.58057029726144,70.42502689741731,76.00559719467876,75.19736489940942,0.07342314912634017,AR6 World GDP level and trajectory (unrebased),SSP Basic Drivers v3.2 / OECD ENV-Growth 2025,MIGRATION 1.0,SSP5-8.5_zeromig,0.8082322952693346,4.121552852091669,75.18936365891943,1.4590174451697715,0.8162335357593236,40.09586279303958,5.681269910318569,3.1783328169614578
2034,SA2_AR6_dynamic_v32_split,SSP5-8.5,S2,"NATO→3.5%, nonNATO→3.5%",0.055,220.8385426511057,62.79914855117536,158.03939409993035,0.28436679484155675,0.034591224067421655,0.03444151666560567,2.172299418777005,5.443116425714974,7.615415844491979,0.7633952115924943,0.33632096734494504,0.3469978234511338,0.7746646715675443,5.8135719899707885,71.71140826791421,77.52498025788499,76.63049363405406,0.07498966101806256,AR6 World GDP level and trajectory (unrebased),SSP Basic Drivers v3.2 / OECD ENV-Growth 2025,MIGRATION 1.0,SSP5-8.5_zeromig,0.8944866238309288,4.198373044622516,76.62137245629155,1.615198945348273,0.9036078015934379,45.90943478301037,7.296468855666843,4.081940618554896
2035,SA2_AR6_dynamic_v32_split,SSP5-8.5,S2,"NATO→3.5%, nonNATO→3.5%",0.055,231.244358329465,64.96028521218528,166.28407311727972,0.28091619480564034,0.03499999999999057,0.03499999999998712,2.2736099824258726,5.819942559102648,8.09355254152852,0.742429659185252,0.32708439530539074,0.3374680269023873,0.7533896196374855,6.00889345500495,72.98914637305789,78.99803982806284,78.03757733775319,0.07606382978720926,AR6 World GDP level and trajectory (unrebased),SSP Basic Drivers v3.2 / OECD ENV-Growth 2025,MIGRATION 1.0,SSP5-8.5_zeromig,0.9604624903096521,4.273727596037705,78.02731766920004,1.7351658589672452,0.9707221588627988,51.91832823801532,9.031634714634087,5.052662777417694
2025,SA2_AR6_dynamic_v32_split,SSP5-8.5,S3,"NATO→5%, nonNATO→3.5%",0.055,144.2051385147961,45.7671366793366,98.43800183545949,0.31737521388421736,0.027,0.02407013275714725,1.2357126903420883,2.369415772527814,3.6051284628699025,0.9854524668689925,0.43415038750172397,0.4479329394859057,1.0,3.5526827371147642,61.041548846790036,64.5942315839048,64.5942315839048,0.055,AR6 World GDP level and trajectory (unrebased),SSP Basic Drivers v3.2 / OECD ENV-Growth 2025,MIGRATION 1.0,SSP5-8.5_zeromig,0.0,3.5526827371147642,64.5942315839048,0.0,0.0,3.5526827371147642,0.0,0.0
2026,SA2_AR6_dynamic_v32_split,SSP5-8.5,S3,"NATO→5%, nonNATO→3.5%",0.055,151.357011624834,47.45292234687236,103.90408927796165,0.31351651197034136,0.02817523080613562,0.02462861609152869,1.3369970395487596,2.55901392516684,3.8960109647155994,0.956299473283868,0.4213067609572286,0.4346815787653946,0.9704166415273685,3.725753233465702,62.126316555626225,65.85206978909193,65.79210477029503,0.056577617763547576,AR6 World GDP level and trajectory (unrebased),SSP Basic Drivers v3.2 / OECD ENV-Growth 2025,MIGRATION 1.0,SSP5-8.5_zeromig,0.05996501879690186,3.6169293768242152,65.79118930985194,0.10882385664148675,0.06088047923998374,7.278435970580466,0.10882385664148675,0.06088047923998374
2027,SA2_AR6_dynamic_v32_split,SSP5-8.5,S3,"NATO→5%, nonNATO→3.5%",0.055,158.86358283723416,49.2030258641469,109.66055697308727,0.3097187220973011,0.029889421405294894,0.025443219381865955,1.4706499744691106,2.79011760860387,4.2607675830729805,0.9278858000658762,0.40878884898007134,0.42176627275721645,0.941583517482057,3.9535057377144223,63.199906896827166,67.15341263454158,67.00330121011756,0.05887274499704077,AR6 World GDP level and trajectory (unrebased),SSP Basic Drivers v3.2 / OECD ENV-Growth 2025,MIGRATION 1.0,SSP5-8.5_zeromig,0.15011142442402559,3.681874852476166,67.00145130014256,0.27163088523825607,0.1519613343990187,11.231941708294888,0.3804547418797428,0.21284181363900245
2028,SA2_AR6_dynamic_v32_split,SSP5-8.5,S3,"NATO→5%, nonNATO→3.5%",0.055,166.7424434517702,51.020003323278466,115.72244012849174,0.30598090244512854,0.03223517646908584,0.026557949444104414,1.6446388105792271,3.0733507144808834,4.71798952506011,0.9003108417151483,0.39664044075562477,0.40923220077961286,0.913601489654434,4.24765712051012,64.26545081867971,68.51310793918984,68.23637709713807,0.06199772931451617,AR6 World GDP level and trajectory (unrebased),SSP Basic Drivers v3.2 / OECD ENV-Growth 2025,MIGRATION 1.0,SSP5-8.5_zeromig,0.27673084205176224,3.747989160319558,68.23357341600631,0.49966796019056225,0.27953452318352845,15.47959882880501,0.8801227020703051,0.4923763368225309
2029,SA2_AR6_dynamic_v32_split,SSP5-8.5,S3,"NATO→5%, nonNATO→3.5%",0.055,175.0120572110772,52.90651717625217,122.10554003482503,0.30230212717540417,0.03517969004118492,0.02795721650661838,1.8612348754191776,3.4137310194111614,5.2749658948303395,0.8729878360329933,0.3846030326578922,0.39681265274226973,0.885875133893241,4.6049810616757805,65.28140007475812,69.88638113643391,69.44699868380943,0.06589239543947516,AR6 World GDP level and trajectory (unrebased),SSP Basic Drivers v3.2 / OECD ENV-Growth 2025,MIGRATION 1.0,SSP5-8.5_zeromig,0.4393824526244856,3.8128376853790535,69.44322400284133,0.7921433762967269,0.44315713359257813,20.08457989048079,1.672266078367032,0.935533470415109
2030,SA2_AR6_dynamic_v32_split,SSP5-8.5,S3,"NATO→5%, nonNATO→3.5%",0.055,183.69180356957398,54.86534088378083,128.82646268579316,0.2986814861502537,0.03849999999998644,0.029535066378567183,2.112315624024818,3.8048981267409094,5.917213750765727,0.8461594780801066,0.37278354628703997,0.38461794458186666,0.8586507279935566,5.006906499036358,66.27144203237924,71.2783485314156,70.65116392546554,0.07024442347776319,AR6 World GDP level and trajectory (unrebased),SSP Basic Drivers v3.2 / OECD ENV-Growth 2025,MIGRATION 1.0,SSP5-8.5_zeromig,0.6271846059500632,3.8773009527109252,70.64640137263216,1.1296055463254326,0.6319471587834471,25.091486389517147,2.8018716246924646,1.5674806291985561
2031,SA2_AR6_dynamic_v32_split,SSP5-8.5,S3,"NATO→5%, nonNATO→3.5%",0.055,192.3472811262712,56.747150529398425,135.6001305968728,0.2950244484721639,0.041820309958787966,0.03111291625051599,2.373183424417441,4.218915506819534,6.592098931236975,0.8257690982539551,0.36380037195803616,0.3753495901154341,0.8379593395078831,5.4435515900484175,67.57780437568624,73.02135596573466,72.19747313056408,0.07454739121254897,AR6 World GDP level and trajectory (unrebased),SSP Basic Drivers v3.2 / OECD ENV-Growth 2025,MIGRATION 1.0,SSP5-8.5_zeromig,0.8238828351705791,3.9604597844884246,72.19165425633045,1.4830918055599929,0.8297017094042047,30.535037979565566,4.284963430252457,2.397182338602761
2032,SA2_AR6_dynamic_v32_split,SSP5-8.5,S3,"NATO→5%, nonNATO→3.5%",0.055,201.41060100515517,58.69511096673633,142.71549003841884,0.2914201669316999,0.04476482353088705,0.032512183313029956,2.627476284551785,4.639992173737974,7.267468458289759,0.8053798260092528,0.354817685584496,0.36608173909511493,0.8172690749540954,5.853072482465139,68.88541696240283,74.73848944486797,73.73274308815951,0.07831403238063503,AR6 World GDP level and trajectory (unrebased),SSP Basic Drivers v3.2 / OECD ENV-Growth 2025,MIGRATION 1.0,SSP5-8.5_zeromig,1.0057463567084568,4.042965481316233,73.72584217149794,1.8101070011489062,1.0126472733700211,36.3881104620307,6.095070431401364,3.409829611972782
2033,SA2_AR6_dynamic_v32_split,SSP5-8.5,S3,"NATO→5%, nonNATO→3.5%",0.055,210.9009805583224,60.71161589235351,150.1893646659689,0.2878678692324257,0.04711057859467799,0.03362691337526841,2.860159352106621,5.050404755509134,7.910564107615755,0.7844164704248574,0.3455820813759861,0.3565529411022079,0.7959962522770151,6.205176776365513,70.14985061641342,76.35502739277894,75.19736489940942,0.08126742911695098,AR6 World GDP level and trajectory (unrebased),SSP Basic Drivers v3.2 / OECD ENV-Growth 2025,MIGRATION 1.0,SSP5-8.5_zeromig,1.1576624933695143,4.121552852091669,75.18936365891943,2.0836239242738444,1.1656637338595033,42.593287238396215,8.178694355675209,4.575493345832285
2034,SA2_AR6_dynamic_v32_split,SSP5-8.5,S3,"NATO→5%, nonNATO→3.5%",0.055,220.8385426511057,62.79914855117536,158.03939409993035,0.28436679484155675,0.04882476919383726,0.03444151666560567,3.0661539335806367,5.443116425714974,8.509270359295611,0.7633952115924943,0.33632096734494504,0.3469978234511338,0.7746646715675443,6.495936246432214,71.41078625282981,77.90672249926202,76.63049363405406,0.0833809463168438,AR6 World GDP level and trajectory (unrebased),SSP Basic Drivers v3.2 / OECD ENV-Growth 2025,MIGRATION 1.0,SSP5-8.5_zeromig,1.2762288652079548,4.198373044622516,76.62137245629155,2.297563201809698,1.2853500429704638,49.08922348482843,10.476257557484907,5.860843388802749
2035,SA2_AR6_dynamic_v32_split,SSP5-8.5,S3,"NATO→5%, nonNATO→3.5%",0.055,231.244358329465,64.96028521218528,166.28407311727972,0.28091619480564034,0.049999999999972886,0.03499999999998712,3.2480142606075026,5.819942559102648,9.067956819710151,0.742429659185252,0.32708439530539074,0.3374680269023873,0.7533896196374855,6.73232009116399,72.67043393894586,79.40275403010985,78.03757733775319,0.0847869847009471,AR6 World GDP level and trajectory (unrebased),SSP Basic Drivers v3.2 / OECD ENV-Growth 2025,MIGRATION 1.0,SSP5-8.5_zeromig,1.3651766923566555,4.273727596037705,78.02731766920004,2.458592495126285,1.3754363609098021,55.82154357599242,12.934850052611191,7.236279749712551
2025,SA2_AR6_dynamic_v32_split,SSP1-1.9,S0,Baseline,0.07,138.56683200039697,43.97774514368174,94.58908685671523,0.31737569885090355,0.027,0.024070130675639158,1.1873991188794069,2.276771681130518,3.4641708000099247,0.7414823224972067,0.25259287909245504,0.26481511517757383,1.0,2.5686214103183653,34.12597016565828,36.694591575976645,36.694591575976645,0.07,AR6 World GDP level and trajectory (unrebased),SSP Basic Drivers v3.2 / OECD ENV-Growth 2025,IMAGE 3.0.1,SSP1-19,0.0,2.5686214103183653,36.694591575976645,0.0,0.0,2.5686214103183653,0.0,0.0
2026,SA2_AR6_dynamic_v32_split,SSP1-1.9,S0,Baseline,0.07,144.59391012503605,45.33351151158073,99.26039861345532,0.3135229656102325,0.027,0.024070130675639158,1.2240048108126798,2.3892107655419017,3.6132155763545812,0.6728161794391307,0.2292011160726709,0.24029149265683242,0.9073934185958498,2.431029899572846,32.312932535258106,34.743962434830955,34.74468649303279,0.06996985171546609,AR6 World GDP level and trajectory (unrebased),SSP Basic Drivers v3.2 / OECD ENV-Growth 2025,IMAGE 3.0.1,SSP1-19,-0.0007240582018326336,2.431029899572846,34.743962434830955,0.0,0.0,4.999651309891211,0.0,0.0
2027,SA2_AR6_dynamic_v32_split,SSP1-1.9,S0,Baseline,0.07,150.8831409610859,46.73312797844958,104.15001298263633,0.3097306145721242,0.027,0.024070130675639158,1.2617944554181386,2.506904422361571,3.76869887777971,0.6086181105697464,0.2073314442600235,0.2173636109177666,0.820812704637391,2.2936983903006105,30.501449748639452,32.795148138940064,32.796504345916006,0.0699401747045971,AR6 World GDP level and trajectory (unrebased),SSP Basic Drivers v3.2 / OECD ENV-Growth 2025,IMAGE 3.0.1,SSP1-19,-0.0013562069759416318,2.2936983903006105,32.795148138940064,0.0,0.0,7.293349700191822,0.0,0.0
2028,SA2_AR6_dynamic_v32_split,SSP1-1.9,S0,Baseline,0.07,157.44592705596344,48.17809427302516,109.26783278293829,0.3059977172728036,0.027,0.024070130675639158,1.3008085453716793,2.6300910137292126,3.930899559100892,0.5486336038906208,0.18689716176493676,0.19594057281807886,0.7399146105640133,2.1566235916415746,28.691522927429837,30.848146519071413,30.850045135218938,0.06991096175934829,AR6 World GDP level and trajectory (unrebased),SSP Basic Drivers v3.2 / OECD ENV-Growth 2025,IMAGE 3.0.1,SSP1-19,-0.0018986161475247343,2.1566235916415746,30.848146519071413,0.0,0.0,9.449973291833397,0.0,0.0
2029,SA2_AR6_dynamic_v32_split,SSP1-1.9,S0,Baseline,0.07,164.2941669202464,49.669964719013336,114.62420220123306,0.3023233608964627,0.027,0.024070130675639158,1.34108904741336,2.7590195255745655,4.100108572987926,0.4926216577388638,0.16781616911983274,0.17593630633530852,0.6643741095266902,2.0198022821346395,26.883153187595884,28.90295546973052,28.90530888038478,0.0698822057920664,AR6 World GDP level and trajectory (unrebased),SSP Basic Drivers v3.2 / OECD ENV-Growth 2025,IMAGE 3.0.1,SSP1-19,-0.0023534106542584254,2.0198022821346395,28.90295546973052,0.0,0.0,11.469775573968036,0.0,0.0
2030,SA2_AR6_dynamic_v32_split,SSP1-1.9,S0,Baseline,0.07,171.44027659999995,51.210350355708485,120.22992624429146,0.2987066480019229,0.027,0.024070130675639158,1.382679459604129,2.893950035822553,4.276629495426683,0.4403540933920231,0.15001073511156832,0.1572693190685797,0.5938834683326951,1.883231304232202,25.076341586087825,26.959572890320025,26.962295561810947,0.06985389983342007,AR6 World GDP level and trajectory (unrebased),SSP Basic Drivers v3.2 / OECD ENV-Growth 2025,IMAGE 3.0.1,SSP1-19,-0.0027226714909218686,1.883231304232202,26.959572890320025,0.0,0.0,13.353006878200238,0.0,0.0
2031,SA2_AR6_dynamic_v32_split,SSP1-1.9,S0,Baseline,0.07,177.7089843520823,52.45723246827724,125.25175188380506,0.2951861587613793,0.027,0.024070130675639158,1.4163452766434854,3.0148260351959206,4.431171311839406,0.4041433051235308,0.13767519185526875,0.14433689468697528,0.5450477952898914,1.7908282195353493,23.85605615457683,25.64688437411218,25.64996295935584,0.06982634589888045,AR6 World GDP level and trajectory (unrebased),SSP Basic Drivers v3.2 / OECD ENV-Growth 2025,IMAGE 3.0.1,SSP1-19,-0.0030785852436601147,1.7908282195353493,25.64688437411218,0.0,0.0,15.143835097735588,0.0,0.0
2032,SA2_AR6_dynamic_v32_split,SSP1-1.9,S0,Baseline,0.07,184.20690718512637,53.735867189565425,130.47103999556094,0.29171472454917957,0.027,0.024070130675639158,1.4508684141182664,3.140454982079695,4.591323396197962,0.3699582940105164,0.126029748509077,0.132127962146613,0.49894418624108205,1.698598170907968,22.636906853229693,24.33550502413766,24.338883259701028,0.06979917487733167,AR6 World GDP level and trajectory (unrebased),SSP Basic Drivers v3.2 / OECD ENV-Growth 2025,IMAGE 3.0.1,SSP1-19,-0.003378235563367582,1.698598170907968,24.33550502413766,0.0,0.0,16.842433268643557,0.0,0.0
2033,SA2_AR6_dynamic_v32_split,SSP1-1.9,S0,Baseline,0.07,190.94242634059682,55.047108440212476,135.89531790038436,0.2882916567846543,0.027,0.024070130675639158,1.4862719278857368,3.2710180600697765,4.757289987955513,0.33770052757589775,0.11504083906431682,0.12060733127710635,0.45543975537888826,1.606539338764113,21.418894307312094,23.025433646076205,23.02905646851484,0.06977238142213602,AR6 World GDP level and trajectory (unrebased),SSP Basic Drivers v3.2 / OECD ENV-Growth 2025,IMAGE 3.0.1,SSP1-19,-0.0036228224386327668,1.606539338764113,23.025433646076205,0.0,0.0,18.44897260740767,0.0,0.0
2034,SA2_AR6_dynamic_v32_split,SSP1-1.9,S0,Baseline,0.07,197.92422951976133,56.391834602579834,141.53239491718148,0.2849162769985648,0.027,0.024070130675639158,1.5225795342696555,3.4067032404927255,4.929282774762381,0.3072759275225436,0.10467641487031705,0.10974140268662272,0.41440762402491554,1.5146499366360082,20.202019113354254,21.716669049990262,21.72048257316767,0.06974596026441207,AR6 World GDP level and trajectory (unrebased),SSP Basic Drivers v3.2 / OECD ENV-Growth 2025,IMAGE 3.0.1,SSP1-19,-0.0038135231774063527,1.5146499366360082,21.716669049990262,0.0,0.0,19.963622544043677,0.0,0.0
2035,SA2_AR6_dynamic_v32_split,SSP1-1.9,S0,Baseline,0.07,205.16132208938131,57.770949270489076,147.39037281889225,0.2815879166801254,0.027,0.024070130675639158,1.5598156303032051,3.5477055340819104,5.1075211643851155,0.2785946781168913,0.09490587935850145,0.0994980993274612,0.3757266622063547,1.4229282147670812,18.986281895797354,20.409210110564437,20.41316160340252,0.0697199062118788,AR6 World GDP level and trajectory (unrebased),SSP Basic Drivers v3.2 / OECD ENV-Growth 2025,IMAGE 3.0.1,SSP1-19,-0.0039514928380839365,1.4229282147670812,20.409210110564437,0.0,0.0,21.386550758810756,0.0,0.0
2025,SA2_AR6_dynamic_v32_split,SSP1-1.9,S1,"NATO→3.5%, nonNATO holds",0.07,138.56683200039697,43.97774514368174,94.58908685671523,0.31737569885090355,0.027,0.024070130675639158,1.1873991188794069,2.276771681130518,3.4641708000099247,0.7414823224972067,0.25259287909245504,0.26481511517757383,1.0,2.5686214103183653,34.12597016565828,36.694591575976645,36.694591575976645,0.07,AR6 World GDP level and trajectory (unrebased),SSP Basic Drivers v3.2 / OECD ENV-Growth 2025,IMAGE 3.0.1,SSP1-19,0.0,2.5686214103183653,36.694591575976645,0.0,0.0,2.5686214103183653,0.0,0.0
2026,SA2_AR6_dynamic_v32_split,SSP1-1.9,S1,"NATO→3.5%, nonNATO holds",0.07,144.59391012503605,45.33351151158073,99.26039861345532,0.3135229656102325,0.02740877593256891,0.024070130675639158,1.2425360592574497,2.3892107655419017,3.631746824799351,0.6728161794391307,0.2292011160726709,0.24029149265683242,0.9073934185958498,2.4434980233516934,32.30868515243234,34.75218317578403,34.74468649303279,0.07031207251043636,AR6 World GDP level and trajectory (unrebased),SSP Basic Drivers v3.2 / OECD ENV-Growth 2025,IMAGE 3.0.1,SSP1-19,0.007496682751245487,2.431029899572846,34.743962434830955,0.012468123778847318,0.00822074095307812,5.012119433670058,0.012468123778847318,0.00822074095307812
2027,SA2_AR6_dynamic_v32_split,SSP1-1.9,S1,"NATO→3.5%, nonNATO holds",0.07,150.8831409610859,46.73312797844958,104.15001298263633,0.3097306145721242,0.028005016140972137,0.024070130675639158,1.308762003354597,2.506904422361571,3.8156664257161683,0.6086181105697464,0.2073314442600235,0.2173636109177666,0.820812704637391,2.3222836905837916,30.491711899092437,32.813995589676225,32.796504345916006,0.0707711343544648,AR6 World GDP level and trajectory (unrebased),SSP Basic Drivers v3.2 / OECD ENV-Growth 2025,IMAGE 3.0.1,SSP1-19,0.017491243760218822,2.2936983903006105,32.795148138940064,0.02858530028318107,0.018847450736160454,7.33440312425385,0.04105342406202839,0.027068191689238574
2028,SA2_AR6_dynamic_v32_split,SSP1-1.9,S1,"NATO→3.5%, nonNATO holds",0.07,157.44592705596344,48.17809427302516,109.26783278293829,0.3059977172728036,0.028820930945768986,0.024070130675639158,1.3885375281416064,2.6300910137292126,4.018628541870819,0.5486336038906208,0.18689716176493676,0.19594057281807886,0.7399146105640133,2.2047546596242977,28.67512662954561,30.87988128916991,30.850045135218938,0.07139776992593369,AR6 World GDP level and trajectory (unrebased),SSP Basic Drivers v3.2 / OECD ENV-Growth 2025,IMAGE 3.0.1,SSP1-19,0.029836153950970612,2.1566235916415746,30.848146519071413,0.04813106798272315,0.031734770098495346,9.539157783878148,0.08918449204475154,0.05880296178773392
2029,SA2_AR6_dynamic_v32_split,SSP1-1.9,S1,"NATO→3.5%, nonNATO holds",0.07,164.2941669202464,49.669964719013336,114.62420220123306,0.3023233608964627,0.029845109579542582,0.024070130675639158,1.482405539850967,2.7590195255745655,4.241425065425533,0.4926216577388638,0.16781616911983274,0.17593630633530852,0.6643741095266902,2.089417846905095,26.85943799520155,28.948855842106646,28.90530888038478,0.07217618058210087,AR6 World GDP level and trajectory (unrebased),SSP Basic Drivers v3.2 / OECD ENV-Growth 2025,IMAGE 3.0.1,SSP1-19,0.043546961721865785,2.0198022821346395,28.90295546973052,0.0696155647704555,0.04590037237612421,11.628575630783242,0.15880005681520704,0.10470333416385813
2030,SA2_AR6_dynamic_v32_split,SSP1-1.9,S1,"NATO→3.5%, nonNATO holds",0.07,171.44027659999995,51.210350355708485,120.22992624429146,0.2987066480019229,0.030999999999995285,0.024070130675639158,1.5875208610267215,2.893950035822553,4.481470896849275,0.4403540933920231,0.15001073511156832,0.1572693190685797,0.5938834683326951,1.973434053844799,25.045613176879137,27.019047230723935,26.962295561810947,0.07303862482614727,AR6 World GDP level and trajectory (unrebased),SSP Basic Drivers v3.2 / OECD ENV-Growth 2025,IMAGE 3.0.1,SSP1-19,0.05675166891298744,1.883231304232202,26.959572890320025,0.090202749612597,0.05947434040390931,13.602009684628042,0.24900280642780404,0.16417767456776744
2031,SA2_AR6_dynamic_v32_split,SSP1-1.9,S1,"NATO→3.5%, nonNATO holds",0.07,177.7089843520823,52.45723246827724,125.25175188380506,0.2951861587613793,0.03215489042044799,0.024070130675639158,1.686756561777421,3.0148260351959206,4.701582596973342,0.4041433051235308,0.13767519185526875,0.14433689468697528,0.5450477952898914,1.9001131300520797,23.818827229016186,25.718940359068267,25.64996295935584,0.07387991509464024,AR6 World GDP level and trajectory (unrebased),SSP Basic Drivers v3.2 / OECD ENV-Growth 2025,IMAGE 3.0.1,SSP1-19,0.068977399712427,1.7908282195353493,25.64688437411218,0.1092849105167304,0.07205598495608712,15.502122814680122,0.35828771694453443,0.23623365952385456
2032,SA2_AR6_dynamic_v32_split,SSP1-1.9,S1,"NATO→3.5%, nonNATO holds",0.07,184.20690718512637,53.735867189565425,130.47103999556094,0.29171472454917957,0.033179069054221584,0.024070130675639158,1.7829060481710712,3.140454982079695,4.923361030250766,0.3699582940105164,0.126029748509077,0.132127962146613,0.49894418624108205,1.8214382475494317,22.59506023371447,24.4164984812639,24.338883259701028,0.07459866732927,AR6 World GDP level and trajectory (unrebased),SSP Basic Drivers v3.2 / OECD ENV-Growth 2025,IMAGE 3.0.1,SSP1-19,0.0776152215628727,1.698598170907968,24.33550502413766,0.12284007664146368,0.08099345712624029,17.323561062229555,0.4811277935859981,0.31722711665009484
2033,SA2_AR6_dynamic_v32_split,SSP1-1.9,S1,"NATO→3.5%, nonNATO holds",0.07,190.94242634059682,55.047108440212476,135.89531790038436,0.2882916567846543,0.03399498385901843,0.024070130675639158,1.8713255629106604,3.2710180600697765,5.142343622980437,0.33770052757589775,0.11504083906431682,0.12060733127710635,0.45543975537888826,1.7365721544570472,21.37459741405406,23.11116956851111,23.02905646851484,0.07513995123912383,AR6 World GDP level and trajectory (unrebased),SSP Basic Drivers v3.2 / OECD ENV-Growth 2025,IMAGE 3.0.1,SSP1-19,0.08211309999627048,1.606539338764113,23.025433646076205,0.13003281569293423,0.08573592243490324,19.0601332166866,0.6111606092789323,0.4029630390849981
2034,SA2_AR6_dynamic_v32_split,SSP1-1.9,S1,"NATO→3.5%, nonNATO holds",0.07,197.92422951976133,56.391834602579834,141.53239491718148,0.2849162769985648,0.034591224067421655,0.024070130675639158,1.950662586310821,3.4067032404927255,5.357365826803546,0.3072759275225436,0.10467641487031705,0.10974140268662272,0.41440762402491554,1.6461895535086384,20.157208914199842,21.80339846770848,21.72048257316767,0.07550151211274228,AR6 World GDP level and trajectory (unrebased),SSP Basic Drivers v3.2 / OECD ENV-Growth 2025,IMAGE 3.0.1,SSP1-19,0.08291589454081105,1.5146499366360082,21.716669049990262,0.13153961687263016,0.0867294177182174,20.70632277019524,0.7427002261515625,0.4896924568032155
2035,SA2_AR6_dynamic_v32_split,SSP1-1.9,S1,"NATO→3.5%, nonNATO holds",0.07,205.16132208938131,57.770949270489076,147.39037281889225,0.2815879166801254,0.03499999999999057,0.024070130675639158,2.021983224466573,3.5477055340819104,5.569688758548484,0.2785946781168913,0.09490587935850145,0.0994980993274612,0.3757266622063547,1.5516856468990827,18.942419473862277,20.49410512076136,20.41316160340252,0.075713754650705,AR6 World GDP level and trajectory (unrebased),SSP Basic Drivers v3.2 / OECD ENV-Growth 2025,IMAGE 3.0.1,SSP1-19,0.08094351735883976,1.4229282147670812,20.409210110564437,0.12875743213200153,0.08489501019692369,22.25800841709432,0.871457658283564,0.5745874670001392
2025,SA2_AR6_dynamic_v32_split,SSP1-1.9,S2,"NATO→3.5%, nonNATO→3.5%",0.07,138.56683200039697,43.97774514368174,94.58908685671523,0.31737569885090355,0.027,0.024070130675639158,1.1873991188794069,2.276771681130518,3.4641708000099247,0.7414823224972067,0.25259287909245504,0.26481511517757383,1.0,2.5686214103183653,34.12597016565828,36.694591575976645,36.694591575976645,0.07,AR6 World GDP level and trajectory (unrebased),SSP Basic Drivers v3.2 / OECD ENV-Growth 2025,IMAGE 3.0.1,SSP1-19,0.0,2.5686214103183653,36.694591575976645,0.0,0.0,2.5686214103183653,0.0,0.0
2026,SA2_AR6_dynamic_v32_split,SSP1-1.9,S2,"NATO→3.5%, nonNATO→3.5%",0.07,144.59391012503605,45.33351151158073,99.26039861345532,0.3135229656102325,0.02740877593256891,0.0246286141163794,1.2425360592574497,2.444646054488792,3.6871821137462417,0.6728161794391307,0.2292011160726709,0.24029149265683242,0.9073934185958498,2.4807957826670446,32.2959793223359,34.77677510500295,34.74468649303279,0.07133484272698305,AR6 World GDP level and trajectory (unrebased),SSP Basic Drivers v3.2 / OECD ENV-Growth 2025,IMAGE 3.0.1,SSP1-19,0.032088611970159775,2.431029899572846,34.743962434830955,0.04976588309419849,0.03281267017199241,5.04941719298541,0.04976588309419849,0.03281267017199241
2027,SA2_AR6_dynamic_v32_split,SSP1-1.9,S2,"NATO→3.5%, nonNATO→3.5%",0.07,150.8831409610859,46.73312797844958,104.15001298263633,0.3097306145721242,0.028005016140972137,0.025443217561851517,1.308762003354597,2.649911439386876,3.958673442741473,0.6086181105697464,0.2073314442600235,0.2173636109177666,0.820812704637391,2.4093203510839483,30.46206204771326,32.87138239879721,32.796504345916006,0.07329537656353957,AR6 World GDP level and trajectory (unrebased),SSP Basic Drivers v3.2 / OECD ENV-Growth 2025,IMAGE 3.0.1,SSP1-19,0.07487805288120342,2.2936983903006105,32.795148138940064,0.11562196078333775,0.07623425985714505,7.458737544069358,0.16538784387753624,0.10904693002913746
2028,SA2_AR6_dynamic_v32_split,SSP1-1.9,S2,"NATO→3.5%, nonNATO→3.5%",0.07,157.44592705596344,48.17809427302516,109.26783278293829,0.3059977172728036,0.028820930945768986,0.026557947836381636,1.3885375281416064,2.9019294032437464,4.290466931385353,0.5486336038906208,0.18689716176493676,0.19594057281807886,0.7399146105640133,2.353894334939479,28.624320806086594,30.978215141026073,30.850045135218938,0.0759854731534256,AR6 World GDP level and trajectory (unrebased),SSP Basic Drivers v3.2 / OECD ENV-Growth 2025,IMAGE 3.0.1,SSP1-19,0.1281700058071351,2.1566235916415746,30.848146519071413,0.19727074329790462,0.13006862195465985,9.812631879008837,0.36265858717544086,0.2391155519837973
2029,SA2_AR6_dynamic_v32_split,SSP1-1.9,S2,"NATO→3.5%, nonNATO→3.5%",0.07,164.2941669202464,49.669964719013336,114.62420220123306,0.3023233608964627,0.029845109579542582,0.027957215165375113,1.482405539850967,3.2045734840993365,4.686979023950304,0.4926216577388638,0.16781616911983274,0.17593630633530852,0.6643741095266902,2.3089073765656805,26.784666836745746,29.093574213311427,28.90530888038478,0.07936142048539593,AR6 World GDP level and trajectory (unrebased),SSP Basic Drivers v3.2 / OECD ENV-Growth 2025,IMAGE 3.0.1,SSP1-19,0.1882653329266475,2.0198022821346395,28.90295546973052,0.28910509443104093,0.1906187435809059,12.121539255574518,0.6517636816064818,0.4297342955647032
2030,SA2_AR6_dynamic_v32_split,SSP1-1.9,S2,"NATO→3.5%, nonNATO→3.5%",0.07,171.44027659999995,51.210350355708485,120.22992624429146,0.2987066480019229,0.030999999999995285,0.029535065337813138,1.5875208610267215,3.5509987271856027,5.138519588212324,0.4403540933920231,0.15001073511156832,0.1572693190685797,0.5938834683326951,2.2627681346443898,24.947048819683673,27.209816954328062,26.962295561810947,0.08315999105919998,AR6 World GDP level and trajectory (unrebased),SSP Basic Drivers v3.2 / OECD ENV-Growth 2025,IMAGE 3.0.1,SSP1-19,0.2475213925171147,1.883231304232202,26.959572890320025,0.3795368304121878,0.25024406400803656,14.384307390218908,1.0313005120186696,0.6799783595727398
2031,SA2_AR6_dynamic_v32_split,SSP1-1.9,S2,"NATO→3.5%, nonNATO→3.5%",0.07,177.7089843520823,52.45723246827724,125.25175188380506,0.2951861587613793,0.03215489042044799,0.031112915510251166,1.686756561777421,3.896947173871769,5.583703735649189,0.4041433051235308,0.13767519185526875,0.14433689468697528,0.5450477952898914,2.256616482555869,23.6973810320094,25.95399751456527,25.64996295935584,0.08694677886477664,AR6 World GDP level and trajectory (unrebased),SSP Basic Drivers v3.2 / OECD ENV-Growth 2025,IMAGE 3.0.1,SSP1-19,0.3040345552094301,1.7908282195353493,25.64688437411218,0.4657882630205199,0.30711314045309024,16.640923872774778,1.4970887750391895,0.98709150002583
2032,SA2_AR6_dynamic_v32_split,SSP1-1.9,S2,"NATO→3.5%, nonNATO→3.5%",0.07,184.20690718512637,53.735867189565425,130.47103999556094,0.29171472454917957,0.033179069054221584,0.03251218283924464,1.7829060481710712,4.241898307562077,6.024804355733148,0.3699582940105164,0.126029748509077,0.132127962146613,0.49894418624108205,2.228926341194164,22.456245608406924,24.685171949601088,24.338883259701028,0.09029413875442677,AR6 World GDP level and trajectory (unrebased),SSP Basic Drivers v3.2 / OECD ENV-Growth 2025,IMAGE 3.0.1,SSP1-19,0.3462886899000601,1.698598170907968,24.33550502413766,0.5303281702861959,0.3496669254634277,18.86985021396894,2.0274169453253856,1.3367584254892577
2033,SA2_AR6_dynamic_v32_split,SSP1-1.9,S2,"NATO→3.5%, nonNATO→3.5%",0.07,190.94242634059682,55.047108440212476,135.89531790038436,0.2882916567846543,0.03399498385901843,0.03362691311377476,1.8713255629106604,4.569740047605025,6.441065610515686,0.33770052757589775,0.11504083906431682,0.12060733127710635,0.45543975537888826,2.175151254822119,21.225191346896725,23.400342601718844,23.02905646851484,0.09295382088390218,AR6 World GDP level and trajectory (unrebased),SSP Basic Drivers v3.2 / OECD ENV-Growth 2025,IMAGE 3.0.1,SSP1-19,0.3712861332040056,1.606539338764113,23.025433646076205,0.5686119160580061,0.3749089556426384,21.04500146879106,2.5960288613833917,1.711667381131896
2034,SA2_AR6_dynamic_v32_split,SSP1-1.9,S2,"NATO→3.5%, nonNATO→3.5%",0.07,197.92422951976133,56.391834602579834,141.53239491718148,0.2849162769985648,0.034591224067421655,0.034441516559246876,1.950662586310821,4.874590323209974,6.8252529095207946,0.3072759275225436,0.10467641487031705,0.10974140268662272,0.41440762402491554,2.0972359183489417,20.00355575694655,22.100791675295493,21.72048257316767,0.09489415352904552,AR6 World GDP level and trajectory (unrebased),SSP Basic Drivers v3.2 / OECD ENV-Growth 2025,IMAGE 3.0.1,SSP1-19,0.38030910212782487,1.5146499366360082,21.716669049990262,0.5825859817129335,0.3841226253052312,23.14223738714,3.178614843096325,2.0957900064371273
2035,SA2_AR6_dynamic_v32_split,SSP1-1.9,S2,"NATO→3.5%, nonNATO→3.5%",0.07,205.16132208938131,57.770949270489076,147.39037281889225,0.2815879166801254,0.03499999999999057,0.03499999999998712,2.021983224466573,5.15866304865933,7.180646273125903,0.2785946781168913,0.09490587935850145,0.0994980993274612,0.3757266622063547,2.000489837132766,18.78953013433212,20.790019971464886,20.41316160340252,0.09622356495465212,AR6 World GDP level and trajectory (unrebased),SSP Basic Drivers v3.2 / OECD ENV-Growth 2025,IMAGE 3.0.1,SSP1-19,0.37685836806236495,1.4229282147670812,20.409210110564437,0.577561622365685,0.3808098609004489,25.142727224272768,3.7561764654620102,2.476599867337576
2025,SA2_AR6_dynamic_v32_split,SSP1-1.9,S3,"NATO→5%, nonNATO→3.5%",0.07,138.56683200039697,43.97774514368174,94.58908685671523,0.31737569885090355,0.027,0.024070130675639158,1.1873991188794069,2.276771681130518,3.4641708000099247,0.7414823224972067,0.25259287909245504,0.26481511517757383,1.0,2.5686214103183653,34.12597016565828,36.694591575976645,36.694591575976645,0.07,AR6 World GDP level and trajectory (unrebased),SSP Basic Drivers v3.2 / OECD ENV-Growth 2025,IMAGE 3.0.1,SSP1-19,0.0,2.5686214103183653,36.694591575976645,0.0,0.0,2.5686214103183653,0.0,0.0
2026,SA2_AR6_dynamic_v32_split,SSP1-1.9,S3,"NATO→5%, nonNATO→3.5%",0.07,144.59391012503605,45.33351151158073,99.26039861345532,0.3135229656102325,0.02817523080613562,0.0246286141163794,1.2772821500913931,2.444646054488792,3.721928204580185,0.6728161794391307,0.2292011160726709,0.24029149265683242,0.9073934185958498,2.5041735147523836,32.2880154795376,34.79218899428998,34.74468649303279,0.07197516417157206,AR6 World GDP level and trajectory (unrebased),SSP Basic Drivers v3.2 / OECD ENV-Growth 2025,IMAGE 3.0.1,SSP1-19,0.04750250125719191,2.431029899572846,34.743962434830955,0.07314361517953749,0.04822655945902454,5.072794925070749,0.07314361517953749,0.04822655945902454
2027,SA2_AR6_dynamic_v32_split,SSP1-1.9,S3,"NATO→5%, nonNATO→3.5%",0.07,150.8831409610859,46.73312797844958,104.15001298263633,0.3097306145721242,0.029889421405294894,0.025443217561851517,1.3968261557354567,2.649911439386876,4.046737595122333,0.6086181105697464,0.2073314442600235,0.2173636109177666,0.820812704637391,2.4629177891149134,30.443803579812606,32.90672136892752,32.796504345916006,0.07484543238149963,AR6 World GDP level and trajectory (unrebased),SSP Basic Drivers v3.2 / OECD ENV-Growth 2025,IMAGE 3.0.1,SSP1-19,0.11021702301151493,2.2936983903006105,32.795148138940064,0.16921939881430292,0.11157322998745656,7.535712714185662,0.24236301399384041,0.1597997894464811
2028,SA2_AR6_dynamic_v32_split,SSP1-1.9,S3,"NATO→5%, nonNATO→3.5%",0.07,157.44592705596344,48.17809427302516,109.26783278293829,0.3059977172728036,0.03223517646908584,0.026557947836381636,1.5530293708352196,2.9019294032437464,4.454958774078966,0.5486336038906208,0.18689716176493676,0.19594057281807886,0.7399146105640133,2.4441400874070847,28.59357774755367,31.037717834960755,30.850045135218938,0.078747416301788,AR6 World GDP level and trajectory (unrebased),SSP Basic Drivers v3.2 / OECD ENV-Growth 2025,IMAGE 3.0.1,SSP1-19,0.18767269974181744,2.1566235916415746,30.848146519071413,0.2875164957655101,0.18957131588934217,9.979852801592747,0.5298795097593505,0.3493711053358233
2029,SA2_AR6_dynamic_v32_split,SSP1-1.9,S3,"NATO→5%, nonNATO→3.5%",0.07,164.2941669202464,49.669964719013336,114.62420220123306,0.3023233608964627,0.03517969004118492,0.027957215165375113,1.74737396317148,3.2045734840993365,4.9519474472708165,0.4926216577388638,0.16781616911983274,0.17593630633530852,0.6643741095266902,2.4394365605102846,26.740200851006378,29.179637411516662,28.90530888038478,0.0836006467834821,AR6 World GDP level and trajectory (unrebased),SSP Basic Drivers v3.2 / OECD ENV-Growth 2025,IMAGE 3.0.1,SSP1-19,0.27432853113188216,2.0198022821346395,28.90295546973052,0.41963427837564504,0.2766819417861406,12.419289362103031,0.9495137881349955,0.6260530471219639
2030,SA2_AR6_dynamic_v32_split,SSP1-1.9,S3,"NATO→5%, nonNATO→3.5%",0.07,171.44027659999995,51.210350355708485,120.22992624429146,0.2987066480019229,0.03849999999998644,0.029535065337813138,1.9715984886940823,3.5509987271856027,5.522597215879685,0.4403540933920231,0.15001073511156832,0.1572693190685797,0.5938834683326951,2.4318982901680095,24.889433052417385,27.321331342585395,26.962295561810947,0.08901097313575793,AR6 World GDP level and trajectory (unrebased),SSP Basic Drivers v3.2 / OECD ENV-Growth 2025,IMAGE 3.0.1,SSP1-19,0.3590357807744482,1.883231304232202,26.959572890320025,0.5486669859358075,0.36175845226537007,14.85118765227104,1.498180774070803,0.9878114993873339
2031,SA2_AR6_dynamic_v32_split,SSP1-1.9,S3,"NATO→5%, nonNATO→3.5%",0.07,177.7089843520823,52.45723246827724,125.25175188380506,0.2951861587613793,0.041820309958787966,0.031112915510251166,2.19377772140355,3.896947173871769,6.090724895275319,0.4041433051235308,0.13767519185526875,0.14433689468697528,0.5450477952898914,2.461525689774738,23.62757679658319,26.08910248635793,25.64996295935584,0.09435072329766335,AR6 World GDP level and trajectory (unrebased),SSP Basic Drivers v3.2 / OECD ENV-Growth 2025,IMAGE 3.0.1,SSP1-19,0.4391395270020908,1.7908282195353493,25.64688437411218,0.6706974702393889,0.4422181122457509,17.31271334204578,2.168878244310192,1.4300296116330848
2032,SA2_AR6_dynamic_v32_split,SSP1-1.9,S3,"NATO→5%, nonNATO→3.5%",0.07,184.20690718512637,53.735867189565425,130.47103999556094,0.29171472454917957,0.04476482353088705,0.03251218283924464,2.4054766120200797,4.241898307562077,6.647374919582157,0.3699582940105164,0.126029748509077,0.132127962146613,0.49894418624108205,2.4592514848969085,22.37778319681588,24.837034681712787,24.338883259701028,0.09901550311509716,AR6 World GDP level and trajectory (unrebased),SSP Basic Drivers v3.2 / OECD ENV-Growth 2025,IMAGE 3.0.1,SSP1-19,0.4981514220117589,1.698598170907968,24.33550502413766,0.7606533139889404,0.5015296575751265,19.77196482694269,2.929531558299132,1.9315592692082113
2033,SA2_AR6_dynamic_v32_split,SSP1-1.9,S3,"NATO→5%, nonNATO→3.5%",0.07,190.94242634059682,55.047108440212476,135.89531790038436,0.2882916567846543,0.04711057859467799,0.03362691311377476,2.5933011285823917,4.569740047605025,7.163041176187416,0.33770052757589775,0.11504083906431682,0.12060733127710635,0.45543975537888826,2.4189627842463697,21.142134672037916,23.561097456284287,23.02905646851484,0.1026676617561877,AR6 World GDP level and trajectory (unrebased),SSP Basic Drivers v3.2 / OECD ENV-Growth 2025,IMAGE 3.0.1,SSP1-19,0.5320409877694487,1.606539338764113,23.025433646076205,0.8124234454822568,0.5356638102080815,22.190927611189057,3.7419550037813893,2.467223079416293
2034,SA2_AR6_dynamic_v32_split,SSP1-1.9,S3,"NATO→5%, nonNATO→3.5%",0.07,197.92422951976133,56.391834602579834,141.53239491718148,0.2849162769985648,0.04882476919383726,0.034441516559246876,2.753318308888006,4.874590323209974,7.62790863209798,0.3072759275225436,0.10467641487031705,0.10974140268662272,0.41440762402491554,2.343872699985124,19.91953663353203,22.263409333517153,21.72048257316767,0.10527914502548658,AR6 World GDP level and trajectory (unrebased),SSP Basic Drivers v3.2 / OECD ENV-Growth 2025,IMAGE 3.0.1,SSP1-19,0.5429267603494843,1.5146499366360082,21.716669049990262,0.8292227633491156,0.5467402835268906,24.53480031117418,4.5711777671305045,3.0139633629431835
2035,SA2_AR6_dynamic_v32_split,SSP1-1.9,S3,"NATO→5%, nonNATO→3.5%",0.07,205.16132208938131,57.770949270489076,147.39037281889225,0.2815879166801254,0.049999999999972886,0.03499999999998712,2.8885474635228876,5.15866304865933,8.047210512182218,0.2785946781168913,0.09490587935850145,0.0994980993274612,0.3757266622063547,2.241910022380269,18.70728809320385,20.949198115584117,20.41316160340252,0.10701650774463349,AR6 World GDP level and trajectory (unrebased),SSP Basic Drivers v3.2 / OECD ENV-Growth 2025,IMAGE 3.0.1,SSP1-19,0.536036512181596,1.4229282147670812,20.409210110564437,0.8189818076131878,0.5399880050196799,26.77671033355445,5.390159574743692,3.5539513679628634
2025,SA2_AR6_dynamic_v32_split,SSP1-2.6,S0,Baseline,0.07,138.56683200039697,43.97774514368174,94.58908685671523,0.31737569885090355,0.027,0.024070130675639158,1.1873991188794069,2.276771681130518,3.4641708000099247,0.9948795276468906,0.33891500392366597,0.3553141170167466,1.0,3.446432609202025,45.78831895082689,49.23475156002892,49.23475156002892,0.07000000000000002,AR6 World GDP level and trajectory (unrebased),SSP Basic Drivers v3.2 / OECD ENV-Growth 2025,IMAGE 3.0.1,SSP1-26,0.0,3.446432609202025,49.23475156002892,0.0,0.0,3.446432609202025,0.0,0.0
2026,SA2_AR6_dynamic_v32_split,SSP1-2.6,S0,Baseline,0.07,144.59391012503605,45.33351151158073,99.26039861345532,0.3135229656102325,0.027,0.024070130675639158,1.2240048108126798,2.3892107655419017,3.6132155763545812,0.9399712682134423,0.32020999246831544,0.33570402436194363,0.9448091372798489,3.39631882763458,45.14342713961117,48.53974596724575,48.54075752720379,0.06996985171546613,AR6 World GDP level and trajectory (unrebased),SSP Basic Drivers v3.2 / OECD ENV-Growth 2025,IMAGE 3.0.1,SSP1-26,-0.0010115599580373669,3.39631882763458,48.53974596724575,0.0,0.0,6.842751436836605,0.0,0.0
2027,SA2_AR6_dynamic_v32_split,SSP1-2.6,S0,Baseline,0.07,150.8831409610859,46.73312797844958,104.15001298263633,0.3097306145721242,0.027,0.024070130675639158,1.2617944554181386,2.506904422361571,3.76869887777971,0.8879216461675213,0.3024788025405841,0.31711487363125757,0.8924916248579884,3.3463093114678504,44.499000277784575,47.84530958925242,47.847288178961975,0.06994017470459712,AR6 World GDP level and trajectory (unrebased),SSP Basic Drivers v3.2 / OECD ENV-Growth 2025,IMAGE 3.0.1,SSP1-26,-0.0019785897095516702,3.3463093114678504,47.84530958925242,0.0,0.0,10.189060748304456,0.0,0.0
2028,SA2_AR6_dynamic_v32_split,SSP1-2.6,S0,Baseline,0.07,157.44592705596344,48.17809427302516,109.26783278293829,0.3059977172728036,0.027,0.024070130675639158,1.3008085453716793,2.6300910137292126,3.930899559100892,0.838587344214411,0.28567261176534875,0.2994954800765753,0.842903407810446,3.296402621640016,43.855038850258055,47.15144147189807,47.15434350972723,0.06991096175934831,AR6 World GDP level and trajectory (unrebased),SSP Basic Drivers v3.2 / OECD ENV-Growth 2025,IMAGE 3.0.1,SSP1-26,-0.0029020378291590987,3.296402621640016,47.15144147189807,0.0,0.0,13.48546336994447,0.0,0.0
2029,SA2_AR6_dynamic_v32_split,SSP1-2.6,S0,Baseline,0.07,164.2941669202464,49.669964719013336,114.62420220123306,0.3023233608964627,0.027,0.024070130675639158,1.34108904741336,2.7590195255745655,4.100108572987926,0.7918320431046485,0.26974498171696815,0.28279715825166013,0.7959074652762288,3.246597348299914,43.211543340048166,46.45814068834808,46.46192352236958,0.0698822057920664,AR6 World GDP level and trajectory (unrebased),SSP Basic Drivers v3.2 / OECD ENV-Growth 2025,IMAGE 3.0.1,SSP1-26,-0.0037828340215000367,3.246597348299914,46.45814068834808,0.0,0.0,16.732060718244384,0.0,0.0
2030,SA2_AR6_dynamic_v32_split,SSP1-2.6,S0,Baseline,0.07,171.44027659999995,51.210350355708485,120.22992624429146,0.2987066480019229,0.027,0.024070130675639158,1.382679459604129,2.893950035822553,4.276629495426683,0.7475260863345362,0.25465174369638044,0.26697360226233435,0.7513734734321051,3.1968921094191503,42.56851421782598,45.76540632724513,45.77002821675297,0.06985389983342007,AR6 World GDP level and trajectory (unrebased),SSP Basic Drivers v3.2 / OECD ENV-Growth 2025,IMAGE 3.0.1,SSP1-26,-0.004621889507838262,3.1968921094191503,45.76540632724513,0.0,0.0,19.928952827663537,0.0,0.0
2031,SA2_AR6_dynamic_v32_split,SSP1-2.6,S0,Baseline,0.07,177.7089843520823,52.45723246827724,125.25175188380506,0.2951861587613793,0.027,0.024070130675639158,1.4163452766434854,3.0148260351959206,4.431171311839406,0.7040944722544756,0.23985635868009608,0.2514623115194556,0.7077183243681919,3.119963226278739,41.56178527588313,44.681748502161874,44.687111982949375,0.06982634589888047,AR6 World GDP level and trajectory (unrebased),SSP Basic Drivers v3.2 / OECD ENV-Growth 2025,IMAGE 3.0.1,SSP1-26,-0.0053634807875013735,3.119963226278739,44.681748502161874,0.0,0.0,23.048916053942275,0.0,0.0
2032,SA2_AR6_dynamic_v32_split,SSP1-2.6,S0,Baseline,0.07,184.20690718512637,53.735867189565425,130.47103999556094,0.29171472454917957,0.027,0.024070130675639158,1.4508684141182664,3.140454982079695,4.591323396197962,0.6628076681179348,0.2257916232050107,0.2367170243278338,0.6662190242125305,3.0431643538092876,40.55569421661775,43.59885857042704,43.60491092949658,0.06979917487733167,AR6 World GDP level and trajectory (unrebased),SSP Basic Drivers v3.2 / OECD ENV-Growth 2025,IMAGE 3.0.1,SSP1-26,-0.00605235906954249,3.0431643538092876,43.59885857042704,0.0,0.0,26.092080407751563,0.0,0.0
2033,SA2_AR6_dynamic_v32_split,SSP1-2.6,S0,Baseline,0.07,190.94242634059682,55.047108440212476,135.89531790038436,0.2882916567846543,0.027,0.024070130675639158,1.4862719278857368,3.2710180600697765,4.757289987955513,0.6235680170585901,0.21242426954743177,0.2227028632352107,0.6267774134758466,2.9664938843621034,39.55024159029881,42.51673547466091,42.52342505912923,0.06977238142213604,AR6 World GDP level and trajectory (unrebased),SSP Basic Drivers v3.2 / OECD ENV-Growth 2025,IMAGE 3.0.1,SSP1-26,-0.006689584468318799,2.9664938843621034,42.51673547466091,0.0,0.0,29.058574292113665,0.0,0.0
2034,SA2_AR6_dynamic_v32_split,SSP1-2.6,S0,Baseline,0.07,197.92422951976133,56.391834602579834,141.53239491718148,0.2849162769985648,0.027,0.024070130675639158,1.5225795342696555,3.4067032404927255,4.929282774762381,0.5862820965563048,0.19972247245324665,0.20938646305582312,0.5892995888084974,2.8899502397065686,38.54542793489385,41.43537817460042,41.44265437219176,0.06974596026441209,AR6 World GDP level and trajectory (unrebased),SSP Basic Drivers v3.2 / OECD ENV-Growth 2025,IMAGE 3.0.1,SSP1-26,-0.007276197591338018,2.8899502397065686,41.43537817460042,0.0,0.0,31.948524531820233,0.0,0.0
2035,SA2_AR6_dynamic_v32_split,SSP1-2.6,S0,Baseline,0.07,205.16132208938131,57.770949270489076,147.39037281889225,0.2815879166801254,0.027,0.024070130675639158,1.5598156303032051,3.5477055340819104,5.1075211643851155,0.5508605407356729,0.1876557886022622,0.19673590740559746,0.5536957243844183,2.8135318704320786,37.541253775460135,40.354785645892214,40.36259886578648,0.06971990621187882,AR6 World GDP level and trajectory (unrebased),SSP Basic Drivers v3.2 / OECD ENV-Growth 2025,IMAGE 3.0.1,SSP1-26,-0.007813219894266865,2.8135318704320786,40.354785645892214,0.0,0.0,34.76205640225231,0.0,0.0
2025,SA2_AR6_dynamic_v32_split,SSP1-2.6,S1,"NATO→3.5%, nonNATO holds",0.07,138.56683200039697,43.97774514368174,94.58908685671523,0.31737569885090355,0.027,0.024070130675639158,1.1873991188794069,2.276771681130518,3.4641708000099247,0.9948795276468906,0.33891500392366597,0.3553141170167466,1.0,3.446432609202025,45.78831895082689,49.23475156002892,49.23475156002892,0.07000000000000002,AR6 World GDP level and trajectory (unrebased),SSP Basic Drivers v3.2 / OECD ENV-Growth 2025,IMAGE 3.0.1,SSP1-26,0.0,3.446432609202025,49.23475156002892,0.0,0.0,3.446432609202025,0.0,0.0
2026,SA2_AR6_dynamic_v32_split,SSP1-2.6,S1,"NATO→3.5%, nonNATO holds",0.07,144.59391012503605,45.33351151158073,99.26039861345532,0.3135229656102325,0.02740877593256891,0.024070130675639158,1.2425360592574497,2.3892107655419017,3.631746824799351,0.9399712682134423,0.32020999246831544,0.33570402436194363,0.9448091372798489,3.4137376687367884,45.13749324868624,48.55123091742303,48.54075752720379,0.07031207251043638,AR6 World GDP level and trajectory (unrebased),SSP Basic Drivers v3.2 / OECD ENV-Growth 2025,IMAGE 3.0.1,SSP1-26,0.01047339021923932,3.39631882763458,48.53974596724575,0.017418841102208482,0.011484950177276687,6.860170277938813,0.017418841102208482,0.011484950177276687
2027,SA2_AR6_dynamic_v32_split,SSP1-2.6,S1,"NATO→3.5%, nonNATO holds",0.07,150.8831409610859,46.73312797844958,104.15001298263633,0.3097306145721242,0.028005016140972137,0.024070130675639158,1.308762003354597,2.506904422361571,3.8156664257161683,0.8879216461675213,0.3024788025405841,0.31711487363125757,0.8924916248579884,3.3880128139480425,44.484793590126486,47.87280640407453,47.847288178961975,0.07077113435446482,AR6 World GDP level and trajectory (unrebased),SSP Basic Drivers v3.2 / OECD ENV-Growth 2025,IMAGE 3.0.1,SSP1-26,0.02551822511255608,3.3463093114678504,47.84530958925242,0.04170350248019217,0.02749681482210775,10.248183091886856,0.05912234358240065,0.03898176499938444
2028,SA2_AR6_dynamic_v32_split,SSP1-2.6,S1,"NATO→3.5%, nonNATO holds",0.07,157.44592705596344,48.17809427302516,109.26783278293829,0.3059977172728036,0.028820930945768986,0.024070130675639158,1.3885375281416064,2.6300910137292126,4.018628541870819,0.838587344214411,0.28567261176534875,0.2994954800765753,0.842903407810446,3.369971036311681,43.829977082622655,47.19994811893434,47.15434350972723,0.0713977699259337,AR6 World GDP level and trajectory (unrebased),SSP Basic Drivers v3.2 / OECD ENV-Growth 2025,IMAGE 3.0.1,SSP1-26,0.045604609207110514,3.296402621640016,47.15144147189807,0.07356841467166486,0.04850664703626961,13.618154128198537,0.1326907582540655,0.08748841203565405
2029,SA2_AR6_dynamic_v32_split,SSP1-2.6,S1,"NATO→3.5%, nonNATO holds",0.07,164.2941669202464,49.669964719013336,114.62420220123306,0.3023233608964627,0.029845109579542582,0.024070130675639158,1.482405539850967,2.7590195255745655,4.241425065425533,0.7918320431046485,0.26974498171696815,0.28279715825166013,0.7959074652762288,3.3584962752311673,43.173423925379275,46.53192020061044,46.46192352236958,0.07217618058210089,AR6 World GDP level and trajectory (unrebased),SSP Basic Drivers v3.2 / OECD ENV-Growth 2025,IMAGE 3.0.1,SSP1-26,0.06999667824086231,3.246597348299914,46.45814068834808,0.11189892693125314,0.07377951226236235,16.976650403429705,0.24458968518531865,0.1612679242980164
2030,SA2_AR6_dynamic_v32_split,SSP1-2.6,S1,"NATO→3.5%, nonNATO holds",0.07,171.44027659999995,51.210350355708485,120.22992624429146,0.2987066480019229,0.030999999999995285,0.024070130675639158,1.5875208610267215,2.893950035822553,4.481470896849275,0.7475260863345362,0.25465174369638044,0.26697360226233435,0.7513734734321051,3.350016400543862,42.516350997772506,45.86636739831637,45.77002821675297,0.07303862482614727,AR6 World GDP level and trajectory (unrebased),SSP Basic Drivers v3.2 / OECD ENV-Growth 2025,IMAGE 3.0.1,SSP1-26,0.09633918156340116,3.1968921094191503,45.76540632724513,0.15312429112471193,0.10096107107123942,20.326666803973566,0.3977139763100306,0.2622289953692558
2031,SA2_AR6_dynamic_v32_split,SSP1-2.6,S1,"NATO→3.5%, nonNATO holds",0.07,177.7089843520823,52.45723246827724,125.25175188380506,0.2951861587613793,0.03215489042044799,0.024070130675639158,1.686756561777421,3.0148260351959206,4.701582596973342,0.7040944722544756,0.23985635868009608,0.2514623115194556,0.7077183243681919,3.3103583173767723,41.4969254096849,44.80728372706167,44.687111982949375,0.07387991509464026,AR6 World GDP level and trajectory (unrebased),SSP Basic Drivers v3.2 / OECD ENV-Growth 2025,IMAGE 3.0.1,SSP1-26,0.12017174411229803,3.119963226278739,44.681748502161874,0.1903950910980332,0.1255352248997994,23.637025121350337,0.5881090674080638,0.3877642202690552
2032,SA2_AR6_dynamic_v32_split,SSP1-2.6,S1,"NATO→3.5%, nonNATO holds",0.07,184.20690718512637,53.735867189565425,130.47103999556094,0.29171472454917957,0.033179069054221584,0.024070130675639158,1.7829060481710712,3.140454982079695,4.923361030250766,0.6628076681179348,0.2257916232050107,0.2367170243278338,0.6662190242125305,3.2632414437632233,40.48072290025982,43.74396434402304,43.60491092949658,0.07459866732927,AR6 World GDP level and trajectory (unrebased),SSP Basic Drivers v3.2 / OECD ENV-Growth 2025,IMAGE 3.0.1,SSP1-26,0.13905341452645814,3.0431643538092876,43.59885857042704,0.2200770899539357,0.14510577359600063,26.90026656511356,0.8081861573619995,0.5328699938650558
2033,SA2_AR6_dynamic_v32_split,SSP1-2.6,S1,"NATO→3.5%, nonNATO holds",0.07,190.94242634059682,55.047108440212476,135.89531790038436,0.2882916567846543,0.03399498385901843,0.024070130675639158,1.8713255629106604,3.2710180600697765,5.142343622980437,0.6235680170585901,0.21242426954743177,0.2227028632352107,0.6267774134758466,3.2066010160157976,39.46844685314206,42.67504786915786,42.52342505912923,0.07513995123912386,AR6 World GDP level and trajectory (unrebased),SSP Basic Drivers v3.2 / OECD ENV-Growth 2025,IMAGE 3.0.1,SSP1-26,0.151622810028627,2.9664938843621034,42.51673547466091,0.24010713165369424,0.15831239449694579,30.10686758112936,1.0482932890156937,0.6911823883620016
2034,SA2_AR6_dynamic_v32_split,SSP1-2.6,S1,"NATO→3.5%, nonNATO holds",0.07,197.92422951976133,56.391834602579834,141.53239491718148,0.2849162769985648,0.034591224067421655,0.024070130675639158,1.950662586310821,3.4067032404927255,5.357365826803546,0.5862820965563048,0.19972247245324665,0.20938646305582312,0.5892995888084974,3.1409276689574845,38.45993012932486,41.60085779828235,41.44265437219176,0.0755015121127423,AR6 World GDP level and trajectory (unrebased),SSP Basic Drivers v3.2 / OECD ENV-Growth 2025,IMAGE 3.0.1,SSP1-26,0.15820342609058713,2.8899502397065686,41.43537817460042,0.25097742925091593,0.16547962368192515,33.247795250086845,1.2992707182666097,0.8566620120439268
2035,SA2_AR6_dynamic_v32_split,SSP1-2.6,S1,"NATO→3.5%, nonNATO holds",0.07,205.16132208938131,57.770949270489076,147.39037281889225,0.2815879166801254,0.03499999999999057,0.024070130675639158,2.021983224466573,3.5477055340819104,5.569688758548484,0.5508605407356729,0.1876557886022622,0.19673590740559746,0.5536957243844183,3.0681217612634164,37.454525351110995,40.522647112374415,40.36259886578648,0.07571375465070501,AR6 World GDP level and trajectory (unrebased),SSP Basic Drivers v3.2 / OECD ENV-Growth 2025,IMAGE 3.0.1,SSP1-26,0.16004824658793382,2.8135318704320786,40.354785645892214,0.25458989083133776,0.16786146648220068,36.31591701135026,1.5538606090979474,1.0245234785261275
2025,SA2_AR6_dynamic_v32_split,SSP1-2.6,S2,"NATO→3.5%, nonNATO→3.5%",0.07,138.56683200039697,43.97774514368174,94.58908685671523,0.31737569885090355,0.027,0.024070130675639158,1.1873991188794069,2.276771681130518,3.4641708000099247,0.9948795276468906,0.33891500392366597,0.3553141170167466,1.0,3.446432609202025,45.78831895082689,49.23475156002892,49.23475156002892,0.07000000000000002,AR6 World GDP level and trajectory (unrebased),SSP Basic Drivers v3.2 / OECD ENV-Growth 2025,IMAGE 3.0.1,SSP1-26,0.0,3.446432609202025,49.23475156002892,0.0,0.0,3.446432609202025,0.0,0.0
2026,SA2_AR6_dynamic_v32_split,SSP1-2.6,S2,"NATO→3.5%, nonNATO→3.5%",0.07,144.59391012503605,45.33351151158073,99.26039861345532,0.3135229656102325,0.02740877593256891,0.0246286141163794,1.2425360592574497,2.444646054488792,3.6871821137462417,0.9399712682134423,0.32020999246831544,0.33570402436194363,0.9448091372798489,3.4658452475919757,45.11974231523008,48.585587562822056,48.54075752720379,0.07133484272698307,AR6 World GDP level and trajectory (unrebased),SSP Basic Drivers v3.2 / OECD ENV-Growth 2025,IMAGE 3.0.1,SSP1-26,0.04483003561826848,3.39631882763458,48.53974596724575,0.06952641995739572,0.04584159557630585,6.912277856794001,0.06952641995739572,0.04584159557630585
2027,SA2_AR6_dynamic_v32_split,SSP1-2.6,S2,"NATO→3.5%, nonNATO→3.5%",0.07,150.8831409610859,46.73312797844958,104.15001298263633,0.3097306145721242,0.028005016140972137,0.025443217561851517,1.308762003354597,2.649911439386876,3.958673442741473,0.8879216461675213,0.3024788025405841,0.31711487363125757,0.8924916248579884,3.5149918399186575,44.441536998861764,47.95652883878042,47.847288178961975,0.0732953765635396,AR6 World GDP level and trajectory (unrebased),SSP Basic Drivers v3.2 / OECD ENV-Growth 2025,IMAGE 3.0.1,SSP1-26,0.10924065981844677,3.3463093114678504,47.84530958925242,0.1686825284508071,0.11121924952799844,10.427269696712658,0.23820894840820284,0.1570608451043043
2028,SA2_AR6_dynamic_v32_split,SSP1-2.6,S2,"NATO→3.5%, nonNATO→3.5%",0.07,157.44592705596344,48.17809427302516,109.26783278293829,0.3059977172728036,0.028820930945768986,0.026557947836381636,1.3885375281416064,2.9019294032437464,4.290466931385353,0.838587344214411,0.28567261176534875,0.2994954800765753,0.842903407810446,3.597931269430197,43.75232029991195,47.35025156934215,47.15434350972723,0.07598547315342562,AR6 World GDP level and trajectory (unrebased),SSP Basic Drivers v3.2 / OECD ENV-Growth 2025,IMAGE 3.0.1,SSP1-26,0.19590805961492208,3.296402621640016,47.15144147189807,0.30152864779018085,0.19881009744408118,14.025200966142854,0.5397375961983837,0.35587094254838547
2029,SA2_AR6_dynamic_v32_split,SSP1-2.6,S2,"NATO→3.5%, nonNATO→3.5%",0.07,164.2941669202464,49.669964719013336,114.62420220123306,0.3023233608964627,0.029845109579542582,0.027957215165375113,1.482405539850967,3.2045734840993365,4.686979023950304,0.7918320431046485,0.26974498171696815,0.28279715825166013,0.7959074652762288,3.7113001765232005,43.05323798098309,46.764538157506294,46.46192352236958,0.07936142048539595,AR6 World GDP level and trajectory (unrebased),SSP Basic Drivers v3.2 / OECD ENV-Growth 2025,IMAGE 3.0.1,SSP1-26,0.30261463513671316,3.246597348299914,46.45814068834808,0.46470282822328635,0.3063974691582132,17.736501142666057,1.00444042442167,0.6622684117065987
2030,SA2_AR6_dynamic_v32_split,SSP1-2.6,S2,"NATO→3.5%, nonNATO→3.5%",0.07,171.44027659999995,51.210350355708485,120.22992624429146,0.2987066480019229,0.030999999999995285,0.029535065337813138,1.5875208610267215,3.5509987271856027,5.138519588212324,0.7475260863345362,0.25465174369638044,0.26697360226233435,0.7513734734321051,3.841177437329711,42.34903240282348,46.190209840153194,45.77002821675297,0.0831599910592,AR6 World GDP level and trajectory (unrebased),SSP Basic Drivers v3.2 / OECD ENV-Growth 2025,IMAGE 3.0.1,SSP1-26,0.42018162340022513,3.1968921094191503,45.76540632724513,0.6442853279105609,0.4248035129080634,21.577678579995766,1.648725752332231,1.087071924614662
2031,SA2_AR6_dynamic_v32_split,SSP1-2.6,S2,"NATO→3.5%, nonNATO→3.5%",0.07,177.7089843520823,52.45723246827724,125.25175188380506,0.2951861587613793,0.03215489042044799,0.031112915510251166,1.686756561777421,3.896947173871769,5.583703735649189,0.7040944722544756,0.23985635868009608,0.2514623115194556,0.7077183243681919,3.93145493497726,41.28534304544737,45.21679798042463,44.687111982949375,0.08694677886477666,AR6 World GDP level and trajectory (unrebased),SSP Basic Drivers v3.2 / OECD ENV-Growth 2025,IMAGE 3.0.1,SSP1-26,0.529685997475255,3.119963226278739,44.681748502161874,0.8114917086985209,0.5350494782627564,25.509133514973026,2.460217461030752,1.6221214028774185
2032,SA2_AR6_dynamic_v32_split,SSP1-2.6,S2,"NATO→3.5%, nonNATO→3.5%",0.07,184.20690718512637,53.735867189565425,130.47103999556094,0.29171472454917957,0.033179069054221584,0.03251218283924464,1.7829060481710712,4.241898307562077,6.024804355733148,0.6628076681179348,0.2257916232050107,0.2367170243278338,0.6662190242125305,3.9932865258902646,40.23202622393082,44.225312749821086,43.60491092949658,0.09029413875442677,AR6 World GDP level and trajectory (unrebased),SSP Basic Drivers v3.2 / OECD ENV-Growth 2025,IMAGE 3.0.1,SSP1-26,0.6204018203245028,3.0431643538092876,43.59885857042704,0.9501221720809769,0.6264541793940452,29.502420040863292,3.410339633111729,2.2485755822714637
2033,SA2_AR6_dynamic_v32_split,SSP1-2.6,S2,"NATO→3.5%, nonNATO→3.5%",0.07,190.94242634059682,55.047108440212476,135.89531790038436,0.2882916567846543,0.03399498385901843,0.03362691311377476,1.8713255629106604,4.569740047605025,6.441065610515686,0.6235680170585901,0.21242426954743177,0.2227028632352107,0.6267774134758466,4.016442510493543,39.1925667835947,43.20900929408824,42.52342505912923,0.09295382088390218,AR6 World GDP level and trajectory (unrebased),SSP Basic Drivers v3.2 / OECD ENV-Growth 2025,IMAGE 3.0.1,SSP1-26,0.6855842349590091,2.9664938843621034,42.51673547466091,1.0499486261314397,0.6922738194273279,33.51886255135683,4.4602882592431685,2.9408494016987916
2034,SA2_AR6_dynamic_v32_split,SSP1-2.6,S2,"NATO→3.5%, nonNATO→3.5%",0.07,197.92422951976133,56.391834602579834,141.53239491718148,0.2849162769985648,0.034591224067421655,0.034441516559246876,1.950662586310821,4.874590323209974,6.8252529095207946,0.5862820965563048,0.19972247245324665,0.20938646305582312,0.5892995888084974,4.001523585320871,38.16676009188239,42.168283677203256,41.44265437219176,0.09489415352904554,AR6 World GDP level and trajectory (unrebased),SSP Basic Drivers v3.2 / OECD ENV-Growth 2025,IMAGE 3.0.1,SSP1-26,0.7256293050114948,2.8899502397065686,41.43537817460042,1.111573345614302,0.7329055026028328,37.52038613667771,5.571861604857471,3.6737549043016244
2035,SA2_AR6_dynamic_v32_split,SSP1-2.6,S2,"NATO→3.5%, nonNATO→3.5%",0.07,205.16132208938131,57.770949270489076,147.39037281889225,0.2815879166801254,0.03499999999999057,0.03499999999998712,2.021983224466573,5.15866304865933,7.180646273125903,0.5508605407356729,0.1876557886022622,0.19673590740559746,0.5536957243844183,3.9555346888457295,37.15221984830823,41.10775453715396,40.36259886578648,0.09622356495465212,AR6 World GDP level and trajectory (unrebased),SSP Basic Drivers v3.2 / OECD ENV-Growth 2025,IMAGE 3.0.1,SSP1-26,0.7451556713674776,2.8135318704320786,40.354785645892214,1.1420028184136508,0.7529688912617445,41.47592082552343,6.713864423271121,4.426723795563369
2025,SA2_AR6_dynamic_v32_split,SSP1-2.6,S3,"NATO→5%, nonNATO→3.5%",0.07,138.56683200039697,43.97774514368174,94.58908685671523,0.31737569885090355,0.027,0.024070130675639158,1.1873991188794069,2.276771681130518,3.4641708000099247,0.9948795276468906,0.33891500392366597,0.3553141170167466,1.0,3.446432609202025,45.78831895082689,49.23475156002892,49.23475156002892,0.07000000000000002,AR6 World GDP level and trajectory (unrebased),SSP Basic Drivers v3.2 / OECD ENV-Growth 2025,IMAGE 3.0.1,SSP1-26,0.0,3.446432609202025,49.23475156002892,0.0,0.0,3.446432609202025,0.0,0.0
2026,SA2_AR6_dynamic_v32_split,SSP1-2.6,S3,"NATO→5%, nonNATO→3.5%",0.07,144.59391012503605,45.33351151158073,99.26039861345532,0.3135229656102325,0.02817523080613562,0.0246286141163794,1.2772821500913931,2.444646054488792,3.721928204580185,0.9399712682134423,0.32020999246831544,0.33570402436194363,0.9448091372798489,3.498505574658617,45.10861626974584,48.60712184440445,48.54075752720379,0.07197516417157206,AR6 World GDP level and trajectory (unrebased),SSP Basic Drivers v3.2 / OECD ENV-Growth 2025,IMAGE 3.0.1,SSP1-26,0.06636431720066582,3.39631882763458,48.53974596724575,0.10218674702403696,0.06737587715870319,6.944938183860642,0.10218674702403696,0.06737587715870319
2027,SA2_AR6_dynamic_v32_split,SSP1-2.6,S3,"NATO→5%, nonNATO→3.5%",0.07,150.8831409610859,46.73312797844958,104.15001298263633,0.3097306145721242,0.029889421405294894,0.025443217561851517,1.3968261557354567,2.649911439386876,4.046737595122333,0.8879216461675213,0.3024788025405841,0.31711487363125757,0.8924916248579884,3.593185907069018,44.414899459502855,48.008085366571876,47.847288178961975,0.07484543238149965,AR6 World GDP level and trajectory (unrebased),SSP Basic Drivers v3.2 / OECD ENV-Growth 2025,IMAGE 3.0.1,SSP1-26,0.16079718760990147,3.3463093114678504,47.84530958925242,0.24687659560116781,0.16277577731945314,10.53812409092966,0.3490633426252048,0.23015165447815633
2028,SA2_AR6_dynamic_v32_split,SSP1-2.6,S3,"NATO→5%, nonNATO→3.5%",0.07,157.44592705596344,48.17809427302516,109.26783278293829,0.3059977172728036,0.03223517646908584,0.026557947836381636,1.5530293708352196,2.9019294032437464,4.454958774078966,0.838587344214411,0.28567261176534875,0.2994954800765753,0.842903407810446,3.735872046939568,43.70532948559557,47.44120153253514,47.15434350972723,0.07874741630178801,AR6 World GDP level and trajectory (unrebased),SSP Basic Drivers v3.2 / OECD ENV-Growth 2025,IMAGE 3.0.1,SSP1-26,0.2868580228079125,3.296402621640016,47.15144147189807,0.4394694252995519,0.2897600606370716,14.273996137869227,0.7885327679247567,0.5199117151152279
2029,SA2_AR6_dynamic_v32_split,SSP1-2.6,S3,"NATO→5%, nonNATO→3.5%",0.07,164.2941669202464,49.669964719013336,114.62420220123306,0.3023233608964627,0.03517969004118492,0.027957215165375113,1.74737396317148,3.2045734840993365,4.9519474472708165,0.7918320431046485,0.26974498171696815,0.28279715825166013,0.7959074652762288,3.9211106645192992,42.981764078478925,46.90287474299822,46.46192352236958,0.08360064678348213,AR6 World GDP level and trajectory (unrebased),SSP Basic Drivers v3.2 / OECD ENV-Growth 2025,IMAGE 3.0.1,SSP1-26,0.4409512206286408,3.246597348299914,46.45814068834808,0.674513316219385,0.4447340546501408,18.195106802388526,1.4630460841441417,0.9646457697653688
2030,SA2_AR6_dynamic_v32_split,SSP1-2.6,S3,"NATO→5%, nonNATO→3.5%",0.07,171.44027659999995,51.210350355708485,120.22992624429146,0.2987066480019229,0.03849999999998644,0.029535065337813138,1.9715984886940823,3.5509987271856027,5.522597215879685,0.7475260863345362,0.25465174369638044,0.26697360226233435,0.7513734734321051,4.128285483188547,42.251226365223225,46.379511848411774,45.77002821675297,0.08901097313575793,AR6 World GDP level and trajectory (unrebased),SSP Basic Drivers v3.2 / OECD ENV-Growth 2025,IMAGE 3.0.1,SSP1-26,0.6094836316588044,3.1968921094191503,45.76540632724513,0.9313933737693967,0.6141055211666426,22.323392285577075,2.3944394579135384,1.5787512909320114
2031,SA2_AR6_dynamic_v32_split,SSP1-2.6,S3,"NATO→5%, nonNATO→3.5%",0.07,177.7089843520823,52.45723246827724,125.25175188380506,0.2951861587613793,0.041820309958787966,0.031112915510251166,2.19377772140355,3.896947173871769,6.090724895275319,0.7040944722544756,0.23985635868009608,0.2514623115194556,0.7077183243681919,4.288445730786072,41.16373079632569,45.45217652711176,44.687111982949375,0.09435072329766338,AR6 World GDP level and trajectory (unrebased),SSP Basic Drivers v3.2 / OECD ENV-Growth 2025,IMAGE 3.0.1,SSP1-26,0.7650645441623851,3.119963226278739,44.681748502161874,1.1684825045073328,0.7704280249498865,26.611838016363144,3.5629219624208712,2.349179315881898
2032,SA2_AR6_dynamic_v32_split,SSP1-2.6,S3,"NATO→5%, nonNATO→3.5%",0.07,184.20690718512637,53.735867189565425,130.47103999556094,0.29171472454917957,0.04476482353088705,0.03251218283924464,2.4054766120200797,4.241898307562077,6.647374919582157,0.6628076681179348,0.2257916232050107,0.2367170243278338,0.6662190242125305,4.405931069553894,40.0914550057597,44.49738607531359,43.60491092949658,0.09901550311509716,AR6 World GDP level and trajectory (unrebased),SSP Basic Drivers v3.2 / OECD ENV-Growth 2025,IMAGE 3.0.1,SSP1-26,0.8924751458170093,3.0431643538092876,43.59885857042704,1.3627667157446064,0.8985275048865518,31.01776908591704,4.925688678165478,3.2477068207684496
2033,SA2_AR6_dynamic_v32_split,SSP1-2.6,S3,"NATO→5%, nonNATO→3.5%",0.07,190.94242634059682,55.047108440212476,135.89531790038436,0.2882916567846543,0.04711057859467799,0.03362691311377476,2.5933011285823917,4.569740047605025,7.163041176187416,0.6235680170585901,0.21242426954743177,0.2227028632352107,0.6267774134758466,4.466643382344218,39.039201651425785,43.50584503377,42.52342505912923,0.10266766175618773,AR6 World GDP level and trajectory (unrebased),SSP Basic Drivers v3.2 / OECD ENV-Growth 2025,IMAGE 3.0.1,SSP1-26,0.98241997464077,2.9664938843621034,42.51673547466091,1.5001494979821146,0.9891095591090888,35.484412468261255,6.425838176147592,4.2368163798775385
2034,SA2_AR6_dynamic_v32_split,SSP1-2.6,S3,"NATO→5%, nonNATO→3.5%",0.07,197.92422951976133,56.391834602579834,141.53239491718148,0.2849162769985648,0.04882476919383726,0.034441516559246876,2.753318308888006,4.874590323209974,7.62790863209798,0.5862820965563048,0.19972247245324665,0.20938646305582312,0.5892995888084974,4.472106265166339,38.00645170644053,42.47855797160687,41.44265437219176,0.10527914502548659,AR6 World GDP level and trajectory (unrebased),SSP Basic Drivers v3.2 / OECD ENV-Growth 2025,IMAGE 3.0.1,SSP1-26,1.0359035994151071,2.8899502397065686,41.43537817460042,1.5821560254597702,1.0431797970064451,39.9565187334276,8.007994201607362,5.279996176883984
2035,SA2_AR6_dynamic_v32_split,SSP1-2.6,S3,"NATO→5%, nonNATO→3.5%",0.07,205.16132208938131,57.770949270489076,147.39037281889225,0.2815879166801254,0.049999999999972886,0.03499999999998712,2.8885474635228876,5.15866304865933,8.047210512182218,0.5508605407356729,0.1876557886022622,0.19673590740559746,0.5536957243844183,4.432890734154488,36.9896040526536,41.42249478680809,40.36259886578648,0.10701650774463349,AR6 World GDP level and trajectory (unrebased),SSP Basic Drivers v3.2 / OECD ENV-Growth 2025,IMAGE 3.0.1,SSP1-26,1.0598959210216066,2.8135318704320786,40.354785645892214,1.6193588637224092,1.0677091409158734,44.389409467582084,9.627353065329771,6.347705317799857
2025,SA2_AR6_dynamic_v32_split,SSP2-4.5,S0,Baseline,0.07,132.3421461836991,42.00214329316893,90.34000289053017,0.3173754129305667,0.027,0.024070131902827918,1.134057868915561,2.1744957856769167,3.308553654592478,1.1582938971955066,0.39458363530835944,0.41367639185553806,1.0,3.832277506658357,50.914544017032455,54.74682152369081,54.74682152369081,0.07,AR6 World GDP level and trajectory (unrebased),SSP Basic Drivers v3.2 / OECD ENV-Growth 2025,MESSAGE-GLOBIOM 1.0,SSP2-45,0.0,3.832277506658357,54.74682152369081,0.0,0.0,3.832277506658357,0.0,0.0
2026,SA2_AR6_dynamic_v32_split,SSP2-4.5,S0,Baseline,0.07,136.9984651539472,42.952745856388574,94.04571929755862,0.313527204907894,0.027,0.024070131902827918,1.1597241381224914,2.263692868388565,3.4234170065110563,1.1246632525781222,0.38312704208705267,0.40166544734932935,0.9709653614693026,3.850191305473983,51.176213093362854,55.02640439883684,55.02754979223171,0.06996988713940701,AR6 World GDP level and trajectory (unrebased),SSP Basic Drivers v3.2 / OECD ENV-Growth 2025,MESSAGE-GLOBIOM 1.0,SSP2-45,-0.001145393394871519,3.850191305473983,55.02640439883684,0.0,0.0,7.68246881213234,0.0,0.0
2027,SA2_AR6_dynamic_v32_split,SSP2-4.5,S0,Baseline,0.07,141.81861180100074,43.92675167777622,97.89186012322452,0.3097389765696906,0.027,0.024070131902827918,1.1860222952999577,2.3562699853791944,3.542292280679152,1.0919759310472754,0.37199180068643456,0.3899914039454555,0.9427451303086358,3.8680979112361937,51.437657090657204,55.305755001893395,55.308039521867826,0.0699402424052211,AR6 World GDP level and trajectory (unrebased),SSP Basic Drivers v3.2 / OECD ENV-Growth 2025,MESSAGE-GLOBIOM 1.0,SSP2-45,-0.0022845199744310207,3.8680979112361937,55.305755001893395,0.0,0.0,11.550566723368533,0.0,0.0
2028,SA2_AR6_dynamic_v32_split,SSP2-4.5,S0,Baseline,0.07,146.8083502290495,44.924795441758356,101.88355478729113,0.30600981055687204,0.027,0.024070131902827918,1.2129694769274757,2.4523506024590924,3.665320079386568,1.0602068188790803,0.36116935588188454,0.3786452924568144,0.9153176248671279,3.885997341540051,51.69887599813494,55.584873339674985,55.58829070758088,0.06991105867585616,AR6 World GDP level and trajectory (unrebased),SSP Basic Drivers v3.2 / OECD ENV-Growth 2025,MESSAGE-GLOBIOM 1.0,SSP2-45,-0.00341736790589664,3.885997341540051,55.584873339674985,0.0,0.0,15.436564064908584,0.0,0.0
2029,SA2_AR6_dynamic_v32_split,SSP2-4.5,S0,Baseline,0.07,151.97364734621675,45.94753090707104,106.02611643914571,0.30233880484816084,0.027,0.024070131902827918,1.240583334490918,2.5520626078348285,3.7926459423257466,1.029331414689647,0.35065136104812156,0.3676183623891596,0.8886616921507511,3.9038896132311103,51.959869823747994,55.8637594369791,55.868303363723854,0.06988232894771712,AR6 World GDP level and trajectory (unrebased),SSP Basic Drivers v3.2 / OECD ENV-Growth 2025,MESSAGE-GLOBIOM 1.0,SSP2-45,-0.004543926744752014,3.9038896132311103,55.8637594369791,0.0,0.0,19.340453678139696,0.0,0.0
2030,SA2_AR6_dynamic_v32_split,SSP2-4.5,S0,Baseline,0.07,157.32067999999987,46.99563153786879,110.32504846213108,0.29872507249440333,0.027,0.024070131902827918,1.2688820515224573,2.6555384686693775,3.924420520191835,0.9993258161225415,0.34042967362416254,0.356902077186622,0.8627566963290897,3.9217747391487543,52.2206385498784,56.142413289027154,56.14807747641181,0.0698540463331891,AR6 World GDP level and trajectory (unrebased),SSP Basic Drivers v3.2 / OECD ENV-Growth 2025,MESSAGE-GLOBIOM 1.0,SSP2-45,-0.005664187384653019,3.9217747391487543,56.142413289027154,0.0,0.0,23.262228417288448,0.0,0.0
2031,SA2_AR6_dynamic_v32_split,SSP2-4.5,S0,Baseline,0.07,161.48654563007247,47.69202573763901,113.79451989243347,0.2953312646051032,0.027,0.024070131902827918,1.2876846949162533,2.739049103629849,4.026733798546102,0.9731798120431933,0.3315227931136153,0.3475642185868547,0.8401838379702106,3.9187360412170693,52.201516621531916,56.12025266274898,56.12694504420659,0.0698274839346583,AR6 World GDP level and trajectory (unrebased),SSP Basic Drivers v3.2 / OECD ENV-Growth 2025,MESSAGE-GLOBIOM 1.0,SSP2-45,-0.006692381457611418,3.9187360412170693,56.12025266274898,0.0,0.0,27.180964458505517,0.0,0.0
2032,SA2_AR6_dynamic_v32_split,SSP2-4.5,S0,Baseline,0.07,165.76272375337751,48.39990092213574,117.36282283124177,0.29198302143095406,0.027,0.024070131902827918,1.306797324897665,2.8249386260362135,4.131735950933878,0.9477191930552313,0.3228493954363975,0.3384711403768683,0.8182026991162393,3.915725461336344,52.18246669580667,56.09819215714301,56.105898140781484,0.06980127720279401,AR6 World GDP level and trajectory (unrebased),SSP Basic Drivers v3.2 / OECD ENV-Growth 2025,MESSAGE-GLOBIOM 1.0,SSP2-45,-0.007705983638473413,3.915725461336344,56.09819215714301,0.0,0.0,31.096689919841864,0.0,0.0
2033,SA2_AR6_dynamic_v32_split,SSP2-4.5,S0,Baseline,0.07,170.15213545456908,49.119472846077905,121.03266260849117,0.28867973190493923,0.027,0.024070131902827918,1.3262257668441033,2.913272153536851,4.239497920380954,0.9229259597607133,0.3144033489294738,0.3296164142002547,0.7967977401895385,3.91274268707114,52.16348887047066,56.076231557541796,56.08493675705109,0.06977542139321785,AR6 World GDP level and trajectory (unrebased),SSP Basic Drivers v3.2 / OECD ENV-Growth 2025,MESSAGE-GLOBIOM 1.0,SSP2-45,-0.008705199509293493,3.91274268707114,56.076231557541796,0.0,0.0,35.009432606913,0.0,0.0
2034,SA2_AR6_dynamic_v32_split,SSP2-4.5,S0,Baseline,0.07,174.65777916888334,49.85096192227519,124.80681724660815,0.28542079350540905,0.027,0.024070131902827918,1.3459759719014301,3.0041165534979966,4.350092525399427,0.8987825864769503,0.30617868330533476,0.3209937808846251,0.7759538305892034,3.909787411392546,52.14458325327946,56.054370664672,56.064060896331775,0.06974991182724438,AR6 World GDP level and trajectory (unrebased),SSP Basic Drivers v3.2 / OECD ENV-Growth 2025,MESSAGE-GLOBIOM 1.0,SSP2-45,-0.009690231659774895,3.909787411392546,56.054370664672,0.0,0.0,38.91922001830555,0.0,0.0
2035,SA2_AR6_dynamic_v32_split,SSP2-4.5,S0,Baseline,0.07,179.28273273038877,50.59459333516991,128.68813939521885,0.28220561213363315,0.027,0.024070131902827918,1.3660540200495876,3.0975404895724234,4.463594509622011,0.8752720086879081,0.2981695853771995,0.3125971459599672,0.7556562378573702,3.9068593324051757,52.12574995928536,56.032609291690534,56.04327057142313,0.06972474389095693,AR6 World GDP level and trajectory (unrebased),SSP Basic Drivers v3.2 / OECD ENV-Growth 2025,MESSAGE-GLOBIOM 1.0,SSP2-45,-0.01066127973259512,3.9068593324051757,56.032609291690534,0.0,0.0,42.82607935071073,0.0,0.0
2025,SA2_AR6_dynamic_v32_split,SSP2-4.5,S1,"NATO→3.5%, nonNATO holds",0.07,132.3421461836991,42.00214329316893,90.34000289053017,0.3173754129305667,0.027,0.024070131902827918,1.134057868915561,2.1744957856769167,3.308553654592478,1.1582938971955066,0.39458363530835944,0.41367639185553806,1.0,3.832277506658357,50.914544017032455,54.74682152369081,54.74682152369081,0.07,AR6 World GDP level and trajectory (unrebased),SSP Basic Drivers v3.2 / OECD ENV-Growth 2025,MESSAGE-GLOBIOM 1.0,SSP2-45,0.0,3.832277506658357,54.74682152369081,0.0,0.0,3.832277506658357,0.0,0.0
2026,SA2_AR6_dynamic_v32_split,SSP2-4.5,S1,"NATO→3.5%, nonNATO holds",0.07,136.9984651539472,42.952745856388574,94.04571929755862,0.313527204907894,0.02740877593256891,0.024070131902827918,1.1772821868663321,2.263692868388565,3.440975055254897,1.1246632525781222,0.38312704208705267,0.40166544734932935,0.9709653614693026,3.869938197683156,51.1694861300828,55.03942432776596,55.02754979223171,0.07031211254386018,AR6 World GDP level and trajectory (unrebased),SSP Basic Drivers v3.2 / OECD ENV-Growth 2025,MESSAGE-GLOBIOM 1.0,SSP2-45,0.011874535534246888,3.850191305473983,55.02640439883684,0.019746892209172806,0.013019928929118407,7.702215704341513,0.019746892209172806,0.013019928929118407
2027,SA2_AR6_dynamic_v32_split,SSP2-4.5,S1,"NATO→3.5%, nonNATO holds",0.07,141.81861180100074,43.92675167777622,97.89186012322452,0.3097389765696906,0.028005016140972137,0.024070131902827918,1.230169389756598,2.3562699853791944,3.586439375135792,1.0919759310472754,0.37199180068643456,0.3899914039454555,0.9427451303086358,3.916305475808515,51.42123473349521,55.337540209303725,55.308039521867826,0.0707712243984072,AR6 World GDP level and trajectory (unrebased),SSP Basic Drivers v3.2 / OECD ENV-Growth 2025,MESSAGE-GLOBIOM 1.0,SSP2-45,0.029500687435898953,3.8680979112361937,55.305755001893395,0.04820756457232145,0.031785207410329974,11.618521180150028,0.06795445678149425,0.04480513633944838
2028,SA2_AR6_dynamic_v32_split,SSP2-4.5,S1,"NATO→3.5%, nonNATO holds",0.07,146.8083502290495,44.924795441758356,101.88355478729113,0.30600981055687204,0.028820930945768986,0.024070131902827918,1.2947744271797148,2.4523506024590924,3.7471250296388074,1.0602068188790803,0.36116935588188454,0.3786452924568144,0.9153176248671279,3.9727275076155397,51.66933055694439,55.642058064559926,55.58829070758088,0.07139792534284219,AR6 World GDP level and trajectory (unrebased),SSP Basic Drivers v3.2 / OECD ENV-Growth 2025,MESSAGE-GLOBIOM 1.0,SSP2-45,0.05376735697904422,3.885997341540051,55.584873339674985,0.08673016607548867,0.05718472488494086,15.591248687765567,0.15468462285698292,0.10198986122438924
2029,SA2_AR6_dynamic_v32_split,SSP2-4.5,S1,"NATO→3.5%, nonNATO holds",0.07,151.97364734621675,45.94753090707104,106.02611643914571,0.30233880484816084,0.029845109579542582,0.024070131902827918,1.3713090948309548,2.5520626078348285,3.9233717026657833,1.029331414689647,0.35065136104812156,0.3676183623891596,0.8886616921507511,4.0384497450583,51.91403065796071,55.95248040301901,55.868303363723854,0.07217642034758479,AR6 World GDP level and trajectory (unrebased),SSP Basic Drivers v3.2 / OECD ENV-Growth 2025,MESSAGE-GLOBIOM 1.0,SSP2-45,0.08417703929515596,3.9038896132311103,55.8637594369791,0.13456013182719007,0.08872096603990798,19.62969843282387,0.289244754684173,0.19071082726429722
2030,SA2_AR6_dynamic_v32_split,SSP2-4.5,S1,"NATO→3.5%, nonNATO holds",0.07,157.32067999999987,46.99563153786879,110.32504846213108,0.29872507249440333,0.030999999999995285,0.024070131902827918,1.4568645776737108,2.6555384686693775,4.112403046343088,0.9993258161225415,0.34042967362416254,0.356902077186622,0.8627566963290897,4.109630530511632,52.15664371985368,56.26627425036531,56.14807747641181,0.07303896668589088,AR6 World GDP level and trajectory (unrebased),SSP Basic Drivers v3.2 / OECD ENV-Growth 2025,MESSAGE-GLOBIOM 1.0,SSP2-45,0.1181967739535068,3.9217747391487543,56.142413289027154,0.18785579136287778,0.12386096133815983,23.739328963335502,0.47710054604705077,0.31457178860245705
2031,SA2_AR6_dynamic_v32_split,SSP2-4.5,S1,"NATO→3.5%, nonNATO holds",0.07,161.48654563007247,47.69202573763901,113.79451989243347,0.2953312646051032,0.03215489042044799,0.024070131902827918,1.5335318615229674,2.739049103629849,4.272580965152817,0.9731798120431933,0.3315227931136153,0.3475642185868547,0.8401838379702106,4.157989540606743,52.120012682179386,56.27800222278613,56.12694504420659,0.07388303380327234,AR6 World GDP level and trajectory (unrebased),SSP Basic Drivers v3.2 / OECD ENV-Growth 2025,MESSAGE-GLOBIOM 1.0,SSP2-45,0.15105717857953493,3.9187360412170693,56.12025266274898,0.23925349938967377,0.15774956003714635,27.897318503942245,0.7163540454367245,0.4723213486396034
2032,SA2_AR6_dynamic_v32_split,SSP2-4.5,S1,"NATO→3.5%, nonNATO holds",0.07,165.76272375337751,48.39990092213574,117.36282283124177,0.29198302143095406,0.033179069054221584,0.024070131902827918,1.6058636549130247,2.8249386260362135,4.430802280949238,0.9477191930552313,0.3228493954363975,0.3384711403768683,0.8182026991162393,4.19915636228849,52.085913311965825,56.285069674254316,56.105898140781484,0.07460515526747674,AR6 World GDP level and trajectory (unrebased),SSP Basic Drivers v3.2 / OECD ENV-Growth 2025,MESSAGE-GLOBIOM 1.0,SSP2-45,0.17917153347283232,3.915725461336344,56.09819215714301,0.2834309009521463,0.18687751711130574,32.096474866230736,0.9997849463888708,0.6591988657509091
2033,SA2_AR6_dynamic_v32_split,SSP2-4.5,S1,"NATO→3.5%, nonNATO holds",0.07,170.15213545456908,49.119472846077905,121.03266260849117,0.28867973190493923,0.03399498385901843,0.024070131902827918,1.6698156865659126,2.913272153536851,4.583087840102763,0.9229259597607133,0.3144033489294738,0.3296164142002547,0.7967977401895385,4.229850743494498,52.05546304905172,56.28531379254621,56.08493675705109,0.07515016721919122,AR6 World GDP level and trajectory (unrebased),SSP Basic Drivers v3.2 / OECD ENV-Growth 2025,MESSAGE-GLOBIOM 1.0,SSP2-45,0.20037703549512287,3.91274268707114,56.076231557541796,0.3171080564233577,0.20908223500441636,36.32632560972523,1.3168930028122285,0.8682811007553255
2034,SA2_AR6_dynamic_v32_split,SSP2-4.5,S1,"NATO→3.5%, nonNATO holds",0.07,174.65777916888334,49.85096192227519,124.80681724660815,0.28542079350540905,0.034591224067421655,0.024070131902827918,1.724405793829926,3.0041165534979966,4.728522347327923,0.8987825864769503,0.30617868330533476,0.3209937808846251,0.7759538305892034,4.249913545545451,52.02871610867791,56.278629654223366,56.064060896331775,0.075515583297905,AR6 World GDP level and trajectory (unrebased),SSP Basic Drivers v3.2 / OECD ENV-Growth 2025,MESSAGE-GLOBIOM 1.0,SSP2-45,0.21456875789159113,3.909787411392546,56.054370664672,0.34012613415290494,0.22425898955136603,40.576239155270684,1.6570191369651335,1.0925400903066915
2035,SA2_AR6_dynamic_v32_split,SSP2-4.5,S1,"NATO→3.5%, nonNATO holds",0.07,179.28273273038877,50.59459333516991,128.68813939521885,0.28220561213363315,0.03499999999999057,0.024070131902827918,1.77081076673047,3.0975404895724234,4.868351256302893,0.8752720086879081,0.2981695853771995,0.3125971459599672,0.7556562378573702,4.261131583102534,52.00506380794889,56.266195391051426,56.04327057142313,0.07573164585747386,AR6 World GDP level and trajectory (unrebased),SSP Basic Drivers v3.2 / OECD ENV-Growth 2025,MESSAGE-GLOBIOM 1.0,SSP2-45,0.2229248196282967,3.9068593324051757,56.032609291690534,0.35427225069735835,0.2335860993608918,44.83737073837322,2.011291387662492,1.3261261896675833
2025,SA2_AR6_dynamic_v32_split,SSP2-4.5,S2,"NATO→3.5%, nonNATO→3.5%",0.07,132.3421461836991,42.00214329316893,90.34000289053017,0.3173754129305667,0.027,0.024070131902827918,1.134057868915561,2.1744957856769167,3.308553654592478,1.1582938971955066,0.39458363530835944,0.41367639185553806,1.0,3.832277506658357,50.914544017032455,54.74682152369081,54.74682152369081,0.07,AR6 World GDP level and trajectory (unrebased),SSP Basic Drivers v3.2 / OECD ENV-Growth 2025,MESSAGE-GLOBIOM 1.0,SSP2-45,0.0,3.832277506658357,54.74682152369081,0.0,0.0,3.832277506658357,0.0,0.0
2026,SA2_AR6_dynamic_v32_split,SSP2-4.5,S2,"NATO→3.5%, nonNATO→3.5%",0.07,136.9984651539472,42.952745856388574,94.04571929755862,0.313527204907894,0.02740877593256891,0.024628615280862506,1.1772821868663321,2.316215839391558,3.4934980262578903,1.1246632525781222,0.38312704208705267,0.40166544734932935,0.9709653614693026,3.929008853086449,51.1493631595608,55.07837201264725,55.02754979223171,0.07133487627746621,AR6 World GDP level and trajectory (unrebased),SSP Basic Drivers v3.2 / OECD ENV-Growth 2025,MESSAGE-GLOBIOM 1.0,SSP2-45,0.05082222041554019,3.850191305473983,55.02640439883684,0.07881754761246595,0.051967613810411706,7.7612863597448065,0.07881754761246595,0.051967613810411706
2027,SA2_AR6_dynamic_v32_split,SSP2-4.5,S2,"NATO→3.5%, nonNATO→3.5%",0.07,141.81861180100074,43.92675167777622,97.89186012322452,0.3097389765696906,0.028005016140972137,0.025443218634872214,1.230169389756598,2.49068399968953,3.7208533894461278,1.0919759310472754,0.37199180068643456,0.3899914039454555,0.9427451303086358,4.063082344230846,51.37123382227442,55.43431616650527,55.308039521867826,0.07329543548488575,AR6 World GDP level and trajectory (unrebased),SSP Basic Drivers v3.2 / OECD ENV-Growth 2025,MESSAGE-GLOBIOM 1.0,SSP2-45,0.12627664463744281,3.8680979112361937,55.305755001893395,0.1949844329946524,0.12856116461187383,11.824368703975653,0.27380198060711836,0.18052877842228554
2028,SA2_AR6_dynamic_v32_split,SSP2-4.5,S2,"NATO→3.5%, nonNATO→3.5%",0.07,146.8083502290495,44.924795441758356,101.88355478729113,0.30600981055687204,0.028820930945768986,0.02655794878424215,1.2947744271797148,2.7058182299974067,4.000592657177122,1.0602068188790803,0.36116935588188454,0.3786452924568144,0.9153176248671279,4.241455614696763,51.57778581716946,55.819241431866224,55.58829070758088,0.07598554738286699,AR6 World GDP level and trajectory (unrebased),SSP Basic Drivers v3.2 / OECD ENV-Growth 2025,MESSAGE-GLOBIOM 1.0,SSP2-45,0.2309507242853428,3.885997341540051,55.584873339674985,0.35545827315671197,0.23436809219123944,16.065824318672416,0.6292602537638303,0.414896870613525
2029,SA2_AR6_dynamic_v32_split,SSP2-4.5,S2,"NATO→3.5%, nonNATO→3.5%",0.07,151.97364734621675,45.94753090707104,106.02611643914571,0.30233880484816084,0.029845109579542582,0.02795721595612806,1.3713090948309548,2.964195034278776,4.335504129109731,1.029331414689647,0.35065136104812156,0.3676183623891596,0.8886616921507511,4.462670598609326,51.76951586169608,56.23218646030541,55.868303363723854,0.07936149880566262,AR6 World GDP level and trajectory (unrebased),SSP Basic Drivers v3.2 / OECD ENV-Growth 2025,MESSAGE-GLOBIOM 1.0,SSP2-45,0.36388309658155293,3.9038896132311103,55.8637594369791,0.5587809853782155,0.36842702332630495,20.52849491728174,1.1880412391420458,0.7833238939398299
2030,SA2_AR6_dynamic_v32_split,SSP2-4.5,S2,"NATO→3.5%, nonNATO→3.5%",0.07,157.32067999999987,46.99563153786879,110.32504846213108,0.29872507249440333,0.030999999999995285,0.029535065951407518,1.4568645776737108,3.258457582421272,4.715322160094983,0.9993258161225415,0.34042967362416254,0.356902077186622,0.8627566963290897,4.712143165917624,51.951392162737356,56.66353532865498,56.14807747641181,0.08316006296795028,AR6 World GDP level and trajectory (unrebased),SSP Basic Drivers v3.2 / OECD ENV-Growth 2025,MESSAGE-GLOBIOM 1.0,SSP2-45,0.5154578522431734,3.9217747391487543,56.142413289027154,0.7903684267688695,0.5211220396278264,25.240638083199364,1.9784096659109154,1.3044459335676564
2031,SA2_AR6_dynamic_v32_split,SSP2-4.5,S2,"NATO→3.5%, nonNATO→3.5%",0.07,161.48654563007247,47.69202573763901,113.79451989243347,0.2953312646051032,0.03215489042044799,0.031112915946686977,1.5335318615229674,3.5404793326068815,5.074011194129849,0.9731798120431933,0.3315227931136153,0.3475642185868547,0.8401838379702106,4.9379252602083445,51.85432029418324,56.792245554391585,56.12694504420659,0.0869471740728961,AR6 World GDP level and trajectory (unrebased),SSP Basic Drivers v3.2 / OECD ENV-Growth 2025,MESSAGE-GLOBIOM 1.0,SSP2-45,0.6653005101849914,3.9187360412170693,56.12025266274898,1.0191892189912752,0.6719928916426028,30.17856334340771,2.9975988849021906,1.9764388252102592
2032,SA2_AR6_dynamic_v32_split,SSP2-4.5,S2,"NATO→3.5%, nonNATO→3.5%",0.07,165.76272375337751,48.39990092213574,117.36282283124177,0.29198302143095406,0.033179069054221584,0.03251218311857289,1.6058636549130247,3.8157215872019594,5.421585242114984,0.9477191930552313,0.3228493954363975,0.3384711403768683,0.8182026991162393,5.138140390737364,51.76603963194478,56.90418002268214,56.105898140781484,0.09029460381801986,AR6 World GDP level and trajectory (unrebased),SSP Basic Drivers v3.2 / OECD ENV-Growth 2025,MESSAGE-GLOBIOM 1.0,SSP2-45,0.7982818819006567,3.915725461336344,56.09819215714301,1.2224149294010203,0.8059878655391302,35.31670373414507,4.220013814303211,2.7824266907493893
2033,SA2_AR6_dynamic_v32_split,SSP2-4.5,S2,"NATO→3.5%, nonNATO→3.5%",0.07,170.15213545456908,49.119472846077905,121.03266260849117,0.28867973190493923,0.03399498385901843,0.03362691326794282,1.6698156865659126,4.069954848123919,5.739770534689831,0.9229259597607133,0.3144033489294738,0.3296164142002547,0.7967977401895385,5.2973832295348755,51.691798136224776,56.98918136575965,56.08493675705109,0.09295419064780003,AR6 World GDP level and trajectory (unrebased),SSP Basic Drivers v3.2 / OECD ENV-Growth 2025,MESSAGE-GLOBIOM 1.0,SSP2-45,0.9042446087085594,3.91274268707114,56.076231557541796,1.3846405424637354,0.9129498082178529,40.61408696367995,5.604654356766947,3.695376498967242
2034,SA2_AR6_dynamic_v32_split,SSP2-4.5,S2,"NATO→3.5%, nonNATO→3.5%",0.07,174.65777916888334,49.85096192227519,124.80681724660815,0.28542079350540905,0.034591224067421655,0.03444151662195252,1.724405793829926,4.2985360707320455,6.022941864561972,0.8987825864769503,0.30617868330533476,0.3209937808846251,0.7759538305892034,5.413315267231314,51.63239244524647,57.04570771247778,56.064060896331775,0.09489434848482463,AR6 World GDP level and trajectory (unrebased),SSP Basic Drivers v3.2 / OECD ENV-Growth 2025,MESSAGE-GLOBIOM 1.0,SSP2-45,0.9816468161460037,3.909787411392546,56.054370664672,1.5035278558387684,0.9913370478057786,46.027402230911264,7.108182212605715,4.686713546773021
2035,SA2_AR6_dynamic_v32_split,SSP2-4.5,S2,"NATO→3.5%, nonNATO→3.5%",0.07,179.28273273038877,50.59459333516991,128.68813939521885,0.28220561213363315,0.03499999999999057,0.03499999999998712,1.77081076673047,4.504084878831002,6.274895645561473,0.8752720086879081,0.2981695853771995,0.3125971459599672,0.7556562378573702,5.492240515997598,51.58567505058903,57.07791556658663,56.04327057142313,0.09622356495465212,AR6 World GDP level and trajectory (unrebased),SSP Basic Drivers v3.2 / OECD ENV-Growth 2025,MESSAGE-GLOBIOM 1.0,SSP2-45,1.0346449951635037,3.9068593324051757,56.032609291690534,1.5853811835924225,1.0453062748960988,51.519642746908865,8.693563396198137,5.73201982166912
2025,SA2_AR6_dynamic_v32_split,SSP2-4.5,S3,"NATO→5%, nonNATO→3.5%",0.07,132.3421461836991,42.00214329316893,90.34000289053017,0.3173754129305667,0.027,0.024070131902827918,1.134057868915561,2.1744957856769167,3.308553654592478,1.1582938971955066,0.39458363530835944,0.41367639185553806,1.0,3.832277506658357,50.914544017032455,54.74682152369081,54.74682152369081,0.07,AR6 World GDP level and trajectory (unrebased),SSP Basic Drivers v3.2 / OECD ENV-Growth 2025,MESSAGE-GLOBIOM 1.0,SSP2-45,0.0,3.832277506658357,54.74682152369081,0.0,0.0,3.832277506658357,0.0,0.0
2026,SA2_AR6_dynamic_v32_split,SSP2-4.5,S3,"NATO→5%, nonNATO→3.5%",0.07,136.9984651539472,42.952745856388574,94.04571929755862,0.313527204907894,0.02817523080613562,0.024628615280862506,1.2102035282610335,2.316215839391558,3.5264193676525917,1.1246632525781222,0.38312704208705267,0.40166544734932935,0.9709653614693026,3.9660342759786484,51.13675010341072,55.10278437938937,55.02754979223171,0.07197520634659803,AR6 World GDP level and trajectory (unrebased),SSP Basic Drivers v3.2 / OECD ENV-Growth 2025,MESSAGE-GLOBIOM 1.0,SSP2-45,0.0752345871576594,3.850191305473983,55.02640439883684,0.1158429705046653,0.07637998055253092,7.798311782637006,0.1158429705046653,0.07637998055253092
2027,SA2_AR6_dynamic_v32_split,SSP2-4.5,S3,"NATO→5%, nonNATO→3.5%",0.07,141.81861180100074,43.92675167777622,97.89186012322452,0.3097389765696906,0.029889421405294894,0.025443218634872214,1.312945191862798,2.49068399968953,3.8036291915523277,1.0919759310472754,0.37199180068643456,0.3899914039454555,0.9427451303086358,4.153471527803949,51.34044190259567,55.49391343039962,55.308039521867826,0.07484553297927395,AR6 World GDP level and trajectory (unrebased),SSP Basic Drivers v3.2 / OECD ENV-Growth 2025,MESSAGE-GLOBIOM 1.0,SSP2-45,0.18587390853179642,3.8680979112361937,55.305755001893395,0.28537361656775495,0.18815842850622744,11.951783310440954,0.40121658707242025,0.26453840905875836
2028,SA2_AR6_dynamic_v32_split,SSP2-4.5,S3,"NATO→5%, nonNATO→3.5%",0.07,146.8083502290495,44.924795441758356,101.88355478729113,0.30600981055687204,0.03223517646908584,0.02655794878424215,1.4481587089026635,2.7058182299974067,4.153976938900071,1.0602068188790803,0.36116935588188454,0.3786452924568144,0.9153176248671279,4.404074676088304,51.522388114937186,55.92646279102549,55.58829070758088,0.07874759919189855,AR6 World GDP level and trajectory (unrebased),SSP Basic Drivers v3.2 / OECD ENV-Growth 2025,MESSAGE-GLOBIOM 1.0,SSP2-45,0.33817208344461136,3.885997341540051,55.584873339674985,0.518077334548253,0.341589451350508,16.35585798652926,0.9192939216206732,0.6061278604092664
2029,SA2_AR6_dynamic_v32_split,SSP2-4.5,S3,"NATO→5%, nonNATO→3.5%",0.07,151.97364734621675,45.94753090707104,106.02611643914571,0.30233880484816084,0.03517969004118492,0.02795721595612806,1.6164198954685236,2.964195034278776,4.580614929747299,1.029331414689647,0.35065136104812156,0.3676183623891596,0.8886616921507511,4.714970845785306,51.68356742584491,56.398538271630215,55.868303363723854,0.08360094056120328,AR6 World GDP level and trajectory (unrebased),SSP Basic Drivers v3.2 / OECD ENV-Growth 2025,MESSAGE-GLOBIOM 1.0,SSP2-45,0.5302349079063617,3.9038896132311103,55.8637594369791,0.8110812325541956,0.5347788346511138,21.070828832314564,1.7303751541748689,1.1409066950603801
2030,SA2_AR6_dynamic_v32_split,SSP2-4.5,S3,"NATO→5%, nonNATO→3.5%",0.07,157.32067999999987,46.99563153786879,110.32504846213108,0.29872507249440333,0.03849999999998644,0.029535065951407518,1.8093318142073112,3.258457582421272,5.067789396628584,0.9993258161225415,0.34042967362416254,0.356902077186622,0.8627566963290897,5.064372774723021,51.831401856441005,56.895774631164024,56.14807747641181,0.08901140387935008,AR6 World GDP level and trajectory (unrebased),SSP Basic Drivers v3.2 / OECD ENV-Growth 2025,MESSAGE-GLOBIOM 1.0,SSP2-45,0.7476971547522169,3.9217747391487543,56.142413289027154,1.142598035574267,0.7533613421368699,26.135201607037587,2.872973189749136,1.89426803719725
2031,SA2_AR6_dynamic_v32_split,SSP2-4.5,S3,"NATO→5%, nonNATO→3.5%",0.07,161.48654563007247,47.69202573763901,113.79451989243347,0.2953312646051032,0.041820309958787966,0.031112915946686977,1.9944952989105564,3.5404793326068815,5.5349746315174375,0.9731798120431933,0.3315227931136153,0.3475642185868547,0.8401838379702106,5.386525571563983,51.70150040789726,57.088025979461236,56.12694504420659,0.09435473515062356,AR6 World GDP level and trajectory (unrebased),SSP Basic Drivers v3.2 / OECD ENV-Growth 2025,MESSAGE-GLOBIOM 1.0,SSP2-45,0.9610809352546426,3.9187360412170693,56.12025266274898,1.4677895303469133,0.967773316712254,31.521727178601566,4.340762720096049,2.862041353909504
2032,SA2_AR6_dynamic_v32_split,SSP2-4.5,S3,"NATO→5%, nonNATO→3.5%",0.07,165.76272375337751,48.39990092213574,117.36282283124177,0.29198302143095406,0.04476482353088705,0.03251218311857289,2.166613023691824,3.8157215872019594,5.982334610893783,0.9477191930552313,0.3228493954363975,0.3384711403768683,0.8182026991162393,5.669573330022637,51.58500203724321,57.25457536726584,56.105898140781484,0.09902393465770253,AR6 World GDP level and trajectory (unrebased),SSP Basic Drivers v3.2 / OECD ENV-Growth 2025,MESSAGE-GLOBIOM 1.0,SSP2-45,1.1486772264843594,3.915725461336344,56.09819215714301,1.7538478686862935,1.1563832101228328,37.1913005086242,6.094610588782343,4.018424564032337
2033,SA2_AR6_dynamic_v32_split,SSP2-4.5,S3,"NATO→5%, nonNATO→3.5%",0.07,170.15213545456908,49.119472846077905,121.03266260849117,0.28867973190493923,0.04711057859467799,0.03362691326794282,2.3140467860443046,4.069954848123919,6.384001634168223,0.9229259597607133,0.3144033489294738,0.3296164142002547,0.7967977401895385,5.89196083532867,51.489249721064255,57.38121055639292,56.08493675705109,0.10268101314346074,AR6 World GDP level and trajectory (unrebased),SSP Basic Drivers v3.2 / OECD ENV-Growth 2025,MESSAGE-GLOBIOM 1.0,SSP2-45,1.296273799341833,3.91274268707114,56.076231557541796,1.9792181482575302,1.3049789988511264,43.08326134395288,8.073828737039873,5.323403562883463
2034,SA2_AR6_dynamic_v32_split,SSP2-4.5,S3,"NATO→5%, nonNATO→3.5%",0.07,174.65777916888334,49.85096192227519,124.80681724660815,0.28542079350540905,0.04882476919383726,0.03444151662195252,2.433961709945856,4.2985360707320455,6.732497780677901,0.8987825864769503,0.30617868330533476,0.3209937808846251,0.7759538305892034,6.051051768768012,51.41514154911858,57.46619331788659,56.064060896331775,0.10529759184317847,AR6 World GDP level and trajectory (unrebased),SSP Basic Drivers v3.2 / OECD ENV-Growth 2025,MESSAGE-GLOBIOM 1.0,SSP2-45,1.4021324215548177,3.909787411392546,56.054370664672,2.141264357375466,1.4118226532145925,49.13431311272089,10.215093094415339,6.735226216098056
2035,SA2_AR6_dynamic_v32_split,SSP2-4.5,S3,"NATO→5%, nonNATO→3.5%",0.07,179.28273273038877,50.59459333516991,128.68813939521885,0.28220561213363315,0.049999999999972886,0.03499999999998712,2.529729666757124,4.504084878831002,7.033814545588126,0.8752720086879081,0.2981695853771995,0.3125971459599672,0.7556562378573702,6.1565009860551445,51.35938851683317,57.515889502888314,56.04327057142313,0.10704000301944351,AR6 World GDP level and trajectory (unrebased),SSP Basic Drivers v3.2 / OECD ENV-Growth 2025,MESSAGE-GLOBIOM 1.0,SSP2-45,1.4726189314651847,3.9068593324051757,56.032609291690534,2.249641653649969,1.4832802111977799,55.29081409877603,12.464734748065307,8.218506427295836
2025,SA2_AR6_dynamic_v32_split,SSP3-7.0,S0,Baseline,0.07,131.57368822870808,41.75831570410389,89.81537252460419,0.317375884694495,0.027,0.024070129877985763,1.127474524010805,2.1618676817068967,3.289342205717702,1.4022143436308516,0.477677413764356,0.5007908370110185,1.0,4.6123628219677055,61.27853463471379,65.8908974566815,65.8908974566815,0.07,AR6 World GDP level and trajectory (unrebased),SSP Basic Drivers v3.2 / OECD ENV-Growth 2025,MIGRATION 1.0,SSP3-7.0_zeromig,0.0,4.6123628219677055,65.8908974566815,0.0,0.0,4.6123628219677055,0.0,0.0
2026,SA2_AR6_dynamic_v32_split,SSP3-7.0,S0,Baseline,0.07,134.8941946705815,42.289728200521836,92.60446647005966,0.3135029517303951,0.027,0.024070129877985763,1.1418226614140896,2.229001535215914,3.3708241966300037,1.390083691793186,0.4735449939075688,0.4964584613547093,0.9913489318571261,4.685727743637236,62.28223366979028,66.96796141342752,66.96936433183951,0.06996969363767608,AR6 World GDP level and trajectory (unrebased),SSP Basic Drivers v3.2 / OECD ENV-Growth 2025,MIGRATION 1.0,SSP3-7.0_zeromig,-0.001402918411997689,4.685727743637236,66.96796141342752,0.0,0.0,9.29809056560494,0.0,0.0
2027,SA2_AR6_dynamic_v32_split,SSP3-7.0,S0,Baseline,0.07,138.29850026089372,42.829721690573244,95.46877857032047,0.3096904276602925,0.027,0.024070129877985763,1.1564024856454775,2.2979458994802777,3.4543483851257553,1.3780332788175733,0.46943990816862385,0.49215474243484764,0.9827550866790704,4.760207031333034,63.30122627363647,68.06143330496951,68.06426277502585,0.06993985874501804,AR6 World GDP level and trajectory (unrebased),SSP Basic Drivers v3.2 / OECD ENV-Growth 2025,MIGRATION 1.0,SSP3-7.0_zeromig,-0.0028294700563407105,4.760207031333034,68.06143330496951,0.0,0.0,14.058297596937976,0.0,0.0
2028,SA2_AR6_dynamic_v32_split,SSP3-7.0,S0,Baseline,0.07,141.78871982682614,43.37847042426535,98.4102494025608,0.30593738681924565,0.027,0.024070129877985763,1.1712187014551645,2.3687474844446093,3.5399661858997735,1.3653263811150806,0.46511118477546703,0.4876165646839574,0.9736930643426066,4.833209221864292,64.30104159966292,69.13425082152722,69.13852847289309,0.06991048813621213,AR6 World GDP level and trajectory (unrebased),SSP Basic Drivers v3.2 / OECD ENV-Growth 2025,MIGRATION 1.0,SSP3-7.0_zeromig,-0.004277651365867996,4.833209221864292,69.13425082152722,0.0,0.0,18.89150681880227,0.0,0.0
2029,SA2_AR6_dynamic_v32_split,SSP3-7.0,S0,Baseline,0.07,145.36702156715262,43.936152928235394,101.43086863891722,0.3022429190236865,0.027,0.024070129877985763,1.1862761290623556,2.4414541817756503,3.6277303108380057,1.351711512998603,0.4604731527797439,0.48275411178521543,0.9639835158856827,4.903644827213733,65.26713831756157,70.17078314477531,70.17652737951302,0.06988157474452873,AR6 World GDP level and trajectory (unrebased),SSP Basic Drivers v3.2 / OECD ENV-Growth 2025,MIGRATION 1.0,SSP3-7.0_zeromig,-0.005744234737704801,4.903644827213733,70.17078314477531,0.0,0.0,23.795151646016002,0.0,0.0
2030,SA2_AR6_dynamic_v32_split,SSP3-7.0,S0,Baseline,0.07,149.0356283991709,44.502952124553694,104.53267627461719,0.29860612930324837,0.027,0.024070129877985763,1.2015797073629497,2.5161150944234767,3.7176948017864264,1.3377012670684671,0.4557004316387086,0.4777504525244526,0.953992000684192,4.973165046923556,66.2214450651733,71.19461011209685,71.20183890997005,0.0698531116202932,AR6 World GDP level and trajectory (unrebased),SSP Basic Drivers v3.2 / OECD ENV-Growth 2025,MIGRATION 1.0,SSP3-7.0_zeromig,-0.007228797873196413,4.973165046923556,71.19461011209685,0.0,0.0,28.768316692939557,0.0,0.0
2031,SA2_AR6_dynamic_v32_split,SSP3-7.0,S0,Baseline,0.07,151.81959450515436,44.82483068419079,106.99476382096356,0.29525062842049,0.027,0.024070129877985763,1.2102704284731514,2.575377861435005,3.7856482899081563,1.323025636164114,0.45070104089107177,0.47250915577289787,0.9435259610440949,5.008509737049328,66.7190536464244,71.72756338347372,71.73614842941417,0.06982684899349734,AR6 World GDP level and trajectory (unrebased),SSP Basic Drivers v3.2 / OECD ENV-Growth 2025,MIGRATION 1.0,SSP3-7.0_zeromig,-0.008585045940449731,5.008509737049328,71.72756338347372,0.0,0.0,33.77682642998889,0.0,0.0
2032,SA2_AR6_dynamic_v32_split,SSP3-7.0,S0,Baseline,0.07,154.65556473500078,45.15017158102272,109.50539315397806,0.29194016819496044,0.027,0.024070129877985763,1.2190546326876133,2.635809035556145,3.8548636682437585,1.3090434882568591,0.44593789160398495,0.46751553152030684,0.9335544841648541,5.046184183032441,67.24774668611244,72.29393086914487,72.30387854965711,0.06980093795378552,AR6 World GDP level and trajectory (unrebased),SSP Basic Drivers v3.2 / OECD ENV-Growth 2025,MIGRATION 1.0,SSP3-7.0_zeromig,-0.009947680512240709,5.046184183032441,72.29393086914487,0.0,0.0,38.823010613021324,0.0,0.0
2033,SA2_AR6_dynamic_v32_split,SSP3-7.0,S0,Baseline,0.07,157.54451051896345,45.47902803215464,112.0654824868088,0.28867415235442545,0.027,0.024070129877985763,1.2279337568681752,2.697430718296627,3.925364475164802,1.2945635010823926,0.4410051487203755,0.46234410752942595,0.9232279693632921,5.081633577993794,67.74683434734251,72.82846792533631,72.83977611205042,0.06977537387170468,AR6 World GDP level and trajectory (unrebased),SSP Basic Drivers v3.2 / OECD ENV-Growth 2025,MIGRATION 1.0,SSP3-7.0_zeromig,-0.011308186714103385,5.081633577993794,72.82846792533631,0.0,0.0,43.90464419101512,0.0,0.0
2034,SA2_AR6_dynamic_v32_split,SSP3-7.0,S0,Baseline,0.07,160.48742143348534,45.81145428799752,114.67596714548782,0.28545199292758444,0.027,0.024070129877985763,1.236909265775933,2.76026542307552,3.997174688851453,1.2801738014858128,0.4361031631435186,0.45720492910207605,0.9129658438459339,5.1170783166298355,68.24589160644454,73.36296992307437,73.37564013827166,0.06975015218161709,AR6 World GDP level and trajectory (unrebased),SSP Basic Drivers v3.2 / OECD ENV-Growth 2025,MIGRATION 1.0,SSP3-7.0_zeromig,-0.01267021519728928,5.1170783166298355,73.36296992307437,0.0,0.0,49.02172250764496,0.0,0.0
2035,SA2_AR6_dynamic_v32_split,SSP3-7.0,S0,Baseline,0.07,163.48530554016915,46.1475056546803,117.33779988548885,0.2822731101257393,0.027,0.024070129877985763,1.2459826526763682,2.8243360828408197,4.070318735517188,1.2659446466160764,0.43125586862745463,0.4521230880771702,0.9028182120417322,5.152798213249102,68.7486486066744,73.90144681992349,73.91548119606098,0.069725268380807,AR6 World GDP level and trajectory (unrebased),SSP Basic Drivers v3.2 / OECD ENV-Growth 2025,MIGRATION 1.0,SSP3-7.0_zeromig,-0.014034376137487925,5.152798213249102,73.90144681992349,0.0,0.0,54.17452072089406,0.0,0.0
2025,SA2_AR6_dynamic_v32_split,SSP3-7.0,S1,"NATO→3.5%, nonNATO holds",0.07,131.57368822870808,41.75831570410389,89.81537252460419,0.317375884694495,0.027,0.024070129877985763,1.127474524010805,2.1618676817068967,3.289342205717702,1.4022143436308516,0.477677413764356,0.5007908370110185,1.0,4.6123628219677055,61.27853463471379,65.8908974566815,65.8908974566815,0.07,AR6 World GDP level and trajectory (unrebased),SSP Basic Drivers v3.2 / OECD ENV-Growth 2025,MIGRATION 1.0,SSP3-7.0_zeromig,0.0,4.6123628219677055,65.8908974566815,0.0,0.0,4.6123628219677055,0.0,0.0
2026,SA2_AR6_dynamic_v32_split,SSP3-7.0,S1,"NATO→3.5%, nonNATO holds",0.07,134.8941946705815,42.289728200521836,92.60446647005966,0.3135029517303951,0.02740877593256891,0.024070129877985763,1.1591096844973436,2.229001535215914,3.3881112197132577,1.390083691793186,0.4735449939075688,0.4964584613547093,0.9913489318571261,4.70975815250492,62.274047486549634,66.98380563905455,66.96936433183951,0.070311892666769,AR6 World GDP level and trajectory (unrebased),SSP Basic Drivers v3.2 / OECD ENV-Growth 2025,MIGRATION 1.0,SSP3-7.0_zeromig,0.014441307215037114,4.685727743637236,66.96796141342752,0.024030408867683484,0.015844225627034803,9.322120974472625,0.024030408867683484,0.015844225627034803
2027,SA2_AR6_dynamic_v32_split,SSP3-7.0,S1,"NATO→3.5%, nonNATO holds",0.07,138.29850026089372,42.829721690573244,95.46877857032047,0.3096904276602925,0.028005016140972137,0.024070129877985763,1.1994470472578482,2.2979458994802777,3.4973929467381257,1.3780332788175733,0.46943990816862385,0.49215474243484764,0.9827550866790704,4.819523869706994,63.28101943858601,68.100543308293,68.06426277502585,0.07077071100429962,AR6 World GDP level and trajectory (unrebased),SSP Basic Drivers v3.2 / OECD ENV-Growth 2025,MIGRATION 1.0,SSP3-7.0_zeromig,0.03628053326714564,4.760207031333034,68.06143330496951,0.05931683837395951,0.03911000332348635,14.14164484417962,0.083347247241643,0.054954228950521156
2028,SA2_AR6_dynamic_v32_split,SSP3-7.0,S1,"NATO→3.5%, nonNATO holds",0.07,141.78871982682614,43.37847042426535,98.4102494025608,0.30593738681924565,0.028820930945768986,0.024070129877985763,1.250207900630834,2.3687474844446093,3.6189553850754432,1.3653263811150806,0.46511118477546703,0.4876165646839574,0.9736930643426066,4.941055259321988,64.26430283964986,69.20535809897184,69.13852847289309,0.07139700443794678,AR6 World GDP level and trajectory (unrebased),SSP Basic Drivers v3.2 / OECD ENV-Growth 2025,MIGRATION 1.0,SSP3-7.0_zeromig,0.06682962607875709,4.833209221864292,69.13425082152722,0.10784603745769594,0.07110727744462508,19.082700103501608,0.19119328469933894,0.12606150639514624
2029,SA2_AR6_dynamic_v32_split,SSP3-7.0,S1,"NATO→3.5%, nonNATO holds",0.07,145.36702156715262,43.936152928235394,101.43086863891722,0.3022429190236865,0.029845109579542582,0.024070129877985763,1.311279298646726,2.4414541817756503,3.7527334804223766,1.351711512998603,0.4604731527797439,0.48275411178521543,0.9639835158856827,5.072613050702244,65.20957771395561,70.28219076465786,70.17652737951302,0.07217494212279252,AR6 World GDP level and trajectory (unrebased),SSP Basic Drivers v3.2 / OECD ENV-Growth 2025,MIGRATION 1.0,SSP3-7.0_zeromig,0.10566338514483675,4.903644827213733,70.17078314477531,0.16896822348851082,0.11140761988254155,24.155313154203853,0.36016150818784975,0.2374691262776878
2030,SA2_AR6_dynamic_v32_split,SSP3-7.0,S1,"NATO→3.5%, nonNATO holds",0.07,149.0356283991709,44.502952124553694,104.53267627461719,0.29860612930324837,0.030999999999995285,0.024070129877985763,1.3795915158609546,2.5161150944234767,3.8957066102844315,1.3377012670684671,0.4557004316387086,0.4777504525244526,0.953992000684192,5.2112916687044875,66.14032500720397,71.35161667590846,71.20183890997005,0.07303677073464343,AR6 World GDP level and trajectory (unrebased),SSP Basic Drivers v3.2 / OECD ENV-Growth 2025,MIGRATION 1.0,SSP3-7.0_zeromig,0.14977776593840986,4.973165046923556,71.19461011209685,0.23812662178093102,0.15700656381160627,29.36660482290834,0.5982881299687808,0.39447569008929406
2031,SA2_AR6_dynamic_v32_split,SSP3-7.0,S1,"NATO→3.5%, nonNATO holds",0.07,151.81959450515436,44.82483068419079,106.99476382096356,0.29525062842049,0.03215489042044799,0.024070129877985763,1.4413375187652895,2.575377861435005,4.016715380200295,1.323025636164114,0.45070104089107177,0.47250915577289787,0.9435259610440949,5.314217421179676,66.61491146831406,71.92912888949374,71.73614842941417,0.07388129820596079,AR6 World GDP level and trajectory (unrebased),SSP Basic Drivers v3.2 / OECD ENV-Growth 2025,MIGRATION 1.0,SSP3-7.0_zeromig,0.1929804600795677,5.008509737049328,71.72756338347372,0.3057076841303479,0.20156550602001744,34.68082224408801,0.9039958140991287,0.5960411961093115
2032,SA2_AR6_dynamic_v32_split,SSP3-7.0,S1,"NATO→3.5%, nonNATO holds",0.07,154.65556473500078,45.15017158102272,109.50539315397806,0.29194016819496044,0.033179069054221584,0.024070129877985763,1.4980406606967056,2.635809035556145,4.133849696252851,1.3090434882568591,0.44593789160398495,0.46751553152030684,0.9335544841648541,5.411389026312389,67.12333624499509,72.53472527130748,72.30387854965711,0.07460411556081221,AR6 World GDP level and trajectory (unrebased),SSP Basic Drivers v3.2 / OECD ENV-Growth 2025,MIGRATION 1.0,SSP3-7.0_zeromig,0.2308467216503658,5.046184183032441,72.29393086914487,0.3652048432799484,0.2407944021626065,40.092211270400405,1.269200657379077,0.836835598271918
2033,SA2_AR6_dynamic_v32_split,SSP3-7.0,S1,"NATO→3.5%, nonNATO holds",0.07,157.54451051896345,45.47902803215464,112.0654824868088,0.28867415235442545,0.03399498385901843,0.024070129877985763,1.5460588238769437,2.697430718296627,4.24348954217357,1.2945635010823926,0.4410051487203755,0.46234410752942595,0.9232279693632921,5.493466678522736,67.60653955485462,73.10000623337736,72.83977611205042,0.07515001655382113,AR6 World GDP level and trajectory (unrebased),SSP Basic Drivers v3.2 / OECD ENV-Growth 2025,MIGRATION 1.0,SSP3-7.0_zeromig,0.26023012132694134,5.081633577993794,72.82846792533631,0.4118331005289422,0.27153830804104473,45.58567794892314,1.6810337579080192,1.1083739063129627
2034,SA2_AR6_dynamic_v32_split,SSP3-7.0,S1,"NATO→3.5%, nonNATO holds",0.07,160.48742143348534,45.81145428799752,114.67596714548782,0.28545199292758444,0.034591224067421655,0.024070129877985763,1.5846742801305669,2.76026542307552,4.344939703206087,1.2801738014858128,0.4361031631435186,0.45720492910207605,0.9129658438459339,5.562277977079976,68.09423018365385,73.65650816073382,73.37564013827166,0.07551644947574665,AR6 World GDP level and trajectory (unrebased),SSP Basic Drivers v3.2 / OECD ENV-Growth 2025,MIGRATION 1.0,SSP3-7.0_zeromig,0.28086802246215825,5.1170783166298355,73.36296992307437,0.4451996604501405,0.29353823765944753,51.147955926003114,2.1262334183581597,1.4019121439724103
2035,SA2_AR6_dynamic_v32_split,SSP3-7.0,S1,"NATO→3.5%, nonNATO holds",0.07,163.48530554016915,46.1475056546803,117.33779988548885,0.2822731101257393,0.03499999999999057,0.024070129877985763,1.6151626979133755,2.8243360828408197,4.439498780754195,1.2659446466160764,0.43125586862745463,0.4521230880771702,0.9028182120417322,5.620159715154371,68.58943754558578,74.20959726074015,73.91548119606098,0.0757335967665689,AR6 World GDP level and trajectory (unrebased),SSP Basic Drivers v3.2 / OECD ENV-Growth 2025,MIGRATION 1.0,SSP3-7.0_zeromig,0.29411606467917295,5.152798213249102,73.90144681992349,0.4673615019052697,0.3081504408166609,56.768115641157486,2.5935949202634294,1.7100625847890711
2025,SA2_AR6_dynamic_v32_split,SSP3-7.0,S2,"NATO→3.5%, nonNATO→3.5%",0.07,131.57368822870808,41.75831570410389,89.81537252460419,0.317375884694495,0.027,0.024070129877985763,1.127474524010805,2.1618676817068967,3.289342205717702,1.4022143436308516,0.477677413764356,0.5007908370110185,1.0,4.6123628219677055,61.27853463471379,65.8908974566815,65.8908974566815,0.07,AR6 World GDP level and trajectory (unrebased),SSP Basic Drivers v3.2 / OECD ENV-Growth 2025,MIGRATION 1.0,SSP3-7.0_zeromig,0.0,4.6123628219677055,65.8908974566815,0.0,0.0,4.6123628219677055,0.0,0.0
2026,SA2_AR6_dynamic_v32_split,SSP3-7.0,S2,"NATO→3.5%, nonNATO→3.5%",0.07,134.8941946705815,42.289728200521836,92.60446647005966,0.3135029517303951,0.02740877593256891,0.024628613359483693,1.1591096844973436,2.2807196000523713,3.439829284549715,1.390083691793186,0.4735449939075688,0.4964584613547093,0.9913489318571261,4.781650591005182,62.24955665585175,67.03120724685692,66.96936433183951,0.07133469300941753,AR6 World GDP level and trajectory (unrebased),SSP Basic Drivers v3.2 / OECD ENV-Growth 2025,MIGRATION 1.0,SSP3-7.0_zeromig,0.06184291501740802,4.685727743637236,66.96796141342752,0.09592284736794543,0.0632458334294057,9.394013412972887,0.09592284736794543,0.0632458334294057
2027,SA2_AR6_dynamic_v32_split,SSP3-7.0,S2,"NATO→3.5%, nonNATO→3.5%",0.07,138.29850026089372,42.829721690573244,95.46877857032047,0.3096904276602925,0.028005016140972137,0.02544321686440494,1.1994470472578482,2.429032836944519,3.628479884202367,1.3780332788175733,0.46943990816862385,0.49215474243484764,0.9827550866790704,5.000166031950997,63.219481998700694,68.21964803065168,68.06426277502585,0.07329510157695886,AR6 World GDP level and trajectory (unrebased),SSP Basic Drivers v3.2 / OECD ENV-Growth 2025,MIGRATION 1.0,SSP3-7.0_zeromig,0.1553852556258306,4.760207031333034,68.06143330496951,0.23995900061796238,0.15821472568217132,14.394179444923884,0.3358818479859078,0.22146055911157703
2028,SA2_AR6_dynamic_v32_split,SSP3-7.0,S2,"NATO→3.5%, nonNATO→3.5%",0.07,141.78871982682614,43.37847042426535,98.4102494025608,0.30593738681924565,0.028820930945768986,0.02655794722028721,1.250207900630834,2.6135742095685104,3.8637821101993444,1.3653263811150806,0.46511118477546703,0.4876165646839574,0.9736930643426066,5.275323645935661,64.15043119146279,69.42575483739844,69.13852847289309,0.07598511040018158,AR6 World GDP level and trajectory (unrebased),SSP Basic Drivers v3.2 / OECD ENV-Growth 2025,MIGRATION 1.0,SSP3-7.0_zeromig,0.2872263645053579,4.833209221864292,69.13425082152722,0.44211442407136836,0.2915040158712259,19.669503090859543,0.7779962720572762,0.5129645749828029
2029,SA2_AR6_dynamic_v32_split,SSP3-7.0,S2,"NATO→3.5%, nonNATO→3.5%",0.07,145.36702156715262,43.936152928235394,101.43086863891722,0.3022429190236865,0.029845109579542582,0.02795721465139813,1.311279298646726,2.835724566815976,4.147003865462702,1.351711512998603,0.4604731527797439,0.48275411178521543,0.9639835158856827,5.605552869395645,65.0280267867084,70.63357965610405,70.17652737951302,0.07936101917370715,AR6 World GDP level and trajectory (unrebased),SSP Basic Drivers v3.2 / OECD ENV-Growth 2025,MIGRATION 1.0,SSP3-7.0_zeromig,0.4570522765910283,4.903644827213733,70.17078314477531,0.7019080421819117,0.4627965113287331,25.275055960255187,1.479904314239188,0.975761086311536
2030,SA2_AR6_dynamic_v32_split,SSP3-7.0,S2,"NATO→3.5%, nonNATO→3.5%",0.07,149.0356283991709,44.502952124553694,104.53267627461719,0.29860612930324837,0.030999999999995285,0.02953506493898644,1.3795915158609546,3.087379382016866,4.466970897877821,1.3377012670684671,0.4557004316387086,0.4777504525244526,0.953992000684192,5.975472630049129,65.87999962476788,71.855472254817,71.20183890997005,0.08315960416847096,AR6 World GDP level and trajectory (unrebased),SSP Basic Drivers v3.2 / OECD ENV-Growth 2025,MIGRATION 1.0,SSP3-7.0_zeromig,0.653633344846952,4.973165046923556,71.19461011209685,1.0023075831255728,0.6608621427201484,31.25052859030432,2.4822118973647607,1.6366232290316844
2031,SA2_AR6_dynamic_v32_split,SSP3-7.0,S2,"NATO→3.5%, nonNATO→3.5%",0.07,151.81959450515436,44.82483068419079,106.99476382096356,0.29525062842049,0.03215489042044799,0.03111291522657475,1.4413375187652895,3.328919016449026,4.770256535214315,1.323025636164114,0.45070104089107177,0.47250915577289787,0.9435259610440949,6.311171687167942,66.27528968539498,72.58646137256292,71.73614842941417,0.08694695357547093,AR6 World GDP level and trajectory (unrebased),SSP Basic Drivers v3.2 / OECD ENV-Growth 2025,MIGRATION 1.0,SSP3-7.0_zeromig,0.8503129431487508,5.008509737049328,71.72756338347372,1.3026619501186136,0.8588979890892006,37.56170027747226,3.7848738474833743,2.495521218120885
2032,SA2_AR6_dynamic_v32_split,SSP3-7.0,S2,"NATO→3.5%, nonNATO→3.5%",0.07,154.65556473500078,45.15017158102272,109.50539315397806,0.29194016819496044,0.033179069054221584,0.03251218265768567,1.4980406606967056,3.560259344223817,5.058300004920523,1.3090434882568591,0.44593789160398495,0.46751553152030684,0.9335544841648541,6.621534683090848,66.71108882345517,73.33262350654601,72.30387854965711,0.09029452877135616,AR6 World GDP level and trajectory (unrebased),SSP Basic Drivers v3.2 / OECD ENV-Growth 2025,MIGRATION 1.0,SSP3-7.0_zeromig,1.0287449568889002,5.046184183032441,72.29393086914487,1.5753505000584074,1.038692637401141,44.18323496056311,5.360224347541782,3.534213855522026
2033,SA2_AR6_dynamic_v32_split,SSP3-7.0,S2,"NATO→3.5%, nonNATO→3.5%",0.07,157.54451051896345,45.47902803215464,112.0654824868088,0.28867415235442545,0.03399498385901843,0.03362691301356794,1.5460588238769437,3.768416231407441,5.314475055284385,1.2945635010823926,0.4410051487203755,0.46234410752942595,0.9232279693632921,6.8799254339839955,67.13422942936782,74.01415486335182,72.83977611205042,0.09295418486755697,AR6 World GDP level and trajectory (unrebased),SSP Basic Drivers v3.2 / OECD ENV-Growth 2025,MIGRATION 1.0,SSP3-7.0_zeromig,1.1743787513014041,5.081633577993794,72.82846792533631,1.7982918559902012,1.1856869380155075,51.063160394547104,7.158516203531983,4.7199007935375334
2034,SA2_AR6_dynamic_v32_split,SSP3-7.0,S2,"NATO→3.5%, nonNATO→3.5%",0.07,160.48742143348534,45.81145428799752,114.67596714548782,0.28545199292758444,0.034591224067421655,0.03444151651848919,1.5846742801305669,3.949614216715042,5.534288496845608,1.2801738014858128,0.4361031631435186,0.45720492910207605,0.9129658438459339,7.0848511435260475,67.57555141266671,74.66040255619276,73.37564013827166,0.09489436034307036,AR6 World GDP level and trajectory (unrebased),SSP Basic Drivers v3.2 / OECD ENV-Growth 2025,MIGRATION 1.0,SSP3-7.0_zeromig,1.284762417921101,5.1170783166298355,73.36296992307437,1.967772826896212,1.2974326331183903,58.14801153807315,9.126289030428195,6.017333426655924
2035,SA2_AR6_dynamic_v32_split,SSP3-7.0,S2,"NATO→3.5%, nonNATO→3.5%",0.07,163.48530554016915,46.1475056546803,117.33779988548885,0.2822731101257393,0.03499999999999057,0.03499999999998712,1.6151626979133755,4.106822995990598,5.7219856939039735,1.2659446466160764,0.43125586862745463,0.4521230880771702,0.9028182120417322,7.243717157211511,68.03635753785204,75.28007469506355,73.91548119606098,0.09622356495465212,AR6 World GDP level and trajectory (unrebased),SSP Basic Drivers v3.2 / OECD ENV-Growth 2025,MIGRATION 1.0,SSP3-7.0_zeromig,1.3645934990025665,5.152798213249102,73.90144681992349,2.090918943962409,1.3786278751400545,65.39172869528466,11.217207974390604,7.395961301795978
2025,SA2_AR6_dynamic_v32_split,SSP3-7.0,S3,"NATO→5%, nonNATO→3.5%",0.07,131.57368822870808,41.75831570410389,89.81537252460419,0.317375884694495,0.027,0.024070129877985763,1.127474524010805,2.1618676817068967,3.289342205717702,1.4022143436308516,0.477677413764356,0.5007908370110185,1.0,4.6123628219677055,61.27853463471379,65.8908974566815,65.8908974566815,0.07,AR6 World GDP level and trajectory (unrebased),SSP Basic Drivers v3.2 / OECD ENV-Growth 2025,MIGRATION 1.0,SSP3-7.0_zeromig,0.0,4.6123628219677055,65.8908974566815,0.0,0.0,4.6123628219677055,0.0,0.0
2026,SA2_AR6_dynamic_v32_split,SSP3-7.0,S3,"NATO→5%, nonNATO→3.5%",0.07,134.8941946705815,42.289728200521836,92.60446647005966,0.3135029517303951,0.02817523080613562,0.024628613359483693,1.1915228527784452,2.2807196000523713,3.4722424528308165,1.390083691793186,0.4735449939075688,0.4964584613547093,0.9913489318571261,4.8267076076320885,62.23420756227555,67.06091516990764,66.96936433183951,0.07197497372952621,AR6 World GDP level and trajectory (unrebased),SSP Basic Drivers v3.2 / OECD ENV-Growth 2025,MIGRATION 1.0,SSP3-7.0_zeromig,0.09155083806813025,4.685727743637236,66.96796141342752,0.1409798639948523,0.09295375648012794,9.439070429599795,0.1409798639948523,0.09295375648012794
2027,SA2_AR6_dynamic_v32_split,SSP3-7.0,S3,"NATO→5%, nonNATO→3.5%",0.07,138.29850026089372,42.829721690573244,95.46877857032047,0.3096904276602925,0.029889421405294894,0.02544321686440494,1.280155600281043,2.429032836944519,3.7091884372255617,1.3780332788175733,0.46943990816862385,0.49215474243484764,0.9827550866790704,5.111385103902172,63.181594182981065,68.29297928688324,68.06426277502585,0.07484495708454024,AR6 World GDP level and trajectory (unrebased),SSP Basic Drivers v3.2 / OECD ENV-Growth 2025,MIGRATION 1.0,SSP3-7.0_zeromig,0.22871651185738529,4.760207031333034,68.06143330496951,0.35117807256913736,0.231545981913726,14.550455533501966,0.49215793656398965,0.32449973839385393
2028,SA2_AR6_dynamic_v32_split,SSP3-7.0,S3,"NATO→5%, nonNATO→3.5%",0.07,141.78871982682614,43.37847042426535,98.4102494025608,0.30593738681924565,0.03223517646908584,0.02655794722028721,1.3983126490852145,2.6135742095685104,4.011886858653725,1.3653263811150806,0.46511118477546703,0.4876165646839574,0.9736930643426066,5.477534966168839,64.0815460164383,69.55908098260713,69.13852847289309,0.07874651143735592,AR6 World GDP level and trajectory (unrebased),SSP Basic Drivers v3.2 / OECD ENV-Growth 2025,MIGRATION 1.0,SSP3-7.0_zeromig,0.42055250971404234,4.833209221864292,69.13425082152722,0.6443257443045463,0.42483016107991034,20.027990499670803,1.136483680868536,0.7493298994737643
2029,SA2_AR6_dynamic_v32_split,SSP3-7.0,S3,"NATO→5%, nonNATO→3.5%",0.07,145.36702156715262,43.936152928235394,101.43086863891722,0.3022429190236865,0.03517969004118492,0.02795721465139813,1.5456602416174205,2.835724566815976,4.381384808433396,1.351711512998603,0.4604731527797439,0.48275411178521543,0.9639835158856827,5.9223682884366005,64.92010065494719,70.84246894338379,70.17652737951302,0.08359912319218668,AR6 World GDP level and trajectory (unrebased),SSP Basic Drivers v3.2 / OECD ENV-Growth 2025,MIGRATION 1.0,SSP3-7.0_zeromig,0.6659415638707742,4.903644827213733,70.17078314477531,1.0187234612228675,0.671685798608479,25.950358788107405,2.1552071420914034,1.4210156980822433
2030,SA2_AR6_dynamic_v32_split,SSP3-7.0,S3,"NATO→5%, nonNATO→3.5%",0.07,149.0356283991709,44.502952124553694,104.53267627461719,0.29860612930324837,0.03849999999998644,0.02953506493898644,1.7133636567947137,3.087379382016866,4.8007430388115795,1.3377012670684671,0.4557004316387086,0.4777504525244526,0.953992000684192,6.421960045888373,65.72789951607538,72.14985956196375,71.20183890997005,0.0890086284973717,AR6 World GDP level and trajectory (unrebased),SSP Basic Drivers v3.2 / OECD ENV-Growth 2025,MIGRATION 1.0,SSP3-7.0_zeromig,0.9480206519937013,4.973165046923556,71.19461011209685,1.448794998964817,0.9552494498668977,32.37231883399578,3.6040021410562204,2.376265147949141
2031,SA2_AR6_dynamic_v32_split,SSP3-7.0,S3,"NATO→5%, nonNATO→3.5%",0.07,151.81959450515436,44.82483068419079,106.99476382096356,0.29525062842049,0.041820309958787966,0.03111291522657475,1.8745883130630485,3.328919016449026,5.203507329512075,1.323025636164114,0.45070104089107177,0.47250915577289787,0.9435259610440949,6.884373594912343,66.0800231014381,72.96439669635045,71.73614842941417,0.09435250487388305,AR6 World GDP level and trajectory (unrebased),SSP Basic Drivers v3.2 / OECD ENV-Growth 2025,MIGRATION 1.0,SSP3-7.0_zeromig,1.2282482669362764,5.008509737049328,71.72756338347372,1.8758638578630142,1.2368333128767262,39.256692428908124,5.479865998919235,3.613098460825867
2032,SA2_AR6_dynamic_v32_split,SSP3-7.0,S3,"NATO→5%, nonNATO→3.5%",0.07,154.65556473500078,45.15017158102272,109.50539315397806,0.29194016819496044,0.04476482353088705,0.03251218265768567,2.021139463213754,3.560259344223817,5.581398807437571,1.3090434882568591,0.44593789160398495,0.46751553152030684,0.9335544841648541,7.306293764240752,66.47781924636014,73.78411301060089,72.30387854965711,0.09902258719557995,AR6 World GDP level and trajectory (unrebased),SSP Basic Drivers v3.2 / OECD ENV-Growth 2025,MIGRATION 1.0,SSP3-7.0_zeromig,1.4802344609437768,5.046184183032441,72.29393086914487,2.2601095812083107,1.4901821414560175,46.56298619314887,7.739975580127545,5.103280602281885
2033,SA2_AR6_dynamic_v32_split,SSP3-7.0,S3,"NATO→5%, nonNATO→3.5%",0.07,157.54451051896345,45.47902803215464,112.0654824868088,0.28867415235442545,0.04711057859467799,0.03362691301356794,2.1425433245183845,3.768416231407441,5.9109595559258254,1.2945635010823926,0.4410051487203755,0.46234410752942595,0.9232279693632921,7.652112497475761,66.87117669345305,74.5232891909288,72.83977611205042,0.10268082072801475,AR6 World GDP level and trajectory (unrebased),SSP Basic Drivers v3.2 / OECD ENV-Growth 2025,MIGRATION 1.0,SSP3-7.0_zeromig,1.6835130788783914,5.081633577993794,72.82846792533631,2.5704789194819666,1.6948212655924948,54.215098690624636,10.310454499609513,6.798101867874379
2034,SA2_AR6_dynamic_v32_split,SSP3-7.0,S3,"NATO→5%, nonNATO→3.5%",0.07,160.48742143348534,45.81145428799752,114.67596714548782,0.28545199292758444,0.04882476919383726,0.03444151651848919,2.2367336820455055,3.949614216715042,6.186347898760547,1.2801738014858128,0.4361031631435186,0.45720492910207605,0.9129658438459339,7.919600506870061,67.29118624493415,75.2107867518042,73.37564013827166,0.10529873238801188,AR6 World GDP level and trajectory (unrebased),SSP Basic Drivers v3.2 / OECD ENV-Growth 2025,MIGRATION 1.0,SSP3-7.0_zeromig,1.8351466135325438,5.1170783166298355,73.36296992307437,2.802522190240225,1.847816828729833,62.1346991974947,13.112976689849738,8.645918696604213
2035,SA2_AR6_dynamic_v32_split,SSP3-7.0,S3,"NATO→5%, nonNATO→3.5%",0.07,163.48530554016915,46.1475056546803,117.33779988548885,0.2822731101257393,0.049999999999972886,0.03499999999998712,2.307375282732764,4.106822995990598,6.414198278723362,1.2659446466160764,0.43125586862745463,0.4521230880771702,0.9028182120417322,8.120019973283892,67.7378367983109,75.85785677159478,73.91548119606098,0.10704257039231906,AR6 World GDP level and trajectory (unrebased),SSP Basic Drivers v3.2 / OECD ENV-Growth 2025,MIGRATION 1.0,SSP3-7.0_zeromig,1.9423755755338021,5.152798213249102,73.90144681992349,2.96722176003479,1.95640995167129,70.25471917077859,16.080198449884527,10.602328648275503
2025,SA2_AR6_dynamic_v32_split,SSP5-8.5,S0,Baseline,0.07,144.2051385147961,45.7671366793366,98.43800183545949,0.31737521388421736,0.027,0.02407013275714725,1.2357126903420883,2.369415772527814,3.6051284628699025,1.2542122305605359,0.42725911150963314,0.4479329394859057,1.0,4.521596210873336,60.07263537303147,64.5942315839048,64.5942315839048,0.07,AR6 World GDP level and trajectory (unrebased),SSP Basic Drivers v3.2 / OECD ENV-Growth 2025,MIGRATION 1.0,SSP5-8.5_zeromig,0.0,4.521596210873336,64.5942315839048,0.0,0.0,4.521596210873336,0.0,0.0
2026,SA2_AR6_dynamic_v32_split,SSP5-8.5,S0,Baseline,0.07,151.357011624834,47.45292234687236,103.90408927796165,0.31351651197034136,0.027,0.02407013275714725,1.2812289033655537,2.5009852229310168,3.7822141262965703,1.2171084205431049,0.41461935205314565,0.4346815787653946,0.9704166415273685,4.603364661412638,61.18736691821777,65.7907315796304,65.79210477029503,0.06996980503007348,AR6 World GDP level and trajectory (unrebased),SSP Basic Drivers v3.2 / OECD ENV-Growth 2025,MIGRATION 1.0,SSP5-8.5_zeromig,-0.0013731906646228254,4.603364661412638,65.7907315796304,0.0,0.0,9.124960872285975,0.0,0.0
2027,SA2_AR6_dynamic_v32_split,SSP5-8.5,S0,Baseline,0.07,158.86358283723416,49.2030258641469,109.66055697308727,0.3097187220973011,0.027,0.02407013275714725,1.3284816983319663,2.63954416456492,3.9680258628968863,1.180945563720206,0.4023001370914988,0.42176627275721645,0.941583517482057,4.68602253951512,62.314503805639944,67.00052634515507,67.00330121011756,0.06994008547596993,AR6 World GDP level and trajectory (unrebased),SSP Basic Drivers v3.2 / OECD ENV-Growth 2025,MIGRATION 1.0,SSP5-8.5_zeromig,-0.002774864962489687,4.68602253951512,67.00052634515507,0.0,0.0,13.810983411801093,0.0,0.0
2028,SA2_AR6_dynamic_v32_split,SSP5-8.5,S0,Baseline,0.07,166.7424434517702,51.020003323278466,115.72244012849174,0.30598090244512854,0.027,0.02407013275714725,1.3775400897285186,2.7854544968738204,4.1629945866023395,1.145850162182916,0.3903445607436308,0.40923220077961286,0.913601489654434,4.770168022224892,63.46200355321554,68.23217157544043,68.23637709713807,0.06991083402571745,AR6 World GDP level and trajectory (unrebased),SSP Basic Drivers v3.2 / OECD ENV-Growth 2025,MIGRATION 1.0,SSP5-8.5_zeromig,-0.004205521697642212,4.770168022224892,68.23217157544043,0.0,0.0,18.581151434025987,0.0,0.0
2029,SA2_AR6_dynamic_v32_split,SSP5-8.5,S0,Baseline,0.07,175.0120572110772,52.90651717625217,122.10554003482503,0.30230212717540417,0.027,0.02407013275714725,1.4284759637588087,2.939096559021397,4.367572522780206,1.1110754276783552,0.37849822261570343,0.39681265274226973,0.885875133893241,4.85270250866425,64.58863415369304,69.44133666235729,69.44699868380943,0.06988204349031202,AR6 World GDP level and trajectory (unrebased),SSP Basic Drivers v3.2 / OECD ENV-Growth 2025,MIGRATION 1.0,SSP5-8.5_zeromig,-0.005662021452138788,4.85270250866425,69.44133666235729,0.0,0.0,23.433853942690234,0.0,0.0
2030,SA2_AR6_dynamic_v32_split,SSP5-8.5,S0,Baseline,0.07,183.69180356957398,54.86534088378083,128.82646268579316,0.2986814861502537,0.027,0.02407013275714725,1.4813642038620825,3.1008700594807177,4.5822342633428,1.0769302448292266,0.3668663471396267,0.38461794458186666,0.8586507279935566,4.934746667086632,65.70927342912883,70.64402009621546,70.65116392546554,0.06985370680158952,AR6 World GDP level and trajectory (unrebased),SSP Basic Drivers v3.2 / OECD ENV-Growth 2025,MIGRATION 1.0,SSP5-8.5_zeromig,-0.007143829250082945,4.934746667086632,70.64402009621546,0.0,0.0,28.36860060977687,0.0,0.0
2031,SA2_AR6_dynamic_v32_split,SSP5-8.5,S0,Baseline,0.07,192.3472811262712,56.747150529398425,135.6001305968728,0.2950244484721639,0.027,0.02407013275714725,1.5321730642937574,3.2639131453532326,4.79608620964699,1.0509788523232155,0.3580257628793372,0.3753495901154341,0.8379593395078831,5.040585180257994,67.14815963895565,72.18874481921364,72.19747313056408,0.06982508413023966,AR6 World GDP level and trajectory (unrebased),SSP Basic Drivers v3.2 / OECD ENV-Growth 2025,MIGRATION 1.0,SSP5-8.5_zeromig,-0.008728311350438389,5.040585180257994,72.18874481921364,0.0,0.0,33.40918579003486,0.0,0.0
2032,SA2_AR6_dynamic_v32_split,SSP5-8.5,S0,Baseline,0.07,201.41060100515517,58.69511096673633,142.71549003841884,0.2914201669316999,0.027,0.02407013275714725,1.5847679961018808,3.4351807917260673,5.019948787827948,1.0250288694663219,0.34918565882918656,0.36608173909511493,0.8172690749540954,5.145592430766115,68.57679928240105,73.72239171316717,73.73274308815951,0.06979687325916052,AR6 World GDP level and trajectory (unrebased),SSP Basic Drivers v3.2 / OECD ENV-Growth 2025,MIGRATION 1.0,SSP5-8.5_zeromig,-0.010351374992339402,5.145592430766115,73.72239171316717,0.0,0.0,38.554778220800976,0.0,0.0
2033,SA2_AR6_dynamic_v32_split,SSP5-8.5,S0,Baseline,0.07,210.9009805583224,60.71161589235351,150.1893646659689,0.2878678692324257,0.027,0.02407013275714725,1.6392136290935446,3.6150779462214713,5.2542915753150155,0.9983482350861821,0.34009665151287527,0.3565529411022079,0.7959962522770151,5.245612720843941,69.9397503178305,75.18536303867444,75.19736489940942,0.06976906819144654,AR6 World GDP level and trajectory (unrebased),SSP Basic Drivers v3.2 / OECD ENV-Growth 2025,MIGRATION 1.0,SSP5-8.5_zeromig,-0.012001860734983438,5.245612720843941,75.18536303867444,0.0,0.0,43.80039094164492,0.0,0.0
2034,SA2_AR6_dynamic_v32_split,SSP5-8.5,S0,Baseline,0.07,220.8385426511057,62.79914855117536,158.03939409993035,0.28436679484155675,0.027,0.02407013275714725,1.6955770108817345,3.804029196844437,5.499606207726171,0.9715939056631746,0.33098253929185073,0.3469978234511338,0.7746646715675443,5.343383874974111,71.27342799243621,76.61681186741032,76.63049363405406,0.06974166302065839,AR6 World GDP level and trajectory (unrebased),SSP Basic Drivers v3.2 / OECD ENV-Growth 2025,MIGRATION 1.0,SSP5-8.5_zeromig,-0.013681766643742321,5.343383874974111,76.61681186741032,0.0,0.0,49.14377481661903,0.0,0.0
2035,SA2_AR6_dynamic_v32_split,SSP5-8.5,S0,Baseline,0.07,231.244358329465,64.96028521218528,166.28407311727972,0.28091619480564034,0.027,0.02407013275714725,1.7539277007290026,4.002479715332103,5.756407416061106,0.9449104753266844,0.32189257950689254,0.3374680269023873,0.7533896196374855,5.43928966768435,72.58289816723915,78.0221878349235,78.03757733775319,0.06971465192943065,AR6 World GDP level and trajectory (unrebased),SSP Basic Drivers v3.2 / OECD ENV-Growth 2025,MIGRATION 1.0,SSP5-8.5_zeromig,-0.015389502829691537,5.43928966768435,78.0221878349235,0.0,0.0,54.58306448430338,0.0,0.0
2025,SA2_AR6_dynamic_v32_split,SSP5-8.5,S1,"NATO→3.5%, nonNATO holds",0.07,144.2051385147961,45.7671366793366,98.43800183545949,0.31737521388421736,0.027,0.02407013275714725,1.2357126903420883,2.369415772527814,3.6051284628699025,1.2542122305605359,0.42725911150963314,0.4479329394859057,1.0,4.521596210873336,60.07263537303147,64.5942315839048,64.5942315839048,0.07,AR6 World GDP level and trajectory (unrebased),SSP Basic Drivers v3.2 / OECD ENV-Growth 2025,MIGRATION 1.0,SSP5-8.5_zeromig,0.0,4.521596210873336,64.5942315839048,0.0,0.0,4.521596210873336,0.0,0.0
2026,SA2_AR6_dynamic_v32_split,SSP5-8.5,S1,"NATO→3.5%, nonNATO holds",0.07,151.357011624834,47.45292234687236,103.90408927796165,0.31351651197034136,0.02740877593256891,0.02407013275714725,1.3006265159510166,2.5009852229310168,3.801611738882033,1.2171084205431049,0.41461935205314565,0.4346815787653946,0.9704166415273685,4.626973659028838,61.179324292656204,65.80629795168504,65.79210477029503,0.07031201880443055,AR6 World GDP level and trajectory (unrebased),SSP Basic Drivers v3.2 / OECD ENV-Growth 2025,MIGRATION 1.0,SSP5-8.5_zeromig,0.01419318139001291,4.603364661412638,65.7907315796304,0.02360899761620061,0.015566372054635735,9.148569869902175,0.02360899761620061,0.015566372054635735
2027,SA2_AR6_dynamic_v32_split,SSP5-8.5,S1,"NATO→3.5%, nonNATO holds",0.07,158.86358283723416,49.2030258641469,109.66055697308727,0.3097187220973011,0.028005016140972137,0.02407013275714725,1.3779315335101034,2.63954416456492,4.017475698075023,1.180945563720206,0.4023001370914988,0.42176627275721645,0.941583517482057,4.744420102995436,62.29461013016863,67.03903023316407,67.00330121011756,0.07077101334094749,AR6 World GDP level and trajectory (unrebased),SSP Basic Drivers v3.2 / OECD ENV-Growth 2025,MIGRATION 1.0,SSP5-8.5_zeromig,0.03572902304651393,4.68602253951512,67.00052634515507,0.058397563480315995,0.03850388800900362,13.89298997289761,0.0820065610965166,0.05407026006363935
2028,SA2_AR6_dynamic_v32_split,SSP5-8.5,S1,"NATO→3.5%, nonNATO holds",0.07,166.7424434517702,51.020003323278466,115.72244012849174,0.30598090244512854,0.028820930945768986,0.02407013275714725,1.4704439926331128,2.7854544968738204,4.255898489506933,1.145850162182916,0.3903445607436308,0.40923220077961286,0.913601489654434,4.876621974435547,63.42573902004487,68.30236099448042,68.23637709713807,0.07139756083731323,AR6 World GDP level and trajectory (unrebased),SSP Basic Drivers v3.2 / OECD ENV-Growth 2025,MIGRATION 1.0,SSP5-8.5_zeromig,0.065983897342349,4.770168022224892,68.23217157544043,0.10645395221065446,0.07018941903999121,18.769611947333157,0.18846051330717106,0.12425967910363056
2029,SA2_AR6_dynamic_v32_split,SSP5-8.5,S1,"NATO→3.5%, nonNATO holds",0.07,175.0120572110772,52.90651717625217,122.10554003482503,0.30230212717540417,0.029845109579542582,0.02407013275714725,1.579000802597198,2.939096559021397,4.518097361618595,1.1110754276783552,0.37849822261570343,0.39681265274226973,0.885875133893241,5.019946958352828,64.53166076973318,69.55160772808601,69.44699868380943,0.07217585793240688,AR6 World GDP level and trajectory (unrebased),SSP Basic Drivers v3.2 / OECD ENV-Growth 2025,MIGRATION 1.0,SSP5-8.5_zeromig,0.1046090442765859,4.85270250866425,69.44133666235729,0.1672444496885781,0.1102710657287247,23.789558905685986,0.35570496299574916,0.23453074483235525
2030,SA2_AR6_dynamic_v32_split,SSP5-8.5,S1,"NATO→3.5%, nonNATO holds",0.07,183.69180356957398,54.86534088378083,128.82646268579316,0.2986814861502537,0.030999999999995285,0.02407013275714725,1.700825567396947,3.1008700594807177,4.801695626877665,1.0769302448292266,0.3668663471396267,0.38461794458186666,0.8586507279935566,5.171091247048791,65.62876044035052,70.79985168739931,70.65116392546554,0.07303816496509868,AR6 World GDP level and trajectory (unrebased),SSP Basic Drivers v3.2 / OECD ENV-Growth 2025,MIGRATION 1.0,SSP5-8.5_zeromig,0.14868776193377187,4.934746667086632,70.64402009621546,0.23634457996215907,0.1558315911838548,28.960650152734775,0.5920495429579082,0.39036233601621007
2031,SA2_AR6_dynamic_v32_split,SSP5-8.5,S1,"NATO→3.5%, nonNATO holds",0.07,192.3472811262712,56.747150529398425,135.6001305968728,0.2950244484721639,0.03215489042044799,0.02407013275714725,1.8246984069454733,3.2639131453532326,5.088611552298706,1.0509788523232155,0.3580257628793372,0.3753495901154341,0.8379593395078831,5.34802312915355,67.04342802999123,72.39145115914478,72.19747313056408,0.07387644595487523,AR6 World GDP level and trajectory (unrebased),SSP Basic Drivers v3.2 / OECD ENV-Growth 2025,MIGRATION 1.0,SSP5-8.5_zeromig,0.1939780285807018,5.040585180257994,72.18874481921364,0.3074379488955552,0.20270633993114018,34.308673281888325,0.8994874918534634,0.5930686759473502
2032,SA2_AR6_dynamic_v32_split,SSP5-8.5,S1,"NATO→3.5%, nonNATO holds",0.07,201.41060100515517,58.69511096673633,142.71549003841884,0.2914201669316999,0.033179069054221584,0.02407013275714725,1.9474491399105434,3.4351807917260673,5.382629931636611,1.0250288694663219,0.34918565882918656,0.36608173909511493,0.8172690749540954,5.517351073581061,68.45015622825531,73.96750730183638,73.73274308815951,0.0745915507341165,AR6 World GDP level and trajectory (unrebased),SSP Basic Drivers v3.2 / OECD ENV-Growth 2025,MIGRATION 1.0,SSP5-8.5_zeromig,0.2347642136768684,5.145592430766115,73.72239171316717,0.37175864281494597,0.2451155886692078,39.826024355469386,1.2712461346684094,0.838184264616558
2033,SA2_AR6_dynamic_v32_split,SSP5-8.5,S1,"NATO→3.5%, nonNATO holds",0.07,210.9009805583224,60.71161589235351,150.1893646659689,0.2878678692324257,0.03399498385901843,0.02407013275714725,2.0638904023154843,3.6150779462214713,5.678968348536955,0.9983482350861821,0.34009665151287527,0.3565529411022079,0.7959962522770151,5.669588027872159,69.79531916928244,75.46490719715459,75.19736489940942,0.07512880143163989,AR6 World GDP level and trajectory (unrebased),SSP Basic Drivers v3.2 / OECD ENV-Growth 2025,MIGRATION 1.0,SSP5-8.5_zeromig,0.267542297745166,5.245612720843941,75.18536303867444,0.4239753070282175,0.27954415848014946,45.495612383341545,1.695221441696627,1.1177284230967075
2034,SA2_AR6_dynamic_v32_split,SSP5-8.5,S1,"NATO→3.5%, nonNATO holds",0.07,220.8385426511057,62.79914855117536,158.03939409993035,0.28436679484155675,0.034591224067421655,0.02407013275714725,2.172299418777005,3.804029196844437,5.976328615621442,0.9715939056631746,0.33098253929185073,0.3469978234511338,0.7746646715675443,5.8065644611782306,71.11564119933371,76.92220566051193,76.63049363405406,0.07548619298314055,AR6 World GDP level and trajectory (unrebased),SSP Basic Drivers v3.2 / OECD ENV-Growth 2025,MIGRATION 1.0,SSP5-8.5_zeromig,0.29171202645787275,5.343383874974111,76.61681186741032,0.4631805862041194,0.3053937931016151,51.30217684451978,2.1584020279007463,1.4231222161983226
2035,SA2_AR6_dynamic_v32_split,SSP5-8.5,S1,"NATO→3.5%, nonNATO holds",0.07,231.244358329465,64.96028521218528,166.28407311727972,0.28091619480564034,0.03499999999999057,0.02407013275714725,2.2736099824258726,4.002479715332103,6.276089697757976,0.9449104753266844,0.32189257950689254,0.3374680269023873,0.7533896196374855,5.930342899501396,72.41561629705971,78.34595919656111,78.03757733775319,0.07569430459869461,AR6 World GDP level and trajectory (unrebased),SSP Basic Drivers v3.2 / OECD ENV-Growth 2025,MIGRATION 1.0,SSP5-8.5_zeromig,0.3083818588079197,5.43928966768435,78.0221878349235,0.4910532318170455,0.3237713616376112,57.232519744021175,2.649455259717792,1.7468935778359338
2025,SA2_AR6_dynamic_v32_split,SSP5-8.5,S2,"NATO→3.5%, nonNATO→3.5%",0.07,144.2051385147961,45.7671366793366,98.43800183545949,0.31737521388421736,0.027,0.02407013275714725,1.2357126903420883,2.369415772527814,3.6051284628699025,1.2542122305605359,0.42725911150963314,0.4479329394859057,1.0,4.521596210873336,60.07263537303147,64.5942315839048,64.5942315839048,0.07,AR6 World GDP level and trajectory (unrebased),SSP Basic Drivers v3.2 / OECD ENV-Growth 2025,MIGRATION 1.0,SSP5-8.5_zeromig,0.0,4.521596210873336,64.5942315839048,0.0,0.0,4.521596210873336,0.0,0.0
2026,SA2_AR6_dynamic_v32_split,SSP5-8.5,S2,"NATO→3.5%, nonNATO→3.5%",0.07,151.357011624834,47.45292234687236,103.90408927796165,0.31351651197034136,0.02740877593256891,0.02462861609152869,1.3006265159510166,2.55901392516684,3.8596404411178566,1.2171084205431049,0.41461935205314565,0.4346815787653946,0.9704166415273685,4.697600881153247,61.15526446973471,65.85286535088795,65.79210477029503,0.0713347985106301,AR6 World GDP level and trajectory (unrebased),SSP Basic Drivers v3.2 / OECD ENV-Growth 2025,MIGRATION 1.0,SSP5-8.5_zeromig,0.06076058059292677,4.603364661412638,65.7907315796304,0.09423621974060925,0.0621337712575496,9.219197092026583,0.09423621974060925,0.0621337712575496
2027,SA2_AR6_dynamic_v32_split,SSP5-8.5,S2,"NATO→3.5%, nonNATO→3.5%",0.07,158.86358283723416,49.2030258641469,109.66055697308727,0.3097187220973011,0.028005016140972137,0.025443219381865955,1.3779315335101034,2.79011760860387,4.168049142113974,1.180945563720206,0.4023001370914988,0.42176627275721645,0.941583517482057,4.922239143747308,62.23403441298942,67.15627355673674,67.00330121011756,0.07329529890589852,AR6 World GDP level and trajectory (unrebased),SSP Basic Drivers v3.2 / OECD ENV-Growth 2025,MIGRATION 1.0,SSP5-8.5_zeromig,0.1529723466191797,4.68602253951512,67.00052634515507,0.2362166042321876,0.15574721158166938,14.141436235773892,0.33045282397279685,0.21788098283921897
2028,SA2_AR6_dynamic_v32_split,SSP5-8.5,S2,"NATO→3.5%, nonNATO→3.5%",0.07,166.7424434517702,51.020003323278466,115.72244012849174,0.30598090244512854,0.028820930945768986,0.026557949444104414,1.4704439926331128,3.0733507144808834,4.543794707113996,1.145850162182916,0.3903445607436308,0.40923220077961286,0.913601489654434,5.206507902072447,63.313360297443296,68.51986819951574,68.23637709713807,0.07598537532080722,AR6 World GDP level and trajectory (unrebased),SSP Basic Drivers v3.2 / OECD ENV-Growth 2025,MIGRATION 1.0,SSP5-8.5_zeromig,0.28349110237766695,4.770168022224892,68.23217157544043,0.43633987984755507,0.28769662407530916,19.347944137846337,0.7667927038203519,0.5055776069145281
2029,SA2_AR6_dynamic_v32_split,SSP5-8.5,S2,"NATO→3.5%, nonNATO→3.5%",0.07,175.0120572110772,52.90651717625217,122.10554003482503,0.30230212717540417,0.029845109579542582,0.02795721650661838,1.579000802597198,3.4137310194111614,4.992731822008359,1.1110754276783552,0.37849822261570343,0.39681265274226973,0.885875133893241,5.547301644421271,64.3520124700835,69.89931411450476,69.44699868380943,0.07936131727035294,AR6 World GDP level and trajectory (unrebased),SSP Basic Drivers v3.2 / OECD ENV-Growth 2025,MIGRATION 1.0,SSP5-8.5_zeromig,0.45231543069533586,4.85270250866425,69.44133666235729,0.6945991357570209,0.45797745214747465,24.895245782267608,1.4613918395773728,0.9635550590620028
2030,SA2_AR6_dynamic_v32_split,SSP5-8.5,S2,"NATO→3.5%, nonNATO→3.5%",0.07,183.69180356957398,54.86534088378083,128.82646268579316,0.2986814861502537,0.030999999999995285,0.029535066378567183,1.700825567396947,3.8048981267409094,5.505723694137856,1.0769302448292266,0.3668663471396267,0.38461794458186666,0.8586507279935566,5.929280365889955,65.37047623503099,71.29975660092094,70.65116392546554,0.08315989631040857,AR6 World GDP level and trajectory (unrebased),SSP Basic Drivers v3.2 / OECD ENV-Growth 2025,MIGRATION 1.0,SSP5-8.5_zeromig,0.6485926754554043,4.934746667086632,70.64402009621546,0.9945336988033233,0.6557365047054873,30.824526148157563,2.455925538380696,1.61929156376749
2031,SA2_AR6_dynamic_v32_split,SSP5-8.5,S2,"NATO→3.5%, nonNATO→3.5%",0.07,192.3472811262712,56.747150529398425,135.6001305968728,0.2950244484721639,0.03215489042044799,0.03111291625051599,1.8246984069454733,4.218915506819534,6.043613913765007,1.0509788523232155,0.3580257628793372,0.3753495901154341,0.8379593395078831,6.351710414973364,66.70151258097569,73.05322299594906,72.19747313056408,0.0869463406881525,AR6 World GDP level and trajectory (unrebased),SSP Basic Drivers v3.2 / OECD ENV-Growth 2025,MIGRATION 1.0,SSP5-8.5_zeromig,0.8557498653849791,5.040585180257994,72.18874481921364,1.3111252347153695,0.8644781767354175,37.17623656313093,3.7670507730960656,2.4837697405029076
2032,SA2_AR6_dynamic_v32_split,SSP5-8.5,S2,"NATO→3.5%, nonNATO→3.5%",0.07,201.41060100515517,58.69511096673633,142.71549003841884,0.2914201669316999,0.033179069054221584,0.032512183313029956,1.9474491399105434,4.639992173737974,6.587441313648517,1.0250288694663219,0.34918565882918656,0.36608173909511493,0.8172690749540954,6.752317522404882,68.02945337206258,74.78177089446746,73.73274308815951,0.09029362960572034,AR6 World GDP level and trajectory (unrebased),SSP Basic Drivers v3.2 / OECD ENV-Growth 2025,MIGRATION 1.0,SSP5-8.5_zeromig,1.0490278063079472,5.145592430766115,73.72239171316717,1.6067250916387668,1.0593791813002866,43.92855408553581,5.373775864734832,3.543148921803194
2033,SA2_AR6_dynamic_v32_split,SSP5-8.5,S2,"NATO→3.5%, nonNATO→3.5%",0.07,210.9009805583224,60.71161589235351,150.1893646659689,0.2878678692324257,0.03399498385901843,0.03362691337526841,2.0638904023154843,5.050404755509134,7.114295157824618,0.9983482350861821,0.34009665151287527,0.3565529411022079,0.7959962522770151,7.102544014696378,69.30716932761705,76.40971334231342,75.19736489940942,0.09295341788389096,AR6 World GDP level and trajectory (unrebased),SSP Basic Drivers v3.2 / OECD ENV-Growth 2025,MIGRATION 1.0,SSP5-8.5_zeromig,1.212348442904002,5.245612720843941,75.18536303867444,1.856931293852437,1.2243503036389853,51.031098100232185,7.230707158587269,4.7674992254421795
2034,SA2_AR6_dynamic_v32_split,SSP5-8.5,S2,"NATO→3.5%, nonNATO→3.5%",0.07,220.8385426511057,62.79914855117536,158.03939409993035,0.28436679484155675,0.034591224067421655,0.03444151666560567,2.172299418777005,5.443116425714974,7.615415844491979,0.9715939056631746,0.33098253929185073,0.3469978234511338,0.7746646715675443,7.399091623599185,70.5731319462013,77.97222356980049,76.63049363405406,0.09489394151977135,AR6 World GDP level and trajectory (unrebased),SSP Basic Drivers v3.2 / OECD ENV-Growth 2025,MIGRATION 1.0,SSP5-8.5_zeromig,1.3417299357464287,5.343383874974111,76.61681186741032,2.055707748625074,1.355411702390171,58.430189723831376,9.286414907212343,6.122910927832351
2035,SA2_AR6_dynamic_v32_split,SSP5-8.5,S2,"NATO→3.5%, nonNATO→3.5%",0.07,231.244358329465,64.96028521218528,166.28407311727972,0.28091619480564034,0.03499999999999057,0.03499999999998712,2.2736099824258726,5.819942559102648,8.09355254152852,0.9449104753266844,0.32189257950689254,0.3374680269023873,0.7533896196374855,7.647682579097209,71.83058849412048,79.47827107321768,78.03757733775319,0.0962235649546521,AR6 World GDP level and trajectory (unrebased),SSP Basic Drivers v3.2 / OECD ENV-Growth 2025,MIGRATION 1.0,SSP5-8.5_zeromig,1.4406937354644924,5.43928966768435,78.0221878349235,2.208392911412859,1.456083238294184,66.07787230292858,11.494807818625201,7.5789941661265345
2025,SA2_AR6_dynamic_v32_split,SSP5-8.5,S3,"NATO→5%, nonNATO→3.5%",0.07,144.2051385147961,45.7671366793366,98.43800183545949,0.31737521388421736,0.027,0.02407013275714725,1.2357126903420883,2.369415772527814,3.6051284628699025,1.2542122305605359,0.42725911150963314,0.4479329394859057,1.0,4.521596210873336,60.07263537303147,64.5942315839048,64.5942315839048,0.07,AR6 World GDP level and trajectory (unrebased),SSP Basic Drivers v3.2 / OECD ENV-Growth 2025,MIGRATION 1.0,SSP5-8.5_zeromig,0.0,4.521596210873336,64.5942315839048,0.0,0.0,4.521596210873336,0.0,0.0
2026,SA2_AR6_dynamic_v32_split,SSP5-8.5,S3,"NATO→5%, nonNATO→3.5%",0.07,151.357011624834,47.45292234687236,103.90408927796165,0.31351651197034136,0.02817523080613562,0.02462861609152869,1.3369970395487596,2.55901392516684,3.8960109647155994,1.2171084205431049,0.41461935205314565,0.4346815787653946,0.9704166415273685,4.741867751683621,61.14018454680677,65.8820522984904,65.79210477029503,0.07197510681968047,AR6 World GDP level and trajectory (unrebased),SSP Basic Drivers v3.2 / OECD ENV-Growth 2025,MIGRATION 1.0,SSP5-8.5_zeromig,0.089947528195367,4.603364661412638,65.7907315796304,0.13850309027098362,0.09132071885998982,9.263463962556958,0.13850309027098362,0.09132071885998982
2027,SA2_AR6_dynamic_v32_split,SSP5-8.5,S3,"NATO→5%, nonNATO→3.5%",0.07,158.86358283723416,49.2030258641469,109.66055697308727,0.3097187220973011,0.029889421405294894,0.025443219381865955,1.4706499744691106,2.79011760860387,4.2607675830729805,1.180945563720206,0.4023001370914988,0.42176627275721645,0.941583517482057,5.031734575272901,62.19673377148071,67.22846834675362,67.00330121011756,0.07484529543823643,AR6 World GDP level and trajectory (unrebased),SSP Basic Drivers v3.2 / OECD ENV-Growth 2025,MIGRATION 1.0,SSP5-8.5_zeromig,0.2251671366360597,4.68602253951512,67.00052634515507,0.34571203575778053,0.22794200159854938,14.295198537829858,0.48421512602876415,0.3192627204585392
2028,SA2_AR6_dynamic_v32_split,SSP5-8.5,S3,"NATO→5%, nonNATO→3.5%",0.07,166.7424434517702,51.020003323278466,115.72244012849174,0.30598090244512854,0.03223517646908584,0.026557949444104414,1.6446388105792271,3.0733507144808834,4.71798952506011,1.145850162182916,0.3903445607436308,0.40923220077961286,0.913601489654434,5.406109062467427,63.245364297748296,68.65147336021572,68.23637709713807,0.07874716736378634,AR6 World GDP level and trajectory (unrebased),SSP Basic Drivers v3.2 / OECD ENV-Growth 2025,MIGRATION 1.0,SSP5-8.5_zeromig,0.41509626307764336,4.770168022224892,68.23217157544043,0.6359410402425345,0.41930178477528557,19.701307600297284,1.1201561662712987,0.7385645052338248
2029,SA2_AR6_dynamic_v32_split,SSP5-8.5,S3,"NATO→5%, nonNATO→3.5%",0.07,175.0120572110772,52.90651717625217,122.10554003482503,0.30230212717540417,0.03517969004118492,0.02795721650661838,1.8612348754191776,3.4137310194111614,5.2749658948303395,1.1110754276783552,0.37849822261570343,0.39681265274226973,0.885875133893241,5.860884987587357,64.24518737515879,70.10607236274615,69.44699868380943,0.0836002473118404,AR6 World GDP level and trajectory (unrebased),SSP Basic Drivers v3.2 / OECD ENV-Growth 2025,MIGRATION 1.0,SSP5-8.5_zeromig,0.6590736789367213,4.85270250866425,69.44133666235729,1.008182478923107,0.6647357003888601,25.562192587884642,2.1283386451944057,1.4033002056226849
2030,SA2_AR6_dynamic_v32_split,SSP5-8.5,S3,"NATO→5%, nonNATO→3.5%",0.07,183.69180356957398,54.86534088378083,128.82646268579316,0.2986814861502537,0.03849999999998644,0.029535066378567183,2.112315624024818,3.8048981267409094,5.917213750765727,1.0769302448292266,0.3668663471396267,0.38461794458186666,0.8586507279935566,6.372426453319001,65.21951438107165,71.59194083439064,70.65116392546554,0.08901038830697375,AR6 World GDP level and trajectory (unrebased),SSP Basic Drivers v3.2 / OECD ENV-Growth 2025,MIGRATION 1.0,SSP5-8.5_zeromig,0.9407769089251019,4.934746667086632,70.64402009621546,1.4376797862323691,0.9479207381751849,31.934619041203643,3.566018431426775,2.3512209437978697
2031,SA2_AR6_dynamic_v32_split,SSP5-8.5,S3,"NATO→5%, nonNATO→3.5%",0.07,192.3472811262712,56.747150529398425,135.6001305968728,0.2950244484721639,0.041820309958787966,0.03111291625051599,2.373183424417441,4.218915506819534,6.592098931236975,1.0509788523232155,0.3580257628793372,0.3753495901154341,0.8379593395078831,6.928156569152531,66.5051408141674,73.43329738331994,72.19747313056408,0.0943462545742394,AR6 World GDP level and trajectory (unrebased),SSP Basic Drivers v3.2 / OECD ENV-Growth 2025,MIGRATION 1.0,SSP5-8.5_zeromig,1.2358242527558616,5.040585180257994,72.18874481921364,1.8875713888945365,1.2445525641063,38.862775610356174,5.453589820321311,3.5957735079041697
2032,SA2_AR6_dynamic_v32_split,SSP5-8.5,S3,"NATO→5%, nonNATO→3.5%",0.07,201.41060100515517,58.69511096673633,142.71549003841884,0.2914201669316999,0.04476482353088705,0.032512183313029956,2.627476284551785,4.639992173737974,7.267468458289759,1.0250288694663219,0.34918565882918656,0.36608173909511493,0.8172690749540954,7.449364977682905,67.7919976455393,75.2413626232222,73.73274308815951,0.09900624760062177,AR6 World GDP level and trajectory (unrebased),SSP Basic Drivers v3.2 / OECD ENV-Growth 2025,MIGRATION 1.0,SSP5-8.5_zeromig,1.5086195350626923,5.145592430766115,73.72239171316717,2.3037725469167905,1.5189709100550317,46.31214058803908,7.757362367238102,5.114744417959201
2033,SA2_AR6_dynamic_v32_split,SSP5-8.5,S3,"NATO→5%, nonNATO→3.5%",0.07,210.9009805583224,60.71161589235351,150.1893646659689,0.2878678692324257,0.04711057859467799,0.03362691337526841,2.860159352106621,5.050404755509134,7.910564107615755,0.9983482350861821,0.34009665151287527,0.3565529411022079,0.7959962522770151,7.897497715374288,69.03636092408941,76.9338586394637,75.19736489940942,0.10265308220642425,AR6 World GDP level and trajectory (unrebased),SSP Basic Drivers v3.2 / OECD ENV-Growth 2025,MIGRATION 1.0,SSP5-8.5_zeromig,1.7364937400542715,5.245612720843941,75.18536303867444,2.651884994530347,1.748495600789255,54.20963830341337,10.409247361768449,6.863240018748456
2034,SA2_AR6_dynamic_v32_split,SSP5-8.5,S3,"NATO→5%, nonNATO→3.5%",0.07,220.8385426511057,62.79914855117536,158.03939409993035,0.28436679484155675,0.04882476919383726,0.03444151666560567,3.0661539335806367,5.443116425714974,8.509270359295611,0.9715939056631746,0.33098253929185073,0.3469978234511338,0.7746646715675443,8.267555222731907,70.27728170913412,78.54483693186603,76.63049363405406,0.10525905388158899,AR6 World GDP level and trajectory (unrebased),SSP Basic Drivers v3.2 / OECD ENV-Growth 2025,MIGRATION 1.0,SSP5-8.5_zeromig,1.9143432978119677,5.343383874974111,76.61681186741032,2.924171347757796,1.92802506445571,62.47719352614527,13.333418709526246,8.791265083204166
2035,SA2_AR6_dynamic_v32_split,SSP5-8.5,S3,"NATO→5%, nonNATO→3.5%",0.07,231.244358329465,64.96028521218528,166.28407311727972,0.28091619480564034,0.049999999999972886,0.03499999999998712,3.2480142606075026,5.819942559102648,9.067956819710151,0.9449104753266844,0.32189257950689254,0.3374680269023873,0.7533896196374855,8.568407388754167,71.51693498753404,80.08534237628821,78.03757733775319,0.10699095657848014,AR6 World GDP level and trajectory (unrebased),SSP Basic Drivers v3.2 / OECD ENV-Growth 2025,MIGRATION 1.0,SSP5-8.5_zeromig,2.047765038535019,5.43928966768435,78.0221878349235,3.129117721069817,2.0631545413647103,71.04560091489944,16.46253643059606,10.854419624568877
