"DATASET","SERIES_CODE","OBS_MEASURE","COUNTRY","INDICATOR","FREQUENCY","SCALE","2017","2018","2019","2020","2021","2022","2023","2024","2025","2026"
"IMF.RES:WEO(9.0.0)","GBR.NGDPD.A","OBS_VALUE","United Kingdom","Gross domestic product (GDP), Current prices, US dollar","Annual","Billions","2701.370","2900.745","2877.392","2725.948","3195.327","3192.851","3422.072","3695.355","4003.022","4264.794"
"IMF.RES:WEO(9.0.0)","G205.NID_NGDP.A","OBS_VALUE","Latin America and the Caribbean (LAC)","Gross capital formation, Percent of GDP","Annual","Units","18.833","19.154","18.885","17.966","20.569","20.467","19.376","19.480","19.017","19.018"
"IMF.RES:WEO(9.0.0)","USA.NGSD_NGDP.A","OBS_VALUE","United States","Gross national savings, Percent of GDP","Annual","Units","18.882","19.126","19.329","18.232","17.583","18.186","17.026","16.494","16.804","17.701"
"IMF.RES:WEO(9.0.0)","G110.NGDP_RPCH.A","OBS_VALUE","Advanced Economies","Gross domestic product (GDP), Constant prices, Percent change","Annual","Units","2.609","2.312","1.859","-3.927","6.116","3.055","1.702","1.839","1.935","1.777"
"IMF.RES:WEO(9.0.0)","G603.NGDPD.A","OBS_VALUE","Sub-Saharan Africa (SSA)","Gross domestic product (GDP), Current prices, US dollar","Annual","Billions","1807.762","1963.299","2017.614","1867.793","2089.003","2229.855","2095.487","1931.641","2131.184","2437.320"
"IMF.RES:WEO(9.0.0)","G119.NGDP_RPCH.A","OBS_VALUE","G7","Gross domestic product (GDP), Constant prices, Percent change","Annual","Units","2.385","2.124","1.724","-4.179","5.983","2.776","1.779","1.667","1.546","1.601"
"IMF.RES:WEO(9.0.0)","G001.NGDP_RPCHMK.A","OBS_VALUE","World","Gross domestic product (GDP), Constant prices, Percent","Annual","Units","3.371","3.215","2.608","-3.023","6.502","3.383","2.826","2.870","2.863","2.564"
"IMF.RES:WEO(9.0.0)","G001.NGSD_NGDP.A","OBS_VALUE","World","Gross national savings, Percent of GDP","Annual","Units","26.574","26.941","26.957","26.720","28.003","27.887","26.579","26.356","26.112","26.209"
"IMF.RES:WEO(9.0.0)","G110.NGSD_NGDP.A","OBS_VALUE","Advanced Economies","Gross national savings, Percent of GDP","Annual","Units","23.191","23.346","23.459","22.778","23.685","23.134","22.201","21.967","22.067","22.325"
"IMF.RES:WEO(9.0.0)","G110.PPPGDP.A","OBS_VALUE","Advanced Economies","Gross domestic product (GDP), Current prices, Purchasing power parity (PPP) international dollar, ICP benchmarks 2017-2021","Annual","Billions","54301.458","56771.164","59659.327","58899.199","65202.409","71954.259","75848.156","79145.491","82943.317","86828.453"
"IMF.RES:WEO(9.0.0)","G001.NGDP_RPCH.A","OBS_VALUE","World","Gross domestic product (GDP), Constant prices, Percent change","Annual","Units","3.842","3.643","2.957","-2.707","6.653","3.774","3.328","3.416","3.441","3.056"
"IMF.RES:WEO(9.0.0)","G001.NID_NGDP.A","OBS_VALUE","World","Gross capital formation, Percent of GDP","Annual","Units","26.065","26.577","26.577","26.450","27.220","27.498","26.634","26.211","25.813","25.886"
"IMF.RES:WEO(9.0.0)","G110.NGDPD.A","OBS_VALUE","Advanced Economies","Gross domestic product (GDP), Current prices, US dollar","Annual","Billions","49233.645","52110.328","52663.787","51829.643","57983.984","59358.621","62760.184","65382.172","69386.689","73813.721"
"IMF.RES:WEO(9.0.0)","BEL.NGDP_RPCH.A","OBS_VALUE","Belgium","Gross domestic product (GDP), Constant prices, Percent change","Annual","Units","1.475","1.878","2.443","-4.793","6.254","3.956","1.714","1.071","0.972","0.661"
"IMF.RES:WEO(9.0.0)","AUT.PPPGDP.A","OBS_VALUE","Austria","Gross domestic product (GDP), Current prices, Purchasing power parity (PPP) international dollar, ICP benchmarks 2017-2021","Annual","Billions","473.924","500.696","535.947","521.842","569.375","642.383","660.914","672.857","696.205","721.033"
"IMF.RES:WEO(9.0.0)","AUT.NGDPD.A","OBS_VALUE","Austria","Gross domestic product (GDP), Current prices, US dollar","Annual","Billions","414.780","452.787","443.033","434.050","480.786","473.594","516.820","534.630","579.928","623.719"
"IMF.RES:WEO(9.0.0)","GBR.NGDP_RPCH.A","OBS_VALUE","United Kingdom","Gross domestic product (GDP), Constant prices, Percent change","Annual","Units","3.023","1.551","1.256","-10.048","8.543","5.150","0.272","1.088","1.323","0.797"
"IMF.RES:WEO(9.0.0)","G119.PPPGDP.A","OBS_VALUE","G7","Gross domestic product (GDP), Current prices, Purchasing power parity (PPP) international dollar, ICP benchmarks 2017-2021","Annual","Billions","39797.857","41525.288","43504.025","42842.764","47174.499","51926.052","54795.580","57082.479","59606.413","62292.231"
"IMF.RES:WEO(9.0.0)","USA.NID_NGDP.A","OBS_VALUE","United States","Gross capital formation, Percent of GDP","Annual","Units","21.156","21.569","21.670","21.438","21.407","22.027","21.570","21.533","21.360","21.405"
"IMF.RES:WEO(9.0.0)","G119.NGDPD.A","OBS_VALUE","G7","Gross domestic product (GDP), Current prices, US dollar","Annual","Billions","37322.971","39377.360","40110.102","39436.111","43676.503","45003.031","47757.187","49681.406","52492.254","55322.424"
"IMF.RES:WEO(9.0.0)","GBR.NGSD_NGDP.A","OBS_VALUE","United Kingdom","Gross national savings, Percent of GDP","Annual","Units","15.721","15.035","16.434","15.548","17.803","17.204","15.374","15.941","15.438","16.081"
"IMF.RES:WEO(9.0.0)","USA.NGDPD.A","OBS_VALUE","United States","Gross domestic product (GDP), Current prices, US dollar","Annual","Billions","19612.100","20656.525","21539.975","21375.275","23725.650","26054.600","27811.500","29298.025","30767.075","32383.920"
"IMF.RES:WEO(9.0.0)","G119.NGSD_NGDP.A","OBS_VALUE","G7","Gross national savings, Percent of GDP","Annual","Units","21.605","21.840","22.065","20.982","21.460","20.949","20.115","19.734","19.820","20.220"
"IMF.RES:WEO(9.0.0)","GBR.NID_NGDP.A","OBS_VALUE","United Kingdom","Gross capital formation, Percent of GDP","Annual","Units","19.100","18.758","18.914","18.268","18.559","19.120","18.944","18.920","18.564","19.462"
"IMF.RES:WEO(9.0.0)","USA.NGDP_RPCH.A","OBS_VALUE","United States","Gross domestic product (GDP), Constant prices, Percent change","Annual","Units","2.458","2.967","2.584","-2.081","6.152","2.524","2.935","2.793","2.117","2.324"
"IMF.RES:WEO(9.0.0)","G119.NID_NGDP.A","OBS_VALUE","G7","Gross capital formation, Percent of GDP","Annual","Units","21.719","22.097","22.168","21.937","22.335","22.949","22.250","21.963","21.907","21.966"
"IMF.RES:WEO(9.0.0)","GBR.PPPGDP.A","OBS_VALUE","United Kingdom","Gross domestic product (GDP), Current prices, Purchasing power parity (PPP) international dollar, ICP benchmarks 2017-2021","Annual","Billions","3063.422","3157.647","3364.310","3251.564","3601.593","4056.416","4217.932","4369.680","4553.105","4720.863"
"IMF.RES:WEO(9.0.0)","USA.PPPGDP.A","OBS_VALUE","United States","Gross domestic product (GDP), Current prices, Purchasing power parity (PPP) international dollar, ICP benchmarks 2017-2021","Annual","Billions","19612.100","20656.525","21539.975","21375.275","23725.650","26054.600","27811.500","29298.025","30767.075","32383.920"
"IMF.RES:WEO(9.0.0)","FRA.PPPGDP.A","OBS_VALUE","France","Gross domestic product (GDP), Current prices, Purchasing power parity (PPP) international dollar, ICP benchmarks 2017-2021","Annual","Billions","2975.790","3114.876","3445.275","3345.026","3656.802","4026.451","4243.080","4396.548","4563.230","4734.241"
"IMF.RES:WEO(9.0.0)","DEU.NGDPD.A","OBS_VALUE","Germany","Gross domestic product (GDP), Current prices, US dollar","Annual","Billions","3764.023","4057.272","3960.332","3938.244","4358.147","4204.327","4563.523","4684.182","5048.059","5452.858"
"IMF.RES:WEO(9.0.0)","BEL.NGSD_NGDP.A","OBS_VALUE","Belgium","Gross national savings, Percent of GDP","Annual","Units","25.033","24.637","24.815","24.984","26.284","25.341","25.513","24.118","23.513","23.721"
"IMF.RES:WEO(9.0.0)","GX123.NGDPD.A","OBS_VALUE","Other Advanced Economies (Advanced Economies excluding G7 and Euro Area countries)","Gross domestic product (GDP), Current prices, US dollar","Annual","Billions","7335.954","7729.227","7597.149","7556.022","8795.765","8872.740","8978.696","9329.259","9860.112","10826.829"
"IMF.RES:WEO(9.0.0)","GX123.PPPGDP.A","OBS_VALUE","Other Advanced Economies (Advanced Economies excluding G7 and Euro Area countries)","Gross domestic product (GDP), Current prices, Purchasing power parity (PPP) international dollar, ICP benchmarks 2017-2021","Annual","Billions","8525.439","8969.168","9380.694","9502.310","10691.905","11766.380","12400.311","13014.401","13773.352","14531.803"
"IMF.RES:WEO(9.0.0)","AUT.NGDP_RPCH.A","OBS_VALUE","Austria","Gross domestic product (GDP), Constant prices, Percent change","Annual","Units","2.272","2.484","1.755","-6.318","4.923","5.331","-0.786","-0.659","0.616","0.682"
"IMF.RES:WEO(9.0.0)","GX123.NID_NGDP.A","OBS_VALUE","Other Advanced Economies (Advanced Economies excluding G7 and Euro Area countries)","Gross capital formation, Percent of GDP","Annual","Units","25.851","25.911","25.517","25.961","26.337","26.402","25.817","25.266","25.301","25.341"
"IMF.RES:WEO(9.0.0)","AUT.NGSD_NGDP.A","OBS_VALUE","Austria","Gross national savings, Percent of GDP","Annual","Units","26.242","26.744","27.885","29.020","29.392","27.943","27.610","25.104","24.661","23.702"
"IMF.RES:WEO(9.0.0)","AUT.NID_NGDP.A","OBS_VALUE","Austria","Gross capital formation, Percent of GDP","Annual","Units","24.978","25.898","25.509","25.653","27.657","29.237","26.004","23.577","23.627","23.264"
"IMF.RES:WEO(9.0.0)","BEL.NID_NGDP.A","OBS_VALUE","Belgium","Gross capital formation, Percent of GDP","Annual","Units","24.332","25.552","24.676","24.069","24.447","27.287","25.320","24.496","25.643","25.723"
"IMF.RES:WEO(9.0.0)","GX123.NGSD_NGDP.A","OBS_VALUE","Other Advanced Economies (Advanced Economies excluding G7 and Euro Area countries)","Gross national savings, Percent of GDP","Annual","Units","30.574","30.288","30.001","31.221","33.342","33.322","31.431","31.992","32.421","31.754"
"IMF.RES:WEO(9.0.0)","BEL.NGDPD.A","OBS_VALUE","Belgium","Gross domestic product (GDP), Current prices, US dollar","Annual","Billions","500.733","542.885","536.787","529.269","598.920","591.551","651.518","671.168","724.917","776.730"
"IMF.RES:WEO(9.0.0)","BEL.PPPGDP.A","OBS_VALUE","Belgium","Gross domestic product (GDP), Current prices, Purchasing power parity (PPP) international dollar, ICP benchmarks 2017-2021","Annual","Billions","571.671","599.541","651.570","647.546","716.918","798.289","842.017","872.158","905.616","937.719"
"IMF.RES:WEO(9.0.0)","GX123.NGDP_RPCH.A","OBS_VALUE","Other Advanced Economies (Advanced Economies excluding G7 and Euro Area countries)","Gross domestic product (GDP), Constant prices, Percent change","Annual","Units","3.210","2.820","2.044","-1.581","5.904","2.797","1.832","2.438","2.980","2.584"
"IMF.RES:WEO(9.0.0)","LUX.NGDP_RPCH.A","OBS_VALUE","Luxembourg","Gross domestic product (GDP), Constant prices, Percent change","Annual","Units","1.317","1.611","2.749","-0.510","6.930","-1.098","0.099","0.359","0.638","1.592"
"IMF.RES:WEO(9.0.0)","ITA.NGSD_NGDP.A","OBS_VALUE","Italy","Gross national savings, Percent of GDP","Annual","Units","20.609","21.162","21.521","21.660","24.008","22.769","23.292","23.348","23.462","23.808"
"IMF.RES:WEO(9.0.0)","ITA.NGDPD.A","OBS_VALUE","Italy","Gross domestic product (GDP), Current prices, US dollar","Annual","Billions","1970.025","2100.387","2019.829","1905.956","2180.657","2105.723","2317.550","2382.718","2550.111","2738.164"
"IMF.RES:WEO(9.0.0)","ITA.NGDP_RPCH.A","OBS_VALUE","Italy","Gross domestic product (GDP), Constant prices, Percent change","Annual","Units","1.604","0.827","0.429","-8.868","8.931","4.821","0.923","0.783","0.540","0.521"
"IMF.RES:WEO(9.0.0)","DEU.NGDP_RPCH.A","OBS_VALUE","Germany","Gross domestic product (GDP), Constant prices, Percent change","Annual","Units","2.806","1.133","0.973","-4.127","3.913","1.807","-0.872","-0.496","0.240","0.791"
"IMF.RES:WEO(9.0.0)","FRA.NID_NGDP.A","OBS_VALUE","France","Gross capital formation, Percent of GDP","Annual","Units","22.181","22.612","23.025","22.804","23.447","24.023","22.958","21.520","22.058","21.333"
"IMF.RES:WEO(9.0.0)","DEU.NID_NGDP.A","OBS_VALUE","Germany","Gross capital formation, Percent of GDP","Annual","Units","20.691","21.650","21.381","21.729","22.673","23.276","21.994","21.499","21.931","21.519"
"IMF.RES:WEO(9.0.0)","FRA.NGDP_RPCH.A","OBS_VALUE","France","Gross domestic product (GDP), Constant prices, Percent change","Annual","Units","2.270","1.590","2.093","-7.603","6.795","2.797","1.620","1.107","0.928","0.858"
"IMF.RES:WEO(9.0.0)","DNK.NID_NGDP.A","OBS_VALUE","Denmark","Gross capital formation, Percent of GDP","Annual","Units","21.957","22.532","21.886","22.763","23.959","24.777","23.645","23.207","22.053","22.049"
"IMF.RES:WEO(9.0.0)","DNK.NGSD_NGDP.A","OBS_VALUE","Denmark","Gross national savings, Percent of GDP","Annual","Units","29.280","28.840","29.332","29.989","32.507","35.940","34.650","35.400","34.560","34.317"
"IMF.RES:WEO(9.0.0)","DEU.NGSD_NGDP.A","OBS_VALUE","Germany","Gross national savings, Percent of GDP","Annual","Units","28.753","30.072","29.254","28.047","29.582","27.087","27.512","27.308","26.347","25.402"
"IMF.RES:WEO(9.0.0)","DNK.PPPGDP.A","OBS_VALUE","Denmark","Gross domestic product (GDP), Current prices, Purchasing power parity (PPP) international dollar, ICP benchmarks 2017-2021","Annual","Billions","318.640","331.591","352.325","365.525","409.688","440.775","459.857","487.667","515.940","541.335"
"IMF.RES:WEO(9.0.0)","DEU.PPPGDP.A","OBS_VALUE","Germany","Gross domestic product (GDP), Current prices, Purchasing power parity (PPP) international dollar, ICP benchmarks 2017-2021","Annual","Billions","4475.279","4669.306","4928.323","4881.924","5245.574","5720.184","5880.111","5996.196","6181.073","6408.420"
"IMF.RES:WEO(9.0.0)","DNK.NGDPD.A","OBS_VALUE","Denmark","Gross domestic product (GDP), Current prices, US dollar","Annual","Billions","331.611","355.293","345.402","355.631","406.110","400.115","404.652","424.525","461.718","503.772"
"IMF.RES:WEO(9.0.0)","DNK.NGDP_RPCH.A","OBS_VALUE","Denmark","Gross domestic product (GDP), Constant prices, Percent change","Annual","Units","3.056","1.859","1.713","-1.781","6.499","0.444","0.607","3.479","2.879","2.000"
"IMF.RES:WEO(9.0.0)","FRA.NGSD_NGDP.A","OBS_VALUE","France","Gross national savings, Percent of GDP","Annual","Units","21.635","21.914","23.623","20.751","23.724","22.604","21.919","21.611","21.618","20.998"
"IMF.RES:WEO(9.0.0)","FRA.NGDPD.A","OBS_VALUE","France","Gross domestic product (GDP), Current prices, US dollar","Annual","Billions","2587.955","2782.838","2723.094","2645.806","2968.405","2796.987","3061.095","3161.042","3368.925","3596.094"
"IMF.RES:WEO(9.0.0)","NLD.NGSD_NGDP.A","OBS_VALUE","Netherlands, The","Gross national savings, Percent of GDP","Annual","Units","28.267","29.329","28.555","27.044","32.441","29.642","29.503","28.812","28.455","28.433"
"IMF.RES:WEO(9.0.0)","NOR.PPPGDP.A","OBS_VALUE","Norway","Gross domestic product (GDP), Current prices, Purchasing power parity (PPP) international dollar, ICP benchmarks 2017-2021","Annual","Billions","352.653","385.742","393.766","375.376","499.939","557.347","580.008","602.870","626.700","654.160"
"IMF.RES:WEO(9.0.0)","NLD.NGDPD.A","OBS_VALUE","Netherlands, The","Gross domestic product (GDP), Current prices, US dollar","Annual","Billions","847.934","930.155","929.006","931.814","1055.173","1047.364","1135.803","1214.562","1332.240","1449.704"
"IMF.RES:WEO(9.0.0)","NOR.NGSD_NGDP.A","OBS_VALUE","Norway","Gross national savings, Percent of GDP","Annual","Units","31.440","34.538","31.557","30.813","37.845","48.828","40.725","38.664","37.280","37.376"
"IMF.RES:WEO(9.0.0)","NOR.NID_NGDP.A","OBS_VALUE","Norway","Gross capital formation, Percent of GDP","Annual","Units","25.993","25.950","27.905","29.018","23.409","20.995","23.604","23.660","23.207","23.089"
"IMF.RES:WEO(9.0.0)","SWE.NGDPD.A","OBS_VALUE","Sweden","Gross domestic product (GDP), Current prices, US dollar","Annual","Billions","535.172","549.649","530.894","544.266","631.693","575.071","578.991","604.827","668.999","760.481"
"IMF.RES:WEO(9.0.0)","LUX.NGSD_NGDP.A","OBS_VALUE","Luxembourg","Gross national savings, Percent of GDP","Annual","Units","25.333","25.308","27.181","22.613","23.660","22.449","23.253","20.108","20.205","20.128"
"IMF.RES:WEO(9.0.0)","LUX.NGDPD.A","OBS_VALUE","Luxembourg","Gross domestic product (GDP), Current prices, US dollar","Annual","Billions","65.689","71.118","69.880","73.612","86.444","80.865","88.814","93.252","101.100","110.417"
"IMF.RES:WEO(9.0.0)","ITA.NID_NGDP.A","OBS_VALUE","Italy","Gross capital formation, Percent of GDP","Annual","Units","18.169","18.661","18.364","17.899","22.001","24.598","23.071","22.269","22.250","23.189"
"IMF.RES:WEO(9.0.0)","SMR.NID_NGDP.A","OBS_VALUE","San Marino, Republic of","Gross capital formation, Percent of GDP","Annual","Units","19.119","20.609","24.024","18.051","22.235","23.026","16.583","16.919","16.526","16.413"
"IMF.RES:WEO(9.0.0)","SMR.NGDP_RPCH.A","OBS_VALUE","San Marino, Republic of","Gross domestic product (GDP), Constant prices, Percent change","Annual","Units","0.267","1.482","2.023","-6.829","14.500","7.788","0.402","1.000","1.500","1.300"
"IMF.RES:WEO(9.0.0)","LUX.NID_NGDP.A","OBS_VALUE","Luxembourg","Gross capital formation, Percent of GDP","Annual","Units","18.890","16.995","18.653","17.929","18.688","17.033","16.426","15.843","15.502","15.628"
"IMF.RES:WEO(9.0.0)","ITA.PPPGDP.A","OBS_VALUE","Italy","Gross domestic product (GDP), Current prices, Purchasing power parity (PPP) international dollar, ICP benchmarks 2017-2021","Annual","Billions","2528.636","2609.653","2787.072","2641.205","2984.161","3350.508","3506.541","3621.731","3744.569","3871.906"
"IMF.RES:WEO(9.0.0)","SMR.PPPGDP.A","OBS_VALUE","San Marino, Republic of","Gross domestic product (GDP), Current prices, Purchasing power parity (PPP) international dollar, ICP benchmarks 2017-2021","Annual","Billions","1.775","1.880","1.991","1.920","2.218","2.560","2.666","2.759","2.880","3.001"
"IMF.RES:WEO(9.0.0)","LUX.PPPGDP.A","OBS_VALUE","Luxembourg","Gross domestic product (GDP), Current prices, Purchasing power parity (PPP) international dollar, ICP benchmarks 2017-2021","Annual","Billions","68.570","70.911","75.251","76.953","89.123","94.414","98.005","100.798","104.319","109.016"
"IMF.RES:WEO(9.0.0)","SMR.NGDPD.A","OBS_VALUE","San Marino, Republic of","Gross domestic product (GDP), Current prices, US dollar","Annual","Billions","1.528","1.656","1.616","1.543","1.857","1.833","2.028","2.086","2.251","2.417"
"IMF.RES:WEO(9.0.0)","CHE.NGDPD.A","OBS_VALUE","Switzerland","Gross domestic product (GDP), Current prices, US dollar","Annual","Billions","706.894","741.219","736.850","755.582","840.084","858.345","928.689","970.190","1043.544","1146.911"
"IMF.RES:WEO(9.0.0)","LIE.NGDP_RPCH.A","OBS_VALUE","Liechtenstein, Principality of","Gross domestic product (GDP), Constant prices, Percent change","Annual","Units","4.476","3.483","-2.176","-5.258","17.953","-4.833","3.428","-0.291","","-0.400"
"IMF.RES:WEO(9.0.0)","CHE.PPPGDP.A","OBS_VALUE","Switzerland","Gross domestic product (GDP), Current prices, Purchasing power parity (PPP) international dollar, ICP benchmarks 2017-2021","Annual","Billions","586.055","614.855","645.801","642.195","733.613","814.034","851.542","884.806","921.478","960.599"
"IMF.RES:WEO(9.0.0)","CAN.PPPGDP.A","OBS_VALUE","Canada","Gross domestic product (GDP), Current prices, Purchasing power parity (PPP) international dollar, ICP benchmarks 2017-2021","Annual","Billions","1765.763","1852.988","1899.695","1847.839","2148.927","2409.845","2547.818","2664.499","2787.835","2910.718"
"IMF.RES:WEO(9.0.0)","NOR.NGDP_RPCH.A","OBS_VALUE","Norway","Gross domestic product (GDP), Constant prices, Percent change","Annual","Units","2.670","1.110","1.470","-1.361","4.143","4.080","0.353","1.424","1.085","1.475"
"IMF.RES:WEO(9.0.0)","NLD.NID_NGDP.A","OBS_VALUE","Netherlands, The","Gross capital formation, Percent of GDP","Annual","Units","20.215","20.480","21.758","21.352","22.194","22.863","20.081","19.665","19.685","19.638"
"IMF.RES:WEO(9.0.0)","NOR.NGDPD.A","OBS_VALUE","Norway","Gross domestic product (GDP), Current prices, US dollar","Annual","Billions","415.673","454.589","424.245","382.253","521.592","617.322","502.198","500.886","530.756","599.406"
"IMF.RES:WEO(9.0.0)","SWE.PPPGDP.A","OBS_VALUE","Sweden","Gross domestic product (GDP), Current prices, Purchasing power parity (PPP) international dollar, ICP benchmarks 2017-2021","Annual","Billions","516.831","538.902","584.969","594.249","651.825","706.951","731.612","757.406","790.912","829.539"
"IMF.RES:WEO(9.0.0)","SWE.NGDP_RPCH.A","OBS_VALUE","Sweden","Gross domestic product (GDP), Constant prices, Percent change","Annual","Units","1.883","1.770","2.608","-1.934","5.226","1.255","-0.204","1.018","1.543","1.963"
"IMF.RES:WEO(9.0.0)","NLD.PPPGDP.A","OBS_VALUE","Netherlands, The","Gross domestic product (GDP), Current prices, Purchasing power parity (PPP) international dollar, ICP benchmarks 2017-2021","Annual","Billions","959.996","1013.552","1081.371","1091.779","1215.449","1367.086","1409.153","1459.737","1529.014","1592.206"
"IMF.RES:WEO(9.0.0)","NLD.NGDP_RPCH.A","OBS_VALUE","Netherlands, The","Gross domestic product (GDP), Constant prices, Percent change","Annual","Units","2.783","2.260","2.300","-3.877","6.278","5.007","-0.601","1.080","1.856","1.233"
"IMF.RES:WEO(9.0.0)","SWE.NID_NGDP.A","OBS_VALUE","Sweden","Gross capital formation, Percent of GDP","Annual","Units","25.092","25.336","24.477","24.421","25.272","26.922","25.263","25.119","25.467","25.251"
"IMF.RES:WEO(9.0.0)","SWE.NGSD_NGDP.A","OBS_VALUE","Sweden","Gross national savings, Percent of GDP","Annual","Units","27.265","27.448","29.693","30.082","31.492","30.907","31.484","31.985","31.561","30.505"
"IMF.RES:WEO(9.0.0)","FIN.NID_NGDP.A","OBS_VALUE","Finland","Gross capital formation, Percent of GDP","Annual","Units","24.280","25.692","24.540","24.953","24.764","27.262","22.997","22.314","21.879","23.057"
"IMF.RES:WEO(9.0.0)","FIN.NGDPD.A","OBS_VALUE","Finland","Gross domestic product (GDP), Current prices, US dollar","Annual","Billions","253.757","273.993","267.044","269.784","294.419","280.474","295.277","298.639","316.860","337.669"
"IMF.RES:WEO(9.0.0)","JPN.NID_NGDP.A","OBS_VALUE","Japan","Gross capital formation, Percent of GDP","Annual","Units","26.635","27.136","27.324","26.886","27.325","28.311","27.784","27.679","27.728","28.240"
"IMF.RES:WEO(9.0.0)","G163.NID_NGDP.A","OBS_VALUE","Euro Area (EA)","Gross capital formation, Percent of GDP","Annual","Units","20.987","21.607","22.375","22.004","22.767","23.882","22.419","21.447","21.928","21.878"
"IMF.RES:WEO(9.0.0)","CAN.NGSD_NGDP.A","OBS_VALUE","Canada","Gross national savings, Percent of GDP","Annual","Units","20.748","21.000","21.089","20.658","24.286","24.569","22.949","22.687","22.217","22.844"
"IMF.RES:WEO(9.0.0)","CAN.NGDP_RPCH.A","OBS_VALUE","Canada","Gross domestic product (GDP), Constant prices, Percent change","Annual","Units","3.034","2.743","1.908","-5.038","5.951","4.695","1.953","2.046","1.743","1.500"
"IMF.RES:WEO(9.0.0)","CAN.NID_NGDP.A","OBS_VALUE","Canada","Gross capital formation, Percent of GDP","Annual","Units","23.550","23.377","23.042","22.675","24.305","25.027","23.638","23.168","23.154","23.060"
"IMF.RES:WEO(9.0.0)","LIE.PPPGDP.A","OBS_VALUE","Liechtenstein, Principality of","Gross domestic product (GDP), Current prices, Purchasing power parity (PPP) international dollar, ICP benchmarks 2017-2021","Annual","Billions","5.285","5.552","5.642","5.444","6.910","7.044","7.555","7.720","7.939","8.133"
"IMF.RES:WEO(9.0.0)","CHE.NGSD_NGDP.A","OBS_VALUE","Switzerland","Gross national savings, Percent of GDP","Annual","Units","32.490","33.353","31.996","31.725","35.504","35.526","34.408","35.712","36.633","36.320"
"IMF.RES:WEO(9.0.0)","LIE.NGDPD.A","OBS_VALUE","Liechtenstein, Principality of","Gross domestic product (GDP), Current prices, US dollar","Annual","Billions","6.375","6.693","6.437","6.405","7.913","7.427","8.239","8.465","8.991","9.442"
"IMF.RES:WEO(9.0.0)","CAN.NGDPD.A","OBS_VALUE","Canada","Gross domestic product (GDP), Current prices, US dollar","Annual","Billions","1649.266","1725.300","1743.725","1655.685","2022.382","2200.567","2196.594","2270.076","2319.900","2507.340"
"IMF.RES:WEO(9.0.0)","CHE.NGDP_RPCH.A","OBS_VALUE","Switzerland","Gross domestic product (GDP), Constant prices, Percent change","Annual","Units","1.461","3.356","1.110","-2.365","6.167","3.594","0.875","1.389","1.272","1.342"
"IMF.RES:WEO(9.0.0)","CHE.NID_NGDP.A","OBS_VALUE","Switzerland","Gross capital formation, Percent of GDP","Annual","Units","27.257","27.352","27.976","31.172","28.068","26.573","28.576","26.788","29.524","29.478"
"IMF.RES:WEO(9.0.0)","ISL.PPPGDP.A","OBS_VALUE","Iceland","Gross domestic product (GDP), Current prices, Purchasing power parity (PPP) international dollar, ICP benchmarks 2017-2021","Annual","Billions","19.363","20.495","22.092","20.830","23.475","27.371","29.813","30.161","31.413","32.928"
"IMF.RES:WEO(9.0.0)","FIN.PPPGDP.A","OBS_VALUE","Finland","Gross domestic product (GDP), Current prices, Purchasing power parity (PPP) international dollar, ICP benchmarks 2017-2021","Annual","Billions","260.180","271.632","288.648","294.706","317.782","342.981","351.086","361.150","372.039","386.703"
"IMF.RES:WEO(9.0.0)","GRC.NGDPD.A","OBS_VALUE","Greece","Gross domestic product (GDP), Current prices, US dollar","Annual","Billions","200.310","213.396","207.329","191.210","218.449","218.162","243.016","256.161","280.476","307.554"
"IMF.RES:WEO(9.0.0)","AND.PPPGDP.A","OBS_VALUE","Andorra, Principality of","Gross domestic product (GDP), Current prices, Purchasing power parity (PPP) international dollar, ICP benchmarks 2017-2021","Annual","Billions","3.916","4.152","4.395","4.031","4.650","5.457","5.805","6.178","6.601","6.932"
"IMF.RES:WEO(9.0.0)","JPN.NGDPD.A","OBS_VALUE","Japan","Gross domestic product (GDP), Current prices, US dollar","Annual","Billions","5038.232","5154.293","5245.755","5189.197","5225.934","4447.976","4384.854","4190.008","4435.163","4379.253"
"IMF.RES:WEO(9.0.0)","JPN.PPPGDP.A","OBS_VALUE","Japan","Gross domestic product (GDP), Current prices, Purchasing power parity (PPP) international dollar, ICP benchmarks 2017-2021","Annual","Billions","5376.868","5464.294","5539.374","5499.930","5811.791","6308.048","6588.598","6735.801","7009.525","7262.163"
"IMF.RES:WEO(9.0.0)","AND.NGDP_RPCH.A","OBS_VALUE","Andorra, Principality of","Gross domestic product (GDP), Constant prices, Percent change","Annual","Units","0.346","1.589","2.016","-11.184","8.287","9.565","2.584","3.849","3.900","2.100"
"IMF.RES:WEO(9.0.0)","JPN.NGDP_RPCH.A","OBS_VALUE","Japan","Gross domestic product (GDP), Constant prices, Percent change","Annual","Units","1.623","0.834","-0.308","-4.283","3.564","1.332","0.721","-0.242","1.193","0.719"
"IMF.RES:WEO(9.0.0)","FIN.NGSD_NGDP.A","OBS_VALUE","Finland","Gross national savings, Percent of GDP","Annual","Units","23.625","24.081","24.402","25.377","25.094","24.846","22.080","21.873","23.135","23.201"
"IMF.RES:WEO(9.0.0)","G163.NGSD_NGDP.A","OBS_VALUE","Euro Area (EA)","Gross national savings, Percent of GDP","Annual","Units","24.590","25.174","25.424","24.386","26.364","24.767","24.981","24.769","24.379","23.991"
"IMF.RES:WEO(9.0.0)","JPN.NGSD_NGDP.A","OBS_VALUE","Japan","Gross national savings, Percent of GDP","Annual","Units","30.674","30.586","30.686","29.776","31.080","30.332","31.347","32.194","32.556","32.041"
"IMF.RES:WEO(9.0.0)","FIN.NGDP_RPCH.A","OBS_VALUE","Finland","Gross domestic product (GDP), Constant prices, Percent change","Annual","Units","3.303","1.193","1.350","-2.491","2.676","0.763","-1.289","0.375","0.173","1.047"
"IMF.RES:WEO(9.0.0)","G163.NGDPD.A","OBS_VALUE","Euro Area (EA)","Gross domestic product (GDP), Current prices, US dollar","Annual","Billions","12897.249","13945.197","13660.752","13327.499","15018.994","14589.889","15962.495","16597.893","17997.892","19447.788"
"IMF.RES:WEO(9.0.0)","G163.NGDP_RPCH.A","OBS_VALUE","Euro Area (EA)","Gross domestic product (GDP), Constant prices, Percent change","Annual","Units","2.622","1.781","1.632","-6.010","6.415","3.641","0.442","0.922","1.402","1.087"
"IMF.RES:WEO(9.0.0)","AND.NGDPD.A","OBS_VALUE","Andorra, Principality of","Gross domestic product (GDP), Current prices, US dollar","Annual","Billions","2.993","3.217","3.155","2.885","3.325","3.376","3.786","4.042","4.491","4.879"
"IMF.RES:WEO(9.0.0)","ESP.NGDPD.A","OBS_VALUE","Spain","Gross domestic product (GDP), Current prices, US dollar","Annual","Billions","1321.288","1432.292","1403.651","1288.751","1462.216","1449.990","1619.949","1725.152","1903.826","2091.222"
"IMF.RES:WEO(9.0.0)","MLT.NGDPD.A","OBS_VALUE","Malta","Gross domestic product (GDP), Current prices, US dollar","Annual","Billions","14.156","16.161","16.340","16.392","19.743","18.954","22.632","25.035","27.756","30.712"
"IMF.RES:WEO(9.0.0)","PRT.NGDP_RPCH.A","OBS_VALUE","Portugal","Gross domestic product (GDP), Constant prices, Percent change","Annual","Units","3.315","2.946","2.746","-8.205","5.559","6.986","3.100","2.215","1.864","1.930"
"IMF.RES:WEO(9.0.0)","IRL.NID_NGDP.A","OBS_VALUE","Ireland","Gross capital formation, Percent of GDP","Annual","Units","34.035","28.174","53.702","42.591","23.032","22.884","26.658","18.248","23.033","23.058"
"IMF.RES:WEO(9.0.0)","IRL.NGDP_RPCH.A","OBS_VALUE","Ireland","Gross domestic product (GDP), Constant prices, Percent change","Annual","Units","10.109","7.688","4.973","7.154","16.258","7.511","-2.536","2.599","12.338","2.516"
"IMF.RES:WEO(9.0.0)","ISL.NID_NGDP.A","OBS_VALUE","Iceland","Gross capital formation, Percent of GDP","Annual","Units","21.575","22.195","20.203","21.046","22.820","24.243","25.425","26.244","26.574","25.334"
"IMF.RES:WEO(9.0.0)","IRL.NGSD_NGDP.A","OBS_VALUE","Ireland","Gross national savings, Percent of GDP","Annual","Units","35.178","32.462","32.982","35.512","35.218","31.650","33.693","34.412","31.223","31.132"
"IMF.RES:WEO(9.0.0)","ISL.NGDPD.A","OBS_VALUE","Iceland","Gross domestic product (GDP), Current prices, US dollar","Annual","Billions","25.060","26.678","24.986","22.035","26.235","29.176","31.702","33.187","38.583","43.800"
"IMF.RES:WEO(9.0.0)","GRC.PPPGDP.A","OBS_VALUE","Greece","Gross domestic product (GDP), Current prices, Purchasing power parity (PPP) international dollar, ICP benchmarks 2017-2021","Annual","Billions","308.462","319.755","342.312","315.963","354.887","401.119","424.845","444.477","466.562","488.577"
"IMF.RES:WEO(9.0.0)","ISL.NGSD_NGDP.A","OBS_VALUE","Iceland","Gross national savings, Percent of GDP","Annual","Units","26.471","26.633","27.580","22.911","20.240","22.525","24.197","23.000","22.989","24.679"
"IMF.RES:WEO(9.0.0)","GRC.NGSD_NGDP.A","OBS_VALUE","Greece","Gross national savings, Percent of GDP","Annual","Units","9.384","9.403","9.983","6.350","10.279","8.032","9.293","11.076","11.489","11.638"
"IMF.RES:WEO(9.0.0)","GRC.NGDP_RPCH.A","OBS_VALUE","Greece","Gross domestic product (GDP), Constant prices, Percent change","Annual","Units","1.473","2.065","2.277","-9.196","8.654","5.522","2.136","2.087","2.073","1.802"
"IMF.RES:WEO(9.0.0)","ISL.NGDP_RPCH.A","OBS_VALUE","Iceland","Gross domestic product (GDP), Constant prices, Percent change","Annual","Units","3.485","4.661","1.138","-6.646","5.181","8.857","5.032","-1.283","1.279","1.902"
"IMF.RES:WEO(9.0.0)","IRL.NGDPD.A","OBS_VALUE","Ireland","Gross domestic product (GDP), Current prices, US dollar","Annual","Billions","348.232","395.960","407.256","435.659","530.747","548.773","567.537","608.974","718.140","779.381"
"IMF.RES:WEO(9.0.0)","GRC.NID_NGDP.A","OBS_VALUE","Greece","Gross capital formation, Percent of GDP","Annual","Units","11.886","12.927","12.072","13.530","17.459","18.780","16.094","18.233","17.172","18.032"
"IMF.RES:WEO(9.0.0)","TUR.NGSD_NGDP.A","OBS_VALUE","Türkiye, Republic of","Gross national savings, Percent of GDP","Annual","Units","28.789","30.696","29.572","30.088","33.595","33.951","31.760","29.913","29.941","32.340"
"IMF.RES:WEO(9.0.0)","TUR.NGDP_RPCH.A","OBS_VALUE","Türkiye, Republic of","Gross domestic product (GDP), Constant prices, Percent change","Annual","Units","7.826","3.468","1.302","1.803","11.811","5.441","5.045","3.328","3.605","3.366"
"IMF.RES:WEO(9.0.0)","ESP.NGDP_RPCH.A","OBS_VALUE","Spain","Gross domestic product (GDP), Constant prices, Percent change","Annual","Units","2.896","2.395","1.961","-10.940","6.683","6.370","2.461","3.455","2.766","2.090"
"IMF.RES:WEO(9.0.0)","PRT.NGSD_NGDP.A","OBS_VALUE","Portugal","Gross national savings, Percent of GDP","Annual","Units","18.516","18.933","18.984","18.326","20.272","19.350","21.071","22.582","22.254","22.559"
"IMF.RES:WEO(9.0.0)","PRT.NID_NGDP.A","OBS_VALUE","Portugal","Gross capital formation, Percent of GDP","Annual","Units","17.446","18.525","18.768","19.419","20.935","21.374","20.497","20.340","21.015","22.040"
"IMF.RES:WEO(9.0.0)","PRT.NGDPD.A","OBS_VALUE","Portugal","Gross domestic product (GDP), Current prices, US dollar","Annual","Billions","220.785","242.203","240.142","229.435","256.226","257.101","292.408","313.562","346.412","380.637"
"IMF.RES:WEO(9.0.0)","MLT.PPPGDP.A","OBS_VALUE","Malta","Gross domestic product (GDP), Current prices, Purchasing power parity (PPP) international dollar, ICP benchmarks 2017-2021","Annual","Billions","21.377","23.314","25.897","25.760","30.198","33.184","38.071","41.441","44.305","47.260"
"IMF.RES:WEO(9.0.0)","MLT.NGSD_NGDP.A","OBS_VALUE","Malta","Gross national savings, Percent of GDP","Annual","Units","38.089","32.995","38.867","36.131","32.428","23.484","26.392","26.088","24.403","23.978"
"IMF.RES:WEO(9.0.0)","PRT.PPPGDP.A","OBS_VALUE","Portugal","Gross domestic product (GDP), Current prices, Purchasing power parity (PPP) international dollar, ICP benchmarks 2017-2021","Annual","Billions","339.609","358.872","389.495","370.353","402.683","461.454","493.362","516.808","541.374","567.632"
"IMF.RES:WEO(9.0.0)","MLT.NID_NGDP.A","OBS_VALUE","Malta","Gross capital formation, Percent of GDP","Annual","Units","19.159","19.653","20.969","20.117","23.054","26.352","19.866","19.010","18.709","18.193"
"IMF.RES:WEO(9.0.0)","MLT.NGDP_RPCH.A","OBS_VALUE","Malta","Gross domestic product (GDP), Constant prices, Percent change","Annual","Units","12.972","7.188","4.085","-3.457","13.351","2.593","10.633","6.213","3.962","3.700"
"IMF.RES:WEO(9.0.0)","IRL.PPPGDP.A","OBS_VALUE","Ireland","Gross domestic product (GDP), Current prices, Purchasing power parity (PPP) international dollar, ICP benchmarks 2017-2021","Annual","Billions","388.172","423.037","458.043","492.269","593.409","683.356","690.667","726.213","838.953","884.699"
"IMF.RES:WEO(9.0.0)","ARG.NGDPD.A","OBS_VALUE","Argentina","Gross domestic product (GDP), Current prices, US dollar","Annual","Billions","643.861","524.431","446.762","385.218","486.040","633.520","648.895","637.234","681.485","688.378"
"IMF.RES:WEO(9.0.0)","G200.NID_NGDP.A","OBS_VALUE","Emerging Market and Developing Economies","Gross capital formation, Percent of GDP","Annual","Units","31.753","32.498","32.150","32.252","33.389","33.001","32.204","31.786","30.791","30.789"
"IMF.RES:WEO(9.0.0)","ZAF.PPPGDP.A","OBS_VALUE","South Africa","Gross domestic product (GDP), Current prices, Purchasing power parity (PPP) international dollar, ICP benchmarks 2017-2021","Annual","Billions","791.817","782.329","796.183","767.391","841.476","919.876","961.601","990.744","1030.205","1070.835"
"IMF.RES:WEO(9.0.0)","G200.NGDPD.A","OBS_VALUE","Emerging Market and Developing Economies","Gross domestic product (GDP), Current prices, US dollar","Annual","Billions","32848.168","35057.593","35814.511","34361.994","40451.207","43311.737","44485.388","46216.382","48788.796","52481.610"
"IMF.RES:WEO(9.0.0)","TUR.NID_NGDP.A","OBS_VALUE","Türkiye, Republic of","Gross capital formation, Percent of GDP","Annual","Units","32.795","31.341","27.506","34.154","34.376","38.602","34.588","30.731","31.667","35.072"
"IMF.RES:WEO(9.0.0)","AUS.PPPGDP.A","OBS_VALUE","Australia","Gross domestic product (GDP), Current prices, Purchasing power parity (PPP) international dollar, ICP benchmarks 2017-2021","Annual","Billions","1223.680","1293.190","1371.687","1383.119","1558.753","1739.877","1842.776","1907.482","2000.256","2098.888"
"IMF.RES:WEO(9.0.0)","NZL.NGDPD.A","OBS_VALUE","New Zealand","Gross domestic product (GDP), Current prices, US dollar","Annual","Billions","203.663","209.489","210.962","210.840","249.720","245.165","253.650","258.827","258.832","278.636"
"IMF.RES:WEO(9.0.0)","AUS.NID_NGDP.A","OBS_VALUE","Australia","Gross capital formation, Percent of GDP","Annual","Units","24.280","24.202","22.606","22.414","23.430","23.843","23.930","24.506","24.586","24.426"
"IMF.RES:WEO(9.0.0)","ESP.NID_NGDP.A","OBS_VALUE","Spain","Gross capital formation, Percent of GDP","Annual","Units","19.566","20.706","20.909","20.627","21.874","22.690","21.121","21.173","21.545","21.791"
"IMF.RES:WEO(9.0.0)","ESP.NGSD_NGDP.A","OBS_VALUE","Spain","Gross national savings, Percent of GDP","Annual","Units","22.359","22.583","23.038","21.416","22.647","23.109","23.853","24.352","24.436","24.002"
"IMF.RES:WEO(9.0.0)","AUS.NGSD_NGDP.A","OBS_VALUE","Australia","Gross national savings, Percent of GDP","Annual","Units","21.698","21.558","22.614","24.105","25.680","24.350","23.336","22.381","22.032","22.113"
"IMF.RES:WEO(9.0.0)","ESP.PPPGDP.A","OBS_VALUE","Spain","Gross domestic product (GDP), Current prices, Purchasing power parity (PPP) international dollar, ICP benchmarks 2017-2021","Annual","Billions","1854.710","1918.773","2075.230","1862.545","2090.614","2381.958","2530.877","2683.325","2835.764","2977.960"
"IMF.RES:WEO(9.0.0)","TUR.PPPGDP.A","OBS_VALUE","Türkiye, Republic of","Gross domestic product (GDP), Current prices, Purchasing power parity (PPP) international dollar, ICP benchmarks 2017-2021","Annual","Billions","2277.149","2331.530","2396.162","2435.610","2727.394","3080.336","3355.467","3553.197","3785.705","4025.249"
"IMF.RES:WEO(9.0.0)","AUS.NGDP_RPCH.A","OBS_VALUE","Australia","Gross domestic product (GDP), Constant prices, Percent change","Annual","Units","2.387","2.789","1.974","-2.043","5.358","4.208","2.135","1.004","1.971","2.009"
"IMF.RES:WEO(9.0.0)","AUS.NGDPD.A","OBS_VALUE","Australia","Gross domestic product (GDP), Current prices, US dollar","Annual","Billions","1386.367","1422.597","1391.987","1366.669","1660.123","1731.233","1748.175","1799.418","1839.961","2123.963"
"IMF.RES:WEO(9.0.0)","TUR.NGDPD.A","OBS_VALUE","Türkiye, Republic of","Gross domestic product (GDP), Current prices, US dollar","Annual","Billions","863.906","807.318","775.223","730.345","827.673","924.752","1153.295","1358.251","1597.301","1640.223"
"IMF.RES:WEO(9.0.0)","BOL.PPPGDP.A","OBS_VALUE","Bolivia","Gross domestic product (GDP), Current prices, Purchasing power parity (PPP) international dollar, ICP benchmarks 2017-2021","Annual","Billions","118.215","123.812","128.448","113.212","133.728","148.607","157.983","160.086","162.652","161.816"
"IMF.RES:WEO(9.0.0)","BOL.NGDPD.A","OBS_VALUE","Bolivia","Gross domestic product (GDP), Current prices, US dollar","Annual","Billions","46.262","48.767","49.414","42.622","48.227","51.331","52.722","55.281","64.250","80.743"
"IMF.RES:WEO(9.0.0)","G200.NGSD_NGDP.A","OBS_VALUE","Emerging Market and Developing Economies","Gross national savings, Percent of GDP","Annual","Units","31.664","32.309","32.119","32.690","34.212","34.424","32.774","32.584","31.883","31.690"
"IMF.RES:WEO(9.0.0)","ZAF.NGDPD.A","OBS_VALUE","South Africa","Gross domestic product (GDP), Current prices, US dollar","Annual","Billions","381.317","405.093","389.245","337.876","419.878","407.430","381.334","401.076","427.141","479.964"
"IMF.RES:WEO(9.0.0)","NZL.PPPGDP.A","OBS_VALUE","New Zealand","Gross domestic product (GDP), Current prices, Purchasing power parity (PPP) international dollar, ICP benchmarks 2017-2021","Annual","Billions","200.220","205.647","222.730","227.948","242.450","266.488","282.375","288.555","297.264","312.297"
"IMF.RES:WEO(9.0.0)","G200.PPPGDP.A","OBS_VALUE","Emerging Market and Developing Economies","Gross domestic product (GDP), Current prices, Purchasing power parity (PPP) international dollar, ICP benchmarks 2017-2021","Annual","Billions","70433.050","75913.550","80914.174","81339.983","91882.386","102460.569","110908.475","118680.796","127383.445","135931.186"
"IMF.RES:WEO(9.0.0)","G200.NGDP_RPCH.A","OBS_VALUE","Emerging Market and Developing Economies","Gross domestic product (GDP), Constant prices, Percent change","Annual","Units","4.793","4.638","3.766","-1.824","7.035","4.279","4.440","4.468","4.422","3.873"
"IMF.RES:WEO(9.0.0)","ZAF.NID_NGDP.A","OBS_VALUE","South Africa","Gross capital formation, Percent of GDP","Annual","Units","16.611","16.171","15.821","12.346","12.836","15.672","15.391","14.070","13.871","13.529"
"IMF.RES:WEO(9.0.0)","NZL.NGDP_RPCH.A","OBS_VALUE","New Zealand","Gross domestic product (GDP), Constant prices, Percent change","Annual","Units","3.290","3.335","2.976","-1.220","5.511","2.616","2.181","-0.287","0.176","2.131"
"IMF.RES:WEO(9.0.0)","NZL.NID_NGDP.A","OBS_VALUE","New Zealand","Gross capital formation, Percent of GDP","Annual","Units","23.475","24.396","24.223","22.384","25.120","26.487","24.485","23.555","22.398","22.656"
"IMF.RES:WEO(9.0.0)","ZAF.NGSD_NGDP.A","OBS_VALUE","South Africa","Gross national savings, Percent of GDP","Annual","Units","14.243","13.242","13.216","14.315","16.568","15.348","14.305","13.417","13.331","12.645"
"IMF.RES:WEO(9.0.0)","ZAF.NGDP_RPCH.A","OBS_VALUE","South Africa","Gross domestic product (GDP), Constant prices, Percent change","Annual","Units","1.158","1.557","0.260","-6.169","4.859","2.058","0.806","0.535","1.115","1.049"
"IMF.RES:WEO(9.0.0)","NZL.NGSD_NGDP.A","OBS_VALUE","New Zealand","Gross national savings, Percent of GDP","Annual","Units","20.657","22.321","21.288","18.076","22.219","25.496","18.704","14.540","16.148","17.982"
"IMF.RES:WEO(9.0.0)","COL.NGDP_RPCH.A","OBS_VALUE","Colombia","Gross domestic product (GDP), Constant prices, Percent change","Annual","Units","1.359","2.564","3.187","-7.186","10.801","7.328","0.842","1.493","2.642","2.342"
"IMF.RES:WEO(9.0.0)","COL.NGDPD.A","OBS_VALUE","Colombia","Gross domestic product (GDP), Current prices, US dollar","Annual","Billions","311.890","334.124","323.055","270.348","318.525","345.632","366.901","420.504","457.410","539.530"
"IMF.RES:WEO(9.0.0)","CRI.NGSD_NGDP.A","OBS_VALUE","Costa Rica","Gross national savings, Percent of GDP","Annual","Units","14.448","15.170","14.506","14.492","14.620","15.179","14.581","15.261","15.058","17.088"
"IMF.RES:WEO(9.0.0)","CRI.NGDPD.A","OBS_VALUE","Costa Rica","Gross domestic product (GDP), Current prices, US dollar","Annual","Billions","60.517","62.570","64.748","62.792","65.582","70.993","87.524","96.730","102.902","109.931"
"IMF.RES:WEO(9.0.0)","CRI.NGDP_RPCH.A","OBS_VALUE","Costa Rica","Gross domestic product (GDP), Constant prices, Percent change","Annual","Units","4.158","2.853","2.708","-4.142","8.218","5.461","4.792","4.083","4.560","3.560"
"IMF.RES:WEO(9.0.0)","BRA.NID_NGDP.A","OBS_VALUE","Brazil","Gross capital formation, Percent of GDP","Annual","Units","14.626","15.095","15.517","16.116","19.522","18.088","15.761","16.981","16.844","16.780"
"IMF.RES:WEO(9.0.0)","ARG.NGSD_NGDP.A","OBS_VALUE","Argentina","Gross national savings, Percent of GDP","Annual","Units","13.374","11.449","13.460","15.113","19.439","17.281","15.898","16.723","13.231","15.765"
"IMF.RES:WEO(9.0.0)","BRA.NGSD_NGDP.A","OBS_VALUE","Brazil","Gross national savings, Percent of GDP","Annual","Units","13.401","12.288","12.102","14.475","17.164","15.938","14.525","13.954","13.818","14.075"
"IMF.RES:WEO(9.0.0)","G205.NGSD_NGDP.A","OBS_VALUE","Latin America and the Caribbean (LAC)","Gross national savings, Percent of GDP","Annual","Units","17.047","16.411","16.820","17.765","18.707","18.143","18.176","18.376","17.806","18.086"
"IMF.RES:WEO(9.0.0)","ARG.PPPGDP.A","OBS_VALUE","Argentina","Gross domestic product (GDP), Current prices, Purchasing power parity (PPP) international dollar, ICP benchmarks 2017-2021","Annual","Billions","1035.699","1090.043","1057.633","1011.999","1191.725","1353.340","1377.369","1392.607","1494.657","1591.288"
"IMF.RES:WEO(9.0.0)","BRA.NGDPD.A","OBS_VALUE","Brazil","Gross domestic product (GDP), Current prices, US dollar","Annual","Billions","2063.519","1916.934","1873.286","1476.092","1670.650","1951.849","2191.137","2185.822","2279.918","2635.912"
"IMF.RES:WEO(9.0.0)","BRA.NGDP_RPCH.A","OBS_VALUE","Brazil","Gross domestic product (GDP), Constant prices, Percent change","Annual","Units","1.323","1.784","1.221","-3.277","4.763","3.017","3.242","3.419","2.286","1.911"
"IMF.RES:WEO(9.0.0)","ARG.NGDP_RPCH.A","OBS_VALUE","Argentina","Gross domestic product (GDP), Constant prices, Percent change","Annual","Units","2.819","-2.617","-2.001","-9.900","10.442","6.021","-1.856","-1.343","4.367","3.500"
"IMF.RES:WEO(9.0.0)","ARG.NID_NGDP.A","OBS_VALUE","Argentina","Gross capital formation, Percent of GDP","Annual","Units","18.213","16.614","14.242","14.415","18.076","17.906","19.096","15.829","14.343","16.555"
"IMF.RES:WEO(9.0.0)","G205.NGDPD.A","OBS_VALUE","Latin America and the Caribbean (LAC)","Gross domestic product (GDP), Current prices, US dollar","Annual","Billions","5508.308","5369.689","5254.361","4408.697","5137.008","5873.112","6614.744","6781.194","7072.389","8008.219"
"IMF.RES:WEO(9.0.0)","BOL.NGSD_NGDP.A","OBS_VALUE","Bolivia","Gross national savings, Percent of GDP","Annual","Units","18.472","18.362","17.624","14.924","17.584","15.980","14.068","13.800","10.902","23.071"
"IMF.RES:WEO(9.0.0)","BOL.NGDP_RPCH.A","OBS_VALUE","Bolivia","Gross domestic product (GDP), Constant prices, Percent change","Annual","Units","4.245","2.868","1.507","-12.719","10.029","3.747","2.516","-1.123","-1.200","-3.285"
"IMF.RES:WEO(9.0.0)","G205.NGDP_RPCH.A","OBS_VALUE","Latin America and the Caribbean (LAC)","Gross domestic product (GDP), Constant prices, Percent change","Annual","Units","1.386","1.133","0.162","-6.926","7.496","4.304","2.326","2.355","2.374","2.344"
"IMF.RES:WEO(9.0.0)","BOL.NID_NGDP.A","OBS_VALUE","Bolivia","Gross capital formation, Percent of GDP","Annual","Units","24.376","24.029","22.702","17.268","17.787","18.041","18.984","17.947","17.263","18.321"
"IMF.RES:WEO(9.0.0)","G205.PPPGDP.A","OBS_VALUE","Latin America and the Caribbean (LAC)","Gross domestic product (GDP), Current prices, Purchasing power parity (PPP) international dollar, ICP benchmarks 2017-2021","Annual","Billions","9842.168","10269.025","10517.346","10127.319","11459.545","12792.277","13566.208","14218.278","14964.155","15750.605"
"IMF.RES:WEO(9.0.0)","DOM.PPPGDP.A","OBS_VALUE","Dominican Republic","Gross domestic product (GDP), Current prices, Purchasing power parity (PPP) international dollar, ICP benchmarks 2017-2021","Annual","Billions","179.696","194.021","215.340","209.139","245.311","276.522","293.040","315.191","330.995","353.142"
"IMF.RES:WEO(9.0.0)","ECU.PPPGDP.A","OBS_VALUE","Ecuador","Gross domestic product (GDP), Current prices, Purchasing power parity (PPP) international dollar, ICP benchmarks 2017-2021","Annual","Billions","197.653","207.781","217.496","202.250","238.845","270.846","286.015","287.417","306.583","323.282"
"IMF.RES:WEO(9.0.0)","SLV.NGDP_RPCH.A","OBS_VALUE","El Salvador","Gross domestic product (GDP), Constant prices, Percent change","Annual","Units","2.253","2.412","2.433","-7.893","11.905","2.955","3.539","2.602","3.700","3.300"
"IMF.RES:WEO(9.0.0)","ECU.NGDPD.A","OBS_VALUE","Ecuador","Gross domestic product (GDP), Current prices, US dollar","Annual","Billions","104.467","107.479","107.596","95.865","107.179","116.133","120.793","123.802","130.321","138.194"
"IMF.RES:WEO(9.0.0)","DOM.NGSD_NGDP.A","OBS_VALUE","Dominican Republic","Gross national savings, Percent of GDP","Annual","Units","21.013","23.649","23.904","23.189","27.450","24.916","24.157","23.654","23.515","22.577"
"IMF.RES:WEO(9.0.0)","COL.NGSD_NGDP.A","OBS_VALUE","Colombia","Gross national savings, Percent of GDP","Annual","Units","18.417","16.993","16.797","15.700","13.282","13.747","14.113","14.805","14.340","12.003"
"IMF.RES:WEO(9.0.0)","CRI.NID_NGDP.A","OBS_VALUE","Costa Rica","Gross capital formation, Percent of GDP","Annual","Units","18.065","18.154","15.690","15.530","17.765","18.380","15.847","16.194","15.785","18.587"
"IMF.RES:WEO(9.0.0)","COL.NID_NGDP.A","OBS_VALUE","Colombia","Gross capital formation, Percent of GDP","Annual","Units","21.599","21.196","21.381","19.128","18.917","19.787","16.381","16.473","16.719","14.546"
"IMF.RES:WEO(9.0.0)","CHL.NID_NGDP.A","OBS_VALUE","Chile","Gross capital formation, Percent of GDP","Annual","Units","22.637","24.203","24.939","21.058","24.106","25.798","23.362","23.240","24.450","24.091"
"IMF.RES:WEO(9.0.0)","CHL.PPPGDP.A","OBS_VALUE","Chile","Gross domestic product (GDP), Current prices, Purchasing power parity (PPP) international dollar, ICP benchmarks 2017-2021","Annual","Billions","450.892","478.094","491.688","491.062","565.938","619.248","645.508","679.026","714.291","752.358"
"IMF.RES:WEO(9.0.0)","COL.PPPGDP.A","OBS_VALUE","Colombia","Gross domestic product (GDP), Current prices, Purchasing power parity (PPP) international dollar, ICP benchmarks 2017-2021","Annual","Billions","693.117","747.104","807.591","785.738","906.034","1041.594","1089.228","1132.936","1195.855","1258.920"
"IMF.RES:WEO(9.0.0)","CHL.NGDP_RPCH.A","OBS_VALUE","Chile","Gross domestic product (GDP), Constant prices, Percent change","Annual","Units","1.358","3.990","0.634","-6.143","11.315","2.154","0.521","2.644","2.292","2.396"
"IMF.RES:WEO(9.0.0)","BRA.PPPGDP.A","OBS_VALUE","Brazil","Gross domestic product (GDP), Current prices, Purchasing power parity (PPP) international dollar, ICP benchmarks 2017-2021","Annual","Billions","2980.287","3187.190","3333.776","3359.777","3787.770","4179.563","4474.703","4742.600","4988.607","5229.586"
"IMF.RES:WEO(9.0.0)","CHL.NGDPD.A","OBS_VALUE","Chile","Gross domestic product (GDP), Current prices, US dollar","Annual","Billions","276.357","295.428","278.040","254.060","315.411","301.270","335.627","330.210","355.346","407.850"
"IMF.RES:WEO(9.0.0)","CHL.NGSD_NGDP.A","OBS_VALUE","Chile","Gross national savings, Percent of GDP","Annual","Units","19.875","19.634","19.702","19.132","16.679","16.927","20.208","21.776","22.158","23.348"
"IMF.RES:WEO(9.0.0)","GTM.NID_NGDP.A","OBS_VALUE","Guatemala","Gross capital formation, Percent of GDP","Annual","Units","13.596","13.790","14.330","13.501","16.768","16.569","16.475","16.684","16.371","16.657"
"IMF.RES:WEO(9.0.0)","HTI.NID_NGDP.A","OBS_VALUE","Haiti","Gross capital formation, Percent of GDP","Annual","Units","20.212","18.710","20.322","17.703","18.048","15.862","13.854","9.939","12.060","14.226"
"IMF.RES:WEO(9.0.0)","HND.NGSD_NGDP.A","OBS_VALUE","Honduras","Gross national savings, Percent of GDP","Annual","Units","23.575","20.000","20.343","22.518","18.767","19.463","18.205","18.064","24.025","19.995"
"IMF.RES:WEO(9.0.0)","GTM.NGSD_NGDP.A","OBS_VALUE","Guatemala","Gross national savings, Percent of GDP","Annual","Units","14.793","14.676","16.691","18.550","18.935","17.735","19.553","19.571","21.214","19.857"
"IMF.RES:WEO(9.0.0)","HND.NID_NGDP.A","OBS_VALUE","Honduras","Gross capital formation, Percent of GDP","Annual","Units","24.821","26.572","22.968","19.666","24.231","26.326","22.186","22.492","21.613","22.584"
"IMF.RES:WEO(9.0.0)","CRI.PPPGDP.A","OBS_VALUE","Costa Rica","Gross domestic product (GDP), Current prices, Purchasing power parity (PPP) international dollar, ICP benchmarks 2017-2021","Annual","Billions","100.717","106.835","117.296","111.991","123.332","139.318","151.396","161.489","173.643","184.977"
"IMF.RES:WEO(9.0.0)","DOM.NGDP_RPCH.A","OBS_VALUE","Dominican Republic","Gross domestic product (GDP), Constant prices, Percent change","Annual","Units","3.934","7.098","4.894","-7.929","14.012","5.238","2.192","4.954","2.117","3.720"
"IMF.RES:WEO(9.0.0)","DOM.NGDPD.A","OBS_VALUE","Dominican Republic","Gross domestic product (GDP), Current prices, US dollar","Annual","Billions","79.153","85.068","89.237","78.625","95.067","113.813","120.794","124.613","127.895","136.148"
"IMF.RES:WEO(9.0.0)","ECU.NGSD_NGDP.A","OBS_VALUE","Ecuador","Gross national savings, Percent of GDP","Annual","Units","22.093","21.007","20.543","19.678","23.587","24.359","22.719","25.196","25.425","26.352"
"IMF.RES:WEO(9.0.0)","ECU.NGDP_RPCH.A","OBS_VALUE","Ecuador","Gross domestic product (GDP), Constant prices, Percent change","Annual","Units","5.970","1.044","0.165","-9.245","9.422","5.868","1.833","-1.944","3.726","2.510"
"IMF.RES:WEO(9.0.0)","SLV.NGDPD.A","OBS_VALUE","El Salvador","Gross domestic product (GDP), Current prices, US dollar","Annual","Billions","24.979","26.021","26.881","24.921","29.043","31.870","33.854","35.365","37.268","39.838"
"IMF.RES:WEO(9.0.0)","SLV.NID_NGDP.A","OBS_VALUE","El Salvador","Gross capital formation, Percent of GDP","Annual","Units","16.677","18.372","18.345","17.212","23.355","24.472","20.685","20.344","25.222","26.818"
"IMF.RES:WEO(9.0.0)","SLV.PPPGDP.A","OBS_VALUE","El Salvador","Gross domestic product (GDP), Current prices, Purchasing power parity (PPP) international dollar, ICP benchmarks 2017-2021","Annual","Billions","55.706","57.246","60.710","58.560","67.623","74.573","80.069","84.192","89.784","95.404"
"IMF.RES:WEO(9.0.0)","SLV.NGSD_NGDP.A","OBS_VALUE","El Salvador","Gross national savings, Percent of GDP","Annual","Units","14.817","15.070","17.923","18.322","19.049","17.745","19.598","18.556","21.288","23.519"
"IMF.RES:WEO(9.0.0)","DOM.NID_NGDP.A","OBS_VALUE","Dominican Republic","Gross capital formation, Percent of GDP","Annual","Units","21.181","25.202","25.235","24.880","30.275","30.671","27.815","26.998","24.704","24.116"
"IMF.RES:WEO(9.0.0)","ECU.NID_NGDP.A","OBS_VALUE","Ecuador","Gross capital formation, Percent of GDP","Annual","Units","22.480","22.540","21.049","17.585","20.748","22.406","20.728","19.506","19.599","21.140"
"IMF.RES:WEO(9.0.0)","MEX.NGDPD.A","OBS_VALUE","Mexico","Gross domestic product (GDP), Current prices, US dollar","Annual","Billions","1190.721","1256.300","1304.106","1121.065","1316.569","1466.935","1794.410","1830.489","1832.641","2120.855"
"IMF.RES:WEO(9.0.0)","PAN.NGDPD.A","OBS_VALUE","Panama","Gross domestic product (GDP), Current prices, US dollar","Annual","Billions","64.328","67.316","69.779","57.060","67.396","76.479","83.812","86.524","90.463","95.024"
"IMF.RES:WEO(9.0.0)","MEX.NGSD_NGDP.A","OBS_VALUE","Mexico","Gross national savings, Percent of GDP","Annual","Units","22.095","21.413","21.852","22.634","21.367","21.496","22.606","22.991","21.996","21.373"
"IMF.RES:WEO(9.0.0)","PAN.PPPGDP.A","OBS_VALUE","Panama","Gross domestic product (GDP), Current prices, Purchasing power parity (PPP) international dollar, ICP benchmarks 2017-2021","Annual","Billions","137.443","135.303","140.760","115.991","134.415","159.868","177.664","187.078","200.754","214.435"
"IMF.RES:WEO(9.0.0)","MEX.PPPGDP.A","OBS_VALUE","Mexico","Gross domestic product (GDP), Current prices, Purchasing power parity (PPP) international dollar, ICP benchmarks 2017-2021","Annual","Billions","2528.308","2606.266","2636.530","2454.085","2684.659","2982.281","3188.708","3312.004","3425.088","3580.952"
"IMF.RES:WEO(9.0.0)","NIC.NGSD_NGDP.A","OBS_VALUE","Nicaragua","Gross national savings, Percent of GDP","Annual","Units","22.755","22.277","23.763","24.109","21.022","18.856","30.381","28.903","34.327","35.963"
"IMF.RES:WEO(9.0.0)","HTI.NGDPD.A","OBS_VALUE","Haiti","Gross domestic product (GDP), Current prices, US dollar","Annual","Billions","15.036","16.454","14.787","14.508","21.017","19.826","19.603","25.285","32.102","39.180"
"IMF.RES:WEO(9.0.0)","HND.PPPGDP.A","OBS_VALUE","Honduras","Gross domestic product (GDP), Current prices, Purchasing power parity (PPP) international dollar, ICP benchmarks 2017-2021","Annual","Billions","53.892","55.011","57.523","54.491","63.828","71.201","76.475","81.159","86.550","91.967"
"IMF.RES:WEO(9.0.0)","HND.NGDPD.A","OBS_VALUE","Honduras","Gross domestic product (GDP), Current prices, US dollar","Annual","Billions","23.138","24.067","24.883","23.350","28.146","31.425","34.356","37.100","39.694","41.505"
"IMF.RES:WEO(9.0.0)","GTM.PPPGDP.A","OBS_VALUE","Guatemala","Gross domestic product (GDP), Current prices, Purchasing power parity (PPP) international dollar, ICP benchmarks 2017-2021","Annual","Billions","158.387","167.561","183.966","190.017","208.107","232.236","249.337","264.859","283.589","303.207"
"IMF.RES:WEO(9.0.0)","HTI.NGSD_NGDP.A","OBS_VALUE","Haiti","Gross national savings, Percent of GDP","Annual","Units","18.052","15.828","19.182","18.058","18.465","13.381","10.372","9.365","13.934","14.394"
"IMF.RES:WEO(9.0.0)","GTM.NGDP_RPCH.A","OBS_VALUE","Guatemala","Gross domestic product (GDP), Constant prices, Percent change","Annual","Units","3.080","3.407","4.018","-1.786","8.042","4.185","3.533","3.652","4.118","3.940"
"IMF.RES:WEO(9.0.0)","HTI.NGDP_RPCH.A","OBS_VALUE","Haiti","Gross domestic product (GDP), Constant prices, Percent change","Annual","Units","2.510","1.668","-1.685","-3.343","-1.798","-1.682","-1.864","-4.185","-2.713","-1.700"
"IMF.RES:WEO(9.0.0)","HND.NGDP_RPCH.A","OBS_VALUE","Honduras","Gross domestic product (GDP), Constant prices, Percent change","Annual","Units","4.843","3.845","2.560","-8.965","12.565","4.144","3.576","3.554","3.700","3.300"
"IMF.RES:WEO(9.0.0)","GTM.NGDPD.A","OBS_VALUE","Guatemala","Gross domestic product (GDP), Current prices, US dollar","Annual","Billions","71.624","73.331","77.156","77.718","86.443","95.642","104.354","113.190","121.113","128.886"
"IMF.RES:WEO(9.0.0)","HTI.PPPGDP.A","OBS_VALUE","Haiti","Gross domestic product (GDP), Current prices, Purchasing power parity (PPP) international dollar, ICP benchmarks 2017-2021","Annual","Billions","35.986","35.156","35.396","34.892","35.773","37.673","38.339","37.646","37.664","38.084"
"IMF.RES:WEO(9.0.0)","PRY.NID_NGDP.A","OBS_VALUE","Paraguay","Gross capital formation, Percent of GDP","Annual","Units","20.600","22.782","21.685","20.041","24.006","27.760","20.269","23.109","25.475","26.849"
"IMF.RES:WEO(9.0.0)","VEN.NID_NGDP.A","OBS_VALUE","Venezuela, República Bolivariana de","Gross capital formation, Percent of GDP","Annual","Units","5.111","","","","","","","","",""
"IMF.RES:WEO(9.0.0)","PRY.PPPGDP.A","OBS_VALUE","Paraguay","Gross domestic product (GDP), Current prices, Purchasing power parity (PPP) international dollar, ICP benchmarks 2017-2021","Annual","Billions","88.598","90.877","92.185","94.492","102.943","110.233","120.355","129.101","140.730","150.841"
"IMF.RES:WEO(9.0.0)","URY.NID_NGDP.A","OBS_VALUE","Uruguay","Gross capital formation, Percent of GDP","Annual","Units","15.924","14.853","14.121","16.234","18.197","18.615","17.657","15.923","16.178","15.771"
"IMF.RES:WEO(9.0.0)","PRY.NGDP_RPCH.A","OBS_VALUE","Paraguay","Gross domestic product (GDP), Constant prices, Percent change","Annual","Units","4.810","3.204","-0.402","-0.820","3.995","-0.028","5.286","4.669","6.000","4.200"
"IMF.RES:WEO(9.0.0)","NIC.NGDP_RPCH.A","OBS_VALUE","Nicaragua","Gross domestic product (GDP), Constant prices, Percent change","Annual","Units","4.631","-3.363","-2.897","-2.237","10.454","3.550","4.428","3.581","4.924","3.840"
"IMF.RES:WEO(9.0.0)","PAN.NGDP_RPCH.A","OBS_VALUE","Panama","Gross domestic product (GDP), Constant prices, Percent change","Annual","Units","5.744","3.918","3.103","-17.821","16.467","11.039","7.166","2.748","4.350","3.840"
"IMF.RES:WEO(9.0.0)","NIC.PPPGDP.A","OBS_VALUE","Nicaragua","Gross domestic product (GDP), Current prices, Purchasing power parity (PPP) international dollar, ICP benchmarks 2017-2021","Annual","Billions","39.321","37.986","38.779","41.191","47.305","52.468","56.819","60.315","65.080","69.515"
"IMF.RES:WEO(9.0.0)","PAN.NID_NGDP.A","OBS_VALUE","Panama","Gross capital formation, Percent of GDP","Annual","Units","41.485","41.199","38.067","23.955","31.299","35.855","37.493","33.534","33.598","36.226"
"IMF.RES:WEO(9.0.0)","NIC.NID_NGDP.A","OBS_VALUE","Nicaragua","Gross capital formation, Percent of GDP","Annual","Units","29.915","24.075","17.831","20.337","23.789","21.744","22.154","24.747","25.759","29.540"
"IMF.RES:WEO(9.0.0)","MEX.NGDP_RPCH.A","OBS_VALUE","Mexico","Gross domestic product (GDP), Constant prices, Percent change","Annual","Units","1.872","1.972","-0.393","-8.354","6.048","3.710","3.107","1.351","0.562","1.639"
"IMF.RES:WEO(9.0.0)","NIC.NGDPD.A","OBS_VALUE","Nicaragua","Gross domestic product (GDP), Current prices, US dollar","Annual","Billions","13.786","13.025","12.713","12.730","14.208","15.634","17.813","19.697","22.237","24.227"
"IMF.RES:WEO(9.0.0)","PAN.NGSD_NGDP.A","OBS_VALUE","Panama","Gross national savings, Percent of GDP","Annual","Units","35.662","33.315","32.923","24.170","30.085","35.893","34.413","34.191","33.898","34.726"
"IMF.RES:WEO(9.0.0)","MEX.NID_NGDP.A","OBS_VALUE","Mexico","Gross capital formation, Percent of GDP","Annual","Units","23.892","23.477","22.149","20.237","21.707","22.770","23.305","23.903","22.465","21.755"
"IMF.RES:WEO(9.0.0)","ATG.NGDP_RPCH.A","OBS_VALUE","Antigua and Barbuda","Gross domestic product (GDP), Constant prices, Percent change","Annual","Units","2.713","6.712","3.172","-18.869","8.173","8.498","3.865","2.541","3.039","2.593"
"IMF.RES:WEO(9.0.0)","VEN.NGDP_RPCH.A","OBS_VALUE","Venezuela, República Bolivariana de","Gross domestic product (GDP), Constant prices, Percent change","Annual","Units","-15.671","-19.655","-27.658","-29.999","0.955","8.001","4.002","5.298","1.533","4.043"
"IMF.RES:WEO(9.0.0)","ABW.PPPGDP.A","OBS_VALUE","Aruba, Kingdom of the Netherlands","Gross domestic product (GDP), Current prices, Purchasing power parity (PPP) international dollar, ICP benchmarks 2017-2021","Annual","Billions","4.080","4.279","4.209","3.133","3.781","4.480","5.058","5.579","6.059","6.373"
"IMF.RES:WEO(9.0.0)","PRY.NGSD_NGDP.A","OBS_VALUE","Paraguay","Gross national savings, Percent of GDP","Annual","Units","24.277","23.013","21.523","22.428","23.397","21.309","20.410","19.708","21.955","23.861"
"IMF.RES:WEO(9.0.0)","PER.PPPGDP.A","OBS_VALUE","Peru","Gross domestic product (GDP), Current prices, Purchasing power parity (PPP) international dollar, ICP benchmarks 2017-2021","Annual","Billions","410.405","430.776","455.675","430.198","514.677","566.824","585.737","621.370","660.974","699.083"
"IMF.RES:WEO(9.0.0)","PER.NGDP_RPCH.A","OBS_VALUE","Peru","Gross domestic product (GDP), Constant prices, Percent change","Annual","Units","2.519","3.969","2.240","-10.938","13.421","2.819","-0.350","3.514","3.439","2.820"
"IMF.RES:WEO(9.0.0)","URY.NGDPD.A","OBS_VALUE","Uruguay","Gross domestic product (GDP), Current prices, US dollar","Annual","Billions","65.068","65.370","62.229","53.557","60.742","71.247","79.214","82.323","85.575","96.092"
"IMF.RES:WEO(9.0.0)","VEN.NGDPD.A","OBS_VALUE","Venezuela, República Bolivariana de","Gross domestic product (GDP), Current prices, US dollar","Annual","Billions","115.882","102.021","73.014","42.838","56.615","89.013","102.378","120.566","99.661","111.303"
"IMF.RES:WEO(9.0.0)","URY.NGDP_RPCH.A","OBS_VALUE","Uruguay","Gross domestic product (GDP), Constant prices, Percent change","Annual","Units","1.740","0.165","0.928","-7.357","5.844","4.606","0.762","3.326","1.785","1.800"
"IMF.RES:WEO(9.0.0)","URY.PPPGDP.A","OBS_VALUE","Uruguay","Gross domestic product (GDP), Current prices, Purchasing power parity (PPP) international dollar, ICP benchmarks 2017-2021","Annual","Billions","79.990","82.781","87.589","87.439","99.971","112.014","117.043","123.938","129.729","135.847"
"IMF.RES:WEO(9.0.0)","PER.NGDPD.A","OBS_VALUE","Peru","Gross domestic product (GDP), Current prices, US dollar","Annual","Billions","220.090","229.550","236.263","209.057","228.704","248.179","272.755","295.220","341.025","380.900"
"IMF.RES:WEO(9.0.0)","PER.NID_NGDP.A","OBS_VALUE","Peru","Gross capital formation, Percent of GDP","Annual","Units","21.324","21.759","21.337","19.612","21.974","21.956","19.303","19.626","20.222","20.362"
"IMF.RES:WEO(9.0.0)","URY.NGSD_NGDP.A","OBS_VALUE","Uruguay","Gross national savings, Percent of GDP","Annual","Units","15.935","14.394","15.411","15.592","15.763","15.088","14.659","15.151","15.657","14.974"
"IMF.RES:WEO(9.0.0)","PER.NGSD_NGDP.A","OBS_VALUE","Peru","Gross national savings, Percent of GDP","Annual","Units","20.411","20.520","20.636","20.365","19.748","17.938","19.625","21.866","23.365","23.774"
"IMF.RES:WEO(9.0.0)","PRY.NGDPD.A","OBS_VALUE","Paraguay","Gross domestic product (GDP), Current prices, US dollar","Annual","Billions","38.997","40.225","37.925","35.432","39.937","41.841","43.140","44.739","49.358","60.542"
"IMF.RES:WEO(9.0.0)","DMA.NGDPD.A","OBS_VALUE","Dominica","Gross domestic product (GDP), Current prices, US dollar","Annual","Billions","0.522","0.555","0.612","0.504","0.555","0.607","0.659","0.689","0.744","0.791"
"IMF.RES:WEO(9.0.0)","GRD.NID_NGDP.A","OBS_VALUE","Grenada","Gross capital formation, Percent of GDP","Annual","Units","20.940","24.285","24.919","32.419","30.121","29.937","32.812","31.976","32.407","33.136"
"IMF.RES:WEO(9.0.0)","DMA.NGDP_RPCH.A","OBS_VALUE","Dominica","Gross domestic product (GDP), Constant prices, Percent change","Annual","Units","-6.619","3.548","5.502","-16.605","6.892","5.584","4.712","3.539","4.542","3.137"
"IMF.RES:WEO(9.0.0)","BRB.NGDPD.A","OBS_VALUE","Barbados","Gross domestic product (GDP), Current prices, US dollar","Annual","Billions","5.847","6.001","6.167","5.403","5.949","6.887","7.223","7.598","8.017","8.483"
"IMF.RES:WEO(9.0.0)","DMA.NID_NGDP.A","OBS_VALUE","Dominica","Gross capital formation, Percent of GDP","Annual","Units","29.052","32.441","23.471","24.040","35.260","37.252","37.768","40.197","35.448","26.054"
"IMF.RES:WEO(9.0.0)","VEN.NGSD_NGDP.A","OBS_VALUE","Venezuela, República Bolivariana de","Gross national savings, Percent of GDP","Annual","Units","12.624","","","","","","","","",""
"IMF.RES:WEO(9.0.0)","ATG.NGSD_NGDP.A","OBS_VALUE","Antigua and Barbuda","Gross national savings, Percent of GDP","Annual","Units","18.235","24.256","29.948","22.434","28.412","25.165","23.833","25.941","24.407","24.464"
"IMF.RES:WEO(9.0.0)","BHS.NID_NGDP.A","OBS_VALUE","Bahamas, The","Gross capital formation, Percent of GDP","Annual","Units","26.646","24.309","25.794","21.950","25.963","26.357","24.418","26.465","26.214","26.403"
"IMF.RES:WEO(9.0.0)","ATG.NID_NGDP.A","OBS_VALUE","Antigua and Barbuda","Gross capital formation, Percent of GDP","Annual","Units","25.932","38.250","36.453","38.001","45.990","40.247","36.738","33.398","36.053","36.233"
"IMF.RES:WEO(9.0.0)","BHS.NGDPD.A","OBS_VALUE","Bahamas, The","Gross domestic product (GDP), Current prices, US dollar","Annual","Billions","12.447","12.819","13.277","10.363","12.037","13.897","15.271","15.833","16.508","17.042"
"IMF.RES:WEO(9.0.0)","ABW.NGDPD.A","OBS_VALUE","Aruba, Kingdom of the Netherlands","Gross domestic product (GDP), Current prices, US dollar","Annual","Billions","3.092","3.276","3.347","2.471","2.881","3.324","3.871","4.285","4.521","4.671"
"IMF.RES:WEO(9.0.0)","ATG.NGDPD.A","OBS_VALUE","Antigua and Barbuda","Gross domestic product (GDP), Current prices, US dollar","Annual","Billions","1.535","1.662","1.726","1.412","1.602","1.857","2.054","2.162","2.273","2.385"
"IMF.RES:WEO(9.0.0)","ATG.PPPGDP.A","OBS_VALUE","Antigua and Barbuda","Gross domestic product (GDP), Current prices, Purchasing power parity (PPP) international dollar, ICP benchmarks 2017-2021","Annual","Billions","1.938","2.230","2.426","2.055","2.378","2.763","2.976","3.127","3.314","3.497"
"IMF.RES:WEO(9.0.0)","VEN.PPPGDP.A","OBS_VALUE","Venezuela, República Bolivariana de","Gross domestic product (GDP), Current prices, Purchasing power parity (PPP) international dollar, ICP benchmarks 2017-2021","Annual","Billions","373.568","307.018","225.769","160.167","169.075","195.590","210.944","227.633","237.679","254.372"
"IMF.RES:WEO(9.0.0)","BHS.PPPGDP.A","OBS_VALUE","Bahamas, The","Gross domestic product (GDP), Current prices, Purchasing power parity (PPP) international dollar, ICP benchmarks 2017-2021","Annual","Billions","13.387","13.835","14.254","10.769","12.313","14.624","15.627","16.556","17.502","18.382"
"IMF.RES:WEO(9.0.0)","ABW.NGDP_RPCH.A","OBS_VALUE","Aruba, Kingdom of the Netherlands","Gross domestic product (GDP), Constant prices, Percent change","Annual","Units","3.493","3.213","1.225","-23.898","14.731","10.636","8.853","7.643","5.608","2.250"
"IMF.RES:WEO(9.0.0)","BHS.NGDP_RPCH.A","OBS_VALUE","Bahamas, The","Gross domestic product (GDP), Constant prices, Percent change","Annual","Units","3.371","2.398","-0.839","-20.090","17.587","10.877","3.049","3.379","2.800","2.100"
"IMF.RES:WEO(9.0.0)","ABW.NGSD_NGDP.A","OBS_VALUE","Aruba, Kingdom of the Netherlands","Gross national savings, Percent of GDP","Annual","Units","21.108","20.394","18.097","8.379","15.367","20.787","28.232","32.302","31.764","30.871"
"IMF.RES:WEO(9.0.0)","BHS.NGSD_NGDP.A","OBS_VALUE","Bahamas, The","Gross national savings, Percent of GDP","Annual","Units","13.366","14.953","23.677","-0.046","5.742","17.488","17.418","18.848","16.263","17.326"
"IMF.RES:WEO(9.0.0)","JAM.NGDPD.A","OBS_VALUE","Jamaica","Gross domestic product (GDP), Current prices, US dollar","Annual","Billions","15.726","16.767","17.002","15.079","15.982","18.710","21.299","21.900","22.313","23.028"
"IMF.RES:WEO(9.0.0)","JAM.NGSD_NGDP.A","OBS_VALUE","Jamaica","Gross national savings, Percent of GDP","Annual","Units","21.493","22.182","22.770","18.556","19.249","23.371","27.331","23.763","19.216","14.926"
"IMF.RES:WEO(9.0.0)","BLZ.NGSD_NGDP.A","OBS_VALUE","Belize","Gross national savings, Percent of GDP","Annual","Units","11.753","9.530","9.852","19.953","17.710","14.149","16.016","16.380","15.639","14.657"
"IMF.RES:WEO(9.0.0)","BLZ.PPPGDP.A","OBS_VALUE","Belize","Gross domestic product (GDP), Current prices, Purchasing power parity (PPP) international dollar, ICP benchmarks 2017-2021","Annual","Billions","3.404","3.611","4.051","3.767","4.632","5.420","5.649","5.992","6.331","6.656"
"IMF.RES:WEO(9.0.0)","GUY.NGDP_RPCH.A","OBS_VALUE","Guyana","Gross domestic product (GDP), Constant prices, Percent change","Annual","Units","3.734","4.441","5.353","43.480","20.060","63.334","33.769","43.776","19.309","16.168"
"IMF.RES:WEO(9.0.0)","BLZ.NGDPD.A","OBS_VALUE","Belize","Gross domestic product (GDP), Current prices, US dollar","Annual","Billions","2.266","2.286","2.381","2.047","2.429","2.847","3.052","3.204","3.327","3.450"
"IMF.RES:WEO(9.0.0)","JAM.NGDP_RPCH.A","OBS_VALUE","Jamaica","Gross domestic product (GDP), Constant prices, Percent change","Annual","Units","2.293","2.516","1.809","-8.304","5.705","6.439","2.746","-0.535","-0.060","-1.152"
"IMF.RES:WEO(9.0.0)","DMA.NGSD_NGDP.A","OBS_VALUE","Dominica","Gross national savings, Percent of GDP","Annual","Units","18.023","-14.211","-14.661","-12.925","1.743","9.994","-2.606","2.393","-2.524","-7.170"
"IMF.RES:WEO(9.0.0)","GRD.PPPGDP.A","OBS_VALUE","Grenada","Gross domestic product (GDP), Current prices, Purchasing power parity (PPP) international dollar, ICP benchmarks 2017-2021","Annual","Billions","1.736","1.848","1.907","1.671","1.784","2.051","2.223","2.333","2.505","2.657"
"IMF.RES:WEO(9.0.0)","BRB.NGSD_NGDP.A","OBS_VALUE","Barbados","Gross national savings, Percent of GDP","Annual","Units","12.457","10.864","13.487","12.887","9.796","10.028","9.754","14.267","10.862","11.199"
"IMF.RES:WEO(9.0.0)","GRD.NGDPD.A","OBS_VALUE","Grenada","Gross domestic product (GDP), Current prices, US dollar","Annual","Billions","1.126","1.167","1.213","1.043","1.122","1.224","1.336","1.351","1.420","1.483"
"IMF.RES:WEO(9.0.0)","BRB.PPPGDP.A","OBS_VALUE","Barbados","Gross domestic product (GDP), Current prices, Purchasing power parity (PPP) international dollar, ICP benchmarks 2017-2021","Annual","Billions","5.315","5.551","5.620","4.660","4.990","6.197","6.543","6.932","7.324","7.719"
"IMF.RES:WEO(9.0.0)","BRB.NID_NGDP.A","OBS_VALUE","Barbados","Gross capital formation, Percent of GDP","Annual","Units","15.683","14.221","14.464","18.018","17.698","17.909","17.543","18.170","18.375","18.180"
"IMF.RES:WEO(9.0.0)","BRB.NGDP_RPCH.A","OBS_VALUE","Barbados","Gross domestic product (GDP), Constant prices, Percent change","Annual","Units","0.655","-0.252","0.241","-17.406","8.020","15.945","1.814","3.367","2.743","2.465"
"IMF.RES:WEO(9.0.0)","JAM.NID_NGDP.A","OBS_VALUE","Jamaica","Gross capital formation, Percent of GDP","Annual","Units","22.342","23.132","24.032","19.487","18.205","23.988","24.550","20.708","17.896","20.798"
"IMF.RES:WEO(9.0.0)","GRD.NGSD_NGDP.A","OBS_VALUE","Grenada","Gross national savings, Percent of GDP","Annual","Units","9.476","11.527","14.590","16.313","15.741","17.809","12.517","10.089","14.644","14.826"
"IMF.RES:WEO(9.0.0)","GRD.NGDP_RPCH.A","OBS_VALUE","Grenada","Gross domestic product (GDP), Constant prices, Percent change","Annual","Units","4.439","4.361","0.677","-13.757","4.687","7.321","4.527","2.400","4.410","3.112"
"IMF.RES:WEO(9.0.0)","DMA.PPPGDP.A","OBS_VALUE","Dominica","Gross domestic product (GDP), Current prices, Purchasing power parity (PPP) international dollar, ICP benchmarks 2017-2021","Annual","Billions","0.805","0.907","1.032","0.917","1.048","1.185","1.287","1.366","1.468","1.558"
"IMF.RES:WEO(9.0.0)","KNA.NID_NGDP.A","OBS_VALUE","St. Kitts and Nevis","Gross capital formation, Percent of GDP","Annual","Units","30.000","30.000","30.000","30.000","30.000","27.000","27.000","27.000","27.000","27.000"
"IMF.RES:WEO(9.0.0)","KNA.PPPGDP.A","OBS_VALUE","St. Kitts and Nevis","Gross domestic product (GDP), Current prices, Purchasing power parity (PPP) international dollar, ICP benchmarks 2017-2021","Annual","Billions","1.392","1.427","1.497","1.256","1.236","1.463","1.587","1.654","1.727","1.812"
"IMF.RES:WEO(9.0.0)","KNA.NGDPD.A","OBS_VALUE","St. Kitts and Nevis","Gross domestic product (GDP), Current prices, US dollar","Annual","Billions","1.057","1.061","1.088","0.867","0.843","0.963","1.034","1.051","1.082","1.143"
"IMF.RES:WEO(9.0.0)","PRI.NID_NGDP.A","OBS_VALUE","Puerto Rico","Gross capital formation, Percent of GDP","Annual","Units","7.793","15.331","15.349","10.881","11.368","14.815","14.387","14.780","15.351","15.676"
"IMF.RES:WEO(9.0.0)","JAM.PPPGDP.A","OBS_VALUE","Jamaica","Gross domestic product (GDP), Current prices, Purchasing power parity (PPP) international dollar, ICP benchmarks 2017-2021","Annual","Billions","29.471","30.324","30.618","27.640","29.599","33.746","35.955","36.651","37.668","38.301"
"IMF.RES:WEO(9.0.0)","GUY.NGDPD.A","OBS_VALUE","Guyana","Gross domestic product (GDP), Current prices, US dollar","Annual","Billions","4.748","4.788","5.174","5.471","8.041","14.718","16.919","24.659","27.097","33.961"
"IMF.RES:WEO(9.0.0)","GUY.NID_NGDP.A","OBS_VALUE","Guyana","Gross capital formation, Percent of GDP","Annual","Units","13.090","12.895","13.400","9.111","8.447","9.836","14.701","13.661","15.553","13.910"
"IMF.RES:WEO(9.0.0)","PRI.NGDPD.A","OBS_VALUE","Puerto Rico","Gross domestic product (GDP), Current prices, US dollar","Annual","Billions","103.446","100.958","105.126","103.131","106.427","113.844","118.375","125.842","126.525","129.012"
"IMF.RES:WEO(9.0.0)","GUY.PPPGDP.A","OBS_VALUE","Guyana","Gross domestic product (GDP), Current prices, Purchasing power parity (PPP) international dollar, ICP benchmarks 2017-2021","Annual","Billions","9.409","9.849","10.694","13.581","18.647","32.623","45.254","66.679","81.811","97.761"
"IMF.RES:WEO(9.0.0)","BLZ.NID_NGDP.A","OBS_VALUE","Belize","Gross capital formation, Percent of GDP","Annual","Units","18.727","16.126","17.607","26.201","24.210","22.424","17.045","18.298","19.188","19.145"
"IMF.RES:WEO(9.0.0)","BLZ.NGDP_RPCH.A","OBS_VALUE","Belize","Gross domestic product (GDP), Constant prices, Percent change","Annual","Units","-1.833","0.822","4.257","-13.523","17.990","9.251","0.500","3.505","2.747","2.192"
"IMF.RES:WEO(9.0.0)","GUY.NGSD_NGDP.A","OBS_VALUE","Guyana","Gross national savings, Percent of GDP","Annual","Units","8.202","-16.078","-55.379","-8.223","-16.209","35.693","24.631","30.128","28.439","35.365"
"IMF.RES:WEO(9.0.0)","G400.PPPGDP.A","OBS_VALUE","Middle East and Central Asia","Gross domestic product (GDP), Current prices, Purchasing power parity (PPP) international dollar, ICP benchmarks 2017-2021","Annual","Billions","9714.158","10427.727","10710.733","10362.082","11582.610","13181.289","14003.311","14738.778","15693.342","16316.928"
"IMF.RES:WEO(9.0.0)","SUR.NGDPD.A","OBS_VALUE","Suriname","Gross domestic product (GDP), Current prices, US dollar","Annual","Billions","3.592","3.996","4.016","2.912","3.084","3.802","3.462","4.434","4.664","5.908"
"IMF.RES:WEO(9.0.0)","TTO.PPPGDP.A","OBS_VALUE","Trinidad and Tobago","Gross domestic product (GDP), Current prices, Purchasing power parity (PPP) international dollar, ICP benchmarks 2017-2021","Annual","Billions","38.643","38.972","39.986","36.534","41.686","45.036","47.387","49.782","51.594","53.479"
"IMF.RES:WEO(9.0.0)","TTO.NGDPD.A","OBS_VALUE","Trinidad and Tobago","Gross domestic product (GDP), Current prices, US dollar","Annual","Billions","23.831","23.883","23.478","20.889","24.223","28.341","25.037","25.634","25.932","26.836"
"IMF.RES:WEO(9.0.0)","KNA.NGSD_NGDP.A","OBS_VALUE","St. Kitts and Nevis","Gross national savings, Percent of GDP","Annual","Units","19.746","24.071","25.126","18.952","26.587","16.175","13.281","13.977","12.408","11.554"
"IMF.RES:WEO(9.0.0)","VCT.PPPGDP.A","OBS_VALUE","St. Vincent and the Grenadines","Gross domestic product (GDP), Current prices, Purchasing power parity (PPP) international dollar, ICP benchmarks 2017-2021","Annual","Billions","1.434","1.541","1.598","1.586","1.665","1.873","2.030","2.174","2.311","2.449"
"IMF.RES:WEO(9.0.0)","VCT.NGDPD.A","OBS_VALUE","St. Vincent and the Grenadines","Gross domestic product (GDP), Current prices, US dollar","Annual","Billions","0.844","0.884","0.910","0.864","0.888","0.970","1.047","1.126","1.176","1.236"
"IMF.RES:WEO(9.0.0)","PRI.PPPGDP.A","OBS_VALUE","Puerto Rico","Gross domestic product (GDP), Current prices, Purchasing power parity (PPP) international dollar, ICP benchmarks 2017-2021","Annual","Billions","108.692","110.918","119.615","120.955","132.334","145.938","152.091","160.896","164.137","168.670"
"IMF.RES:WEO(9.0.0)","KNA.NGDP_RPCH.A","OBS_VALUE","St. Kitts and Nevis","Gross domestic product (GDP), Constant prices, Percent change","Annual","Units","0.220","0.278","2.415","-15.248","0.623","10.542","4.616","1.696","1.495","2.039"
"IMF.RES:WEO(9.0.0)","LCA.NGDPD.A","OBS_VALUE","St. Lucia","Gross domestic product (GDP), Current prices, US dollar","Annual","Billions","1.999","2.061","2.095","1.511","1.869","2.334","2.397","2.574","2.651","2.765"
"IMF.RES:WEO(9.0.0)","LCA.NGSD_NGDP.A","OBS_VALUE","St. Lucia","Gross national savings, Percent of GDP","Annual","Units","19.651","22.790","24.091","4.992","11.673","17.053","19.074","19.146","15.845","15.788"
"IMF.RES:WEO(9.0.0)","PRI.NGDP_RPCH.A","OBS_VALUE","Puerto Rico","Gross domestic product (GDP), Constant prices, Percent change","Annual","Units","-2.885","-4.362","1.676","-4.181","0.386","2.957","0.498","3.227","-0.800","-0.100"
"IMF.RES:WEO(9.0.0)","VCT.NGDP_RPCH.A","OBS_VALUE","St. Vincent and the Grenadines","Gross domestic product (GDP), Constant prices, Percent change","Annual","Units","1.548","3.175","0.669","-4.794","2.114","4.995","4.513","4.500","3.390","3.000"
"IMF.RES:WEO(9.0.0)","LCA.NGDP_RPCH.A","OBS_VALUE","St. Lucia","Gross domestic product (GDP), Constant prices, Percent change","Annual","Units","3.380","2.887","-0.700","-23.774","11.298","20.566","3.271","4.688","1.654","1.963"
"IMF.RES:WEO(9.0.0)","VCT.NID_NGDP.A","OBS_VALUE","St. Vincent and the Grenadines","Gross capital formation, Percent of GDP","Annual","Units","24.089","23.644","25.513","28.233","33.311","35.510","38.138","43.047","33.396","29.105"
"IMF.RES:WEO(9.0.0)","VCT.NGSD_NGDP.A","OBS_VALUE","St. Vincent and the Grenadines","Gross national savings, Percent of GDP","Annual","Units","12.195","13.340","23.125","12.324","10.088","15.012","19.930","25.907","13.224","9.257"
"IMF.RES:WEO(9.0.0)","LCA.NID_NGDP.A","OBS_VALUE","St. Lucia","Gross capital formation, Percent of GDP","Annual","Units","21.559","21.318","20.766","23.779","22.070","20.360","21.234","20.701","20.438","20.369"
"IMF.RES:WEO(9.0.0)","LCA.PPPGDP.A","OBS_VALUE","St. Lucia","Gross domestic product (GDP), Current prices, Purchasing power parity (PPP) international dollar, ICP benchmarks 2017-2021","Annual","Billions","2.845","3.086","3.324","2.680","3.414","4.409","4.721","5.065","5.295","5.554"
"IMF.RES:WEO(9.0.0)","IRN.PPPGDP.A","OBS_VALUE","Iran, Islamic Republic of","Gross domestic product (GDP), Current prices, Purchasing power parity (PPP) international dollar, ICP benchmarks 2017-2021","Annual","Billions","1336.571","1319.678","1212.413","1326.318","1405.065","1570.509","1715.462","1822.448","1845.572","1783.218"
"IMF.RES:WEO(9.0.0)","IRQ.NGDPD.A","OBS_VALUE","Iraq","Gross domestic product (GDP), Current prices, US dollar","Annual","Billions","190.048","230.189","236.682","182.576","210.753","288.059","270.799","286.523","264.167","264.784"
"IMF.RES:WEO(9.0.0)","IRN.NID_NGDP.A","OBS_VALUE","Iran, Islamic Republic of","Gross capital formation, Percent of GDP","Annual","Units","37.306","35.475","41.812","49.895","43.052","42.817","45.505","46.406","44.454","45.528"
"IMF.RES:WEO(9.0.0)","G400.NGDP_RPCH.A","OBS_VALUE","Middle East and Central Asia","Gross domestic product (GDP), Constant prices, Percent change","Annual","Units","2.634","2.549","2.119","-2.230","4.689","6.367","2.575","2.817","3.610","1.905"
"IMF.RES:WEO(9.0.0)","CYP.NGSD_NGDP.A","OBS_VALUE","Cyprus","Gross national savings, Percent of GDP","Annual","Units","15.366","15.060","13.979","10.949","14.161","13.726","11.734","12.472","12.193","12.267"
"IMF.RES:WEO(9.0.0)","BHR.NID_NGDP.A","OBS_VALUE","Bahrain, Kingdom of","Gross capital formation, Percent of GDP","Annual","Units","36.466","38.154","35.624","37.294","28.093","24.590","29.165","28.435","28.944","28.718"
"IMF.RES:WEO(9.0.0)","G400.NGDPD.A","OBS_VALUE","Middle East and Central Asia","Gross domestic product (GDP), Current prices, US dollar","Annual","Billions","3815.975","3990.303","3923.356","3490.163","4165.641","5015.895","4961.199","5164.936","5279.905","5664.347"
"IMF.RES:WEO(9.0.0)","G400.NGSD_NGDP.A","OBS_VALUE","Middle East and Central Asia","Gross national savings, Percent of GDP","Annual","Units","26.852","29.017","27.695","22.976","29.025","33.677","31.279","29.001","27.623","27.547"
"IMF.RES:WEO(9.0.0)","SUR.NID_NGDP.A","OBS_VALUE","Suriname","Gross capital formation, Percent of GDP","Annual","Units","30.921","36.832","40.385","28.500","27.938","28.504","29.462","29.702","29.125","28.834"
"IMF.RES:WEO(9.0.0)","G400.NID_NGDP.A","OBS_VALUE","Middle East and Central Asia","Gross capital formation, Percent of GDP","Annual","Units","27.511","26.127","26.953","26.006","26.136","26.388","28.012","27.454","27.662","27.125"
"IMF.RES:WEO(9.0.0)","TTO.NGDP_RPCH.A","OBS_VALUE","Trinidad and Tobago","Gross domestic product (GDP), Constant prices, Percent change","Annual","Units","-4.873","-0.945","0.468","-8.789","-0.717","0.861","1.466","2.509","0.782","0.766"
"IMF.RES:WEO(9.0.0)","SUR.NGSD_NGDP.A","OBS_VALUE","Suriname","Gross national savings, Percent of GDP","Annual","Units","32.856","33.864","29.223","37.423","25.368","29.853","25.765","16.839","-24.137","-16.007"
"IMF.RES:WEO(9.0.0)","TTO.NGSD_NGDP.A","OBS_VALUE","Trinidad and Tobago","Gross national savings, Percent of GDP","Annual","Units","27.398","22.920","23.149","15.806","22.011","14.340","26.273","22.423","18.608","16.432"
"IMF.RES:WEO(9.0.0)","SUR.NGDP_RPCH.A","OBS_VALUE","Suriname","Gross domestic product (GDP), Constant prices, Percent change","Annual","Units","1.566","4.948","1.168","-15.975","-2.435","2.406","2.417","1.721","1.511","3.927"
"IMF.RES:WEO(9.0.0)","SUR.PPPGDP.A","OBS_VALUE","Suriname","Gross domestic product (GDP), Current prices, Purchasing power parity (PPP) international dollar, ICP benchmarks 2017-2021","Annual","Billions","10.430","10.705","11.977","10.377","11.314","12.410","13.180","13.740","14.343","15.333"
"IMF.RES:WEO(9.0.0)","ISR.NID_NGDP.A","OBS_VALUE","Israel","Gross capital formation, Percent of GDP","Annual","Units","23.250","24.192","23.885","24.981","26.147","27.648","26.401","23.800","24.347","24.413"
"IMF.RES:WEO(9.0.0)","KWT.NGSD_NGDP.A","OBS_VALUE","Kuwait","Gross national savings, Percent of GDP","Annual","Units","35.693","39.891","35.680","23.013","39.671","50.941","48.829","44.127","40.532","42.664"
"IMF.RES:WEO(9.0.0)","KWT.NGDP_RPCH.A","OBS_VALUE","Kuwait","Gross domestic product (GDP), Constant prices, Percent change","Annual","Units","-4.712","2.743","2.264","-4.817","1.670","6.762","-1.642","-1.474","3.468","-0.561"
"IMF.RES:WEO(9.0.0)","JOR.NID_NGDP.A","OBS_VALUE","Jordan","Gross capital formation, Percent of GDP","Annual","Units","31.894","31.688","30.729","31.379","32.259","31.242","30.159","33.855","32.966","35.844"
"IMF.RES:WEO(9.0.0)","BHR.PPPGDP.A","OBS_VALUE","Bahrain, Kingdom of","Gross domestic product (GDP), Current prices, Purchasing power parity (PPP) international dollar, ICP benchmarks 2017-2021","Annual","Billions","75.333","78.150","83.980","78.669","82.672","94.025","101.285","106.806","113.251","115.915"
"IMF.RES:WEO(9.0.0)","IRN.NGDPD.A","OBS_VALUE","Iran, Islamic Republic of","Gross domestic product (GDP), Current prices, US dollar","Annual","Billions","507.800","343.713","252.142","209.510","307.337","403.254","421.547","416.676","371.196","300.293"
"IMF.RES:WEO(9.0.0)","IRN.NGDP_RPCH.A","OBS_VALUE","Iran, Islamic Republic of","Gross domestic product (GDP), Constant prices, Percent change","Annual","Units","3.027","-3.748","-2.361","4.442","4.131","4.353","5.332","3.663","-1.525","-6.070"
"IMF.RES:WEO(9.0.0)","IRN.NGSD_NGDP.A","OBS_VALUE","Iran, Islamic Republic of","Gross national savings, Percent of GDP","Annual","Units","40.243","43.110","41.157","48.152","46.678","46.340","47.543","49.581","45.095","43.728"
"IMF.RES:WEO(9.0.0)","CYP.PPPGDP.A","OBS_VALUE","Cyprus","Gross domestic product (GDP), Current prices, Purchasing power parity (PPP) international dollar, ICP benchmarks 2017-2021","Annual","Billions","33.018","35.608","39.791","38.673","44.956","52.138","56.024","59.677","63.682","67.441"
"IMF.RES:WEO(9.0.0)","CYP.NGDP_RPCH.A","OBS_VALUE","Cyprus","Gross domestic product (GDP), Constant prices, Percent change","Annual","Units","5.750","6.273","5.876","-3.221","11.395","8.276","3.619","3.941","3.767","2.953"
"IMF.RES:WEO(9.0.0)","BHR.NGDP_RPCH.A","OBS_VALUE","Bahrain, Kingdom of","Gross domestic product (GDP), Constant prices, Percent change","Annual","Units","4.954","2.053","2.053","-5.911","4.350","6.180","3.878","2.897","3.109","-0.499"
"IMF.RES:WEO(9.0.0)","BHR.NGDPD.A","OBS_VALUE","Bahrain, Kingdom of","Gross domestic product (GDP), Current prices, US dollar","Annual","Billions","37.205","39.568","40.447","35.838","40.840","46.458","46.192","47.210","47.538","48.849"
"IMF.RES:WEO(9.0.0)","CYP.NGDPD.A","OBS_VALUE","Cyprus","Gross domestic product (GDP), Current prices, US dollar","Annual","Billions","22.938","25.766","26.200","25.535","30.392","31.243","35.085","37.623","41.019","45.171"
"IMF.RES:WEO(9.0.0)","CYP.NID_NGDP.A","OBS_VALUE","Cyprus","Gross capital formation, Percent of GDP","Annual","Units","20.457","18.870","19.424","20.541","19.530","20.444","21.339","20.522","20.110","21.597"
"IMF.RES:WEO(9.0.0)","BHR.NGSD_NGDP.A","OBS_VALUE","Bahrain, Kingdom of","Gross national savings, Percent of GDP","Annual","Units","32.166","32.001","33.660","28.241","34.464","39.309","35.109","33.267","34.880","32.649"
"IMF.RES:WEO(9.0.0)","OMN.NGSD_NGDP.A","OBS_VALUE","Oman","Gross national savings, Percent of GDP","Annual","Units","20.370","27.049","21.988","10.852","22.318","30.971","29.217","29.238","27.817","34.807"
"IMF.RES:WEO(9.0.0)","OMN.NGDPD.A","OBS_VALUE","Oman","Gross domestic product (GDP), Current prices, US dollar","Annual","Billions","80.857","91.506","88.061","75.909","87.324","109.853","106.175","107.137","106.127","117.176"
"IMF.RES:WEO(9.0.0)","QAT.NGDP_RPCH.A","OBS_VALUE","Qatar","Gross domestic product (GDP), Constant prices, Percent change","Annual","Units","-1.498","1.235","0.688","-3.558","1.627","4.185","1.540","2.360","2.798","-8.646"
"IMF.RES:WEO(9.0.0)","QAT.NGSD_NGDP.A","OBS_VALUE","Qatar","Gross national savings, Percent of GDP","Annual","Units","46.600","49.742","46.151","41.782","51.445","57.421","53.183","50.268","46.077","44.158"
"IMF.RES:WEO(9.0.0)","OMN.NGDP_RPCH.A","OBS_VALUE","Oman","Gross domestic product (GDP), Constant prices, Percent change","Annual","Units","0.304","1.288","-1.129","-3.380","2.582","7.986","1.412","1.634","2.396","3.452"
"IMF.RES:WEO(9.0.0)","LBN.PPPGDP.A","OBS_VALUE","Lebanon","Gross domestic product (GDP), Current prices, Purchasing power parity (PPP) international dollar, ICP benchmarks 2017-2021","Annual","Billions","128.781","132.494","126.060","72.674","62.145","67.230","69.230","65.627","70.189",""
"IMF.RES:WEO(9.0.0)","JOR.PPPGDP.A","OBS_VALUE","Jordan","Gross domestic product (GDP), Current prices, Purchasing power parity (PPP) international dollar, ICP benchmarks 2017-2021","Annual","Billions","103.775","103.471","109.981","114.158","111.289","122.479","130.985","137.668","145.372","153.646"
"IMF.RES:WEO(9.0.0)","IRQ.NGDP_RPCH.A","OBS_VALUE","Iraq","Gross domestic product (GDP), Constant prices, Percent change","Annual","Units","-1.509","2.633","5.588","-12.409","1.428","7.713","0.920","0.106","-0.414","-6.771"
"IMF.RES:WEO(9.0.0)","KWT.NGDPD.A","OBS_VALUE","Kuwait","Gross domestic product (GDP), Current prices, US dollar","Annual","Billions","120.688","138.655","140.855","111.048","148.346","183.539","165.474","160.902","157.835","172.920"
"IMF.RES:WEO(9.0.0)","JOR.NGSD_NGDP.A","OBS_VALUE","Jordan","Gross national savings, Percent of GDP","Annual","Units","22.247","25.443","28.293","25.757","24.987","23.718","26.814","28.483","27.409","29.656"
"IMF.RES:WEO(9.0.0)","IRQ.NGSD_NGDP.A","OBS_VALUE","Iraq","Gross national savings, Percent of GDP","Annual","Units","14.753","20.943","20.894","9.968","17.209","29.455","19.180","11.520","11.321","6.573"
"IMF.RES:WEO(9.0.0)","JOR.NGDP_RPCH.A","OBS_VALUE","Jordan","Gross domestic product (GDP), Constant prices, Percent change","Annual","Units","2.508","1.854","1.856","-1.152","3.752","2.747","3.129","2.556","2.683","2.748"
"IMF.RES:WEO(9.0.0)","ISR.NGSD_NGDP.A","OBS_VALUE","Israel","Gross national savings, Percent of GDP","Annual","Units","26.439","26.679","26.853","28.777","29.225","30.388","29.532","26.722","25.808","26.355"
"IMF.RES:WEO(9.0.0)","KWT.NID_NGDP.A","OBS_VALUE","Kuwait","Gross capital formation, Percent of GDP","Annual","Units","27.731","25.547","23.002","18.651","14.468","16.549","17.761","15.103","17.265","16.615"
"IMF.RES:WEO(9.0.0)","ISR.PPPGDP.A","OBS_VALUE","Israel","Gross domestic product (GDP), Current prices, Purchasing power parity (PPP) international dollar, ICP benchmarks 2017-2021","Annual","Billions","342.875","356.214","372.817","377.537","433.341","493.702","522.529","540.608","572.239","609.411"
"IMF.RES:WEO(9.0.0)","JOR.NGDPD.A","OBS_VALUE","Jordan","Gross domestic product (GDP), Current prices, US dollar","Annual","Billions","45.600","47.503","48.709","48.000","50.775","53.593","56.203","58.701","61.692","64.909"
"IMF.RES:WEO(9.0.0)","ISR.NGDP_RPCH.A","OBS_VALUE","Israel","Gross domestic product (GDP), Constant prices, Percent change","Annual","Units","4.344","4.053","3.579","-1.802","9.335","6.364","2.063","0.954","2.931","3.530"
"IMF.RES:WEO(9.0.0)","IRQ.PPPGDP.A","OBS_VALUE","Iraq","Gross domestic product (GDP), Current prices, Purchasing power parity (PPP) international dollar, ICP benchmarks 2017-2021","Annual","Billions","406.286","490.276","511.123","448.956","551.148","635.880","665.475","682.720","699.177","670.507"
"IMF.RES:WEO(9.0.0)","ISR.NGDPD.A","OBS_VALUE","Israel","Gross domestic product (GDP), Current prices, US dollar","Annual","Billions","357.361","375.471","399.209","410.909","489.736","525.159","513.394","542.285","610.778","719.848"
"IMF.RES:WEO(9.0.0)","ARE.PPPGDP.A","OBS_VALUE","United Arab Emirates","Gross domestic product (GDP), Current prices, Purchasing power parity (PPP) international dollar, ICP benchmarks 2017-2021","Annual","Billions","648.226","723.867","753.928","627.902","656.665","756.225","817.935","871.702","948.457","1006.293"
"IMF.RES:WEO(9.0.0)","ARE.NID_NGDP.A","OBS_VALUE","United Arab Emirates","Gross capital formation, Percent of GDP","Annual","Units","23.789","24.228","26.858","24.979","27.102","27.754","28.264","22.202","22.174","27.208"
"IMF.RES:WEO(9.0.0)","SAU.PPPGDP.A","OBS_VALUE","Saudi Arabia","Gross domestic product (GDP), Current prices, Purchasing power parity (PPP) international dollar, ICP benchmarks 2017-2021","Annual","Billions","1645.531","1792.987","1790.603","1498.062","1929.888","2315.220","2413.911","2539.368","2728.981","2894.592"
"IMF.RES:WEO(9.0.0)","SAU.NGDP_RPCH.A","OBS_VALUE","Saudi Arabia","Gross domestic product (GDP), Constant prices, Percent change","Annual","Units","1.182","3.227","1.652","-3.805","6.520","12.001","0.543","2.649","4.502","3.115"
"IMF.RES:WEO(9.0.0)","QAT.NGDPD.A","OBS_VALUE","Qatar","Gross domestic product (GDP), Current prices, US dollar","Annual","Billions","161.099","183.335","176.371","144.411","179.732","235.709","217.309","219.163","221.229","217.416"
"IMF.RES:WEO(9.0.0)","OMN.NID_NGDP.A","OBS_VALUE","Oman","Gross capital formation, Percent of GDP","Annual","Units","33.984","31.922","26.907","27.400","27.858","27.321","26.927","26.000","26.500","27.300"
"IMF.RES:WEO(9.0.0)","KWT.PPPGDP.A","OBS_VALUE","Kuwait","Gross domestic product (GDP), Current prices, Purchasing power parity (PPP) international dollar, ICP benchmarks 2017-2021","Annual","Billions","193.471","222.102","225.239","182.443","220.886","252.595","257.640","260.144","276.802","283.133"
"IMF.RES:WEO(9.0.0)","LBN.NGSD_NGDP.A","OBS_VALUE","Lebanon","Gross national savings, Percent of GDP","Annual","Units","-1.095","-1.845","-9.430","-1.789","-0.025","-6.760","-1.062","1.473","0.066",""
"IMF.RES:WEO(9.0.0)","QAT.PPPGDP.A","OBS_VALUE","Qatar","Gross domestic product (GDP), Current prices, Purchasing power parity (PPP) international dollar, ICP benchmarks 2017-2021","Annual","Billions","252.949","283.965","283.662","229.537","292.655","326.589","343.888","360.741","381.354","358.364"
"IMF.RES:WEO(9.0.0)","LBN.NGDPD.A","OBS_VALUE","Lebanon","Gross domestic product (GDP), Current prices, US dollar","Annual","Billions","52.880","55.290","50.983","23.626","20.522","25.674","24.491","29.339","34.497",""
"IMF.RES:WEO(9.0.0)","OMN.PPPGDP.A","OBS_VALUE","Oman","Gross domestic product (GDP), Current prices, Purchasing power parity (PPP) international dollar, ICP benchmarks 2017-2021","Annual","Billions","152.545","173.710","171.026","159.024","174.254","201.553","211.961","220.772","232.476","247.390"
"IMF.RES:WEO(9.0.0)","LBN.NGDP_RPCH.A","OBS_VALUE","Lebanon","Gross domestic product (GDP), Constant prices, Percent change","Annual","Units","0.793","-1.886","-6.637","-26.823","2.084","1.000","-0.700","-7.500","4.000",""
"IMF.RES:WEO(9.0.0)","YEM.NGSD_NGDP.A","OBS_VALUE","Yemen, Republic of","Gross national savings, Percent of GDP","Annual","Units","49.614","58.578","70.512","79.590","60.015","72.138","109.624","127.356","",""
"IMF.RES:WEO(9.0.0)","EGY.NID_NGDP.A","OBS_VALUE","Egypt, Arab Republic of","Gross capital formation, Percent of GDP","Annual","Units","18.734","20.625","20.650","18.820","18.212","19.856","16.490","12.997","13.905","10.344"
"IMF.RES:WEO(9.0.0)","G505.PPPGDP.A","OBS_VALUE","Emerging and Developing Asia","Gross domestic product (GDP), Current prices, Purchasing power parity (PPP) international dollar, ICP benchmarks 2017-2021","Annual","Billions","37508.270","40968.358","44301.921","45203.281","50964.092","57106.423","62514.917","67550.686","73298.789","79107.485"
"IMF.RES:WEO(9.0.0)","YEM.NGDPD.A","OBS_VALUE","Yemen, Republic of","Gross domestic product (GDP), Current prices, US dollar","Annual","Billions","10.443","11.494","12.849","10.783","10.203","11.124","9.364","8.058","7.897","7.435"
"IMF.RES:WEO(9.0.0)","G505.NID_NGDP.A","OBS_VALUE","Emerging and Developing Asia","Gross capital formation, Percent of GDP","Annual","Units","38.964","39.976","38.925","38.445","39.549","39.365","38.227","37.813","36.314","36.339"
"IMF.RES:WEO(9.0.0)","ARE.NGSD_NGDP.A","OBS_VALUE","United Arab Emirates","Gross national savings, Percent of GDP","Annual","Units","30.607","33.589","35.459","30.888","38.453","40.753","42.392","37.586","37.437","38.622"
"IMF.RES:WEO(9.0.0)","SAU.NGSD_NGDP.A","OBS_VALUE","Saudi Arabia","Gross national savings, Percent of GDP","Annual","Units","26.701","30.272","29.197","18.815","30.912","38.245","31.892","30.380","28.670","28.702"
"IMF.RES:WEO(9.0.0)","ARE.NGDPD.A","OBS_VALUE","United Arab Emirates","Gross domestic product (GDP), Current prices, US dollar","Annual","Billions","403.365","440.560","433.926","357.162","422.441","511.403","522.622","552.325","571.643","621.546"
"IMF.RES:WEO(9.0.0)","ARE.NGDP_RPCH.A","OBS_VALUE","United Arab Emirates","Gross domestic product (GDP), Constant prices, Percent change","Annual","Units","-1.061","1.537","1.271","-8.693","4.553","7.514","4.301","3.992","5.804","3.143"
"IMF.RES:WEO(9.0.0)","SAU.NID_NGDP.A","OBS_VALUE","Saudi Arabia","Gross capital formation, Percent of GDP","Annual","Units","25.476","22.373","25.552","23.336","26.343","26.516","29.763","31.676","31.625","30.311"
"IMF.RES:WEO(9.0.0)","WBG.NID_NGDP.A","OBS_VALUE","West Bank and Gaza","Gross capital formation, Percent of GDP","Annual","Units","27.573","28.327","26.801","24.304","25.451","26.523","25.081","23.640","",""
"IMF.RES:WEO(9.0.0)","SAU.NGDPD.A","OBS_VALUE","Saudi Arabia","Gross domestic product (GDP), Current prices, US dollar","Annual","Billions","741.266","886.564","888.888","767.303","982.661","1239.075","1218.585","1254.141","1276.943","1388.676"
"IMF.RES:WEO(9.0.0)","BTN.NID_NGDP.A","OBS_VALUE","Bhutan","Gross capital formation, Percent of GDP","Annual","Units","55.248","54.090","49.879","42.677","41.885","50.389","50.290","41.186","54.744","49.411"
"IMF.RES:WEO(9.0.0)","AFG.NGDPD.A","OBS_VALUE","Afghanistan, Islamic Republic of","Gross domestic product (GDP), Current prices, US dollar","Annual","Billions","18.883","18.336","18.876","20.136","14.278","14.501","17.248","17.817","19.662",""
"IMF.RES:WEO(9.0.0)","BTN.NGSD_NGDP.A","OBS_VALUE","Bhutan","Gross national savings, Percent of GDP","Annual","Units","33.286","36.669","30.692","27.887","30.731","20.845","15.278","20.774","35.889","30.088"
"IMF.RES:WEO(9.0.0)","G510.NID_NGDP.A","OBS_VALUE","ASEAN-5","Gross capital formation, Percent of GDP","Annual","Units","28.658","28.916","27.882","25.725","27.250","26.703","25.749","25.992","25.407","25.627"
"IMF.RES:WEO(9.0.0)","BGD.NID_NGDP.A","OBS_VALUE","Bangladesh","Gross capital formation, Percent of GDP","Annual","Units","30.947","31.823","32.214","31.308","31.019","32.047","30.951","30.700","28.541","26.711"
"IMF.RES:WEO(9.0.0)","BTN.NGDP_RPCH.A","OBS_VALUE","Bhutan","Gross domestic product (GDP), Constant prices, Percent change","Annual","Units","5.152","2.802","4.648","-2.455","-3.293","4.826","4.916","6.098","7.123","7.478"
"IMF.RES:WEO(9.0.0)","G505.NGDPD.A","OBS_VALUE","Emerging and Developing Asia","Gross domestic product (GDP), Current prices, US dollar","Annual","Billions","18117.681","19959.344","20784.700","21015.807","24826.719","25411.880","25815.593","26800.139","27879.612","29611.563"
"IMF.RES:WEO(9.0.0)","G505.NGDP_RPCH.A","OBS_VALUE","Emerging and Developing Asia","Gross domestic product (GDP), Constant prices, Percent change","Annual","Units","6.600","6.423","5.379","-0.472","7.756","4.665","5.580","5.449","5.535","4.930"
"IMF.RES:WEO(9.0.0)","WBG.PPPGDP.A","OBS_VALUE","West Bank and Gaza","Gross domestic product (GDP), Current prices, Purchasing power parity (PPP) international dollar, ICP benchmarks 2017-2021","Annual","Billions","27.204","28.401","30.494","28.610","27.878","31.080","31.917","25.233","",""
"IMF.RES:WEO(9.0.0)","EGY.NGSD_NGDP.A","OBS_VALUE","Egypt, Arab Republic of","Gross national savings, Percent of GDP","Annual","Units","12.902","18.359","17.224","15.900","13.857","16.373","15.294","7.566","9.675","6.193"
"IMF.RES:WEO(9.0.0)","EGY.NGDPD.A","OBS_VALUE","Egypt, Arab Republic of","Gross domestic product (GDP), Current prices, US dollar","Annual","Billions","246.826","263.156","317.894","382.525","423.300","475.231","393.828","383.105","364.640","429.645"
"IMF.RES:WEO(9.0.0)","EGY.NGDP_RPCH.A","OBS_VALUE","Egypt, Arab Republic of","Gross domestic product (GDP), Constant prices, Percent change","Annual","Units","4.190","5.327","5.549","3.576","3.252","6.651","3.760","2.399","4.392","4.240"
"IMF.RES:WEO(9.0.0)","WBG.NGDPD.A","OBS_VALUE","West Bank and Gaza","Gross domestic product (GDP), Current prices, US dollar","Annual","Billions","16.128","16.277","17.134","15.532","18.109","19.166","18.635","16.017","",""
"IMF.RES:WEO(9.0.0)","G505.NGSD_NGDP.A","OBS_VALUE","Emerging and Developing Asia","Gross national savings, Percent of GDP","Annual","Units","39.874","39.739","39.376","40.006","40.712","40.706","39.233","39.367","38.948","38.493"
"IMF.RES:WEO(9.0.0)","AFG.NGSD_NGDP.A","OBS_VALUE","Afghanistan, Islamic Republic of","Gross national savings, Percent of GDP","Annual","Units","26.058","30.191","29.897","30.985","12.931","-1.863","-5.062","-28.717","-27.886",""
"IMF.RES:WEO(9.0.0)","YEM.PPPGDP.A","OBS_VALUE","Yemen, Republic of","Gross domestic product (GDP), Current prices, Purchasing power parity (PPP) international dollar, ICP benchmarks 2017-2021","Annual","Billions","21.723","24.100","25.642","26.054","28.881","30.788","28.960","29.245","29.912","30.926"
"IMF.RES:WEO(9.0.0)","WBG.NGDP_RPCH.A","OBS_VALUE","West Bank and Gaza","Gross domestic product (GDP), Constant prices, Percent change","Annual","Units","1.419","1.227","1.363","-11.318","7.012","4.083","-0.972","-22.857","",""
"IMF.RES:WEO(9.0.0)","YEM.NGDP_RPCH.A","OBS_VALUE","Yemen, Republic of","Gross domestic product (GDP), Constant prices, Percent change","Annual","Units","3.994","8.456","4.670","0.259","6.015","-0.476","-9.295","-1.462","-0.541","0.512"
"IMF.RES:WEO(9.0.0)","EGY.PPPGDP.A","OBS_VALUE","Egypt, Arab Republic of","Gross domestic product (GDP), Current prices, Purchasing power parity (PPP) international dollar, ICP benchmarks 2017-2021","Annual","Billions","1153.591","1302.980","1437.312","1665.073","1728.601","1974.699","2124.765","2229.748","2393.718","2566.688"
"IMF.RES:WEO(9.0.0)","MMR.NID_NGDP.A","OBS_VALUE","Myanmar","Gross capital formation, Percent of GDP","Annual","Units","33.249","31.366","31.366","31.366","31.366","31.366","31.366","31.366","31.366","31.366"
"IMF.RES:WEO(9.0.0)","BTN.PPPGDP.A","OBS_VALUE","Bhutan","Gross domestic product (GDP), Current prices, Purchasing power parity (PPP) international dollar, ICP benchmarks 2017-2021","Annual","Billions","8.539","8.890","9.464","9.884","9.861","11.073","12.047","13.099","14.430","15.953"
"IMF.RES:WEO(9.0.0)","KHM.NGDP_RPCH.A","OBS_VALUE","Cambodia","Gross domestic product (GDP), Constant prices, Percent change","Annual","Units","7.580","8.731","7.883","-2.958","2.904","5.503","5.007","6.020","5.013","4.022"
"IMF.RES:WEO(9.0.0)","BRN.NGDP_RPCH.A","OBS_VALUE","Brunei Darussalam","Gross domestic product (GDP), Constant prices, Percent change","Annual","Units","1.329","0.052","3.869","1.134","-1.591","-1.628","1.128","4.053","0.600","2.600"
"IMF.RES:WEO(9.0.0)","BRN.NID_NGDP.A","OBS_VALUE","Brunei Darussalam","Gross capital formation, Percent of GDP","Annual","Units","34.805","41.067","38.678","40.588","31.273","25.851","29.628","27.899","28.178","28.139"
"IMF.RES:WEO(9.0.0)","MMR.NGSD_NGDP.A","OBS_VALUE","Myanmar","Gross national savings, Percent of GDP","Annual","Units","29.425","28.684","29.557","30.981","28.550","27.854","28.504","34.507","31.752","30.245"
"IMF.RES:WEO(9.0.0)","BRN.PPPGDP.A","OBS_VALUE","Brunei Darussalam","Gross domestic product (GDP), Current prices, Purchasing power parity (PPP) international dollar, ICP benchmarks 2017-2021","Annual","Billions","26.684","28.523","30.701","31.223","35.347","37.244","39.058","41.649","43.088","45.475"
"IMF.RES:WEO(9.0.0)","G510.NGDPD.A","OBS_VALUE","ASEAN-5","Gross domestic product (GDP), Current prices, US dollar","Annual","Billions","2464.361","2632.627","2781.905","2609.764","2901.542","3141.229","3236.367","3382.409","3585.877","3808.089"
"IMF.RES:WEO(9.0.0)","BGD.NGDPD.A","OBS_VALUE","Bangladesh","Gross domestic product (GDP), Current prices, US dollar","Annual","Billions","293.755","321.379","351.238","373.902","416.265","460.201","451.534","450.461","457.904","510.705"
"IMF.RES:WEO(9.0.0)","AFG.NID_NGDP.A","OBS_VALUE","Afghanistan, Islamic Republic of","Gross capital formation, Percent of GDP","Annual","Units","18.481","18.047","18.192","17.011","12.987","16.668","15.244","10.895","12.304",""
"IMF.RES:WEO(9.0.0)","AFG.NGDP_RPCH.A","OBS_VALUE","Afghanistan, Islamic Republic of","Gross domestic product (GDP), Constant prices, Percent change","Annual","Units","2.647","1.189","3.912","-2.351","-14.542","-6.240","2.267","1.873","3.004",""
"IMF.RES:WEO(9.0.0)","BGD.PPPGDP.A","OBS_VALUE","Bangladesh","Gross domestic product (GDP), Current prices, Purchasing power parity (PPP) international dollar, ICP benchmarks 2017-2021","Annual","Billions","791.891","897.768","997.250","1104.316","1247.561","1431.168","1569.831","1676.747","1784.489","1921.752"
"IMF.RES:WEO(9.0.0)","AFG.PPPGDP.A","OBS_VALUE","Afghanistan, Islamic Republic of","Gross domestic product (GDP), Current prices, Purchasing power parity (PPP) international dollar, ICP benchmarks 2017-2021","Annual","Billions","83.362","89.369","97.801","100.898","85.768","86.135","91.347","95.368","101.020",""
"IMF.RES:WEO(9.0.0)","BGD.NGDP_RPCH.A","OBS_VALUE","Bangladesh","Gross domestic product (GDP), Constant prices, Percent change","Annual","Units","6.590","7.319","7.882","3.448","6.939","7.100","5.775","4.223","3.490","4.693"
"IMF.RES:WEO(9.0.0)","BGD.NGSD_NGDP.A","OBS_VALUE","Bangladesh","Gross national savings, Percent of GDP","Annual","Units","30.708","30.610","31.138","31.418","30.794","29.350","29.945","28.337","27.644","26.096"
"IMF.RES:WEO(9.0.0)","BTN.NGDPD.A","OBS_VALUE","Bhutan","Gross domestic product (GDP), Current prices, US dollar","Annual","Billions","2.462","2.651","2.618","2.586","2.621","2.866","2.920","3.147","3.474","3.856"
"IMF.RES:WEO(9.0.0)","G510.NGSD_NGDP.A","OBS_VALUE","ASEAN-5","Gross national savings, Percent of GDP","Annual","Units","32.645","31.052","30.615","29.714","30.220","29.513","28.290","28.625","28.428","27.780"
"IMF.RES:WEO(9.0.0)","G510.NGDP_RPCH.A","OBS_VALUE","ASEAN-5","Gross domestic product (GDP), Constant prices, Percent change","Annual","Units","5.178","4.928","4.196","-4.407","4.117","5.516","4.076","4.792","4.548","4.084"
"IMF.RES:WEO(9.0.0)","G510.PPPGDP.A","OBS_VALUE","ASEAN-5","Gross domestic product (GDP), Current prices, Purchasing power parity (PPP) international dollar, ICP benchmarks 2017-2021","Annual","Billions","6342.116","6834.366","7252.263","7030.904","7737.115","8741.503","9432.645","10129.310","10889.420","11657.106"
"IMF.RES:WEO(9.0.0)","HKG.NGDP_RPCH.A","OBS_VALUE","Hong Kong Special Administrative Region, People's Republic of China","Gross domestic product (GDP), Constant prices, Percent change","Annual","Units","3.796","2.847","-1.672","-6.545","6.454","-3.685","3.150","2.629","3.488","2.420"
"IMF.RES:WEO(9.0.0)","LKA.PPPGDP.A","OBS_VALUE","Sri Lanka","Gross domestic product (GDP), Current prices, Purchasing power parity (PPP) international dollar, ICP benchmarks 2017-2021","Annual","Billions","291.985","307.238","307.705","283.652","317.188","314.779","318.821","343.101","",""
"IMF.RES:WEO(9.0.0)","HKG.NID_NGDP.A","OBS_VALUE","Hong Kong Special Administrative Region, People's Republic of China","Gross capital formation, Percent of GDP","Annual","Units","22.069","21.995","18.190","18.982","16.776","15.230","16.152","16.065","18.349","18.777"
"IMF.RES:WEO(9.0.0)","MMR.NGDP_RPCH.A","OBS_VALUE","Myanmar","Gross domestic product (GDP), Constant prices, Percent change","Annual","Units","6.136","6.277","6.562","-9.032","-11.995","4.017","0.997","-0.972","-1.964","2.995"
"IMF.RES:WEO(9.0.0)","KHM.NID_NGDP.A","OBS_VALUE","Cambodia","Gross capital formation, Percent of GDP","Annual","Units","30.921","31.060","32.007","31.716","30.905","34.925","33.294","32.186","31.811","33.788"
"IMF.RES:WEO(9.0.0)","KHM.NGDPD.A","OBS_VALUE","Cambodia","Gross domestic product (GDP), Current prices, US dollar","Annual","Billions","29.121","32.839","35.979","34.497","36.170","39.461","42.404","46.098","49.288","52.379"
"IMF.RES:WEO(9.0.0)","MMR.PPPGDP.A","OBS_VALUE","Myanmar","Gross domestic product (GDP), Current prices, Purchasing power parity (PPP) international dollar, ICP benchmarks 2017-2021","Annual","Billions","244.240","291.769","320.969","296.153","231.881","258.351","270.582","274.604","276.849","293.308"
"IMF.RES:WEO(9.0.0)","MMR.NGDPD.A","OBS_VALUE","Myanmar","Gross domestic product (GDP), Current prices, US dollar","Annual","Billions","66.083","67.491","75.282","77.026","55.260","67.437","66.821","76.759","82.400","83.832"
"IMF.RES:WEO(9.0.0)","KHM.NGSD_NGDP.A","OBS_VALUE","Cambodia","Gross national savings, Percent of GDP","Annual","Units","24.410","22.070","23.660","30.735","0.809","15.736","34.602","32.681","28.940","27.504"
"IMF.RES:WEO(9.0.0)","KHM.PPPGDP.A","OBS_VALUE","Cambodia","Gross domestic product (GDP), Current prices, Purchasing power parity (PPP) international dollar, ICP benchmarks 2017-2021","Annual","Billions","80.417","90.470","99.485","98.248","103.874","117.385","127.823","138.882","149.981","160.483"
"IMF.RES:WEO(9.0.0)","BRN.NGDPD.A","OBS_VALUE","Brunei Darussalam","Gross domestic product (GDP), Current prices, US dollar","Annual","Billions","12.130","13.564","13.472","12.008","14.008","16.684","15.098","15.334","15.942","16.863"
"IMF.RES:WEO(9.0.0)","TLS.NID_NGDP.A","OBS_VALUE","Timor-Leste, Democratic Republic of","Gross capital formation, Percent of GDP","Annual","Units","35.618","35.906","26.764","16.453","14.392","10.595","20.472","30.108","17.393","19.444"
"IMF.RES:WEO(9.0.0)","KOR.NGSD_NGDP.A","OBS_VALUE","Korea, Republic of","Gross national savings, Percent of GDP","Annual","Units","36.525","35.465","34.356","35.880","36.716","34.424","33.504","35.305","35.703","34.760"
"IMF.RES:WEO(9.0.0)","IDN.NGDP_RPCH.A","OBS_VALUE","Indonesia","Gross domestic product (GDP), Constant prices, Percent change","Annual","Units","5.070","5.174","5.019","-2.066","3.703","5.307","5.049","5.033","5.108","4.950"
"IMF.RES:WEO(9.0.0)","IDN.PPPGDP.A","OBS_VALUE","Indonesia","Gross domestic product (GDP), Current prices, Purchasing power parity (PPP) international dollar, ICP benchmarks 2017-2021","Annual","Billions","2857.305","3069.919","3266.186","3223.405","3530.623","3982.440","4338.298","4669.746","5047.517","5449.145"
"IMF.RES:WEO(9.0.0)","IDN.NGSD_NGDP.A","OBS_VALUE","Indonesia","Gross national savings, Percent of GDP","Annual","Units","32.116","31.631","31.074","31.925","31.745","30.747","30.194","30.782","30.518","29.617"
"IMF.RES:WEO(9.0.0)","IND.PPPGDP.A","OBS_VALUE","India","Gross domestic product (GDP), Current prices, Purchasing power parity (PPP) international dollar, ICP benchmarks 2017-2021","Annual","Billions","8223.736","9061.964","9725.232","9541.256","11086.920","12779.117","14207.444","15593.814","17257.883","18902.320"
"IMF.RES:WEO(9.0.0)","KOR.NGDP_RPCH.A","OBS_VALUE","Korea, Republic of","Gross domestic product (GDP), Constant prices, Percent change","Annual","Units","3.433","3.176","2.314","-0.700","4.613","2.728","1.583","2.004","1.007","1.862"
"IMF.RES:WEO(9.0.0)","KOR.NGDPD.A","OBS_VALUE","Korea, Republic of","Gross domestic product (GDP), Current prices, US dollar","Annual","Billions","1710.197","1824.251","1751.046","1744.455","1942.314","1799.363","1844.801","1875.388","1872.375","1931.008"
"IMF.RES:WEO(9.0.0)","IND.NGDP_RPCH.A","OBS_VALUE","India","Gross domestic product (GDP), Constant prices, Percent change","Annual","Units","6.795","6.454","3.871","-5.778","9.690","7.609","7.210","7.099","7.618","6.478"
"IMF.RES:WEO(9.0.0)","LKA.NGSD_NGDP.A","OBS_VALUE","Sri Lanka","Gross national savings, Percent of GDP","Annual","Units","37.280","35.101","32.038","31.467","33.027","25.376","26.306","28.177","",""
"IMF.RES:WEO(9.0.0)","TWN.NID_NGDP.A","OBS_VALUE","Taiwan Province of China","Gross capital formation, Percent of GDP","Annual","Units","20.917","22.131","23.529","23.921","27.314","28.024","24.491","26.855","25.256","25.063"
"IMF.RES:WEO(9.0.0)","HKG.PPPGDP.A","OBS_VALUE","Hong Kong Special Administrative Region, People's Republic of China","Gross domestic product (GDP), Current prices, Purchasing power parity (PPP) international dollar, ICP benchmarks 2017-2021","Annual","Billions","438.128","453.865","459.644","435.301","488.412","503.870","538.974","566.878","603.291","635.594"
"IMF.RES:WEO(9.0.0)","LKA.NGDP_RPCH.A","OBS_VALUE","Sri Lanka","Gross domestic product (GDP), Constant prices, Percent change","Annual","Units","6.461","2.310","-0.220","-4.625","4.207","-7.349","-2.330","5.009","",""
"IMF.RES:WEO(9.0.0)","TWN.NGDPD.A","OBS_VALUE","Taiwan Province of China","Gross domestic product (GDP), Current prices, US dollar","Annual","Billions","591.687","610.690","613.512","676.861","776.965","765.624","757.387","801.495","920.050","976.719"
"IMF.RES:WEO(9.0.0)","TWN.PPPGDP.A","OBS_VALUE","Taiwan Province of China","Gross domestic product (GDP), Current prices, Purchasing power parity (PPP) international dollar, ICP benchmarks 2017-2021","Annual","Billions","1156.502","1183.021","1242.247","1366.457","1512.429","1663.473","1743.738","1881.151","2102.357","2274.626"
"IMF.RES:WEO(9.0.0)","TWN.NGSD_NGDP.A","OBS_VALUE","Taiwan Province of China","Gross national savings, Percent of GDP","Annual","Units","36.022","35.020","35.618","40.213","43.746","42.851","40.196","43.002","46.788","43.185"
"IMF.RES:WEO(9.0.0)","LKA.NID_NGDP.A","OBS_VALUE","Sri Lanka","Gross capital formation, Percent of GDP","Annual","Units","39.727","38.057","34.109","32.871","36.733","27.272","24.585","26.959","",""
"IMF.RES:WEO(9.0.0)","HKG.NGDPD.A","OBS_VALUE","Hong Kong Special Administrative Region, People's Republic of China","Gross domestic product (GDP), Current prices, US dollar","Annual","Billions","341.271","361.731","363.075","344.941","368.954","358.674","380.762","408.369","427.310","450.138"
"IMF.RES:WEO(9.0.0)","LKA.NGDPD.A","OBS_VALUE","Sri Lanka","Gross domestic product (GDP), Current prices, US dollar","Annual","Billions","94.376","94.484","89.015","84.304","88.609","74.584","83.723","98.964","",""
"IMF.RES:WEO(9.0.0)","TWN.NGDP_RPCH.A","OBS_VALUE","Taiwan Province of China","Gross domestic product (GDP), Constant prices, Percent change","Annual","Units","3.662","2.905","3.055","3.420","6.720","2.684","1.085","5.267","8.676","5.181"
"IMF.RES:WEO(9.0.0)","HKG.NGSD_NGDP.A","OBS_VALUE","Hong Kong Special Administrative Region, People's Republic of China","Gross national savings, Percent of GDP","Annual","Units","26.650","25.731","24.042","25.971","28.612","25.413","24.568","29.200","30.552","31.425"
"IMF.RES:WEO(9.0.0)","MYS.NGDPD.A","OBS_VALUE","Malaysia","Gross domestic product (GDP), Current prices, US dollar","Annual","Billions","319.109","358.783","365.178","337.456","373.785","407.830","399.949","422.227","472.193","516.428"
"IMF.RES:WEO(9.0.0)","MAC.NID_NGDP.A","OBS_VALUE","Macao Special Administrative Region, People's Republic of China","Gross capital formation, Percent of GDP","Annual","Units","19.617","17.284","14.172","26.169","23.084","23.205","15.297","14.085","12.251","12.406"
"IMF.RES:WEO(9.0.0)","KOR.PPPGDP.A","OBS_VALUE","Korea, Republic of","Gross domestic product (GDP), Current prices, Purchasing power parity (PPP) international dollar, ICP benchmarks 2017-2021","Annual","Billions","2216.570","2347.692","2407.645","2481.996","2685.823","2955.318","3113.180","3254.390","3380.412","3542.014"
"IMF.RES:WEO(9.0.0)","LAO.NGDPD.A","OBS_VALUE","Lao People's Democratic Republic","Gross domestic product (GDP), Current prices, US dollar","Annual","Billions","17.055","18.131","18.770","18.511","18.533","15.121","14.993","15.792","17.822","18.959"
"IMF.RES:WEO(9.0.0)","MAC.NGDPD.A","OBS_VALUE","Macao Special Administrative Region, People's Republic of China","Gross domestic product (GDP), Current prices, US dollar","Annual","Billions","50.297","55.076","55.025","25.280","30.634","24.930","45.627","49.467","52.061","54.228"
"IMF.RES:WEO(9.0.0)","MYS.NGSD_NGDP.A","OBS_VALUE","Malaysia","Gross national savings, Percent of GDP","Annual","Units","28.338","26.128","24.546","23.824","26.011","26.774","23.901","23.388","22.034","22.495"
"IMF.RES:WEO(9.0.0)","MAC.PPPGDP.A","OBS_VALUE","Macao Special Administrative Region, People's Republic of China","Gross domestic product (GDP), Current prices, Purchasing power parity (PPP) international dollar, ICP benchmarks 2017-2021","Annual","Billions","78.310","85.300","84.692","39.121","50.078","43.472","79.029","87.348","94.022","99.611"
"IMF.RES:WEO(9.0.0)","MYS.PPPGDP.A","OBS_VALUE","Malaysia","Gross domestic product (GDP), Current prices, Purchasing power parity (PPP) international dollar, ICP benchmarks 2017-2021","Annual","Billions","854.694","914.713","967.568","931.107","1022.399","1194.024","1281.999","1380.902","1493.511","1608.504"
"IMF.RES:WEO(9.0.0)","IDN.NID_NGDP.A","OBS_VALUE","Indonesia","Gross capital formation, Percent of GDP","Annual","Units","33.711","34.571","33.780","32.343","31.449","29.745","30.343","31.396","30.619","30.677"
"IMF.RES:WEO(9.0.0)","TLS.NGDPD.A","OBS_VALUE","Timor-Leste, Democratic Republic of","Gross domestic product (GDP), Current prices, US dollar","Annual","Billions","1.585","1.556","2.033","2.163","3.625","3.209","2.080","1.866","2.064","2.170"
"IMF.RES:WEO(9.0.0)","IND.NGSD_NGDP.A","OBS_VALUE","India","Gross national savings, Percent of GDP","Annual","Units","29.452","30.602","29.790","30.466","31.506","32.351","33.761","33.736","32.930","31.924"
"IMF.RES:WEO(9.0.0)","IND.NID_NGDP.A","OBS_VALUE","India","Gross capital formation, Percent of GDP","Annual","Units","31.316","32.757","30.675","29.546","32.761","34.412","34.505","34.346","33.854","33.958"
"IMF.RES:WEO(9.0.0)","TLS.NGDP_RPCH.A","OBS_VALUE","Timor-Leste, Democratic Republic of","Gross domestic product (GDP), Constant prices, Percent change","Annual","Units","-3.182","-0.467","2.667","-8.492","2.985","4.000","2.352","4.326","4.500","4.100"
"IMF.RES:WEO(9.0.0)","IDN.NGDPD.A","OBS_VALUE","Indonesia","Gross domestic product (GDP), Current prices, US dollar","Annual","Billions","1015.619","1042.272","1119.100","1059.055","1186.510","1319.101","1371.167","1396.302","1445.642","1539.872"
"IMF.RES:WEO(9.0.0)","TLS.PPPGDP.A","OBS_VALUE","Timor-Leste, Democratic Republic of","Gross domestic product (GDP), Current prices, Purchasing power parity (PPP) international dollar, ICP benchmarks 2017-2021","Annual","Billions","4.335","4.544","5.928","8.131","9.215","7.845","6.659","6.204","7.133","7.523"
"IMF.RES:WEO(9.0.0)","IND.NGDPD.A","OBS_VALUE","India","Gross domestic product (GDP), Current prices, US dollar","Annual","Billions","2609.908","2653.495","2776.336","2611.953","3084.517","3249.939","3500.906","3760.814","3916.312","4153.191"
"IMF.RES:WEO(9.0.0)","NPL.NGSD_NGDP.A","OBS_VALUE","Nepal","Gross national savings, Percent of GDP","Annual","Units","37.002","32.450","34.450","29.428","27.462","25.080","30.270","34.273","38.501","41.790"
"IMF.RES:WEO(9.0.0)","PLW.NGDP_RPCH.A","OBS_VALUE","Palau, Republic of","Gross domestic product (GDP), Constant prices, Percent change","Annual","Units","-3.421","-0.418","0.301","-6.007","-11.915","-0.463","1.223","12.006","6.324","3.300"
"IMF.RES:WEO(9.0.0)","MDV.PPPGDP.A","OBS_VALUE","Maldives","Gross domestic product (GDP), Current prices, Purchasing power parity (PPP) international dollar, ICP benchmarks 2017-2021","Annual","Billions","9.059","10.361","11.255","6.741","9.834","11.990","13.068","13.804","14.910","15.800"
"IMF.RES:WEO(9.0.0)","MDV.NGDPD.A","OBS_VALUE","Maldives","Gross domestic product (GDP), Current prices, US dollar","Annual","Billions","4.809","5.398","5.716","3.706","5.240","6.168","6.611","7.052","7.665","8.130"
"IMF.RES:WEO(9.0.0)","PLW.NID_NGDP.A","OBS_VALUE","Palau, Republic of","Gross capital formation, Percent of GDP","Annual","Units","32.779","28.797","34.573","42.155","37.913","44.222","35.699","34.885","33.513","32.706"
"IMF.RES:WEO(9.0.0)","NPL.NGDPD.A","OBS_VALUE","Nepal","Gross domestic product (GDP), Current prices, US dollar","Annual","Billions","28.972","33.112","34.186","33.434","36.927","41.183","41.048","42.914","44.810","45.844"
"IMF.RES:WEO(9.0.0)","LAO.PPPGDP.A","OBS_VALUE","Lao People's Democratic Republic","Gross domestic product (GDP), Current prices, Purchasing power parity (PPP) international dollar, ICP benchmarks 2017-2021","Annual","Billions","50.105","53.367","56.188","56.769","59.620","65.299","70.192","75.027","80.837","86.490"
"IMF.RES:WEO(9.0.0)","MAC.NGDP_RPCH.A","OBS_VALUE","Macao Special Administrative Region, People's Republic of China","Gross domestic product (GDP), Constant prices, Percent change","Annual","Units","9.919","6.359","-2.461","-54.402","22.462","-18.957","75.308","7.850","4.671","2.993"
"IMF.RES:WEO(9.0.0)","LAO.NGDP_RPCH.A","OBS_VALUE","Lao People's Democratic Republic","Gross domestic product (GDP), Constant prices, Percent change","Annual","Units","6.892","6.248","4.652","-0.435","2.061","2.252","3.658","4.299","4.772","4.013"
"IMF.RES:WEO(9.0.0)","KOR.NID_NGDP.A","OBS_VALUE","Korea, Republic of","Gross capital formation, Percent of GDP","Annual","Units","31.965","31.249","31.196","31.525","32.493","33.325","31.891","29.974","29.131","29.176"
"IMF.RES:WEO(9.0.0)","MYS.NGDP_RPCH.A","OBS_VALUE","Malaysia","Gross domestic product (GDP), Constant prices, Percent change","Annual","Units","5.813","4.843","4.413","-5.457","3.315","9.032","3.537","5.105","5.171","4.700"
"IMF.RES:WEO(9.0.0)","MYS.NID_NGDP.A","OBS_VALUE","Malaysia","Gross capital formation, Percent of GDP","Annual","Units","25.547","23.897","21.048","19.658","22.126","23.586","22.802","21.954","20.461","21.102"
"IMF.RES:WEO(9.0.0)","NPL.PPPGDP.A","OBS_VALUE","Nepal","Gross domestic product (GDP), Current prices, Purchasing power parity (PPP) international dollar, ICP benchmarks 2017-2021","Annual","Billions","100.972","111.087","121.063","122.690","134.000","151.613","160.340","170.344","183.241","194.062"
"IMF.RES:WEO(9.0.0)","SGP.NGDPD.A","OBS_VALUE","Singapore","Gross domestic product (GDP), Current prices, US dollar","Annual","Billions","344.795","377.976","376.827","351.227","441.111","514.253","511.182","572.877","603.870","659.572"
"IMF.RES:WEO(9.0.0)","PLW.PPPGDP.A","OBS_VALUE","Palau, Republic of","Gross domestic product (GDP), Current prices, Purchasing power parity (PPP) international dollar, ICP benchmarks 2017-2021","Annual","Billions","0.266","0.270","0.276","0.263","0.242","0.258","0.271","0.311","0.340","0.361"
"IMF.RES:WEO(9.0.0)","SGP.NGSD_NGDP.A","OBS_VALUE","Singapore","Gross national savings, Percent of GDP","Annual","Units","45.669","40.341","39.795","40.628","43.371","40.802","37.522","39.050","39.200","40.630"
"IMF.RES:WEO(9.0.0)","SGP.PPPGDP.A","OBS_VALUE","Singapore","Gross domestic product (GDP), Current prices, Purchasing power parity (PPP) international dollar, ICP benchmarks 2017-2021","Annual","Billions","539.095","587.541","601.850","580.620","730.724","814.085","856.449","924.612","998.604","1063.242"
"IMF.RES:WEO(9.0.0)","THA.PPPGDP.A","OBS_VALUE","Thailand","Gross domestic product (GDP), Current prices, Purchasing power parity (PPP) international dollar, ICP benchmarks 2017-2021","Annual","Billions","1250.522","1347.311","1427.827","1372.406","1451.544","1596.526","1692.686","1785.790","1880.755","1963.655"
"IMF.RES:WEO(9.0.0)","SGP.NGDP_RPCH.A","OBS_VALUE","Singapore","Gross domestic product (GDP), Constant prices, Percent change","Annual","Units","4.327","3.187","1.159","-3.611","10.141","4.010","1.450","5.344","5.023","3.507"
"IMF.RES:WEO(9.0.0)","PHL.NGDPD.A","OBS_VALUE","Philippines","Gross domestic product (GDP), Current prices, US dollar","Annual","Billions","328.481","346.842","376.823","361.751","394.087","404.353","437.055","461.617","487.161","512.222"
"IMF.RES:WEO(9.0.0)","SGP.NID_NGDP.A","OBS_VALUE","Singapore","Gross capital formation, Percent of GDP","Annual","Units","27.180","24.665","24.341","22.931","24.118","21.879","21.131","21.849","22.486","24.060"
"IMF.RES:WEO(9.0.0)","PHL.NGDP_RPCH.A","OBS_VALUE","Philippines","Gross domestic product (GDP), Constant prices, Percent change","Annual","Units","6.931","6.341","6.119","-9.518","5.715","7.581","5.519","5.692","4.403","4.066"
"IMF.RES:WEO(9.0.0)","PAK.NID_NGDP.A","OBS_VALUE","Pakistan","Gross capital formation, Percent of GDP","Annual","Units","16.333","17.068","15.500","14.816","14.535","15.561","13.968","13.184","14.305","14.823"
"IMF.RES:WEO(9.0.0)","PAK.PPPGDP.A","OBS_VALUE","Pakistan","Gross domestic product (GDP), Current prices, Purchasing power parity (PPP) international dollar, ICP benchmarks 2017-2021","Annual","Billions","1069.379","1129.964","1162.667","1186.294","1285.343","1461.845","1512.714","1591.102","1686.854","1797.698"
"IMF.RES:WEO(9.0.0)","PAK.NGDP_RPCH.A","OBS_VALUE","Pakistan","Gross domestic product (GDP), Constant prices, Percent change","Annual","Units","4.609","6.096","3.120","-0.943","5.770","6.180","-0.212","2.634","3.093","3.603"
"IMF.RES:WEO(9.0.0)","MDV.NGSD_NGDP.A","OBS_VALUE","Maldives","Gross national savings, Percent of GDP","Annual","Units","22.125","21.133","17.091","0.440","16.532","16.733","11.880","15.793","27.253","23.037"
"IMF.RES:WEO(9.0.0)","PAK.NGDPD.A","OBS_VALUE","Pakistan","Gross domestic product (GDP), Current prices, US dollar","Annual","Billions","339.229","356.163","321.071","300.410","348.481","374.850","336.555","372.243","407.786",""
"IMF.RES:WEO(9.0.0)","MDV.NGDP_RPCH.A","OBS_VALUE","Maldives","Gross domestic product (GDP), Constant prices, Percent change","Annual","Units","7.074","8.569","6.923","-32.909","37.508","13.826","5.104","3.072","5.031","3.022"
"IMF.RES:WEO(9.0.0)","MDV.NID_NGDP.A","OBS_VALUE","Maldives","Gross capital formation, Percent of GDP","Annual","Units","42.820","48.970","43.161","35.512","25.186","32.990","33.051","34.498","35.671","40.592"
"IMF.RES:WEO(9.0.0)","PLW.NGDPD.A","OBS_VALUE","Palau, Republic of","Gross domestic product (GDP), Current prices, US dollar","Annual","Billions","0.290","0.288","0.282","0.259","0.236","0.247","0.276","0.322","0.345","0.377"
"IMF.RES:WEO(9.0.0)","NPL.NID_NGDP.A","OBS_VALUE","Nepal","Gross capital formation, Percent of GDP","Annual","Units","37.325","39.548","41.379","30.440","35.164","37.644","31.149","30.399","31.792","34.883"
"IMF.RES:WEO(9.0.0)","PAK.NGSD_NGDP.A","OBS_VALUE","Pakistan","Gross national savings, Percent of GDP","Annual","Units","12.716","11.679","11.316","13.335","13.725","10.897","12.995","12.628","14.779","14.387"
"IMF.RES:WEO(9.0.0)","NPL.NGDP_RPCH.A","OBS_VALUE","Nepal","Gross domestic product (GDP), Constant prices, Percent change","Annual","Units","8.977","7.622","6.657","-2.370","4.838","5.631","1.983","3.665","4.604","2.956"
"IMF.RES:WEO(9.0.0)","G603.NGDP_RPCH.A","OBS_VALUE","Sub-Saharan Africa (SSA)","Gross domestic product (GDP), Constant prices, Percent change","Annual","Units","2.782","3.192","3.000","-3.100","3.932","4.437","3.762","4.175","4.494","4.320"
"IMF.RES:WEO(9.0.0)","DJI.NID_NGDP.A","OBS_VALUE","Djibouti","Gross capital formation, Percent of GDP","Annual","Units","21.633","2.787","2.281","-0.249","-15.678","-10.596","-3.735","0.252","7.434","9.571"
"IMF.RES:WEO(9.0.0)","G603.NGSD_NGDP.A","OBS_VALUE","Sub-Saharan Africa (SSA)","Gross national savings, Percent of GDP","Annual","Units","17.762","18.098","18.945","18.451","19.551","18.426","17.249","17.729","17.663","19.333"
"IMF.RES:WEO(9.0.0)","G603.PPPGDP.A","OBS_VALUE","Sub-Saharan Africa (SSA)","Gross domestic product (GDP), Current prices, Purchasing power parity (PPP) international dollar, ICP benchmarks 2017-2021","Annual","Billions","4351.683","4553.304","4889.036","4930.575","5427.580","6069.631","6528.170","6965.145","7478.887","8021.927"
"IMF.RES:WEO(9.0.0)","PHL.NGSD_NGDP.A","OBS_VALUE","Philippines","Gross national savings, Percent of GDP","Annual","Units","24.906","24.591","25.593","20.634","19.633","20.170","20.572","19.663","18.966","16.643"
"IMF.RES:WEO(9.0.0)","THA.NGDP_RPCH.A","OBS_VALUE","Thailand","Gross domestic product (GDP), Constant prices, Percent change","Annual","Units","4.178","4.223","2.115","-6.093","1.553","2.685","2.240","2.945","2.413","1.500"
"IMF.RES:WEO(9.0.0)","THA.NGSD_NGDP.A","OBS_VALUE","Thailand","Gross national savings, Percent of GDP","Annual","Units","32.565","30.839","30.863","27.908","26.535","24.395","24.034","23.648","25.141","22.829"
"IMF.RES:WEO(9.0.0)","PHL.NID_NGDP.A","OBS_VALUE","Philippines","Gross capital formation, Percent of GDP","Annual","Units","25.559","27.151","26.402","17.433","21.141","24.686","23.406","23.685","22.310","20.993"
"IMF.RES:WEO(9.0.0)","THA.NGDPD.A","OBS_VALUE","Thailand","Gross domestic product (GDP), Current prices, US dollar","Annual","Billions","456.357","506.754","543.977","500.275","506.050","495.692","517.013","529.386","577.010","579.996"
"IMF.RES:WEO(9.0.0)","THA.NID_NGDP.A","OBS_VALUE","Thailand","Gross capital formation, Percent of GDP","Annual","Units","22.934","25.220","23.815","23.764","28.677","27.823","22.394","21.453","22.071","22.121"
"IMF.RES:WEO(9.0.0)","PHL.PPPGDP.A","OBS_VALUE","Philippines","Gross domestic product (GDP), Current prices, Purchasing power parity (PPP) international dollar, ICP benchmarks 2017-2021","Annual","Billions","840.501","914.883","988.832","923.367","1001.825","1154.428","1263.212","1368.259","1469.033","1572.561"
"IMF.RES:WEO(9.0.0)","AGO.NID_NGDP.A","OBS_VALUE","Angola","Gross capital formation, Percent of GDP","Annual","Units","28.756","23.935","24.536","19.758","16.246","14.506","12.439","10.638","12.507","11.364"
"IMF.RES:WEO(9.0.0)","AGO.NGSD_NGDP.A","OBS_VALUE","Angola","Gross national savings, Percent of GDP","Annual","Units","28.310","30.346","29.932","21.077","26.363","22.958","16.138","15.915","12.885","13.574"
"IMF.RES:WEO(9.0.0)","AGO.NGDP_RPCH.A","OBS_VALUE","Angola","Gross domestic product (GDP), Constant prices, Percent change","Annual","Units","-0.140","-0.590","-0.200","-4.040","2.100","4.220","1.320","4.953","3.130","2.294"
"IMF.RES:WEO(9.0.0)","DZA.NGDP_RPCH.A","OBS_VALUE","Algeria","Gross domestic product (GDP), Constant prices, Percent change","Annual","Units","1.500","1.400","0.900","-5.000","3.800","3.600","4.100","3.700","3.822","3.777"
"IMF.RES:WEO(9.0.0)","AGO.PPPGDP.A","OBS_VALUE","Angola","Gross domestic product (GDP), Current prices, Purchasing power parity (PPP) international dollar, ICP benchmarks 2017-2021","Annual","Billions","245.679","261.964","279.132","260.322","301.129","336.158","353.198","379.894","402.898","423.947"
"IMF.RES:WEO(9.0.0)","DJI.PPPGDP.A","OBS_VALUE","Djibouti","Gross domestic product (GDP), Current prices, Purchasing power parity (PPP) international dollar, ICP benchmarks 2017-2021","Annual","Billions","4.933","5.448","5.877","6.108","6.683","7.528","8.338","9.141","9.965","10.865"
"IMF.RES:WEO(9.0.0)","DJI.NGSD_NGDP.A","OBS_VALUE","Djibouti","Gross national savings, Percent of GDP","Annual","Units","16.838","17.499","20.540","11.404","-22.284","8.355","14.423","14.805","17.598","19.675"
"IMF.RES:WEO(9.0.0)","VNM.PPPGDP.A","OBS_VALUE","Vietnam","Gross domestic product (GDP), Current prices, Purchasing power parity (PPP) international dollar, ICP benchmarks 2017-2021","Annual","Billions","872.747","963.333","1071.756","1138.632","1192.059","1385.854","1509.922","1654.976","1838.398","2025.331"
"IMF.RES:WEO(9.0.0)","VNM.NID_NGDP.A","OBS_VALUE","Vietnam","Gross capital formation, Percent of GDP","Annual","Units","32.305","32.020","31.980","31.916","32.896","32.340","31.647","30.585","30.795","31.702"
"IMF.RES:WEO(9.0.0)","DJI.NGDPD.A","OBS_VALUE","Djibouti","Gross domestic product (GDP), Current prices, US dollar","Annual","Billions","2.763","2.913","3.089","3.144","3.393","3.563","3.898","4.152","4.378","4.725"
"IMF.RES:WEO(9.0.0)","VNM.NGDP_RPCH.A","OBS_VALUE","Vietnam","Gross domestic product (GDP), Constant prices, Percent change","Annual","Units","6.940","7.465","7.359","2.865","2.554","8.538","5.065","6.952","8.019","7.100"
"IMF.RES:WEO(9.0.0)","VNM.NGDPD.A","OBS_VALUE","Vietnam","Gross domestic product (GDP), Current prices, US dollar","Annual","Billions","277.076","304.474","331.811","346.283","370.065","411.031","432.981","459.448","494.046","527.266"
"IMF.RES:WEO(9.0.0)","VNM.NGSD_NGDP.A","OBS_VALUE","Vietnam","Gross national savings, Percent of GDP","Annual","Units","31.709","33.916","35.741","36.267","30.695","32.683","38.027","37.205","37.507","36.954"
"IMF.RES:WEO(9.0.0)","DJI.NGDP_RPCH.A","OBS_VALUE","Djibouti","Gross domestic product (GDP), Constant prices, Percent change","Annual","Units","5.458","4.774","5.545","1.202","4.407","5.167","6.807","6.980","6.000","6.000"
"IMF.RES:WEO(9.0.0)","G603.NID_NGDP.A","OBS_VALUE","Sub-Saharan Africa (SSA)","Gross capital formation, Percent of GDP","Annual","Units","19.335","19.539","21.508","20.820","20.228","20.226","19.604","18.847","18.706","19.997"
"IMF.RES:WEO(9.0.0)","CMR.PPPGDP.A","OBS_VALUE","Cameroon","Gross domestic product (GDP), Current prices, Purchasing power parity (PPP) international dollar, ICP benchmarks 2017-2021","Annual","Billions","90.903","99.493","108.174","114.421","129.022","143.363","153.644","163.008","172.783","183.677"
"IMF.RES:WEO(9.0.0)","CPV.NID_NGDP.A","OBS_VALUE","Cabo Verde","Gross capital formation, Percent of GDP","Annual","Units","29.283","27.486","23.449","28.891","27.750","25.726","23.418","23.314","22.316","21.223"
"IMF.RES:WEO(9.0.0)","BDI.PPPGDP.A","OBS_VALUE","Burundi","Gross domestic product (GDP), Current prices, Purchasing power parity (PPP) international dollar, ICP benchmarks 2017-2021","Annual","Billions","8.760","8.936","9.539","9.933","10.863","11.849","12.614","13.463","14.386","15.363"
"IMF.RES:WEO(9.0.0)","CMR.NGSD_NGDP.A","OBS_VALUE","Cameroon","Gross national savings, Percent of GDP","Annual","Units","16.864","16.037","14.668","13.945","14.133","15.705","15.161","15.637","14.897","14.585"
"IMF.RES:WEO(9.0.0)","CPV.PPPGDP.A","OBS_VALUE","Cabo Verde","Gross domestic product (GDP), Current prices, Purchasing power parity (PPP) international dollar, ICP benchmarks 2017-2021","Annual","Billions","4.070","4.064","4.442","3.536","3.971","4.927","5.354","5.885","6.385","6.882"
"IMF.RES:WEO(9.0.0)","DZA.NID_NGDP.A","OBS_VALUE","Algeria","Gross capital formation, Percent of GDP","Annual","Units","50.927","48.939","47.041","44.520","40.518","35.583","38.307","41.124","47.058","42.300"
"IMF.RES:WEO(9.0.0)","BWA.NGDPD.A","OBS_VALUE","Botswana","Gross domestic product (GDP), Current prices, US dollar","Annual","Billions","16.105","17.032","16.696","14.930","18.750","20.321","19.411","19.356","19.533","21.937"
"IMF.RES:WEO(9.0.0)","BWA.NID_NGDP.A","OBS_VALUE","Botswana","Gross capital formation, Percent of GDP","Annual","Units","25.006","25.903","30.876","32.794","27.364","26.791","30.296","36.276","24.802","29.945"
"IMF.RES:WEO(9.0.0)","BWA.NGSD_NGDP.A","OBS_VALUE","Botswana","Gross national savings, Percent of GDP","Annual","Units","31.350","26.581","23.825","26.566","28.147","26.685","31.106","30.182","28.459","28.033"
"IMF.RES:WEO(9.0.0)","DZA.PPPGDP.A","OBS_VALUE","Algeria","Gross domestic product (GDP), Current prices, Purchasing power parity (PPP) international dollar, ICP benchmarks 2017-2021","Annual","Billions","562.537","583.472","601.471","558.300","648.896","720.069","777.328","826.100","882.007","941.544"
"IMF.RES:WEO(9.0.0)","BWA.PPPGDP.A","OBS_VALUE","Botswana","Gross domestic product (GDP), Current prices, Purchasing power parity (PPP) international dollar, ICP benchmarks 2017-2021","Annual","Billions","35.589","36.294","37.153","36.107","43.131","48.734","52.158","51.855","52.853","56.949"
"IMF.RES:WEO(9.0.0)","DZA.NGSD_NGDP.A","OBS_VALUE","Algeria","Gross national savings, Percent of GDP","Annual","Units","39.174","40.259","38.295","33.182","38.090","44.030","40.716","40.051","39.341","41.116"
"IMF.RES:WEO(9.0.0)","BWA.NGDP_RPCH.A","OBS_VALUE","Botswana","Gross domestic product (GDP), Constant prices, Percent change","Annual","Units","4.113","4.190","3.033","-8.726","11.913","5.486","3.208","-2.990","-0.887","4.749"
"IMF.RES:WEO(9.0.0)","AGO.NGDPD.A","OBS_VALUE","Angola","Gross domestic product (GDP), Current prices, US dollar","Annual","Billions","141.911","115.456","95.210","66.136","83.022","139.171","113.135","119.574","141.728","152.354"
"IMF.RES:WEO(9.0.0)","DZA.NGDPD.A","OBS_VALUE","Algeria","Gross domestic product (GDP), Current prices, US dollar","Annual","Billions","190.004","194.507","193.361","164.774","185.850","225.709","248.087","269.140","285.724","317.173"
"IMF.RES:WEO(9.0.0)","COG.NGDP_RPCH.A","OBS_VALUE","Congo, Republic of","Gross domestic product (GDP), Constant prices, Percent change","Annual","Units","-5.595","-2.304","1.124","-6.268","1.057","1.799","1.977","2.112","2.367","2.837"
"IMF.RES:WEO(9.0.0)","COM.NGDP_RPCH.A","OBS_VALUE","Comoros, Union of the","Gross domestic product (GDP), Constant prices, Percent change","Annual","Units","3.816","3.642","1.761","-0.196","2.000","2.603","2.995","3.339","3.776","4.083"
"IMF.RES:WEO(9.0.0)","COM.NID_NGDP.A","OBS_VALUE","Comoros, Union of the","Gross capital formation, Percent of GDP","Annual","Units","14.278","15.947","16.473","17.916","16.312","12.534","8.013","7.087","5.272","4.198"
"IMF.RES:WEO(9.0.0)","TCD.NID_NGDP.A","OBS_VALUE","Chad","Gross capital formation, Percent of GDP","Annual","Units","32.953","35.271","33.625","32.787","33.081","28.667","30.872","32.045","32.441","34.245"
"IMF.RES:WEO(9.0.0)","TCD.PPPGDP.A","OBS_VALUE","Chad","Gross domestic product (GDP), Current prices, Purchasing power parity (PPP) international dollar, ICP benchmarks 2017-2021","Annual","Billions","32.551","35.607","39.007","37.294","43.654","48.942","53.279","57.339","62.271","67.405"
"IMF.RES:WEO(9.0.0)","COG.NGSD_NGDP.A","OBS_VALUE","Congo, Republic of","Gross national savings, Percent of GDP","Annual","Units","39.460","48.016","37.579","36.293","34.982","43.425","22.396","24.135","21.671","23.192"
"IMF.RES:WEO(9.0.0)","COG.NID_NGDP.A","OBS_VALUE","Congo, Republic of","Gross capital formation, Percent of GDP","Annual","Units","45.894","29.527","25.900","23.732","22.157","26.394","27.364","27.146","27.559","29.224"
"IMF.RES:WEO(9.0.0)","CMR.NGDP_RPCH.A","OBS_VALUE","Cameroon","Gross domestic product (GDP), Constant prices, Percent change","Annual","Units","3.541","3.956","3.475","0.260","3.339","3.737","3.347","3.525","3.073","3.344"
"IMF.RES:WEO(9.0.0)","CAF.NGDPD.A","OBS_VALUE","Central African Republic","Gross domestic product (GDP), Current prices, US dollar","Annual","Billions","2.198","2.383","2.444","2.503","2.711","2.565","2.722","2.868","3.192","3.492"
"IMF.RES:WEO(9.0.0)","CAF.NGSD_NGDP.A","OBS_VALUE","Central African Republic","Gross national savings, Percent of GDP","Annual","Units","6.793","8.627","9.461","11.202","2.570","1.988","6.818","6.962","13.028","13.483"
"IMF.RES:WEO(9.0.0)","CPV.NGSD_NGDP.A","OBS_VALUE","Cabo Verde","Gross national savings, Percent of GDP","Annual","Units","25.504","25.584","25.990","17.763","17.624","18.459","15.924","20.079","25.953","20.805"
"IMF.RES:WEO(9.0.0)","CMR.NID_NGDP.A","OBS_VALUE","Cameroon","Gross capital formation, Percent of GDP","Annual","Units","19.445","19.538","18.935","17.661","18.127","19.107","19.285","18.905","18.674","19.665"
"IMF.RES:WEO(9.0.0)","CAF.NGDP_RPCH.A","OBS_VALUE","Central African Republic","Gross domestic product (GDP), Constant prices, Percent change","Annual","Units","4.528","3.200","4.014","0.901","0.086","0.795","0.097","3.099","4.801","2.613"
"IMF.RES:WEO(9.0.0)","CMR.NGDPD.A","OBS_VALUE","Cameroon","Gross domestic product (GDP), Current prices, US dollar","Annual","Billions","36.086","39.992","39.673","40.832","45.036","44.443","48.822","53.308","59.282","65.135"
"IMF.RES:WEO(9.0.0)","BDI.NID_NGDP.A","OBS_VALUE","Burundi","Gross capital formation, Percent of GDP","Annual","Units","18.286","18.786","19.286","19.930","21.769","20.936","22.320","19.571","18.647","18.525"
"IMF.RES:WEO(9.0.0)","BDI.NGDP_RPCH.A","OBS_VALUE","Burundi","Gross domestic product (GDP), Constant prices, Percent change","Annual","Units","0.500","1.610","1.842","0.335","3.119","1.827","2.659","4.149","3.904","3.819"
"IMF.RES:WEO(9.0.0)","CPV.NGDP_RPCH.A","OBS_VALUE","Cabo Verde","Gross domestic product (GDP), Constant prices, Percent change","Annual","Units","4.551","3.707","6.948","-20.805","7.034","15.844","4.795","7.244","5.513","4.787"
"IMF.RES:WEO(9.0.0)","BDI.NGSD_NGDP.A","OBS_VALUE","Burundi","Gross national savings, Percent of GDP","Annual","Units","6.511","5.969","7.716","8.775","9.125","4.142","7.535","11.002","12.497","13.029"
"IMF.RES:WEO(9.0.0)","BDI.NGDPD.A","OBS_VALUE","Burundi","Gross domestic product (GDP), Current prices, US dollar","Annual","Billions","3.172","3.037","3.009","3.089","3.356","3.922","4.291","4.838","6.918","8.137"
"IMF.RES:WEO(9.0.0)","CAF.NID_NGDP.A","OBS_VALUE","Central African Republic","Gross capital formation, Percent of GDP","Annual","Units","13.263","16.086","14.283","18.367","15.604","14.802","14.982","16.357","16.677","16.889"
"IMF.RES:WEO(9.0.0)","CPV.NGDPD.A","OBS_VALUE","Cabo Verde","Gross domestic product (GDP), Current prices, US dollar","Annual","Billions","1.997","2.205","2.251","1.829","2.053","2.252","2.501","2.726","3.081","3.448"
"IMF.RES:WEO(9.0.0)","BEN.NGDP_RPCH.A","OBS_VALUE","Benin","Gross domestic product (GDP), Constant prices, Percent change","Annual","Units","5.626","6.579","7.090","3.791","7.155","6.253","6.353","7.453","7.500","6.972"
"IMF.RES:WEO(9.0.0)","BEN.PPPGDP.A","OBS_VALUE","Benin","Gross domestic product (GDP), Current prices, Purchasing power parity (PPP) international dollar, ICP benchmarks 2017-2021","Annual","Billions","34.935","36.918","40.925","42.407","46.468","52.885","58.326","64.229","71.005","78.131"
"IMF.RES:WEO(9.0.0)","COD.NGDPD.A","OBS_VALUE","Congo, Democratic Republic of the","Gross domestic product (GDP), Current prices, US dollar","Annual","Billions","37.499","46.660","46.844","46.682","59.068","70.422","69.844","76.731","92.833","123.406"
"IMF.RES:WEO(9.0.0)","COD.NID_NGDP.A","OBS_VALUE","Congo, Democratic Republic of the","Gross capital formation, Percent of GDP","Annual","Units","12.512","12.539","13.615","11.787","13.833","11.645","15.536","13.809","13.353","14.931"
"IMF.RES:WEO(9.0.0)","COD.NGDP_RPCH.A","OBS_VALUE","Congo, Democratic Republic of the","Gross domestic product (GDP), Constant prices, Percent change","Annual","Units","4.241","6.072","0.555","0.775","6.430","9.311","8.533","6.064","5.746","5.901"
"IMF.RES:WEO(9.0.0)","COD.PPPGDP.A","OBS_VALUE","Congo, Democratic Republic of the","Gross domestic product (GDP), Current prices, Purchasing power parity (PPP) international dollar, ICP benchmarks 2017-2021","Annual","Billions","86.260","94.448","98.168","104.513","139.045","162.802","183.232","199.168","216.586","235.938"
"IMF.RES:WEO(9.0.0)","ERI.NGDPD.A","OBS_VALUE","Eritrea, The State of","Gross domestic product (GDP), Current prices, US dollar","Annual","Billions","1.904","2.006","1.982","","","","","","",""
"IMF.RES:WEO(9.0.0)","COD.NGSD_NGDP.A","OBS_VALUE","Congo, Democratic Republic of the","Gross national savings, Percent of GDP","Annual","Units","9.202","8.955","10.156","9.533","12.839","7.978","10.270","9.655","9.615","12.954"
"IMF.RES:WEO(9.0.0)","BEN.NGDPD.A","OBS_VALUE","Benin","Gross domestic product (GDP), Current prices, US dollar","Annual","Billions","12.766","14.346","14.697","15.674","17.699","17.439","19.679","21.487","24.382","27.786"
"IMF.RES:WEO(9.0.0)","GNQ.NGDP_RPCH.A","OBS_VALUE","Equatorial Guinea, Republic of","Gross domestic product (GDP), Constant prices, Percent change","Annual","Units","-5.668","-6.237","-5.482","-4.791","0.860","3.224","-5.089","0.882","-6.358","-2.686"
"IMF.RES:WEO(9.0.0)","GNQ.NGDPD.A","OBS_VALUE","Equatorial Guinea, Republic of","Gross domestic product (GDP), Current prices, US dollar","Annual","Billions","12.197","13.309","11.365","9.908","12.222","13.717","12.339","12.769","12.484","13.722"
"IMF.RES:WEO(9.0.0)","COM.NGSD_NGDP.A","OBS_VALUE","Comoros, Union of the","Gross national savings, Percent of GDP","Annual","Units","12.030","12.968","13.018","16.107","15.992","12.105","6.510","4.802","2.355","0.021"
"IMF.RES:WEO(9.0.0)","COG.NGDPD.A","OBS_VALUE","Congo, Republic of","Gross domestic product (GDP), Current prices, US dollar","Annual","Billions","11.830","14.781","13.977","11.485","13.387","13.967","14.169","14.774","15.592","17.028"
"IMF.RES:WEO(9.0.0)","CAF.PPPGDP.A","OBS_VALUE","Central African Republic","Gross domestic product (GDP), Current prices, Purchasing power parity (PPP) international dollar, ICP benchmarks 2017-2021","Annual","Billions","4.495","4.739","5.358","5.758","6.211","6.706","6.961","7.355","7.927","8.367"
"IMF.RES:WEO(9.0.0)","COG.PPPGDP.A","OBS_VALUE","Congo, Republic of","Gross domestic product (GDP), Current prices, Purchasing power parity (PPP) international dollar, ICP benchmarks 2017-2021","Annual","Billions","23.783","30.668","32.125","27.446","33.306","36.316","38.405","40.189","42.308","44.754"
"IMF.RES:WEO(9.0.0)","COM.PPPGDP.A","OBS_VALUE","Comoros, Union of the","Gross domestic product (GDP), Current prices, Purchasing power parity (PPP) international dollar, ICP benchmarks 2017-2021","Annual","Billions","2.533","2.528","2.590","2.603","2.764","3.037","3.244","3.436","3.666","3.925"
"IMF.RES:WEO(9.0.0)","TCD.NGSD_NGDP.A","OBS_VALUE","Chad","Gross national savings, Percent of GDP","Annual","Units","27.214","31.316","30.623","30.281","32.546","35.011","32.463","33.402","32.670","35.079"
"IMF.RES:WEO(9.0.0)","TCD.NGDPD.A","OBS_VALUE","Chad","Gross domestic product (GDP), Current prices, US dollar","Annual","Billions","13.258","15.169","14.819","14.812","16.975","18.052","18.638","20.656","22.092","25.628"
"IMF.RES:WEO(9.0.0)","COM.NGDPD.A","OBS_VALUE","Comoros, Union of the","Gross domestic product (GDP), Current prices, US dollar","Annual","Billions","1.077","1.179","1.188","1.218","1.273","1.224","1.329","1.442","1.609","1.814"
"IMF.RES:WEO(9.0.0)","TCD.NGDP_RPCH.A","OBS_VALUE","Chad","Gross domestic product (GDP), Constant prices, Percent change","Annual","Units","-2.089","5.239","5.874","0.033","1.974","4.668","4.978","5.013","5.606","5.230"
"IMF.RES:WEO(9.0.0)","ERI.NGDP_RPCH.A","OBS_VALUE","Eritrea, The State of","Gross domestic product (GDP), Constant prices, Percent change","Annual","Units","-10.015","13.032","3.836","","","","","","",""
"IMF.RES:WEO(9.0.0)","ETH.PPPGDP.A","OBS_VALUE","Ethiopia, The Federal Democratic Republic of","Gross domestic product (GDP), Current prices, Purchasing power parity (PPP) international dollar, ICP benchmarks 2017-2021","Annual","Billions","219.854","236.067","259.535","286.176","316.145","360.174","400.285","443.251","497.540","558.897"
"IMF.RES:WEO(9.0.0)","GAB.NGSD_NGDP.A","OBS_VALUE","Gabon","Gross national savings, Percent of GDP","Annual","Units","29.242","34.156","34.554","29.556","36.891","38.171","37.893","39.329","35.368","34.134"
"IMF.RES:WEO(9.0.0)","GMB.NGDP_RPCH.A","OBS_VALUE","Gambia, The","Gross domestic product (GDP), Constant prices, Percent change","Annual","Units","4.823","7.235","6.222","0.591","5.256","5.493","5.917","5.551","6.004","5.112"
"IMF.RES:WEO(9.0.0)","GAB.NGDP_RPCH.A","OBS_VALUE","Gabon","Gross domestic product (GDP), Constant prices, Percent change","Annual","Units","0.473","0.909","3.848","-1.838","1.468","3.038","2.446","3.387","2.512","2.665"
"IMF.RES:WEO(9.0.0)","GAB.PPPGDP.A","OBS_VALUE","Gabon","Gross domestic product (GDP), Current prices, Purchasing power parity (PPP) international dollar, ICP benchmarks 2017-2021","Annual","Billions","31.915","34.049","36.169","33.624","44.025","48.589","51.619","54.693","57.657","60.889"
"IMF.RES:WEO(9.0.0)","GMB.NGSD_NGDP.A","OBS_VALUE","Gambia, The","Gross national savings, Percent of GDP","Annual","Units","13.252","6.170","13.361","14.809","18.055","20.631","19.246","18.207","19.546","19.600"
"IMF.RES:WEO(9.0.0)","GAB.NID_NGDP.A","OBS_VALUE","Gabon","Gross capital formation, Percent of GDP","Annual","Units","29.948","27.009","29.954","30.053","33.630","29.325","34.888","37.615","38.510","38.405"
"IMF.RES:WEO(9.0.0)","GMB.PPPGDP.A","OBS_VALUE","Gambia, The","Gross domestic product (GDP), Current prices, Purchasing power parity (PPP) international dollar, ICP benchmarks 2017-2021","Annual","Billions","4.776","5.465","5.950","6.367","7.156","8.086","8.881","9.607","10.472","11.323"
"IMF.RES:WEO(9.0.0)","ETH.NID_NGDP.A","OBS_VALUE","Ethiopia, The Federal Democratic Republic of","Gross capital formation, Percent of GDP","Annual","Units","38.444","34.163","35.264","30.752","28.025","25.342","22.169","20.632","20.120","27.187"
"IMF.RES:WEO(9.0.0)","BEN.NGSD_NGDP.A","OBS_VALUE","Benin","Gross national savings, Percent of GDP","Annual","Units","15.328","16.528","17.778","23.887","24.697","25.461","26.355","29.020","28.209","29.843"
"IMF.RES:WEO(9.0.0)","ERI.NID_NGDP.A","OBS_VALUE","Eritrea, The State of","Gross capital formation, Percent of GDP","Annual","Units","8.657","2.927","5.006","","","","","","",""
"IMF.RES:WEO(9.0.0)","GNQ.NGSD_NGDP.A","OBS_VALUE","Equatorial Guinea, Republic of","Gross national savings, Percent of GDP","Annual","Units","21.060","26.183","21.355","28.060","34.584","35.467","30.066","28.254","25.944","27.252"
"IMF.RES:WEO(9.0.0)","ERI.PPPGDP.A","OBS_VALUE","Eritrea, The State of","Gross domestic product (GDP), Current prices, Purchasing power parity (PPP) international dollar, ICP benchmarks 2017-2021","Annual","Billions","5.322","6.095","6.369","","","","","","",""
"IMF.RES:WEO(9.0.0)","GNQ.PPPGDP.A","OBS_VALUE","Equatorial Guinea, Republic of","Gross domestic product (GDP), Current prices, Purchasing power parity (PPP) international dollar, ICP benchmarks 2017-2021","Annual","Billions","28.802","30.232","27.477","23.476","29.585","32.711","32.195","33.285","32.053","32.086"
"IMF.RES:WEO(9.0.0)","GNQ.NID_NGDP.A","OBS_VALUE","Equatorial Guinea, Republic of","Gross capital formation, Percent of GDP","Annual","Units","28.897","28.897","28.897","28.897","28.897","28.897","28.897","28.897","28.897","28.897"
"IMF.RES:WEO(9.0.0)","BEN.NID_NGDP.A","OBS_VALUE","Benin","Gross capital formation, Percent of GDP","Annual","Units","19.486","21.053","21.695","25.634","28.851","31.148","34.531","35.062","33.874","34.801"
"IMF.RES:WEO(9.0.0)","GIN.NGDP_RPCH.A","OBS_VALUE","Guinea","Gross domestic product (GDP), Constant prices, Percent change","Annual","Units","10.300","6.358","5.617","4.704","5.583","3.972","6.242","6.073","6.687","8.677"
"IMF.RES:WEO(9.0.0)","GHA.NID_NGDP.A","OBS_VALUE","Ghana","Gross capital formation, Percent of GDP","Annual","Units","19.566","21.709","18.647","18.224","17.037","15.522","10.117","9.900","9.717","12.797"
"IMF.RES:WEO(9.0.0)","GNB.PPPGDP.A","OBS_VALUE","Guinea-Bissau","Gross domestic product (GDP), Current prices, Purchasing power parity (PPP) international dollar, ICP benchmarks 2017-2021","Annual","Billions","3.908","3.956","4.118","4.201","4.686","5.250","5.727","6.151","6.673","7.201"
"IMF.RES:WEO(9.0.0)","GNB.NGDPD.A","OBS_VALUE","Guinea-Bissau","Gross domestic product (GDP), Current prices, US dollar","Annual","Billions","1.469","1.555","1.487","1.523","1.722","1.721","2.005","2.186","2.648","2.985"
"IMF.RES:WEO(9.0.0)","GHA.NGSD_NGDP.A","OBS_VALUE","Ghana","Gross national savings, Percent of GDP","Annual","Units","16.848","19.198","16.894","16.221","14.711","13.708","9.645","12.097","16.690","23.772"
"IMF.RES:WEO(9.0.0)","GIN.NGDPD.A","OBS_VALUE","Guinea","Gross domestic product (GDP), Current prices, US dollar","Annual","Billions","10.325","11.857","13.443","14.089","16.320","19.589","22.089","24.233","27.215","29.930"
"IMF.RES:WEO(9.0.0)","ETH.NGDP_RPCH.A","OBS_VALUE","Ethiopia, The Federal Democratic Republic of","Gross domestic product (GDP), Constant prices, Percent change","Annual","Units","10.210","7.703","9.037","6.057","6.265","6.362","7.171","8.051","9.151","9.204"
"IMF.RES:WEO(9.0.0)","GMB.NID_NGDP.A","OBS_VALUE","Gambia, The","Gross capital formation, Percent of GDP","Annual","Units","20.627","15.661","19.509","20.596","22.239","24.857","24.673","24.747","24.492","24.670"
"IMF.RES:WEO(9.0.0)","ETH.NGDPD.A","OBS_VALUE","Ethiopia, The Federal Democratic Republic of","Gross domestic product (GDP), Current prices, US dollar","Annual","Billions","76.841","80.207","92.608","96.611","99.261","118.958","159.761","142.073","109.109","121.527"
"IMF.RES:WEO(9.0.0)","ERI.NGSD_NGDP.A","OBS_VALUE","Eritrea, The State of","Gross national savings, Percent of GDP","Annual","Units","33.413","18.442","17.993","","","","","","",""
"IMF.RES:WEO(9.0.0)","GMB.NGDPD.A","OBS_VALUE","Gambia, The","Gross domestic product (GDP), Current prices, US dollar","Annual","Billions","1.498","1.662","1.806","1.809","2.045","2.135","2.331","2.403","2.584","2.792"
"IMF.RES:WEO(9.0.0)","GAB.NGDPD.A","OBS_VALUE","Gabon","Gross domestic product (GDP), Current prices, US dollar","Annual","Billions","14.924","16.830","16.875","15.364","19.455","20.485","20.059","20.900","21.624","23.363"
"IMF.RES:WEO(9.0.0)","ETH.NGSD_NGDP.A","OBS_VALUE","Ethiopia, The Federal Democratic Republic of","Gross national savings, Percent of GDP","Annual","Units","30.256","32.330","29.913","26.582","25.162","21.265","19.309","17.768","19.305","24.926"
"IMF.RES:WEO(9.0.0)","LSO.NID_NGDP.A","OBS_VALUE","Lesotho, Kingdom of","Gross capital formation, Percent of GDP","Annual","Units","24.970","24.401","25.685","31.315","33.591","31.694","41.880","33.253","30.381","33.731"
"IMF.RES:WEO(9.0.0)","CIV.NGSD_NGDP.A","OBS_VALUE","Côte d'Ivoire","Gross national savings, Percent of GDP","Annual","Units","19.239","17.869","18.910","17.754","19.053","19.416","16.508","17.152","20.299","20.944"
"IMF.RES:WEO(9.0.0)","KEN.NID_NGDP.A","OBS_VALUE","Kenya","Gross capital formation, Percent of GDP","Annual","Units","20.663","19.376","19.342","19.652","20.391","19.054","16.571","16.777","17.717","17.798"
"IMF.RES:WEO(9.0.0)","LSO.NGSD_NGDP.A","OBS_VALUE","Lesotho, Kingdom of","Gross national savings, Percent of GDP","Annual","Units","17.959","17.418","19.350","25.620","24.520","17.657","41.045","35.389","27.085","30.356"
"IMF.RES:WEO(9.0.0)","CIV.NGDP_RPCH.A","OBS_VALUE","Côte d'Ivoire","Gross domestic product (GDP), Constant prices, Percent change","Annual","Units","7.412","4.842","6.721","0.701","7.062","6.400","6.600","6.020","6.500","6.200"
"IMF.RES:WEO(9.0.0)","KEN.PPPGDP.A","OBS_VALUE","Kenya","Gross domestic product (GDP), Current prices, Purchasing power parity (PPP) international dollar, ICP benchmarks 2017-2021","Annual","Billions","205.511","221.492","240.007","250.255","284.129","319.128","349.866","375.492","404.987","435.226"
"IMF.RES:WEO(9.0.0)","GIN.NID_NGDP.A","OBS_VALUE","Guinea","Gross capital formation, Percent of GDP","Annual","Units","11.974","19.674","17.311","17.195","17.834","17.365","15.928","15.262","15.353","15.309"
"IMF.RES:WEO(9.0.0)","GHA.NGDPD.A","OBS_VALUE","Ghana","Gross domestic product (GDP), Current prices, US dollar","Annual","Billions","60.385","67.259","68.353","70.008","79.514","73.919","80.547","83.289","114.708","118.293"
"IMF.RES:WEO(9.0.0)","GHA.NGDP_RPCH.A","OBS_VALUE","Ghana","Gross domestic product (GDP), Constant prices, Percent change","Annual","Units","8.129","6.200","6.508","0.514","5.076","3.818","3.128","5.847","5.954","4.750"
"IMF.RES:WEO(9.0.0)","GNB.NGSD_NGDP.A","OBS_VALUE","Guinea-Bissau","Gross national savings, Percent of GDP","Annual","Units","18.384","15.683","7.613","14.987","17.511","9.448","8.633","10.039","10.804","10.962"
"IMF.RES:WEO(9.0.0)","CIV.NGDPD.A","OBS_VALUE","Côte d'Ivoire","Gross domestic product (GDP), Current prices, US dollar","Annual","Billions","52.512","58.522","60.383","63.119","72.833","71.075","80.792","87.132","98.885","112.115"
"IMF.RES:WEO(9.0.0)","GNB.NID_NGDP.A","OBS_VALUE","Guinea-Bissau","Gross capital formation, Percent of GDP","Annual","Units","18.121","19.167","16.157","17.545","18.330","18.073","17.224","17.450","16.967","17.280"
"IMF.RES:WEO(9.0.0)","GIN.PPPGDP.A","OBS_VALUE","Guinea","Gross domestic product (GDP), Current prices, Purchasing power parity (PPP) international dollar, ICP benchmarks 2017-2021","Annual","Billions","33.281","36.138","40.482","44.551","51.261","57.088","62.895","68.371","75.012","83.856"
"IMF.RES:WEO(9.0.0)","GNB.NGDP_RPCH.A","OBS_VALUE","Guinea-Bissau","Gross domestic product (GDP), Constant prices, Percent change","Annual","Units","4.789","3.762","4.500","1.500","6.200","4.600","5.200","4.800","5.500","4.900"
"IMF.RES:WEO(9.0.0)","GHA.PPPGDP.A","OBS_VALUE","Ghana","Gross domestic product (GDP), Current prices, Purchasing power parity (PPP) international dollar, ICP benchmarks 2017-2021","Annual","Billions","155.172","169.625","187.633","192.835","214.867","238.935","255.525","277.182","302.017","325.428"
"IMF.RES:WEO(9.0.0)","GIN.NGSD_NGDP.A","OBS_VALUE","Guinea","Gross national savings, Percent of GDP","Annual","Units","5.229","1.177","1.802","1.127","21.973","11.681","6.203","0.590","-6.956","11.695"
"IMF.RES:WEO(9.0.0)","MWI.NGDP_RPCH.A","OBS_VALUE","Malawi","Gross domestic product (GDP), Constant prices, Percent change","Annual","Units","4.000","4.392","5.448","1.013","4.558","0.921","1.946","1.673","2.087","2.227"
"IMF.RES:WEO(9.0.0)","MWI.NGDPD.A","OBS_VALUE","Malawi","Gross domestic product (GDP), Current prices, US dollar","Annual","Billions","8.943","9.882","11.031","11.847","12.475","12.531","13.439","11.790","15.047","18.152"
"IMF.RES:WEO(9.0.0)","LBY.NID_NGDP.A","OBS_VALUE","Libya","Gross capital formation, Percent of GDP","Annual","Units","13.708","15.134","14.163","28.546","27.044","28.576","27.112","26.215","28.056","26.172"
"IMF.RES:WEO(9.0.0)","MWI.PPPGDP.A","OBS_VALUE","Malawi","Gross domestic product (GDP), Current prices, Purchasing power parity (PPP) international dollar, ICP benchmarks 2017-2021","Annual","Billions","24.899","25.272","27.521","29.543","33.832","36.572","38.663","40.286","42.293","44.473"
"IMF.RES:WEO(9.0.0)","MWI.NGSD_NGDP.A","OBS_VALUE","Malawi","Gross national savings, Percent of GDP","Annual","Units","-5.946","-4.155","-4.731","-6.567","-6.159","-4.811","-3.884","-5.852","-4.213","-5.156"
"IMF.RES:WEO(9.0.0)","MWI.NID_NGDP.A","OBS_VALUE","Malawi","Gross capital formation, Percent of GDP","Annual","Units","9.584","7.889","7.880","7.525","9.061","13.387","11.753","12.627","12.258","10.256"
"IMF.RES:WEO(9.0.0)","KEN.NGDPD.A","OBS_VALUE","Kenya","Gross domestic product (GDP), Current prices, US dollar","Annual","Billions","81.965","92.211","100.328","100.922","109.875","114.733","108.206","119.307","136.455","147.265"
"IMF.RES:WEO(9.0.0)","KEN.NGSD_NGDP.A","OBS_VALUE","Kenya","Gross national savings, Percent of GDP","Annual","Units","15.086","15.395","17.103","15.992","15.262","14.014","12.965","14.502","15.030","13.728"
"IMF.RES:WEO(9.0.0)","MDG.NGDPD.A","OBS_VALUE","Madagascar, Republic of","Gross domestic product (GDP), Current prices, US dollar","Annual","Billions","13.176","13.760","14.105","13.051","14.355","15.342","16.037","17.593","19.556","21.185"
"IMF.RES:WEO(9.0.0)","LSO.NGDP_RPCH.A","OBS_VALUE","Lesotho, Kingdom of","Gross domestic product (GDP), Constant prices, Percent change","Annual","Units","-3.341","-1.262","-1.755","-8.633","4.620","1.642","2.499","4.900","1.385","1.111"
"IMF.RES:WEO(9.0.0)","KEN.NGDP_RPCH.A","OBS_VALUE","Kenya","Gross domestic product (GDP), Constant prices, Percent change","Annual","Units","3.816","5.671","5.114","-0.273","7.590","4.860","5.720","4.725","4.880","4.474"
"IMF.RES:WEO(9.0.0)","LBR.NGDPD.A","OBS_VALUE","Liberia","Gross domestic product (GDP), Current prices, US dollar","Annual","Billions","3.321","3.264","3.080","3.037","3.509","3.974","4.390","4.778","5.216","5.642"
"IMF.RES:WEO(9.0.0)","LSO.NGDPD.A","OBS_VALUE","Lesotho, Kingdom of","Gross domestic product (GDP), Current prices, US dollar","Annual","Billions","2.424","2.472","2.323","2.092","2.443","2.275","2.227","2.514","2.854","2.972"
"IMF.RES:WEO(9.0.0)","CIV.NID_NGDP.A","OBS_VALUE","Côte d'Ivoire","Gross capital formation, Percent of GDP","Annual","Units","20.819","22.253","21.990","21.743","23.575","27.485","24.544","20.870","21.399","22.002"
"IMF.RES:WEO(9.0.0)","CIV.PPPGDP.A","OBS_VALUE","Côte d'Ivoire","Gross domestic product (GDP), Current prices, Purchasing power parity (PPP) international dollar, ICP benchmarks 2017-2021","Annual","Billions","125.384","135.828","155.524","160.303","179.178","204.205","225.737","245.266","268.619","293.446"
"IMF.RES:WEO(9.0.0)","LSO.PPPGDP.A","OBS_VALUE","Lesotho, Kingdom of","Gross domestic product (GDP), Current prices, Purchasing power parity (PPP) international dollar, ICP benchmarks 2017-2021","Annual","Billions","5.791","5.778","5.644","5.795","5.858","6.378","6.779","7.288","7.598","7.903"
"IMF.RES:WEO(9.0.0)","LBR.NGDP_RPCH.A","OBS_VALUE","Liberia","Gross domestic product (GDP), Constant prices, Percent change","Annual","Units","2.469","1.242","-2.516","-2.967","5.011","4.811","4.587","4.014","5.140","5.111"
"IMF.RES:WEO(9.0.0)","MRT.NGSD_NGDP.A","OBS_VALUE","Mauritania, Islamic Republic of","Gross national savings, Percent of GDP","Annual","Units","32.031","33.173","35.836","38.733","36.577","29.972","31.976","35.352","35.710","37.625"
"IMF.RES:WEO(9.0.0)","MLI.NID_NGDP.A","OBS_VALUE","Mali","Gross capital formation, Percent of GDP","Annual","Units","24.941","23.891","25.882","19.907","23.156","20.269","19.259","16.141","14.943","14.995"
"IMF.RES:WEO(9.0.0)","MRT.NGDPD.A","OBS_VALUE","Mauritania, Islamic Republic of","Gross domestic product (GDP), Current prices, US dollar","Annual","Billions","6.826","7.472","7.894","8.464","9.126","9.564","10.724","11.003","12.289","14.352"
"IMF.RES:WEO(9.0.0)","MAR.NGDPD.A","OBS_VALUE","Morocco","Gross domestic product (GDP), Current prices, US dollar","Annual","Billions","118.541","127.341","128.920","121.354","142.022","131.245","146.057","160.606","182.587","194.333"
"IMF.RES:WEO(9.0.0)","MUS.NGSD_NGDP.A","OBS_VALUE","Mauritius","Gross national savings, Percent of GDP","Annual","Units","22.037","22.381","21.492","11.575","12.622","17.142","22.382","21.508","19.152","18.265"
"IMF.RES:WEO(9.0.0)","MLI.NGDPD.A","OBS_VALUE","Mali","Gross domestic product (GDP), Current prices, US dollar","Annual","Billions","18.334","20.418","20.521","20.777","23.061","22.657","24.817","26.777","30.050","33.847"
"IMF.RES:WEO(9.0.0)","MRT.PPPGDP.A","OBS_VALUE","Mauritania, Islamic Republic of","Gross domestic product (GDP), Current prices, Purchasing power parity (PPP) international dollar, ICP benchmarks 2017-2021","Annual","Billions","22.540","23.550","25.064","26.408","27.635","31.613","35.015","38.147","40.883","43.912"
"IMF.RES:WEO(9.0.0)","MUS.NGDP_RPCH.A","OBS_VALUE","Mauritius","Gross domestic product (GDP), Constant prices, Percent change","Annual","Units","3.938","4.007","2.891","-14.547","3.404","8.693","5.008","4.925","3.100","3.400"
"IMF.RES:WEO(9.0.0)","MDG.NGSD_NGDP.A","OBS_VALUE","Madagascar, Republic of","Gross national savings, Percent of GDP","Annual","Units","15.385","21.419","20.395","12.340","11.463","15.266","17.403","17.224","16.584","17.608"
"IMF.RES:WEO(9.0.0)","LBR.PPPGDP.A","OBS_VALUE","Liberia","Gross domestic product (GDP), Current prices, Purchasing power parity (PPP) international dollar, ICP benchmarks 2017-2021","Annual","Billions","7.914","8.496","8.890","8.168","8.084","9.076","9.843","10.492","11.344","12.266"
"IMF.RES:WEO(9.0.0)","LBY.NGDP_RPCH.A","OBS_VALUE","Libya","Gross domestic product (GDP), Constant prices, Percent change","Annual","Units","32.492","7.941","-11.196","-29.456","27.331","-8.625","10.474","4.190","15.871","6.720"
"IMF.RES:WEO(9.0.0)","LBY.PPPGDP.A","OBS_VALUE","Libya","Gross domestic product (GDP), Current prices, Purchasing power parity (PPP) international dollar, ICP benchmarks 2017-2021","Annual","Billions","121.473","129.306","112.565","77.181","90.199","88.281","101.137","107.990","128.679","141.260"
"IMF.RES:WEO(9.0.0)","MDG.PPPGDP.A","OBS_VALUE","Madagascar, Republic of","Gross domestic product (GDP), Current prices, Purchasing power parity (PPP) international dollar, ICP benchmarks 2017-2021","Annual","Billions","41.438","42.524","45.498","43.150","46.836","52.242","56.468","60.371","63.844","68.061"
"IMF.RES:WEO(9.0.0)","LBY.NGDPD.A","OBS_VALUE","Libya","Gross domestic product (GDP), Current prices, US dollar","Annual","Billions","67.153","76.682","69.237","46.893","35.216","43.281","43.958","49.349","44.732","52.453"
"IMF.RES:WEO(9.0.0)","MDG.NID_NGDP.A","OBS_VALUE","Madagascar, Republic of","Gross capital formation, Percent of GDP","Annual","Units","15.806","20.703","22.684","17.715","16.389","20.617","21.416","22.524","22.375","25.560"
"IMF.RES:WEO(9.0.0)","MDG.NGDP_RPCH.A","OBS_VALUE","Madagascar, Republic of","Gross domestic product (GDP), Constant prices, Percent change","Annual","Units","3.933","3.194","4.411","-7.138","4.651","4.138","4.231","4.323","2.835","3.636"
"IMF.RES:WEO(9.0.0)","MAR.NID_NGDP.A","OBS_VALUE","Morocco","Gross capital formation, Percent of GDP","Annual","Units","31.456","31.941","30.421","28.620","30.513","30.287","28.835","29.923","27.046","26.141"
"IMF.RES:WEO(9.0.0)","NER.NID_NGDP.A","OBS_VALUE","Niger","Gross capital formation, Percent of GDP","Annual","Units","26.221","29.025","30.233","31.222","31.823","27.324","23.895","19.806","22.202","23.190"
"IMF.RES:WEO(9.0.0)","MAR.NGSD_NGDP.A","OBS_VALUE","Morocco","Gross national savings, Percent of GDP","Annual","Units","28.293","27.058","27.000","27.454","28.168","26.738","27.787","28.762","24.966","23.082"
"IMF.RES:WEO(9.0.0)","NGA.NGSD_NGDP.A","OBS_VALUE","Nigeria","Gross national savings, Percent of GDP","Annual","Units","13.665","15.389","18.336","18.389","18.699","18.635","18.870","23.611","22.766","26.427"
"IMF.RES:WEO(9.0.0)","MOZ.NGDP_RPCH.A","OBS_VALUE","Mozambique, Republic of","Gross domestic product (GDP), Constant prices, Percent change","Annual","Units","2.638","3.485","2.318","-1.220","2.377","4.369","5.504","2.149","-0.524","0.519"
"IMF.RES:WEO(9.0.0)","NGA.NGDP_RPCH.A","OBS_VALUE","Nigeria","Gross domestic product (GDP), Constant prices, Percent change","Annual","Units","0.806","1.923","2.208","-6.369","1.109","4.319","3.316","4.071","4.013","4.058"
"IMF.RES:WEO(9.0.0)","MUS.NGDPD.A","OBS_VALUE","Mauritius","Gross domestic product (GDP), Current prices, US dollar","Annual","Billions","13.714","14.736","14.436","11.408","11.484","12.908","14.101","14.986","16.126","17.119"
"IMF.RES:WEO(9.0.0)","MLI.NGDP_RPCH.A","OBS_VALUE","Mali","Gross domestic product (GDP), Constant prices, Percent change","Annual","Units","5.376","4.868","5.000","-1.169","3.101","3.735","4.698","5.017","4.900","5.500"
"IMF.RES:WEO(9.0.0)","MLI.PPPGDP.A","OBS_VALUE","Mali","Gross domestic product (GDP), Current prices, Purchasing power parity (PPP) international dollar, ICP benchmarks 2017-2021","Annual","Billions","51.736","54.984","59.534","59.279","62.738","69.709","75.684","81.454","87.869","95.358"
"IMF.RES:WEO(9.0.0)","MUS.PPPGDP.A","OBS_VALUE","Mauritius","Gross domestic product (GDP), Current prices, Purchasing power parity (PPP) international dollar, ICP benchmarks 2017-2021","Annual","Billions","28.581","29.195","30.418","26.999","28.793","33.522","36.504","39.252","41.617","44.265"
"IMF.RES:WEO(9.0.0)","MLI.NGSD_NGDP.A","OBS_VALUE","Mali","Gross national savings, Percent of GDP","Annual","Units","19.398","20.348","20.173","18.541","17.212","14.151","13.181","12.158","14.103","13.506"
"IMF.RES:WEO(9.0.0)","MRT.NID_NGDP.A","OBS_VALUE","Mauritania, Islamic Republic of","Gross capital formation, Percent of GDP","Annual","Units","37.883","46.433","40.011","38.659","40.616","49.068","44.544","43.082","40.464","42.640"
"IMF.RES:WEO(9.0.0)","MRT.NGDP_RPCH.A","OBS_VALUE","Mauritania, Islamic Republic of","Gross domestic product (GDP), Constant prices, Percent change","Annual","Units","6.271","4.773","3.146","-0.429","0.737","6.796","6.809","6.308","4.215","4.417"
"IMF.RES:WEO(9.0.0)","MUS.NID_NGDP.A","OBS_VALUE","Mauritius","Gross capital formation, Percent of GDP","Annual","Units","17.668","18.873","19.436","18.215","19.793","20.456","19.883","21.143","26.506","26.151"
"IMF.RES:WEO(9.0.0)","NGA.PPPGDP.A","OBS_VALUE","Nigeria","Gross domestic product (GDP), Current prices, Purchasing power parity (PPP) international dollar, ICP benchmarks 2017-2021","Annual","Billions","1409.126","1466.987","1581.909","1586.734","1658.305","1852.964","1985.240","2117.351","2264.803","2424.223"
"IMF.RES:WEO(9.0.0)","RWA.NGDP_RPCH.A","OBS_VALUE","Rwanda","Gross domestic product (GDP), Constant prices, Percent change","Annual","Units","4.708","8.066","9.282","-2.779","8.417","9.810","8.560","7.207","6.978","7.233"
"IMF.RES:WEO(9.0.0)","STP.NGDP_RPCH.A","OBS_VALUE","São Tomé and Príncipe, Democratic Republic of","Gross domestic product (GDP), Constant prices, Percent change","Annual","Units","4.113","4.378","2.014","2.625","1.899","0.169","0.372","1.110","2.100","3.400"
"IMF.RES:WEO(9.0.0)","STP.NID_NGDP.A","OBS_VALUE","São Tomé and Príncipe, Democratic Republic of","Gross capital formation, Percent of GDP","Annual","Units","29.323","22.734","23.088","18.385","28.049","38.045","21.947","24.798","22.024","21.332"
"IMF.RES:WEO(9.0.0)","STP.NGSD_NGDP.A","OBS_VALUE","São Tomé and Príncipe, Democratic Republic of","Gross national savings, Percent of GDP","Annual","Units","15.564","9.792","10.310","7.192","14.993","23.533","9.653","22.573","15.723","16.602"
"IMF.RES:WEO(9.0.0)","RWA.NGSD_NGDP.A","OBS_VALUE","Rwanda","Gross national savings, Percent of GDP","Annual","Units","14.286","12.227","15.329","12.034","16.236","16.720","12.208","13.818","15.254","15.231"
"IMF.RES:WEO(9.0.0)","RWA.NID_NGDP.A","OBS_VALUE","Rwanda","Gross capital formation, Percent of GDP","Annual","Units","23.837","22.328","27.031","23.737","26.967","25.736","23.584","25.914","28.206","28.611"
"IMF.RES:WEO(9.0.0)","ZWE.NGDP_RPCH.A","OBS_VALUE","Zimbabwe","Gross domestic product (GDP), Constant prices, Percent change","Annual","Units","5.203","5.010","-6.332","-7.817","8.468","6.139","5.337","1.742","7.540","4.972"
"IMF.RES:WEO(9.0.0)","STP.NGDPD.A","OBS_VALUE","São Tomé and Príncipe, Democratic Republic of","Gross domestic product (GDP), Current prices, US dollar","Annual","Billions","0.325","0.387","0.416","0.476","0.529","0.546","0.696","0.828","0.981","1.161"
"IMF.RES:WEO(9.0.0)","NER.NGDPD.A","OBS_VALUE","Niger","Gross domestic product (GDP), Current prices, US dollar","Annual","Billions","11.181","12.814","12.917","13.764","14.923","15.458","16.809","19.866","21.836","24.813"
"IMF.RES:WEO(9.0.0)","MOZ.NID_NGDP.A","OBS_VALUE","Mozambique, Republic of","Gross capital formation, Percent of GDP","Annual","Units","32.204","45.981","40.846","44.827","40.369","43.204","19.535","17.660","22.909","48.704"
"IMF.RES:WEO(9.0.0)","NER.PPPGDP.A","OBS_VALUE","Niger","Gross domestic product (GDP), Current prices, Purchasing power parity (PPP) international dollar, ICP benchmarks 2017-2021","Annual","Billions","25.897","28.249","32.635","35.500","38.850","46.550","49.418","55.862","61.410","67.419"
"IMF.RES:WEO(9.0.0)","NER.NGSD_NGDP.A","OBS_VALUE","Niger","Gross national savings, Percent of GDP","Annual","Units","14.725","16.340","17.986","17.999","17.760","11.107","9.959","14.179","17.209","17.053"
"IMF.RES:WEO(9.0.0)","MAR.PPPGDP.A","OBS_VALUE","Morocco","Gross domestic product (GDP), Current prices, Purchasing power parity (PPP) international dollar, ICP benchmarks 2017-2021","Annual","Billions","291.814","283.691","295.694","286.109","323.485","352.774","379.200","403.355","435.122","469.394"
"IMF.RES:WEO(9.0.0)","MAR.NGDP_RPCH.A","OBS_VALUE","Morocco","Gross domestic product (GDP), Constant prices, Percent change","Annual","Units","5.058","3.066","2.891","-7.178","8.155","1.813","3.656","3.793","4.900","4.872"
"IMF.RES:WEO(9.0.0)","NGA.NGDPD.A","OBS_VALUE","Nigeria","Gross domestic product (GDP), Current prices, US dollar","Annual","Billions","529.144","593.897","668.219","598.725","609.479","645.682","487.347","252.109","290.491","377.365"
"IMF.RES:WEO(9.0.0)","MOZ.NGSD_NGDP.A","OBS_VALUE","Mozambique, Republic of","Gross national savings, Percent of GDP","Annual","Units","12.712","16.513","24.708","18.306","19.177","9.488","8.985","6.699","8.697","5.660"
"IMF.RES:WEO(9.0.0)","NER.NGDP_RPCH.A","OBS_VALUE","Niger","Gross domestic product (GDP), Constant prices, Percent change","Annual","Units","5.001","7.007","6.143","3.550","1.361","11.862","2.375","10.300","6.900","6.728"
"IMF.RES:WEO(9.0.0)","MOZ.NGDPD.A","OBS_VALUE","Mozambique, Republic of","Gross domestic product (GDP), Current prices, US dollar","Annual","Billions","13.265","15.017","15.513","14.235","16.168","18.884","20.921","22.745","22.338","23.275"
"IMF.RES:WEO(9.0.0)","MOZ.PPPGDP.A","OBS_VALUE","Mozambique, Republic of","Gross domestic product (GDP), Current prices, Purchasing power parity (PPP) international dollar, ICP benchmarks 2017-2021","Annual","Billions","36.130","38.467","41.503","43.455","46.206","51.655","56.514","59.162","60.521","62.578"
"IMF.RES:WEO(9.0.0)","SLE.PPPGDP.A","OBS_VALUE","Sierra Leone","Gross domestic product (GDP), Current prices, Purchasing power parity (PPP) international dollar, ICP benchmarks 2017-2021","Annual","Billions","18.690","19.948","20.908","21.516","23.065","26.018","28.521","30.484","32.721","35.190"
"IMF.RES:WEO(9.0.0)","SEN.NID_NGDP.A","OBS_VALUE","Senegal","Gross capital formation, Percent of GDP","Annual","Units","29.617","32.451","31.772","35.415","38.121","45.074","41.677","36.175","29.069","26.552"
"IMF.RES:WEO(9.0.0)","SLE.NGSD_NGDP.A","OBS_VALUE","Sierra Leone","Gross national savings, Percent of GDP","Annual","Units","0.208","6.362","8.233","9.498","6.804","8.528","10.232","13.563","12.276","15.448"
"IMF.RES:WEO(9.0.0)","SLE.NGDPD.A","OBS_VALUE","Sierra Leone","Gross domestic product (GDP), Current prices, US dollar","Annual","Billions","5.823","6.390","6.519","6.682","7.166","7.121","6.401","6.970","7.710","8.270"
"IMF.RES:WEO(9.0.0)","SYC.NGDP_RPCH.A","OBS_VALUE","Seychelles","Gross domestic product (GDP), Constant prices, Percent change","Annual","Units","6.955","4.939","5.516","-11.752","0.565","9.877","5.176","3.351","5.092","1.521"
"IMF.RES:WEO(9.0.0)","SEN.NGDPD.A","OBS_VALUE","Senegal","Gross domestic product (GDP), Current prices, US dollar","Annual","Billions","20.989","23.127","23.405","24.566","27.535","27.843","30.701","32.829","37.116","40.469"
"IMF.RES:WEO(9.0.0)","STP.PPPGDP.A","OBS_VALUE","São Tomé and Príncipe, Democratic Republic of","Gross domestic product (GDP), Current prices, Purchasing power parity (PPP) international dollar, ICP benchmarks 2017-2021","Annual","Billions","0.711","0.828","0.993","1.119","1.272","1.365","1.421","1.472","1.546","1.644"
"IMF.RES:WEO(9.0.0)","ZWE.PPPGDP.A","OBS_VALUE","Zimbabwe","Gross domestic product (GDP), Current prices, Purchasing power parity (PPP) international dollar, ICP benchmarks 2017-2021","Annual","Billions","63.379","62.043","75.853","81.074","96.802","110.052","120.215","125.346","138.621","149.683"
"IMF.RES:WEO(9.0.0)","RWA.PPPGDP.A","OBS_VALUE","Rwanda","Gross domestic product (GDP), Current prices, Purchasing power parity (PPP) international dollar, ICP benchmarks 2017-2021","Annual","Billions","23.784","26.578","30.337","30.774","37.080","43.613","49.098","53.943","59.345","65.461"
"IMF.RES:WEO(9.0.0)","RWA.NGDPD.A","OBS_VALUE","Rwanda","Gross domestic product (GDP), Current prices, US dollar","Annual","Billions","9.165","9.651","10.519","10.488","11.250","13.744","14.805","15.111","15.973","17.336"
"IMF.RES:WEO(9.0.0)","ZWE.NGDPD.A","OBS_VALUE","Zimbabwe","Gross domestic product (GDP), Current prices, US dollar","Annual","Billions","31.018","53.914","39.776","39.962","52.413","48.570","44.372","49.154","53.474","56.713"
"IMF.RES:WEO(9.0.0)","SDN.NGDPD.A","OBS_VALUE","Sudan","Gross domestic product (GDP), Current prices, US dollar","Annual","Billions","48.906","33.590","31.484","35.215","35.131","33.462","36.947","29.156","39.718","44.688"
"IMF.RES:WEO(9.0.0)","SSD.NID_NGDP.A","OBS_VALUE","South Sudan, Republic of","Gross capital formation, Percent of GDP","Annual","Units","9.408","14.586","19.736","35.994","61.085","46.468","26.423","14.456","11.778","19.783"
"IMF.RES:WEO(9.0.0)","SSD.NGDPD.A","OBS_VALUE","South Sudan, Republic of","Gross domestic product (GDP), Current prices, US dollar","Annual","Billions","2.736","2.559","4.044","5.423","5.940","7.533","7.401","4.637","5.733","6.069"
"IMF.RES:WEO(9.0.0)","NAM.PPPGDP.A","OBS_VALUE","Namibia","Gross domestic product (GDP), Current prices, Purchasing power parity (PPP) international dollar, ICP benchmarks 2017-2021","Annual","Billions","24.788","25.396","25.470","25.525","27.288","30.807","33.366","35.463","37.359","39.350"
"IMF.RES:WEO(9.0.0)","SDN.NGDP_RPCH.A","OBS_VALUE","Sudan","Gross domestic product (GDP), Constant prices, Percent change","Annual","Units","0.768","-2.290","-2.500","-3.630","0.500","-2.500","-20.755","-23.363","3.225","0.713"
"IMF.RES:WEO(9.0.0)","NAM.NGDP_RPCH.A","OBS_VALUE","Namibia","Gross domestic product (GDP), Constant prices, Percent change","Annual","Units","-1.027","1.060","-0.839","-8.101","3.604","5.399","4.443","3.712","2.440","2.396"
"IMF.RES:WEO(9.0.0)","SDN.PPPGDP.A","OBS_VALUE","Sudan","Gross domestic product (GDP), Current prices, Purchasing power parity (PPP) international dollar, ICP benchmarks 2017-2021","Annual","Billions","185.698","192.299","183.587","197.404","171.047","178.632","146.795","115.292","122.386","126.791"
"IMF.RES:WEO(9.0.0)","NAM.NGDPD.A","OBS_VALUE","Namibia","Gross domestic product (GDP), Current prices, US dollar","Annual","Billions","12.883","13.676","12.539","10.583","12.399","12.564","12.402","13.370","14.826","17.314"
"IMF.RES:WEO(9.0.0)","SOM.NGDPD.A","OBS_VALUE","Somalia","Gross domestic product (GDP), Current prices, US dollar","Annual","Billions","8.252","7.873","8.655","8.628","9.484","10.203","10.969","12.161","12.956","14.174"
"IMF.RES:WEO(9.0.0)","SLE.NGDP_RPCH.A","OBS_VALUE","Sierra Leone","Gross domestic product (GDP), Constant prices, Percent change","Annual","Units","3.941","3.405","5.503","-1.253","5.896","5.313","5.711","4.293","4.377","4.550"
"IMF.RES:WEO(9.0.0)","SYC.PPPGDP.A","OBS_VALUE","Seychelles","Gross domestic product (GDP), Current prices, Purchasing power parity (PPP) international dollar, ICP benchmarks 2017-2021","Annual","Billions","2.940","3.105","3.341","3.058","2.976","3.502","3.820","4.046","4.372","4.566"
"IMF.RES:WEO(9.0.0)","SEN.PPPGDP.A","OBS_VALUE","Senegal","Gross domestic product (GDP), Current prices, Purchasing power parity (PPP) international dollar, ICP benchmarks 2017-2021","Annual","Billions","50.052","53.794","59.655","63.009","71.874","79.951","86.439","94.026","104.313","109.634"
"IMF.RES:WEO(9.0.0)","SEN.NGSD_NGDP.A","OBS_VALUE","Senegal","Gross national savings, Percent of GDP","Annual","Units","22.341","23.642","23.854","23.543","26.031","25.126","21.897","24.896","23.476","20.337"
"IMF.RES:WEO(9.0.0)","SYC.NGDPD.A","OBS_VALUE","Seychelles","Gross domestic product (GDP), Current prices, US dollar","Annual","Billions","1.675","1.776","1.867","1.384","1.490","2.000","2.172","2.229","2.318","2.251"
"IMF.RES:WEO(9.0.0)","SEN.NGDP_RPCH.A","OBS_VALUE","Senegal","Gross domestic product (GDP), Constant prices, Percent change","Annual","Units","7.407","6.209","4.614","1.342","6.544","3.850","4.257","6.143","7.881","2.173"
"IMF.RES:WEO(9.0.0)","SYC.NGSD_NGDP.A","OBS_VALUE","Seychelles","Gross national savings, Percent of GDP","Annual","Units","30.106","26.016","24.071","9.221","15.014","15.499","18.312","16.029","17.970","17.321"
"IMF.RES:WEO(9.0.0)","SYC.NID_NGDP.A","OBS_VALUE","Seychelles","Gross capital formation, Percent of GDP","Annual","Units","29.826","28.368","26.918","21.741","25.511","23.097","24.719","23.912","24.424","25.140"
"IMF.RES:WEO(9.0.0)","SOM.NGDP_RPCH.A","OBS_VALUE","Somalia","Gross domestic product (GDP), Constant prices, Percent change","Annual","Units","9.500","1.400","2.824","-2.752","3.458","2.727","4.216","4.100","3.000","2.600"
"IMF.RES:WEO(9.0.0)","SLE.NID_NGDP.A","OBS_VALUE","Sierra Leone","Gross capital formation, Percent of GDP","Annual","Units","11.879","15.617","16.026","15.341","14.100","14.877","19.705","20.456","17.358","18.714"
"IMF.RES:WEO(9.0.0)","SWZ.PPPGDP.A","OBS_VALUE","Eswatini, Kingdom of","Gross domestic product (GDP), Current prices, Purchasing power parity (PPP) international dollar, ICP benchmarks 2017-2021","Annual","Billions","9.942","9.977","10.912","11.127","12.054","12.962","13.916","14.686","15.648","16.746"
"IMF.RES:WEO(9.0.0)","TZA.NGDP_RPCH.A","OBS_VALUE","Tanzania, United Republic of","Gross domestic product (GDP), Constant prices, Percent change","Annual","Units","6.727","7.028","6.915","4.535","4.838","4.665","5.150","5.463","5.876","5.940"
"IMF.RES:WEO(9.0.0)","TUN.NGDPD.A","OBS_VALUE","Tunisia","Gross domestic product (GDP), Current prices, US dollar","Annual","Billions","42.167","42.687","41.905","42.494","46.813","44.596","48.540","51.331","57.589","60.745"
"IMF.RES:WEO(9.0.0)","SWZ.NGSD_NGDP.A","OBS_VALUE","Eswatini, Kingdom of","Gross national savings, Percent of GDP","Annual","Units","22.358","18.478","21.448","21.725","19.942","12.329","18.258","17.683","14.401","12.706"
"IMF.RES:WEO(9.0.0)","TZA.NID_NGDP.A","OBS_VALUE","Tanzania, United Republic of","Gross capital formation, Percent of GDP","Annual","Units","33.262","32.775","34.268","38.484","40.795","39.261","37.068","37.067","36.199","35.226"
"IMF.RES:WEO(9.0.0)","SWZ.NID_NGDP.A","OBS_VALUE","Eswatini, Kingdom of","Gross capital formation, Percent of GDP","Annual","Units","16.196","17.127","17.661","14.922","17.299","15.055","16.089","16.070","14.965","14.483"
"IMF.RES:WEO(9.0.0)","NAM.NID_NGDP.A","OBS_VALUE","Namibia","Gross capital formation, Percent of GDP","Annual","Units","17.708","14.860","15.276","14.158","17.503","20.107","28.026","24.600","22.587","21.115"
"IMF.RES:WEO(9.0.0)","NAM.NGSD_NGDP.A","OBS_VALUE","Namibia","Gross national savings, Percent of GDP","Annual","Units","13.318","11.411","13.553","18.043","6.705","7.537","12.877","10.436","9.410","5.460"
"IMF.RES:WEO(9.0.0)","SSD.NGSD_NGDP.A","OBS_VALUE","South Sudan, Republic of","Gross national savings, Percent of GDP","Annual","Units","19.704","2.256","14.940","4.326","60.975","38.546","7.979","68.148","7.735","22.970"
"IMF.RES:WEO(9.0.0)","SSD.PPPGDP.A","OBS_VALUE","South Sudan, Republic of","Gross domestic product (GDP), Current prices, Purchasing power parity (PPP) international dollar, ICP benchmarks 2017-2021","Annual","Billions","8.360","6.088","7.797","8.622","14.500","14.726","15.726","11.903","17.883","19.157"
"IMF.RES:WEO(9.0.0)","SDN.NGSD_NGDP.A","OBS_VALUE","Sudan","Gross national savings, Percent of GDP","Annual","Units","1.104","-0.307","-5.235","-6.587","2.342","-2.339","-0.258","0.023","-4.570","-0.509"
"IMF.RES:WEO(9.0.0)","SOM.PPPGDP.A","OBS_VALUE","Somalia","Gross domestic product (GDP), Current prices, Purchasing power parity (PPP) international dollar, ICP benchmarks 2017-2021","Annual","Billions","25.791","23.975","24.817","24.215","24.050","26.463","28.599","30.511","32.318","34.108"
"IMF.RES:WEO(9.0.0)","SSD.NGDP_RPCH.A","OBS_VALUE","South Sudan, Republic of","Gross domestic product (GDP), Constant prices, Percent change","Annual","Units","-5.794","-2.149","0.856","-6.494","5.329","-5.186","2.980","-26.141","46.094","4.141"
"IMF.RES:WEO(9.0.0)","ZMB.NID_NGDP.A","OBS_VALUE","Zambia","Gross capital formation, Percent of GDP","Annual","Units","41.002","38.586","39.262","32.245","31.367","26.981","31.445","31.153","33.097","33.893"
"IMF.RES:WEO(9.0.0)","UGA.NGSD_NGDP.A","OBS_VALUE","Uganda","Gross national savings, Percent of GDP","Annual","Units","19.703","18.857","17.878","14.714","15.672","15.640","15.047","15.275","16.985","19.654"
"IMF.RES:WEO(9.0.0)","BFA.PPPGDP.A","OBS_VALUE","Burkina Faso","Gross domestic product (GDP), Current prices, Purchasing power parity (PPP) international dollar, ICP benchmarks 2017-2021","Annual","Billions","40.610","42.426","46.961","51.385","54.690","59.532","63.587","68.294","73.739","79.537"
"IMF.RES:WEO(9.0.0)","ZMB.PPPGDP.A","OBS_VALUE","Zambia","Gross domestic product (GDP), Current prices, Purchasing power parity (PPP) international dollar, ICP benchmarks 2017-2021","Annual","Billions","59.154","61.870","62.233","60.176","68.672","77.390","84.561","89.971","96.000","102.983"
"IMF.RES:WEO(9.0.0)","TUN.NGSD_NGDP.A","OBS_VALUE","Tunisia","Gross national savings, Percent of GDP","Annual","Units","11.619","12.164","11.719","6.720","9.965","7.802","5.860","6.246","7.944","6.203"
"IMF.RES:WEO(9.0.0)","UGA.NGDP_RPCH.A","OBS_VALUE","Uganda","Gross domestic product (GDP), Constant prices, Percent change","Annual","Units","6.795","5.568","7.626","-1.151","5.517","6.177","5.009","5.998","6.725","7.508"
"IMF.RES:WEO(9.0.0)","BFA.NGDP_RPCH.A","OBS_VALUE","Burkina Faso","Gross domestic product (GDP), Constant prices, Percent change","Annual","Units","6.203","6.605","5.889","2.011","6.943","1.627","3.000","4.800","4.995","4.858"
"IMF.RES:WEO(9.0.0)","TGO.NGDPD.A","OBS_VALUE","Togo","Gross domestic product (GDP), Current prices, US dollar","Annual","Billions","6.385","7.032","6.993","7.497","8.546","8.665","9.725","10.644","11.899","13.437"
"IMF.RES:WEO(9.0.0)","TZA.NGSD_NGDP.A","OBS_VALUE","Tanzania, United Republic of","Gross national savings, Percent of GDP","Annual","Units","30.512","28.557","31.988","36.183","37.282","31.868","33.417","34.367","33.757","32.968"
"IMF.RES:WEO(9.0.0)","TGO.NGSD_NGDP.A","OBS_VALUE","Togo","Gross national savings, Percent of GDP","Annual","Units","15.323","16.506","17.809","20.802","20.663","23.990","22.371","23.575","22.949","21.023"
"IMF.RES:WEO(9.0.0)","TZA.PPPGDP.A","OBS_VALUE","Tanzania, United Republic of","Gross domestic product (GDP), Current prices, Purchasing power parity (PPP) international dollar, ICP benchmarks 2017-2021","Annual","Billions","135.318","146.044","164.885","186.620","204.686","229.473","250.217","270.439","294.453","320.879"
"IMF.RES:WEO(9.0.0)","TZA.NGDPD.A","OBS_VALUE","Tanzania, United Republic of","Gross domestic product (GDP), Current prices, US dollar","Annual","Billions","54.000","54.775","58.797","63.373","67.964","74.173","78.368","79.236","87.344","94.889"
"IMF.RES:WEO(9.0.0)","TGO.NGDP_RPCH.A","OBS_VALUE","Togo","Gross domestic product (GDP), Constant prices, Percent change","Annual","Units","4.008","4.795","4.923","2.156","5.136","6.294","6.198","6.319","5.889","5.000"
"IMF.RES:WEO(9.0.0)","SWZ.NGDPD.A","OBS_VALUE","Eswatini, Kingdom of","Gross domestic product (GDP), Current prices, US dollar","Annual","Billions","4.467","4.644","4.617","4.136","4.807","4.747","4.621","4.855","5.166","5.792"
"IMF.RES:WEO(9.0.0)","TGO.PPPGDP.A","OBS_VALUE","Togo","Gross domestic product (GDP), Current prices, Purchasing power parity (PPP) international dollar, ICP benchmarks 2017-2021","Annual","Billions","15.998","17.071","18.743","20.669","23.428","26.674","29.376","32.007","34.853","37.644"
"IMF.RES:WEO(9.0.0)","SWZ.NGDP_RPCH.A","OBS_VALUE","Eswatini, Kingdom of","Gross domestic product (GDP), Constant prices, Percent change","Annual","Units","3.521","0.065","6.432","-2.952","4.236","0.386","3.533","2.974","3.613","4.037"
"IMF.RES:WEO(9.0.0)","TUN.NGDP_RPCH.A","OBS_VALUE","Tunisia","Gross domestic product (GDP), Constant prices, Percent change","Annual","Units","2.252","2.607","1.550","-8.975","4.736","2.674","0.240","1.636","2.493","2.113"
"IMF.RES:WEO(9.0.0)","TGO.NID_NGDP.A","OBS_VALUE","Togo","Gross capital formation, Percent of GDP","Annual","Units","16.836","19.136","18.602","21.079","22.849","27.269","24.047","26.011","23.965","24.201"
"IMF.RES:WEO(9.0.0)","SLB.NGSD_NGDP.A","OBS_VALUE","Solomon Islands","Gross national savings, Percent of GDP","Annual","Units","15.277","16.175","13.186","15.076","17.516","6.253","9.795","15.300","28.435","24.820"
"IMF.RES:WEO(9.0.0)","KIR.PPPGDP.A","OBS_VALUE","Kiribati","Gross domestic product (GDP), Current prices, Purchasing power parity (PPP) international dollar, ICP benchmarks 2017-2021","Annual","Billions","0.278","0.294","0.309","0.309","0.350","0.394","0.422","0.453","0.486","0.515"
"IMF.RES:WEO(9.0.0)","SLB.NGDPD.A","OBS_VALUE","Solomon Islands","Gross domestic product (GDP), Current prices, US dollar","Annual","Billions","1.470","1.615","1.619","1.536","1.558","1.467","1.506","1.584","1.704","1.836"
"IMF.RES:WEO(9.0.0)","KIR.NGDPD.A","OBS_VALUE","Kiribati","Gross domestic product (GDP), Current prices, US dollar","Annual","Billions","0.223","0.234","0.234","0.222","0.286","0.272","0.292","0.343","0.349","0.401"
"IMF.RES:WEO(9.0.0)","SLB.NID_NGDP.A","OBS_VALUE","Solomon Islands","Gross capital formation, Percent of GDP","Annual","Units","19.561","19.139","22.696","16.724","22.486","20.879","21.224","19.459","29.403","29.403"
"IMF.RES:WEO(9.0.0)","FJI.PPPGDP.A","OBS_VALUE","Fiji, Republic of","Gross domestic product (GDP), Current prices, Purchasing power parity (PPP) international dollar, ICP benchmarks 2017-2021","Annual","Billions","11.778","12.131","11.874","9.805","9.463","11.934","13.545","14.373","15.252","16.070"
"IMF.RES:WEO(9.0.0)","SLB.NGDP_RPCH.A","OBS_VALUE","Solomon Islands","Gross domestic product (GDP), Constant prices, Percent change","Annual","Units","3.075","2.746","1.749","-3.381","-0.228","-2.584","2.841","2.998","2.679","2.785"
"IMF.RES:WEO(9.0.0)","TUN.PPPGDP.A","OBS_VALUE","Tunisia","Gross domestic product (GDP), Current prices, Purchasing power parity (PPP) international dollar, ICP benchmarks 2017-2021","Annual","Billions","131.520","139.320","148.377","142.710","149.106","163.982","170.457","177.546","187.135","196.564"
"IMF.RES:WEO(9.0.0)","UGA.NID_NGDP.A","OBS_VALUE","Uganda","Gross capital formation, Percent of GDP","Annual","Units","24.456","24.964","24.825","24.211","24.093","24.237","22.596","22.621","23.219","23.597"
"IMF.RES:WEO(9.0.0)","ZMB.NGSD_NGDP.A","OBS_VALUE","Zambia","Gross national savings, Percent of GDP","Annual","Units","39.321","37.288","39.739","44.036","43.267","30.728","28.408","26.742","29.552","34.819"
"IMF.RES:WEO(9.0.0)","TUN.NID_NGDP.A","OBS_VALUE","Tunisia","Gross capital formation, Percent of GDP","Annual","Units","21.295","22.964","19.803","12.688","15.934","16.798","8.151","7.858","10.698","10.354"
"IMF.RES:WEO(9.0.0)","BFA.NGDPD.A","OBS_VALUE","Burkina Faso","Gross domestic product (GDP), Current prices, US dollar","Annual","Billions","14.094","15.916","16.092","17.837","19.708","18.662","20.116","23.130","27.140","32.513"
"IMF.RES:WEO(9.0.0)","UGA.NGDPD.A","OBS_VALUE","Uganda","Gross domestic product (GDP), Current prices, US dollar","Annual","Billions","31.589","34.127","37.895","37.889","42.805","47.272","52.038","57.061","66.014","73.370"
"IMF.RES:WEO(9.0.0)","ZMB.NGDPD.A","OBS_VALUE","Zambia","Gross domestic product (GDP), Current prices, US dollar","Annual","Billions","25.874","26.311","23.309","18.138","22.096","29.164","27.578","25.303","28.880","41.243"
"IMF.RES:WEO(9.0.0)","ZMB.NGDP_RPCH.A","OBS_VALUE","Zambia","Gross domestic product (GDP), Constant prices, Percent change","Annual","Units","3.526","4.035","1.441","-2.785","6.235","5.211","5.368","3.820","3.758","4.287"
"IMF.RES:WEO(9.0.0)","BFA.NGSD_NGDP.A","OBS_VALUE","Burkina Faso","Gross national savings, Percent of GDP","Annual","Units","17.040","17.535","16.431","21.251","15.900","10.519","15.344","18.450","28.064","28.024"
"IMF.RES:WEO(9.0.0)","BFA.NID_NGDP.A","OBS_VALUE","Burkina Faso","Gross capital formation, Percent of GDP","Annual","Units","22.074","21.713","19.686","17.078","15.508","18.059","20.402","21.934","21.354","19.430"
"IMF.RES:WEO(9.0.0)","UGA.PPPGDP.A","OBS_VALUE","Uganda","Gross domestic product (GDP), Current prices, Purchasing power parity (PPP) international dollar, ICP benchmarks 2017-2021","Annual","Billions","91.142","101.251","111.336","113.757","127.618","145.139","158.047","171.686","188.429","208.381"
"IMF.RES:WEO(9.0.0)","TON.NGDPD.A","OBS_VALUE","Tonga","Gross domestic product (GDP), Current prices, US dollar","Annual","Billions","0.460","0.485","0.505","0.512","0.521","0.553","0.596","0.646","0.680","0.716"
"IMF.RES:WEO(9.0.0)","VUT.NGDPD.A","OBS_VALUE","Vanuatu","Gross domestic product (GDP), Current prices, US dollar","Annual","Billions","0.999","1.000","1.054","1.128","1.060","1.130","1.198","1.265","1.316","1.396"
"IMF.RES:WEO(9.0.0)","WSM.NGDPD.A","OBS_VALUE","Samoa","Gross domestic product (GDP), Current prices, US dollar","Annual","Billions","0.885","0.878","0.913","0.869","0.860","0.890","1.045","1.176","1.288","1.376"
"IMF.RES:WEO(9.0.0)","NRU.NGDPD.A","OBS_VALUE","Naoero, Republic of","Gross domestic product (GDP), Current prices, US dollar","Annual","Billions","0.109","0.131","0.125","0.125","0.149","0.181","0.161","0.168","0.176","0.196"
"IMF.RES:WEO(9.0.0)","SLB.PPPGDP.A","OBS_VALUE","Solomon Islands","Gross domestic product (GDP), Current prices, Purchasing power parity (PPP) international dollar, ICP benchmarks 2017-2021","Annual","Billions","1.504","1.581","1.635","1.601","1.670","1.743","1.859","1.962","2.072","2.190"
"IMF.RES:WEO(9.0.0)","KIR.NGDP_RPCH.A","OBS_VALUE","Kiribati","Gross domestic product (GDP), Constant prices, Percent change","Annual","Units","3.749","3.479","3.264","-1.468","8.616","5.038","3.299","4.629","4.288","3.102"
"IMF.RES:WEO(9.0.0)","NRU.NGDP_RPCH.A","OBS_VALUE","Naoero, Republic of","Gross domestic product (GDP), Constant prices, Percent change","Annual","Units","-6.011","-1.219","8.487","1.982","7.207","0.111","-0.265","1.415","2.213","2.130"
"IMF.RES:WEO(9.0.0)","FJI.NGDP_RPCH.A","OBS_VALUE","Fiji, Republic of","Gross domestic product (GDP), Constant prices, Percent change","Annual","Units","5.353","3.812","7.581","-17.157","-4.355","17.739","9.449","3.544","3.191","2.430"
"IMF.RES:WEO(9.0.0)","FJI.NID_NGDP.A","OBS_VALUE","Fiji, Republic of","Gross capital formation, Percent of GDP","Annual","Units","21.424","21.049","20.013","17.532","21.566","20.559","19.655","19.794","19.872","19.694"
"IMF.RES:WEO(9.0.0)","FJI.NGDPD.A","OBS_VALUE","Fiji, Republic of","Gross domestic product (GDP), Current prices, US dollar","Annual","Billions","5.353","5.581","5.345","4.228","4.159","4.978","5.477","5.968","6.041","6.352"
"IMF.RES:WEO(9.0.0)","FSM.PPPGDP.A","OBS_VALUE","Micronesia, Federated States of","Gross domestic product (GDP), Current prices, Purchasing power parity (PPP) international dollar, ICP benchmarks 2017-2021","Annual","Billions","0.336","0.346","0.363","0.361","0.389","0.404","0.423","0.444","0.461","0.478"
"IMF.RES:WEO(9.0.0)","TUV.NGDP_RPCH.A","OBS_VALUE","Tuvalu","Gross domestic product (GDP), Constant prices, Percent change","Annual","Units","3.322","1.681","13.434","-3.274","0.097","-11.751","4.027","3.079","2.159","2.537"
"IMF.RES:WEO(9.0.0)","TON.PPPGDP.A","OBS_VALUE","Tonga","Gross domestic product (GDP), Current prices, Purchasing power parity (PPP) international dollar, ICP benchmarks 2017-2021","Annual","Billions","0.582","0.598","0.606","0.626","0.648","0.679","0.724","0.755","0.798","0.840"
"IMF.RES:WEO(9.0.0)","FSM.NGDP_RPCH.A","OBS_VALUE","Micronesia, Federated States of","Gross domestic product (GDP), Constant prices, Percent change","Annual","Units","2.256","0.494","3.363","-1.976","3.100","-3.114","1.138","2.295","1.063","0.666"
"IMF.RES:WEO(9.0.0)","VUT.NID_NGDP.A","OBS_VALUE","Vanuatu","Gross capital formation, Percent of GDP","Annual","Units","28.627","22.884","16.359","18.673","16.891","20.889","22.275","26.086","36.266","27.472"
"IMF.RES:WEO(9.0.0)","PNG.NGDPD.A","OBS_VALUE","Papua New Guinea","Gross domestic product (GDP), Current prices, US dollar","Annual","Billions","22.743","24.110","24.751","23.848","26.113","31.653","30.729","30.756","32.491","34.403"
"IMF.RES:WEO(9.0.0)","VUT.NGDP_RPCH.A","OBS_VALUE","Vanuatu","Gross domestic product (GDP), Constant prices, Percent change","Annual","Units","4.223","2.515","3.277","-5.725","-1.163","5.592","5.830","3.766","3.053","3.528"
"IMF.RES:WEO(9.0.0)","WSM.NGDP_RPCH.A","OBS_VALUE","Samoa","Gross domestic product (GDP), Constant prices, Percent change","Annual","Units","1.406","-0.610","4.452","-3.109","-5.070","2.281","15.207","4.788","4.204","3.208"
"IMF.RES:WEO(9.0.0)","PNG.PPPGDP.A","OBS_VALUE","Papua New Guinea","Gross domestic product (GDP), Current prices, Purchasing power parity (PPP) international dollar, ICP benchmarks 2017-2021","Annual","Billions","31.313","31.941","33.923","33.290","34.631","39.211","42.212","44.942","48.822","52.105"
"IMF.RES:WEO(9.0.0)","PNG.NGDP_RPCH.A","OBS_VALUE","Papua New Guinea","Gross domestic product (GDP), Constant prices, Percent change","Annual","Units","3.535","-0.279","4.480","-3.167","-0.511","5.707","3.811","3.888","5.637","3.753"
"IMF.RES:WEO(9.0.0)","TON.NGDP_RPCH.A","OBS_VALUE","Tonga","Gross domestic product (GDP), Constant prices, Percent change","Annual","Units","3.202","0.528","-0.285","1.806","-0.935","-2.129","2.790","1.717","2.800","2.323"
"IMF.RES:WEO(9.0.0)","VUT.PPPGDP.A","OBS_VALUE","Vanuatu","Gross domestic product (GDP), Current prices, Purchasing power parity (PPP) international dollar, ICP benchmarks 2017-2021","Annual","Billions","0.866","0.908","0.953","0.911","0.941","1.065","1.168","1.242","1.317","1.402"
"IMF.RES:WEO(9.0.0)","WSM.PPPGDP.A","OBS_VALUE","Samoa","Gross domestic product (GDP), Current prices, Purchasing power parity (PPP) international dollar, ICP benchmarks 2017-2021","Annual","Billions","1.127","1.146","1.217","1.195","1.186","1.299","1.552","1.667","1.787","1.897"
"IMF.RES:WEO(9.0.0)","NRU.PPPGDP.A","OBS_VALUE","Naoero, Republic of","Gross domestic product (GDP), Current prices, Purchasing power parity (PPP) international dollar, ICP benchmarks 2017-2021","Annual","Billions","0.092","0.092","0.102","0.105","0.118","0.127","0.131","0.136","0.143","0.150"
"IMF.RES:WEO(9.0.0)","AZE.NID_NGDP.A","OBS_VALUE","Azerbaijan, Republic of","Gross capital formation, Percent of GDP","Annual","Units","24.379","20.129","20.308","23.666","17.079","12.004","17.743","16.772","15.690","16.218"
"IMF.RES:WEO(9.0.0)","BLR.NGDPD.A","OBS_VALUE","Belarus, Republic of","Gross domestic product (GDP), Current prices, US dollar","Annual","Billions","54.723","60.011","64.414","61.312","68.207","73.735","71.792","78.847","92.766","102.042"
"IMF.RES:WEO(9.0.0)","G903.NGSD_NGDP.A","OBS_VALUE","Emerging and Developing Europe","Gross national savings, Percent of GDP","Annual","Units","24.621","26.296","25.026","24.667","27.027","29.186","26.626","25.534","24.790","25.793"
"IMF.RES:WEO(9.0.0)","AZE.PPPGDP.A","OBS_VALUE","Azerbaijan, Republic of","Gross domestic product (GDP), Current prices, Purchasing power parity (PPP) international dollar, ICP benchmarks 2017-2021","Annual","Billions","141.070","151.910","167.158","153.048","203.884","228.681","240.355","256.560","267.531","281.296"
"IMF.RES:WEO(9.0.0)","BLR.NID_NGDP.A","OBS_VALUE","Belarus, Republic of","Gross capital formation, Percent of GDP","Annual","Units","28.030","28.079","29.150","27.455","24.905","21.598","24.925","25.841","24.842","24.959"
"IMF.RES:WEO(9.0.0)","ARM.NGSD_NGDP.A","OBS_VALUE","Armenia, Republic of","Gross national savings, Percent of GDP","Annual","Units","17.161","15.171","10.352","15.666","19.567","22.993","20.171","19.231","18.442","18.351"
"IMF.RES:WEO(9.0.0)","MHL.NGDPD.A","OBS_VALUE","Marshall Islands, Republic of the","Gross domestic product (GDP), Current prices, US dollar","Annual","Billions","0.214","0.220","0.233","0.242","0.261","0.259","0.264","0.285","0.308","0.342"
"IMF.RES:WEO(9.0.0)","TUV.PPPGDP.A","OBS_VALUE","Tuvalu","Gross domestic product (GDP), Current prices, Purchasing power parity (PPP) international dollar, ICP benchmarks 2017-2021","Annual","Billions","0.044","0.045","0.052","0.051","0.054","0.051","0.055","0.058","0.061","0.064"
"IMF.RES:WEO(9.0.0)","MHL.PPPGDP.A","OBS_VALUE","Marshall Islands, Republic of the","Gross domestic product (GDP), Current prices, Purchasing power parity (PPP) international dollar, ICP benchmarks 2017-2021","Annual","Billions","0.190","0.205","0.230","0.227","0.243","0.258","0.253","0.268","0.282","0.301"
"IMF.RES:WEO(9.0.0)","FSM.NGDPD.A","OBS_VALUE","Micronesia, Federated States of","Gross domestic product (GDP), Current prices, US dollar","Annual","Billions","0.361","0.394","0.395","0.373","0.392","0.415","0.443","0.481","0.502","0.521"
"IMF.RES:WEO(9.0.0)","TUV.NGDPD.A","OBS_VALUE","Tuvalu","Gross domestic product (GDP), Current prices, US dollar","Annual","Billions","0.045","0.048","0.054","0.053","0.062","0.054","0.051","0.056","0.058","0.065"
"IMF.RES:WEO(9.0.0)","MHL.NGDP_RPCH.A","OBS_VALUE","Marshall Islands, Republic of the","Gross domestic product (GDP), Constant prices, Percent change","Annual","Units","3.563","5.484","10.469","-2.777","2.146","-0.701","-5.261","3.000","2.527","3.670"
"IMF.RES:WEO(9.0.0)","ALB.NGDP_RPCH.A","OBS_VALUE","Albania","Gross domestic product (GDP), Constant prices, Percent change","Annual","Units","3.283","3.671","2.063","-3.314","8.970","4.827","4.015","4.046","3.705","3.409"
"IMF.RES:WEO(9.0.0)","KAZ.NID_NGDP.A","OBS_VALUE","Kazakhstan, Republic of","Gross capital formation, Percent of GDP","Annual","Units","26.352","25.258","27.628","28.807","26.533","24.976","28.122","27.351","28.431","28.986"
"IMF.RES:WEO(9.0.0)","GEO.NGDP_RPCH.A","OBS_VALUE","Georgia","Gross domestic product (GDP), Constant prices, Percent change","Annual","Units","5.161","6.062","5.380","-6.291","10.644","10.960","7.832","9.680","7.462","5.306"
"IMF.RES:WEO(9.0.0)","GEO.PPPGDP.A","OBS_VALUE","Georgia","Gross domestic product (GDP), Current prices, Purchasing power parity (PPP) international dollar, ICP benchmarks 2017-2021","Annual","Billions","51.144","55.980","62.388","62.509","70.151","83.375","93.232","104.795","115.809","125.448"
"IMF.RES:WEO(9.0.0)","AZE.NGSD_NGDP.A","OBS_VALUE","Azerbaijan, Republic of","Gross national savings, Percent of GDP","Annual","Units","27.348","30.560","27.373","22.024","31.527","38.152","27.783","22.199","20.328","25.059"
"IMF.RES:WEO(9.0.0)","G903.NGDPD.A","OBS_VALUE","Emerging and Developing Europe","Gross domestic product (GDP), Current prices, US dollar","Annual","Billions","3598.441","3774.959","3834.481","3579.535","4232.835","4780.995","4998.365","5538.473","6425.707","6760.161"
"IMF.RES:WEO(9.0.0)","ARM.NGDP_RPCH.A","OBS_VALUE","Armenia, Republic of","Gross domestic product (GDP), Constant prices, Percent change","Annual","Units","7.518","5.225","7.631","-7.105","5.770","12.569","8.347","5.857","7.162","5.300"
"IMF.RES:WEO(9.0.0)","G903.NID_NGDP.A","OBS_VALUE","Emerging and Developing Europe","Gross capital formation, Percent of GDP","Annual","Units","25.208","24.235","23.598","24.578","25.352","26.382","26.829","25.569","25.910","26.903"
"IMF.RES:WEO(9.0.0)","AZE.NGDP_RPCH.A","OBS_VALUE","Azerbaijan, Republic of","Gross domestic product (GDP), Constant prices, Percent change","Annual","Units","0.154","1.470","2.480","-4.199","5.616","4.715","1.354","4.156","1.400","2.217"
"IMF.RES:WEO(9.0.0)","ARM.NGDPD.A","OBS_VALUE","Armenia, Republic of","Gross domestic product (GDP), Current prices, US dollar","Annual","Billions","11.527","12.458","13.619","12.642","13.879","19.514","24.186","25.955","29.243","31.873"
"IMF.RES:WEO(9.0.0)","ARM.NID_NGDP.A","OBS_VALUE","Armenia, Republic of","Gross capital formation, Percent of GDP","Annual","Units","18.422","22.400","17.409","19.664","22.964","22.255","22.941","23.833","25.163","24.302"
"IMF.RES:WEO(9.0.0)","BLR.NGDP_RPCH.A","OBS_VALUE","Belarus, Republic of","Gross domestic product (GDP), Constant prices, Percent change","Annual","Units","2.532","3.149","1.446","-0.673","2.273","-4.504","4.127","4.350","1.263","1.220"
"IMF.RES:WEO(9.0.0)","AZE.NGDPD.A","OBS_VALUE","Azerbaijan, Republic of","Gross domestic product (GDP), Current prices, US dollar","Annual","Billions","41.375","47.113","48.174","42.693","54.825","78.807","72.428","74.426","75.938","78.372"
"IMF.RES:WEO(9.0.0)","ARM.PPPGDP.A","OBS_VALUE","Armenia, Republic of","Gross domestic product (GDP), Current prices, Purchasing power parity (PPP) international dollar, ICP benchmarks 2017-2021","Annual","Billions","35.949","38.233","44.366","43.553","47.165","56.869","63.896","69.317","76.390","82.743"
"IMF.RES:WEO(9.0.0)","G903.PPPGDP.A","OBS_VALUE","Emerging and Developing Europe","Gross domestic product (GDP), Current prices, Purchasing power parity (PPP) international dollar, ICP benchmarks 2017-2021","Annual","Billions","9016.772","9695.136","10495.137","10716.726","12448.559","13310.948","14295.870","15207.909","15948.271","16734.241"
"IMF.RES:WEO(9.0.0)","BLR.NGSD_NGDP.A","OBS_VALUE","Belarus, Republic of","Gross national savings, Percent of GDP","Annual","Units","26.290","28.117","27.216","27.164","28.068","25.011","23.119","22.763","22.224","22.265"
"IMF.RES:WEO(9.0.0)","G903.NGDP_RPCH.A","OBS_VALUE","Emerging and Developing Europe","Gross domestic product (GDP), Constant prices, Percent change","Annual","Units","4.288","3.731","2.606","-1.724","7.193","0.457","3.596","3.818","1.991","2.018"
"IMF.RES:WEO(9.0.0)","KGZ.NGDP_RPCH.A","OBS_VALUE","Kyrgyz Republic","Gross domestic product (GDP), Constant prices, Percent change","Annual","Units","4.740","3.459","4.601","-7.149","5.507","8.968","9.013","11.540","11.096","6.075"
"IMF.RES:WEO(9.0.0)","BGR.PPPGDP.A","OBS_VALUE","Bulgaria","Gross domestic product (GDP), Current prices, Purchasing power parity (PPP) international dollar, ICP benchmarks 2017-2021","Annual","Billions","151.835","161.044","177.101","179.174","203.060","226.386","238.709","252.921","268.150","283.481"
"IMF.RES:WEO(9.0.0)","KGZ.PPPGDP.A","OBS_VALUE","Kyrgyz Republic","Gross domestic product (GDP), Current prices, Purchasing power parity (PPP) international dollar, ICP benchmarks 2017-2021","Annual","Billions","31.242","30.789","34.956","34.834","39.302","45.872","51.857","59.277","67.723","73.895"
"IMF.RES:WEO(9.0.0)","KGZ.NID_NGDP.A","OBS_VALUE","Kyrgyz Republic","Gross capital formation, Percent of GDP","Annual","Units","30.752","27.797","25.016","17.430","23.384","21.586","19.716","18.684","17.637","17.572"
"IMF.RES:WEO(9.0.0)","BGR.NID_NGDP.A","OBS_VALUE","Bulgaria","Gross capital formation, Percent of GDP","Annual","Units","19.817","21.166","20.734","20.152","20.706","22.688","19.788","20.430","21.717","20.934"
"IMF.RES:WEO(9.0.0)","MDA.PPPGDP.A","OBS_VALUE","Moldova, Republic of","Gross domestic product (GDP), Current prices, Purchasing power parity (PPP) international dollar, ICP benchmarks 2017-2021","Annual","Billions","31.002","32.130","35.736","35.647","40.708","41.597","43.654","44.872","47.260","49.537"
"IMF.RES:WEO(9.0.0)","ALB.NGDPD.A","OBS_VALUE","Albania","Gross domestic product (GDP), Current prices, US dollar","Annual","Billions","13.053","15.380","15.582","15.271","17.985","19.189","23.633","27.084","30.279","33.333"
"IMF.RES:WEO(9.0.0)","ALB.NGSD_NGDP.A","OBS_VALUE","Albania","Gross national savings, Percent of GDP","Annual","Units","17.085","19.264","17.123","16.583","19.565","19.828","23.087","21.935","21.921","21.730"
"IMF.RES:WEO(9.0.0)","BGR.NGDPD.A","OBS_VALUE","Bulgaria","Gross domestic product (GDP), Current prices, US dollar","Annual","Billions","59.288","66.163","68.513","70.595","84.437","90.716","102.237","113.364","131.024","148.121"
"IMF.RES:WEO(9.0.0)","ALB.PPPGDP.A","OBS_VALUE","Albania","Gross domestic product (GDP), Current prices, Purchasing power parity (PPP) international dollar, ICP benchmarks 2017-2021","Annual","Billions","36.697","39.260","42.220","41.183","45.984","51.632","55.692","59.384","63.331","67.366"
"IMF.RES:WEO(9.0.0)","GEO.NID_NGDP.A","OBS_VALUE","Georgia","Gross capital formation, Percent of GDP","Annual","Units","25.125","27.926","27.168","24.606","20.679","24.067","24.999","24.500","22.585","23.465"
"IMF.RES:WEO(9.0.0)","KAZ.NGDPD.A","OBS_VALUE","Kazakhstan, Republic of","Gross domestic product (GDP), Current prices, US dollar","Annual","Billions","166.806","179.340","181.667","171.082","197.112","225.496","261.840","291.480","302.746","360.456"
"IMF.RES:WEO(9.0.0)","KAZ.NGDP_RPCH.A","OBS_VALUE","Kazakhstan, Republic of","Gross domestic product (GDP), Constant prices, Percent change","Annual","Units","3.900","4.100","4.500","-2.600","4.100","3.200","5.100","5.000","6.485","4.609"
"IMF.RES:WEO(9.0.0)","KAZ.NGSD_NGDP.A","OBS_VALUE","Kazakhstan, Republic of","Gross national savings, Percent of GDP","Annual","Units","24.298","24.274","23.759","22.345","25.174","27.830","24.565","24.629","24.519","27.939"
"IMF.RES:WEO(9.0.0)","GEO.NGDPD.A","OBS_VALUE","Georgia","Gross domestic product (GDP), Current prices, US dollar","Annual","Billions","16.472","17.905","17.645","16.013","18.849","24.985","30.778","34.191","38.216","42.716"
"IMF.RES:WEO(9.0.0)","BLR.PPPGDP.A","OBS_VALUE","Belarus, Republic of","Gross domestic product (GDP), Current prices, Purchasing power parity (PPP) international dollar, ICP benchmarks 2017-2021","Annual","Billions","174.175","189.021","210.076","233.301","251.445","257.198","277.721","296.996","309.278","322.020"
"IMF.RES:WEO(9.0.0)","ALB.NID_NGDP.A","OBS_VALUE","Albania","Gross capital formation, Percent of GDP","Annual","Units","24.672","28.062","26.111","27.080","29.575","27.637","23.927","25.510","24.991","24.991"
"IMF.RES:WEO(9.0.0)","GEO.NGSD_NGDP.A","OBS_VALUE","Georgia","Gross national savings, Percent of GDP","Annual","Units","17.183","21.268","21.177","12.186","10.390","19.642","19.470","19.198","19.982","18.458"
"IMF.RES:WEO(9.0.0)","RUS.NGDPD.A","OBS_VALUE","Russian Federation","Gross domestic product (GDP), Current prices, US dollar","Annual","Billions","1575.140","1653.005","1695.724","1488.118","1828.927","2296.410","2034.681","2185.848","2587.938","2656.452"
"IMF.RES:WEO(9.0.0)","TJK.PPPGDP.A","OBS_VALUE","Tajikistan, Republic of","Gross domestic product (GDP), Current prices, Purchasing power parity (PPP) international dollar, ICP benchmarks 2017-2021","Annual","Billions","27.412","28.565","32.973","35.624","39.727","45.957","51.589","57.320","63.897","69.671"
"IMF.RES:WEO(9.0.0)","TJK.NGDP_RPCH.A","OBS_VALUE","Tajikistan, Republic of","Gross domestic product (GDP), Constant prices, Percent change","Annual","Units","7.100","7.600","7.400","4.390","9.400","8.000","8.250","8.417","8.400","6.000"
"IMF.RES:WEO(9.0.0)","CHN.NID_NGDP.A","OBS_VALUE","China, People's Republic of","Gross capital formation, Percent of GDP","Annual","Units","42.666","43.427","42.634","42.271","42.708","42.377","41.130","40.607","38.805","38.829"
"IMF.RES:WEO(9.0.0)","RUS.PPPGDP.A","OBS_VALUE","Russian Federation","Gross domestic product (GDP), Current prices, Purchasing power parity (PPP) international dollar, ICP benchmarks 2017-2021","Annual","Billions","3807.099","4205.230","4579.554","4651.430","5688.268","6005.387","6480.840","6968.614","7236.601","7525.159"
"IMF.RES:WEO(9.0.0)","KGZ.NGSD_NGDP.A","OBS_VALUE","Kyrgyz Republic","Gross national savings, Percent of GDP","Annual","Units","24.554","15.744","13.564","21.946","15.400","-20.336","-25.205","-3.949","-5.762","10.445"
"IMF.RES:WEO(9.0.0)","TJK.NGDPD.A","OBS_VALUE","Tajikistan, Republic of","Gross domestic product (GDP), Current prices, US dollar","Annual","Billions","7.535","7.762","8.301","8.134","8.934","10.716","12.242","14.426","17.542","20.418"
"IMF.RES:WEO(9.0.0)","MDA.NID_NGDP.A","OBS_VALUE","Moldova, Republic of","Gross capital formation, Percent of GDP","Annual","Units","21.939","26.592","25.104","23.864","26.856","27.310","20.085","21.159","24.186","24.497"
"IMF.RES:WEO(9.0.0)","BGR.NGSD_NGDP.A","OBS_VALUE","Bulgaria","Gross national savings, Percent of GDP","Annual","Units","22.974","21.823","22.399","21.709","20.902","21.292","18.613","19.078","15.791","16.969"
"IMF.RES:WEO(9.0.0)","KGZ.NGDPD.A","OBS_VALUE","Kyrgyz Republic","Gross domestic product (GDP), Current prices, US dollar","Annual","Billions","7.703","8.271","9.372","8.283","9.256","12.269","15.187","18.175","21.567","23.606"
"IMF.RES:WEO(9.0.0)","BGR.NGDP_RPCH.A","OBS_VALUE","Bulgaria","Gross domestic product (GDP), Constant prices, Percent change","Annual","Units","2.746","2.330","3.793","-3.133","7.828","4.084","1.682","3.387","3.096","2.773"
"IMF.RES:WEO(9.0.0)","MDA.NGDP_RPCH.A","OBS_VALUE","Moldova, Republic of","Gross domestic product (GDP), Constant prices, Percent change","Annual","Units","4.200","4.100","3.600","-8.300","13.900","-4.600","1.200","0.300","2.416","1.900"
"IMF.RES:WEO(9.0.0)","MDA.NGDPD.A","OBS_VALUE","Moldova, Republic of","Gross domestic product (GDP), Current prices, US dollar","Annual","Billions","9.515","11.252","11.737","11.530","13.694","14.524","16.711","18.208","20.342","21.889"
"IMF.RES:WEO(9.0.0)","MDA.NGSD_NGDP.A","OBS_VALUE","Moldova, Republic of","Gross national savings, Percent of GDP","Annual","Units","16.102","15.822","15.682","16.174","14.448","10.205","9.022","4.613","5.057","2.644"
"IMF.RES:WEO(9.0.0)","UKR.NGDP_RPCH.A","OBS_VALUE","Ukraine","Gross domestic product (GDP), Constant prices, Percent change","Annual","Units","2.360","3.488","3.200","-3.753","3.446","-28.759","5.535","3.248","1.800","2.000"
"IMF.RES:WEO(9.0.0)","UZB.PPPGDP.A","OBS_VALUE","Uzbekistan, Republic of","Gross domestic product (GDP), Current prices, Purchasing power parity (PPP) international dollar, ICP benchmarks 2017-2021","Annual","Billions","248.763","274.914","293.695","299.601","332.356","377.660","416.369","455.193","504.148","552.163"
"IMF.RES:WEO(9.0.0)","UZB.NID_NGDP.A","OBS_VALUE","Uzbekistan, Republic of","Gross capital formation, Percent of GDP","Annual","Units","24.220","38.294","36.312","36.005","36.123","34.411","37.190","34.396","33.510","32.967"
"IMF.RES:WEO(9.0.0)","CZE.NGSD_NGDP.A","OBS_VALUE","Czech Republic","Gross national savings, Percent of GDP","Annual","Units","26.631","26.035","26.504","26.489","26.072","26.348","28.108","28.066","26.465","24.568"
"IMF.RES:WEO(9.0.0)","UKR.NID_NGDP.A","OBS_VALUE","Ukraine","Gross capital formation, Percent of GDP","Annual","Units","19.960","18.566","14.853","8.898","14.439","12.086","18.039","19.195","21.820","22.161"
"IMF.RES:WEO(9.0.0)","UZB.NGDPD.A","OBS_VALUE","Uzbekistan, Republic of","Gross domestic product (GDP), Current prices, US dollar","Annual","Billions","69.703","61.318","70.171","70.127","81.170","94.317","107.518","121.352","147.069","181.502"
"IMF.RES:WEO(9.0.0)","UZB.NGSD_NGDP.A","OBS_VALUE","Uzbekistan, Republic of","Gross national savings, Percent of GDP","Annual","Units","26.340","32.434","31.507","31.687","30.089","31.393","29.937","29.687","29.634","31.657"
"IMF.RES:WEO(9.0.0)","RUS.NID_NGDP.A","OBS_VALUE","Russian Federation","Gross capital formation, Percent of GDP","Annual","Units","23.607","21.918","22.662","23.456","23.009","23.173","27.303","26.496","26.402","25.944"
"IMF.RES:WEO(9.0.0)","TKM.NGDPD.A","OBS_VALUE","Turkmenistan","Gross domestic product (GDP), Current prices, US dollar","Annual","Billions","37.926","40.762","44.974","45.455","49.477","56.677","62.814","68.675","77.398","83.065"
"IMF.RES:WEO(9.0.0)","CHN.NGDPD.A","OBS_VALUE","China, People's Republic of","Gross domestic product (GDP), Current prices, US dollar","Annual","Billions","12516.152","14107.927","14593.450","15110.191","18183.505","18337.777","18366.936","18945.112","19626.247","20851.593"
"IMF.RES:WEO(9.0.0)","CHN.NGSD_NGDP.A","OBS_VALUE","China, People's Republic of","Gross national savings, Percent of GDP","Annual","Units","44.175","43.598","43.339","43.918","44.649","44.794","42.564","42.845","42.520","42.309"
"IMF.RES:WEO(9.0.0)","TJK.NID_NGDP.A","OBS_VALUE","Tajikistan, Republic of","Gross capital formation, Percent of GDP","Annual","Units","23.652","20.710","18.111","16.713","16.759","17.154","18.438","20.948","22.234","21.363"
"IMF.RES:WEO(9.0.0)","CHN.PPPGDP.A","OBS_VALUE","China, People's Republic of","Gross domestic product (GDP), Current prices, Purchasing power parity (PPP) international dollar, ICP benchmarks 2017-2021","Annual","Billions","20917.221","22803.146","24798.514","25960.998","29420.351","32493.554","35507.590","38209.549","41241.951","44295.453"
"IMF.RES:WEO(9.0.0)","RUS.NGSD_NGDP.A","OBS_VALUE","Russian Federation","Gross national savings, Percent of GDP","Annual","Units","25.650","28.916","26.533","25.833","29.841","33.526","29.731","29.359","28.002","28.893"
"IMF.RES:WEO(9.0.0)","TJK.NGSD_NGDP.A","OBS_VALUE","Tajikistan, Republic of","Gross national savings, Percent of GDP","Annual","Units","25.762","15.819","15.878","21.062","24.993","32.408","23.208","27.097","38.814","27.704"
"IMF.RES:WEO(9.0.0)","CHN.NGDP_RPCH.A","OBS_VALUE","China, People's Republic of","Gross domestic product (GDP), Constant prices, Percent change","Annual","Units","6.891","6.759","6.065","2.337","8.556","3.112","5.377","5.003","4.959","4.413"
"IMF.RES:WEO(9.0.0)","RUS.NGDP_RPCH.A","OBS_VALUE","Russian Federation","Gross domestic product (GDP), Constant prices, Percent change","Annual","Units","1.827","2.806","2.198","-2.654","5.866","-1.435","4.067","4.922","0.981","1.091"
"IMF.RES:WEO(9.0.0)","EST.PPPGDP.A","OBS_VALUE","Estonia, Republic of","Gross domestic product (GDP), Current prices, Purchasing power parity (PPP) international dollar, ICP benchmarks 2017-2021","Annual","Billions","45.459","49.073","53.854","54.074","59.971","63.449","63.991","65.520","67.773","70.711"
"IMF.RES:WEO(9.0.0)","SVK.NID_NGDP.A","OBS_VALUE","Slovak Republic","Gross capital formation, Percent of GDP","Annual","Units","23.632","24.185","24.045","20.199","22.626","23.287","19.799","20.123","20.107","20.763"
"IMF.RES:WEO(9.0.0)","LVA.NGSD_NGDP.A","OBS_VALUE","Latvia, Republic of","Gross national savings, Percent of GDP","Annual","Units","24.184","23.480","23.166","25.194","21.656","19.200","20.873","19.914","21.504","21.484"
"IMF.RES:WEO(9.0.0)","LVA.NID_NGDP.A","OBS_VALUE","Latvia, Republic of","Gross capital formation, Percent of GDP","Annual","Units","22.712","23.874","23.338","22.155","25.723","24.670","24.692","21.464","24.876","25.110"
"IMF.RES:WEO(9.0.0)","UKR.NGSD_NGDP.A","OBS_VALUE","Ukraine","Gross national savings, Percent of GDP","Annual","Units","17.783","15.315","12.156","11.645","12.053","16.636","12.916","11.263","6.857","3.267"
"IMF.RES:WEO(9.0.0)","CZE.NGDP_RPCH.A","OBS_VALUE","Czech Republic","Gross domestic product (GDP), Constant prices, Percent change","Annual","Units","5.174","2.830","3.566","-5.305","4.029","2.847","0.048","1.251","2.548","2.234"
"IMF.RES:WEO(9.0.0)","CZE.NGDPD.A","OBS_VALUE","Czech Republic","Gross domestic product (GDP), Current prices, US dollar","Annual","Billions","221.564","251.992","256.794","251.110","290.973","301.831","345.059","347.083","389.020","432.597"
"IMF.RES:WEO(9.0.0)","UZB.NGDP_RPCH.A","OBS_VALUE","Uzbekistan, Republic of","Gross domestic product (GDP), Constant prices, Percent change","Annual","Units","4.700","5.724","6.793","1.622","8.204","6.086","6.316","6.676","7.700","6.474"
"IMF.RES:WEO(9.0.0)","TKM.PPPGDP.A","OBS_VALUE","Turkmenistan","Gross domestic product (GDP), Current prices, Purchasing power parity (PPP) international dollar, ICP benchmarks 2017-2021","Annual","Billions","86.403","95.622","104.708","104.049","115.316","127.651","138.010","146.269","155.798","164.428"
"IMF.RES:WEO(9.0.0)","UKR.NGDPD.A","OBS_VALUE","Ukraine","Gross domestic product (GDP), Current prices, US dollar","Annual","Billions","112.091","130.891","153.883","156.618","199.766","161.990","181.222","190.834","212.927","225.337"
"IMF.RES:WEO(9.0.0)","UKR.PPPGDP.A","OBS_VALUE","Ukraine","Gross domestic product (GDP), Current prices, Purchasing power parity (PPP) international dollar, ICP benchmarks 2017-2021","Annual","Billions","496.522","537.198","604.396","656.106","746.471","569.620","623.389","659.616","690.538","724.527"
"IMF.RES:WEO(9.0.0)","CZE.NID_NGDP.A","OBS_VALUE","Czech Republic","Gross capital formation, Percent of GDP","Annual","Units","25.090","25.643","26.172","24.730","28.129","31.033","28.219","26.322","25.786","26.092"
"IMF.RES:WEO(9.0.0)","TKM.NGDP_RPCH.A","OBS_VALUE","Turkmenistan","Gross domestic product (GDP), Constant prices, Percent change","Annual","Units","4.288","4.781","5.105","-1.560","9.891","3.347","4.257","3.417","3.576","2.600"
"IMF.RES:WEO(9.0.0)","HUN.PPPGDP.A","OBS_VALUE","Hungary","Gross domestic product (GDP), Current prices, Purchasing power parity (PPP) international dollar, ICP benchmarks 2017-2021","Annual","Billions","289.157","313.130","345.400","344.108","377.684","421.345","433.365","446.611","461.159","482.256"
"IMF.RES:WEO(9.0.0)","SRB.NGDPD.A","OBS_VALUE","Serbia, Republic of","Gross domestic product (GDP), Current prices, US dollar","Annual","Billions","45.973","52.788","53.865","55.874","65.830","66.810","81.344","90.088","99.953","112.025"
"IMF.RES:WEO(9.0.0)","SRB.PPPGDP.A","OBS_VALUE","Serbia, Republic of","Gross domestic product (GDP), Current prices, Purchasing power parity (PPP) international dollar, ICP benchmarks 2017-2021","Annual","Billions","121.359","128.962","142.984","144.972","161.766","177.956","191.457","203.960","214.005","226.376"
"IMF.RES:WEO(9.0.0)","EST.NGDP_RPCH.A","OBS_VALUE","Estonia, Republic of","Gross domestic product (GDP), Constant prices, Percent change","Annual","Units","5.635","3.700","3.727","-2.884","8.255","-1.226","-2.744","-0.090","0.584","1.429"
"IMF.RES:WEO(9.0.0)","SRB.NGDP_RPCH.A","OBS_VALUE","Serbia, Republic of","Gross domestic product (GDP), Constant prices, Percent change","Annual","Units","2.363","4.649","4.750","-0.950","7.949","2.703","3.748","3.950","2.030","2.835"
"IMF.RES:WEO(9.0.0)","LVA.NGDPD.A","OBS_VALUE","Latvia, Republic of","Gross domestic product (GDP), Current prices, US dollar","Annual","Billions","29.381","33.263","33.103","33.353","38.209","38.033","42.792","43.988","48.591","53.686"
"IMF.RES:WEO(9.0.0)","LVA.NGDP_RPCH.A","OBS_VALUE","Latvia, Republic of","Gross domestic product (GDP), Constant prices, Percent change","Annual","Units","3.399","4.310","0.675","-3.469","6.943","1.909","-0.942","-0.037","2.138","2.218"
"IMF.RES:WEO(9.0.0)","SVK.NGDP_RPCH.A","OBS_VALUE","Slovak Republic","Gross domestic product (GDP), Constant prices, Percent change","Annual","Units","2.875","4.062","2.276","-2.585","5.656","0.545","2.113","1.939","0.807","0.601"
"IMF.RES:WEO(9.0.0)","SVK.NGSD_NGDP.A","OBS_VALUE","Slovak Republic","Gross national savings, Percent of GDP","Annual","Units","21.897","22.552","20.518","19.733","17.793","13.658","16.774","15.498","16.486","17.751"
"IMF.RES:WEO(9.0.0)","SVK.PPPGDP.A","OBS_VALUE","Slovak Republic","Gross domestic product (GDP), Current prices, Purchasing power parity (PPP) international dollar, ICP benchmarks 2017-2021","Annual","Billions","164.514","171.627","185.363","192.849","209.238","225.341","238.615","249.279","258.421","267.420"
"IMF.RES:WEO(9.0.0)","EST.NGSD_NGDP.A","OBS_VALUE","Estonia, Republic of","Gross national savings, Percent of GDP","Annual","Units","27.623","28.404","28.368","27.127","27.288","24.810","23.880","23.308","24.667","22.462"
"IMF.RES:WEO(9.0.0)","SVK.NGDPD.A","OBS_VALUE","Slovak Republic","Gross domestic product (GDP), Current prices, US dollar","Annual","Billions","95.944","106.660","105.855","107.646","120.591","115.884","133.617","140.892","154.442","168.897"
"IMF.RES:WEO(9.0.0)","CZE.PPPGDP.A","OBS_VALUE","Czech Republic","Gross domestic product (GDP), Current prices, Purchasing power parity (PPP) international dollar, ICP benchmarks 2017-2021","Annual","Billions","416.849","442.611","486.787","479.686","525.243","578.619","600.314","622.915","656.909","690.823"
"IMF.RES:WEO(9.0.0)","EST.NID_NGDP.A","OBS_VALUE","Estonia, Republic of","Gross capital formation, Percent of GDP","Annual","Units","25.938","27.851","26.357","29.654","30.947","27.919","25.127","24.554","24.848","23.530"
"IMF.RES:WEO(9.0.0)","EST.NGDPD.A","OBS_VALUE","Estonia, Republic of","Gross domestic product (GDP), Current prices, US dollar","Annual","Billions","27.460","31.237","31.877","31.795","37.226","38.257","41.482","43.117","47.004","51.634"
"IMF.RES:WEO(9.0.0)","HRV.NGSD_NGDP.A","OBS_VALUE","Croatia, Republic of","Gross national savings, Percent of GDP","Annual","Units","24.166","23.524","24.087","21.641","22.111","22.678","24.769","22.212","22.211","21.177"
"IMF.RES:WEO(9.0.0)","MNG.NGDPD.A","OBS_VALUE","Mongolia","Gross domestic product (GDP), Current prices, US dollar","Annual","Billions","11.481","13.207","14.206","13.313","15.286","17.146","20.315","23.795","25.370","28.450"
"IMF.RES:WEO(9.0.0)","HRV.NID_NGDP.A","OBS_VALUE","Croatia, Republic of","Gross capital formation, Percent of GDP","Annual","Units","20.841","22.489","21.966","23.543","21.793","26.228","24.666","24.401","25.399","25.018"
"IMF.RES:WEO(9.0.0)","MNG.PPPGDP.A","OBS_VALUE","Mongolia","Gross domestic product (GDP), Current prices, Purchasing power parity (PPP) international dollar, ICP benchmarks 2017-2021","Annual","Billions","34.941","39.517","44.457","45.560","50.053","56.311","62.729","67.579","74.252","80.398"
"IMF.RES:WEO(9.0.0)","LTU.NID_NGDP.A","OBS_VALUE","Lithuania, Republic of","Gross capital formation, Percent of GDP","Annual","Units","20.514","22.346","19.526","16.644","21.883","27.817","22.708","20.626","22.149","23.383"
"IMF.RES:WEO(9.0.0)","SRB.NGSD_NGDP.A","OBS_VALUE","Serbia, Republic of","Gross national savings, Percent of GDP","Annual","Units","14.692","17.856","18.355","20.163","20.839","19.867","22.271","20.477","18.529","18.100"
"IMF.RES:WEO(9.0.0)","MNE.NGDPD.A","OBS_VALUE","Montenegro","Gross domestic product (GDP), Current prices, US dollar","Annual","Billions","4.802","5.436","5.484","4.730","5.827","6.265","7.646","8.272","9.228","10.227"
"IMF.RES:WEO(9.0.0)","HUN.NGDP_RPCH.A","OBS_VALUE","Hungary","Gross domestic product (GDP), Constant prices, Percent change","Annual","Units","4.124","5.606","5.077","-4.339","7.223","4.152","-0.817","0.560","0.409","1.662"
"IMF.RES:WEO(9.0.0)","LVA.PPPGDP.A","OBS_VALUE","Latvia, Republic of","Gross domestic product (GDP), Current prices, Purchasing power parity (PPP) international dollar, ICP benchmarks 2017-2021","Annual","Billions","53.695","57.464","61.623","62.223","67.094","73.237","75.232","77.071","80.952","85.118"
"IMF.RES:WEO(9.0.0)","SRB.NID_NGDP.A","OBS_VALUE","Serbia, Republic of","Gross capital formation, Percent of GDP","Annual","Units","19.718","22.499","24.927","24.097","24.945","26.384","24.616","25.026","23.381","23.794"
"IMF.RES:WEO(9.0.0)","HUN.NID_NGDP.A","OBS_VALUE","Hungary","Gross capital formation, Percent of GDP","Annual","Units","23.095","26.952","28.547","27.348","30.788","34.203","25.895","23.327","22.221","23.444"
"IMF.RES:WEO(9.0.0)","MNE.NGDP_RPCH.A","OBS_VALUE","Montenegro","Gross domestic product (GDP), Constant prices, Percent change","Annual","Units","3.217","4.733","4.394","-14.993","13.046","7.740","6.478","3.164","2.700","2.800"
"IMF.RES:WEO(9.0.0)","MNE.PPPGDP.A","OBS_VALUE","Montenegro","Gross domestic product (GDP), Current prices, Purchasing power parity (PPP) international dollar, ICP benchmarks 2017-2021","Annual","Billions","12.117","13.208","14.857","12.923","15.080","17.403","19.216","20.316","21.456","22.689"
"IMF.RES:WEO(9.0.0)","HUN.NGDPD.A","OBS_VALUE","Hungary","Gross domestic product (GDP), Current prices, US dollar","Annual","Billions","143.335","161.185","164.927","158.468","183.283","177.784","213.315","222.878","246.891","271.122"
"IMF.RES:WEO(9.0.0)","MNE.NGSD_NGDP.A","OBS_VALUE","Montenegro","Gross national savings, Percent of GDP","Annual","Units","12.386","14.120","16.483","3.779","16.208","14.696","14.253","8.789","7.046","9.156"
"IMF.RES:WEO(9.0.0)","HUN.NGSD_NGDP.A","OBS_VALUE","Hungary","Gross national savings, Percent of GDP","Annual","Units","25.058","27.334","28.059","26.340","26.426","25.284","25.917","24.944","23.505","23.015"
"IMF.RES:WEO(9.0.0)","MNE.NID_NGDP.A","OBS_VALUE","Montenegro","Gross capital formation, Percent of GDP","Annual","Units","28.647","31.351","30.912","30.088","25.469","27.583","25.448","25.880","26.935","28.568"
"IMF.RES:WEO(9.0.0)","MKD.NGDP_RPCH.A","OBS_VALUE","North Macedonia, Republic of","Gross domestic product (GDP), Constant prices, Percent change","Annual","Units","1.081","2.881","3.910","-4.688","4.511","2.759","2.555","2.994","3.487","3.100"
"IMF.RES:WEO(9.0.0)","BIH.NGSD_NGDP.A","OBS_VALUE","Bosnia and Herzegovina","Gross national savings, Percent of GDP","Annual","Units","18.815","20.424","21.717","19.657","23.381","22.964","23.838","23.239","23.638","22.336"
"IMF.RES:WEO(9.0.0)","SVN.NGDPD.A","OBS_VALUE","Slovenia, Republic of","Gross domestic product (GDP), Current prices, US dollar","Annual","Billions","48.136","53.713","53.916","53.342","61.582","59.946","69.275","72.950","79.603","86.732"
"IMF.RES:WEO(9.0.0)","BIH.NGDPD.A","OBS_VALUE","Bosnia and Herzegovina","Gross domestic product (GDP), Current prices, US dollar","Annual","Billions","18.363","20.504","20.485","20.264","23.688","24.581","27.606","29.738","32.962","36.771"
"IMF.RES:WEO(9.0.0)","BIH.NGDP_RPCH.A","OBS_VALUE","Bosnia and Herzegovina","Gross domestic product (GDP), Constant prices, Percent change","Annual","Units","3.244","3.829","2.886","-3.015","7.392","4.227","1.994","3.227","2.000","2.200"
"IMF.RES:WEO(9.0.0)","BIH.NID_NGDP.A","OBS_VALUE","Bosnia and Herzegovina","Gross capital formation, Percent of GDP","Annual","Units","23.585","23.652","24.313","22.491","25.150","27.347","25.975","26.700","26.823","26.982"
"IMF.RES:WEO(9.0.0)","MKD.PPPGDP.A","OBS_VALUE","North Macedonia, Republic of","Gross domestic product (GDP), Current prices, Purchasing power parity (PPP) international dollar, ICP benchmarks 2017-2021","Annual","Billions","32.583","34.873","37.943","37.052","41.101","45.239","48.111","50.782","54.043","57.315"
"IMF.RES:WEO(9.0.0)","MKD.NGDPD.A","OBS_VALUE","North Macedonia, Republic of","Gross domestic product (GDP), Current prices, US dollar","Annual","Billions","11.336","12.694","12.609","12.385","14.008","13.957","15.864","16.954","19.142","21.605"
"IMF.RES:WEO(9.0.0)","HRV.NGDP_RPCH.A","OBS_VALUE","Croatia, Republic of","Gross domestic product (GDP), Constant prices, Percent change","Annual","Units","3.286","2.911","3.101","-8.310","12.629","7.297","3.760","3.827","3.154","2.638"
"IMF.RES:WEO(9.0.0)","LTU.PPPGDP.A","OBS_VALUE","Lithuania, Republic of","Gross domestic product (GDP), Current prices, Purchasing power parity (PPP) international dollar, ICP benchmarks 2017-2021","Annual","Billions","95.498","102.894","114.036","115.935","130.492","143.189","149.713","158.007","167.134","176.929"
"IMF.RES:WEO(9.0.0)","LTU.NGDPD.A","OBS_VALUE","Lithuania, Republic of","Gross domestic product (GDP), Current prices, US dollar","Annual","Billions","47.745","54.295","55.132","57.352","67.103","70.687","80.392","85.482","94.927","105.907"
"IMF.RES:WEO(9.0.0)","MNG.NID_NGDP.A","OBS_VALUE","Mongolia","Gross capital formation, Percent of GDP","Annual","Units","27.406","39.378","35.592","22.384","36.719","42.332","33.900","35.545","31.413","29.614"
"IMF.RES:WEO(9.0.0)","MNG.NGDP_RPCH.A","OBS_VALUE","Mongolia","Gross domestic product (GDP), Constant prices, Percent change","Annual","Units","5.637","7.745","5.602","-4.558","1.637","5.033","7.422","5.122","6.844","5.261"
"IMF.RES:WEO(9.0.0)","LTU.NGDP_RPCH.A","OBS_VALUE","Lithuania, Republic of","Gross domestic product (GDP), Constant prices, Percent change","Annual","Units","4.704","4.832","4.723","0.048","6.376","2.444","0.826","2.983","2.858","2.912"
"IMF.RES:WEO(9.0.0)","HRV.NGDPD.A","OBS_VALUE","Croatia, Republic of","Gross domestic product (GDP), Current prices, US dollar","Annual","Billions","56.164","61.694","61.474","57.914","69.052","71.257","85.647","92.955","106.055","116.574"
"IMF.RES:WEO(9.0.0)","MNG.NGSD_NGDP.A","OBS_VALUE","Mongolia","Gross national savings, Percent of GDP","Annual","Units","17.342","22.669","20.376","17.316","22.926","28.898","34.497","25.100","22.779","21.702"
"IMF.RES:WEO(9.0.0)","HRV.PPPGDP.A","OBS_VALUE","Croatia, Republic of","Gross domestic product (GDP), Current prices, Purchasing power parity (PPP) international dollar, ICP benchmarks 2017-2021","Annual","Billions","112.710","118.823","130.585","123.668","143.189","164.564","177.071","188.412","199.868","211.016"
"IMF.RES:WEO(9.0.0)","LTU.NGSD_NGDP.A","OBS_VALUE","Lithuania, Republic of","Gross national savings, Percent of GDP","Annual","Units","21.541","22.703","23.282","23.852","23.331","21.683","23.799","23.849","23.492","23.578"
"IMF.RES:WEO(9.0.0)","KOS.NGSD_NGDP.A","OBS_VALUE","Kosovo, Republic of","Gross national savings, Percent of GDP","Annual","Units","29.428","28.676","28.897","26.404","27.262","25.829","26.761","25.236","25.417","23.871"
"IMF.RES:WEO(9.0.0)","POL.NGSD_NGDP.A","OBS_VALUE","Poland, Republic of","Gross national savings, Percent of GDP","Annual","Units","18.722","19.478","20.435","21.238","20.509","19.785","19.204","18.108","17.188","17.817"
"IMF.RES:WEO(9.0.0)","POL.NGDPD.A","OBS_VALUE","Poland, Republic of","Gross domestic product (GDP), Current prices, US dollar","Annual","Billions","528.497","594.641","602.592","605.930","689.253","695.734","812.959","917.623","1035.586","1134.248"
"IMF.RES:WEO(9.0.0)","KOS.NGDP_RPCH.A","OBS_VALUE","Kosovo, Republic of","Gross domestic product (GDP), Constant prices, Percent change","Annual","Units","4.825","3.406","4.757","-5.341","10.746","4.278","4.069","4.572","3.591","3.300"
"IMF.RES:WEO(9.0.0)","POL.NGDP_RPCH.A","OBS_VALUE","Poland, Republic of","Gross domestic product (GDP), Constant prices, Percent change","Annual","Units","5.152","6.246","4.581","-2.036","6.927","5.255","0.250","3.028","3.573","3.324"
"IMF.RES:WEO(9.0.0)","G110.NID_NGDP.A","OBS_VALUE","Advanced Economies","Gross capital formation, Percent of GDP","Annual","Units","22.341","22.673","22.859","22.666","22.985","23.556","22.754","22.339","22.371","22.455"
"IMF.RES:WEO(9.0.0)","ROU.PPPGDP.A","OBS_VALUE","Romania","Gross domestic product (GDP), Current prices, Purchasing power parity (PPP) international dollar, ICP benchmarks 2017-2021","Annual","Billions","527.787","572.200","647.503","658.755","724.206","808.199","857.024","886.346","917.550","950.384"
"IMF.RES:WEO(9.0.0)","SVN.NID_NGDP.A","OBS_VALUE","Slovenia, Republic of","Gross capital formation, Percent of GDP","Annual","Units","20.250","21.561","20.835","20.190","21.798","24.572","22.510","21.534","22.029","21.812"
"IMF.RES:WEO(9.0.0)","MKD.NGSD_NGDP.A","OBS_VALUE","North Macedonia, Republic of","Gross national savings, Percent of GDP","Annual","Units","31.493","32.537","31.288","26.987","29.441","29.966","29.968","28.436","27.370","28.968"
"IMF.RES:WEO(9.0.0)","SVN.NGDP_RPCH.A","OBS_VALUE","Slovenia, Republic of","Gross domestic product (GDP), Constant prices, Percent change","Annual","Units","5.174","4.379","3.505","-4.085","8.417","2.669","2.376","1.731","1.060","2.000"
"IMF.RES:WEO(9.0.0)","SVN.NGSD_NGDP.A","OBS_VALUE","Slovenia, Republic of","Gross national savings, Percent of GDP","Annual","Units","27.000","28.112","27.327","27.940","25.234","23.661","27.240","26.068","25.453","24.866"
"IMF.RES:WEO(9.0.0)","BIH.PPPGDP.A","OBS_VALUE","Bosnia and Herzegovina","Gross domestic product (GDP), Current prices, Purchasing power parity (PPP) international dollar, ICP benchmarks 2017-2021","Annual","Billions","46.723","50.326","54.963","54.010","60.177","67.181","71.057","75.170","78.849","82.892"
"IMF.RES:WEO(9.0.0)","SVN.PPPGDP.A","OBS_VALUE","Slovenia, Republic of","Gross domestic product (GDP), Current prices, Purchasing power parity (PPP) international dollar, ICP benchmarks 2017-2021","Annual","Billions","74.762","80.094","88.492","87.812","97.568","107.297","113.910","118.759","123.423","129.498"
"IMF.RES:WEO(9.0.0)","G001.PPPGDP.A","OBS_VALUE","World","Gross domestic product (GDP), Current prices, Purchasing power parity (PPP) international dollar, ICP benchmarks 2017-2021","Annual","Billions","124734.508","132684.714","140573.502","140239.182","157084.796","174414.827","186756.631","197826.287","210326.761","222759.639"
"IMF.RES:WEO(9.0.0)","G001.NGDPD.A","OBS_VALUE","World","Gross domestic product (GDP), Current prices, US dollar","Annual","Billions","82081.813","87167.921","88478.299","86191.637","98435.190","102670.358","107245.572","111598.554","118175.485","126295.331"
"IMF.RES:WEO(9.0.0)","ROU.NID_NGDP.A","OBS_VALUE","Romania","Gross capital formation, Percent of GDP","Annual","Units","23.987","23.044","24.407","24.332","26.423","27.061","26.210","24.997","25.653","28.444"
"IMF.RES:WEO(9.0.0)","POL.PPPGDP.A","OBS_VALUE","Poland, Republic of","Gross domestic product (GDP), Current prices, Purchasing power parity (PPP) international dollar, ICP benchmarks 2017-2021","Annual","Billions","1145.711","1228.298","1362.291","1391.432","1544.889","1741.733","1810.686","1911.834","2036.311","2164.271"
"IMF.RES:WEO(9.0.0)","ROU.NGSD_NGDP.A","OBS_VALUE","Romania","Gross national savings, Percent of GDP","Annual","Units","20.804","18.407","19.526","19.235","19.194","17.506","19.526","16.838","17.703","21.679"
"IMF.RES:WEO(9.0.0)","POL.NID_NGDP.A","OBS_VALUE","Poland, Republic of","Gross capital formation, Percent of GDP","Annual","Units","19.908","21.444","20.708","18.839","21.811","22.059","17.668","17.803","17.887","18.927"
"IMF.RES:WEO(9.0.0)","KAZ.PPPGDP.A","OBS_VALUE","Kazakhstan, Republic of","Gross domestic product (GDP), Current prices, Purchasing power parity (PPP) international dollar, ICP benchmarks 2017-2021","Annual","Billions","447.144","475.138","551.108","565.757","650.470","719.029","783.661","843.272","923.433","993.672"
"IMF.RES:WEO(9.0.0)","NGA.NID_NGDP.A","OBS_VALUE","Nigeria","Gross capital formation, Percent of GDP","Annual","Units","11.101","14.163","20.385","21.059","19.233","18.096","17.552","16.783","17.645","20.617"
"IMF.RES:WEO(9.0.0)","ROU.NGDP_RPCH.A","OBS_VALUE","Romania","Gross domestic product (GDP), Constant prices, Percent change","Annual","Units","8.195","5.395","3.960","-3.598","5.587","4.188","2.258","0.916","0.665","0.694"
"IMF.RES:WEO(9.0.0)","KOS.PPPGDP.A","OBS_VALUE","Kosovo, Republic of","Gross domestic product (GDP), Current prices, Purchasing power parity (PPP) international dollar, ICP benchmarks 2017-2021","Annual","Billions","18.691","19.771","21.053","20.197","23.388","26.123","28.191","30.212","32.185","34.200"
"IMF.RES:WEO(9.0.0)","G998.NID_NGDP.A","OBS_VALUE","European Union (EU)","Gross capital formation, Percent of GDP","Annual","Units","21.251","21.876","22.508","22.138","23.085","24.199","22.537","21.583","21.991","22.079"
"IMF.RES:WEO(9.0.0)","KOS.NID_NGDP.A","OBS_VALUE","Kosovo, Republic of","Gross capital formation, Percent of GDP","Annual","Units","34.694","36.295","34.558","33.406","35.950","35.233","33.945","33.965","34.599","34.374"
"IMF.RES:WEO(9.0.0)","KOS.NGDPD.A","OBS_VALUE","Kosovo, Republic of","Gross domestic product (GDP), Current prices, US dollar","Annual","Billions","7.178","7.882","7.900","7.728","9.418","9.375","10.470","11.200","12.449","14.053"
"IMF.RES:WEO(9.0.0)","ROU.NGDPD.A","OBS_VALUE","Romania","Gross domestic product (GDP), Current prices, US dollar","Annual","Billions","210.530","241.973","250.056","250.961","285.275","295.891","347.829","382.650","427.941","480.834"
"IMF.RES:WEO(9.0.0)","G998.NGDP_RPCH.A","OBS_VALUE","European Union (EU)","Gross domestic product (GDP), Constant prices, Percent change","Annual","Units","3.041","2.263","2.043","-5.517","6.442","3.744","0.591","1.190","1.615","1.339"
"IMF.RES:WEO(9.0.0)","G998.NGSD_NGDP.A","OBS_VALUE","European Union (EU)","Gross national savings, Percent of GDP","Annual","Units","24.564","25.055","25.414","24.562","26.340","24.940","25.102","24.814","24.366","24.075"
"IMF.RES:WEO(9.0.0)","G998.PPPGDP.A","OBS_VALUE","European Union (EU)","Gross domestic product (GDP), Current prices, Purchasing power parity (PPP) international dollar, ICP benchmarks 2017-2021","Annual","Billions","19172.840","20097.273","21714.553","21256.037","23456.078","26056.591","27174.855","28175.864","29431.205","30677.594"
"IMF.RES:WEO(9.0.0)","G998.NGDPD.A","OBS_VALUE","European Union (EU)","Gross domestic product (GDP), Current prices, US dollar","Annual","Billions","14867.432","16098.972","15810.456","15493.881","17505.513","17036.312","18669.275","19499.035","21231.574","23034.637"
