year,scenario_code,scenario,s_mil_2025_assumed,g_world,d_mil,d_rest,epsilon,m_NATO,m_nonNATO,M_NATO,M_nonNATO,M_global,eta_mil,eta_rest,E_mil_Gt,E_rest_Gt,E_world_Gt,s_mil,model_family,cum_E_mil_Gt,E_mil_S0_Gt,incremental_E_mil_vs_S0_Gt,cum_incremental_E_mil_vs_S0_Gt,combined_model,combined_model_label,projected_pathway,trajectory_label,analysis,ssp,GDP_world,GDP_NATO,GDP_nonNATO,s_NATO_GDP,economy_GHG_intensity,intensity_multiplier_q,E_world_AR6_Gt,GDP_model_basis,bloc_split_basis,ar6_model,ar6_scenario,world_GHG_minus_AR6_Gt,E_world_S0_Gt,incremental_E_world_vs_S0_Gt,cum_incremental_E_world_vs_S0_Gt,GDP_valuation,GDP_world_2025_calibrated,s_NATO_GDP_2025_calibrated,m_nonNATO_2025_calibrated
2025,S0,Baseline,0.055,0.03,0.01,0.01,0.0,0.027,0.022985547972701727,1.587489462,1.341760538,2.9292499999999997,1.023299479388922,0.45082424616435024,2.9974999999999996,51.5025,54.5,0.05499999999999999,Original model reference case,2.9974999999999996,2.9974999999999996,0.0,0.0,Original,Original model — MER reference parameterisation (2025 military footprint 5.5%; g=3%/yr; d_mil=1%/yr; d_rest=1%/yr; epsilon=0),Original model reference parameterisation,Original model — MER reference parameterisation (2025 military footprint 5.5%; g=3%/yr; d_mil=1%/yr; d_rest=1%/yr; epsilon=0) — S0: Baseline,,,,,,,,,,,,,,,,,,,,,
2026,S0,Baseline,0.055,0.03,0.01,0.01,0.0,0.027,0.022985547972701727,1.63511414586,1.3820133541400001,3.0171275,1.0130664845950328,0.44631600370270674,3.0565507499999995,52.51709925,55.57365,0.05499999999999999,Original model reference case,6.054050749999999,3.0565507499999995,0.0,0.0,Original,Original model — MER reference parameterisation (2025 military footprint 5.5%; g=3%/yr; d_mil=1%/yr; d_rest=1%/yr; epsilon=0),Original model reference parameterisation,Original model — MER reference parameterisation (2025 military footprint 5.5%; g=3%/yr; d_mil=1%/yr; d_rest=1%/yr; epsilon=0) — S0: Baseline,,,,,,,,,,,,,,,,,,,,,
2027,S0,Baseline,0.055,0.03,0.01,0.01,0.0,0.027,0.022985547972701727,1.6841675702358,1.4234737547641998,3.107641325,1.0029358197490825,0.4418528436656797,3.116764799775,53.55168610522499,56.668450904999986,0.055000000000000014,Original model reference case,9.170815549775,3.116764799775,0.0,0.0,Original,Original model — MER reference parameterisation (2025 military footprint 5.5%; g=3%/yr; d_mil=1%/yr; d_rest=1%/yr; epsilon=0),Original model reference parameterisation,Original model — MER reference parameterisation (2025 military footprint 5.5%; g=3%/yr; d_mil=1%/yr; d_rest=1%/yr; epsilon=0) — S0: Baseline,,,,,,,,,,,,,,,,,,,,,
2028,S0,Baseline,0.055,0.03,0.01,0.01,0.0,0.027,0.022985547972701727,1.734692597342874,1.466177967407126,3.2008705647499998,0.9929064615515917,0.4374343152290229,3.178165066330567,54.60665432149793,57.78481938782849,0.055,Original model reference case,12.348980616105566,3.178165066330567,0.0,0.0,Original,Original model — MER reference parameterisation (2025 military footprint 5.5%; g=3%/yr; d_mil=1%/yr; d_rest=1%/yr; epsilon=0),Original model reference parameterisation,Original model — MER reference parameterisation (2025 military footprint 5.5%; g=3%/yr; d_mil=1%/yr; d_rest=1%/yr; epsilon=0) — S0: Baseline,,,,,,,,,,,,,,,,,,,,,
2029,S0,Baseline,0.055,0.03,0.01,0.01,0.0,0.027,0.022985547972701727,1.7867333752631605,1.51016330642934,3.2968966816925005,0.9829773969360758,0.43305997207673264,3.24077491813728,55.68240541163145,58.923180329768726,0.055,Original model reference case,15.589755534242846,3.24077491813728,0.0,0.0,Original,Original model — MER reference parameterisation (2025 military footprint 5.5%; g=3%/yr; d_mil=1%/yr; d_rest=1%/yr; epsilon=0),Original model reference parameterisation,Original model — MER reference parameterisation (2025 military footprint 5.5%; g=3%/yr; d_mil=1%/yr; d_rest=1%/yr; epsilon=0) — S0: Baseline,,,,,,,,,,,,,,,,,,,,,
2030,S0,Baseline,0.055,0.03,0.01,0.01,0.0,0.027,0.022985547972701727,1.8403353765210553,1.5554682056222198,3.395803582143275,0.973147622966715,0.42872937235596525,3.3046181840245836,56.77934879824058,60.08396698226516,0.055,Original model reference case,18.89437371826743,3.3046181840245836,0.0,0.0,Original,Original model — MER reference parameterisation (2025 military footprint 5.5%; g=3%/yr; d_mil=1%/yr; d_rest=1%/yr; epsilon=0),Original model reference parameterisation,Original model — MER reference parameterisation (2025 military footprint 5.5%; g=3%/yr; d_mil=1%/yr; d_rest=1%/yr; epsilon=0) — S0: Baseline,,,,,,,,,,,,,,,,,,,,,
2031,S0,Baseline,0.055,0.03,0.01,0.01,0.0,0.027,0.022985547972701727,1.8955454378166867,1.6021322517908867,3.497677689607573,0.9634161467370479,0.4244420786324057,3.3697191622498686,57.89790196956591,61.26762113181577,0.055000000000000014,Original model reference case,22.2640928805173,3.3697191622498686,0.0,0.0,Original,Original model — MER reference parameterisation (2025 military footprint 5.5%; g=3%/yr; d_mil=1%/yr; d_rest=1%/yr; epsilon=0),Original model reference parameterisation,Original model — MER reference parameterisation (2025 military footprint 5.5%; g=3%/yr; d_mil=1%/yr; d_rest=1%/yr; epsilon=0) — S0: Baseline,,,,,,,,,,,,,,,,,,,,,
2032,S0,Baseline,0.055,0.03,0.01,0.01,0.0,0.027,0.022985547972701727,1.9524118009511877,1.6501962193446136,3.6026080202958015,0.9537819852696773,0.4201976578460816,3.436102629746191,59.03849063836638,62.47459326811257,0.05499999999999999,Original model reference case,25.70019551026349,3.436102629746191,0.0,0.0,Original,Original model — MER reference parameterisation (2025 military footprint 5.5%; g=3%/yr; d_mil=1%/yr; d_rest=1%/yr; epsilon=0),Original model reference parameterisation,Original model — MER reference parameterisation (2025 military footprint 5.5%; g=3%/yr; d_mil=1%/yr; d_rest=1%/yr; epsilon=0) — S0: Baseline,,,,,,,,,,,,,,,,,,,,,
2033,S0,Baseline,0.055,0.03,0.01,0.01,0.0,0.027,0.022985547972701727,2.0109841549797234,1.6997021059249517,3.710686260904675,0.9442441654169805,0.41599568126762076,3.503793851552191,60.20154890394218,63.70534275549437,0.05500000000000001,Original model reference case,29.20398936181568,3.503793851552191,0.0,0.0,Original,Original model — MER reference parameterisation (2025 military footprint 5.5%; g=3%/yr; d_mil=1%/yr; d_rest=1%/yr; epsilon=0),Original model reference parameterisation,Original model — MER reference parameterisation (2025 military footprint 5.5%; g=3%/yr; d_mil=1%/yr; d_rest=1%/yr; epsilon=0) — S0: Baseline,,,,,,,,,,,,,,,,,,,,,
2034,S0,Baseline,0.055,0.03,0.01,0.01,0.0,0.027,0.022985547972701727,2.071313679629115,1.7506931691027006,3.8220068487318155,0.9348017237628108,0.41183572445494454,3.5728185904277696,61.38751941734985,64.96033800777762,0.05500000000000001,Original model reference case,32.77680795224345,3.5728185904277696,0.0,0.0,Original,Original model — MER reference parameterisation (2025 military footprint 5.5%; g=3%/yr; d_mil=1%/yr; d_rest=1%/yr; epsilon=0),Original model reference parameterisation,Original model — MER reference parameterisation (2025 military footprint 5.5%; g=3%/yr; d_mil=1%/yr; d_rest=1%/yr; epsilon=0) — S0: Baseline,,,,,,,,,,,,,,,,,,,,,
2035,S0,Baseline,0.055,0.03,0.01,0.01,0.0,0.027,0.022985547972701727,2.133453090017989,1.8032139641757814,3.9366670541937703,0.9254537065251827,0.4077173672103951,3.6432031166591967,62.59685354987164,66.24005666653083,0.055000000000000014,Original model reference case,36.420011068902646,3.6432031166591967,0.0,0.0,Original,Original model — MER reference parameterisation (2025 military footprint 5.5%; g=3%/yr; d_mil=1%/yr; d_rest=1%/yr; epsilon=0),Original model reference parameterisation,Original model — MER reference parameterisation (2025 military footprint 5.5%; g=3%/yr; d_mil=1%/yr; d_rest=1%/yr; epsilon=0) — S0: Baseline,,,,,,,,,,,,,,,,,,,,,
2025,S1,"NATO→3.5%, nonNATO holds",0.055,0.03,0.01,0.01,0.0,0.027,0.022985547972701727,1.587489462,1.341760538,2.9292499999999997,1.023299479388922,0.45082424616435024,2.9974999999999996,51.5025,54.5,0.05499999999999999,Original model reference case,2.9974999999999996,2.9974999999999996,0.0,0.0,Original,Original model — MER reference parameterisation (2025 military footprint 5.5%; g=3%/yr; d_mil=1%/yr; d_rest=1%/yr; epsilon=0),Original model reference parameterisation,Original model — MER reference parameterisation (2025 military footprint 5.5%; g=3%/yr; d_mil=1%/yr; d_rest=1%/yr; epsilon=0) — S1: NATO 3.5%,,,,,,,,,,,,,,,,,,,,,
2026,S1,"NATO→3.5%, nonNATO holds",0.055,0.03,0.01,0.01,0.0,0.02740877593256891,0.022985547972701727,1.6598695277055757,1.3820133541400001,3.041882881845576,1.0130664845950328,0.44631600370270674,3.081629597661105,52.506050526904545,55.58768012456565,0.05543727658278821,Original model reference case,6.079129597661105,3.0565507499999995,0.025078847661105463,0.025078847661105463,Original,Original model — MER reference parameterisation (2025 military footprint 5.5%; g=3%/yr; d_mil=1%/yr; d_rest=1%/yr; epsilon=0),Original model reference parameterisation,Original model — MER reference parameterisation (2025 military footprint 5.5%; g=3%/yr; d_mil=1%/yr; d_rest=1%/yr; epsilon=0) — S1: NATO 3.5%,,,,,,,,,,,,,,,,,,,,,
2027,S1,"NATO→3.5%, nonNATO holds",0.055,0.03,0.01,0.01,0.0,0.028005016140972137,0.022985547972701727,1.7468570366131633,1.4234737547641998,3.170330791377363,1.0029358197490825,0.4418528436656797,3.1796383111258133,53.523986586238266,56.70362489736408,0.056074692171463304,Original model reference case,9.258767908786918,3.116764799775,0.06287351135081343,0.08795235901191889,Original,Original model — MER reference parameterisation (2025 military footprint 5.5%; g=3%/yr; d_mil=1%/yr; d_rest=1%/yr; epsilon=0),Original model reference parameterisation,Original model — MER reference parameterisation (2025 military footprint 5.5%; g=3%/yr; d_mil=1%/yr; d_rest=1%/yr; epsilon=0) — S1: NATO 3.5%,,,,,,,,,,,,,,,,,,,,,
2028,S1,"NATO→3.5%, nonNATO holds",0.055,0.03,0.01,0.01,0.0,0.028820930945768986,0.022985547972701727,1.8516835392650228,1.466177967407126,3.317861506672149,0.9929064615515917,0.4374343152290229,3.294326128508076,54.55547846893022,57.84980459743829,0.056946192842524404,Original model reference case,12.553094037294994,3.178165066330567,0.11616106217750888,0.20411342118942777,Original,Original model — MER reference parameterisation (2025 military footprint 5.5%; g=3%/yr; d_mil=1%/yr; d_rest=1%/yr; epsilon=0),Original model reference parameterisation,Original model — MER reference parameterisation (2025 military footprint 5.5%; g=3%/yr; d_mil=1%/yr; d_rest=1%/yr; epsilon=0) — S1: NATO 3.5%,,,,,,,,,,,,,,,,,,,,,
2029,S1,"NATO→3.5%, nonNATO holds",0.055,0.03,0.01,0.01,0.0,0.029845109579542582,0.022985547972701727,1.975009384227963,1.51016330642934,3.4851726906573033,0.9829773969360758,0.43305997207673264,3.425845979335015,55.60087060844643,59.02671658778144,0.05803890470919683,Original model reference case,15.978940016630009,3.24077491813728,0.1850710611977351,0.38918448238716286,Original,Original model — MER reference parameterisation (2025 military footprint 5.5%; g=3%/yr; d_mil=1%/yr; d_rest=1%/yr; epsilon=0),Original model reference parameterisation,Original model — MER reference parameterisation (2025 military footprint 5.5%; g=3%/yr; d_mil=1%/yr; d_rest=1%/yr; epsilon=0) — S1: NATO 3.5%,,,,,,,,,,,,,,,,,,,,,
2030,S1,"NATO→3.5%, nonNATO holds",0.055,0.03,0.01,0.01,0.0,0.030999999999995285,0.022985547972701727,2.112977654523853,1.5554682056222198,3.6684458601460728,0.973147622966715,0.42872937235596525,3.569939368783237,56.66245904551472,60.23239841429796,0.05926942082279435,Original model reference case,19.548879385413247,3.3046181840245836,0.2653211847586534,0.6545056671458163,Original,Original model — MER reference parameterisation (2025 military footprint 5.5%; g=3%/yr; d_mil=1%/yr; d_rest=1%/yr; epsilon=0),Original model reference parameterisation,Original model — MER reference parameterisation (2025 military footprint 5.5%; g=3%/yr; d_mil=1%/yr; d_rest=1%/yr; epsilon=0) — S1: NATO 3.5%,,,,,,,,,,,,,,,,,,,,,
2031,S1,"NATO→3.5%, nonNATO holds",0.055,0.03,0.01,0.01,0.0,0.03215489042044799,0.022985547972701727,2.257446512591691,1.6021322517908867,3.8595787643825776,0.9634161467370479,0.4244420786324057,3.7183805012095994,57.74429592512911,61.46267642633871,0.06049818715047292,Original model reference case,23.267259886622845,3.3697191622498686,0.34866133895973084,1.003167006105547,Original,Original model — MER reference parameterisation (2025 military footprint 5.5%; g=3%/yr; d_mil=1%/yr; d_rest=1%/yr; epsilon=0),Original model reference parameterisation,Original model — MER reference parameterisation (2025 military footprint 5.5%; g=3%/yr; d_mil=1%/yr; d_rest=1%/yr; epsilon=0) — S1: NATO 3.5%,,,,,,,,,,,,,,,,,,,,,
2032,S1,"NATO→3.5%, nonNATO holds",0.055,0.03,0.01,0.01,0.0,0.033179069054221584,0.022985547972701727,2.3992298505939478,1.6501962193446136,4.049426069938561,0.9537819852696773,0.4201976578460816,3.862269636188788,58.85073874042314,62.713008376611924,0.06158641940751124,Original model reference case,27.129529522811634,3.436102629746191,0.42616700644259664,1.4293340125481437,Original,Original model — MER reference parameterisation (2025 military footprint 5.5%; g=3%/yr; d_mil=1%/yr; d_rest=1%/yr; epsilon=0),Original model reference parameterisation,Original model — MER reference parameterisation (2025 military footprint 5.5%; g=3%/yr; d_mil=1%/yr; d_rest=1%/yr; epsilon=0) — S1: NATO 3.5%,,,,,,,,,,,,,,,,,,,,,
2033,S1,"NATO→3.5%, nonNATO holds",0.055,0.03,0.01,0.01,0.0,0.03399498385901843,0.022985547972701727,2.531976810713982,1.6997021059249517,4.231678916638934,0.9442441654169805,0.41599568126762076,3.995738126954363,59.98481820918458,63.980556336138946,0.0624523817198726,Original model reference case,31.125267649765995,3.503793851552191,0.4919442754021719,1.9212782879503156,Original,Original model — MER reference parameterisation (2025 military footprint 5.5%; g=3%/yr; d_mil=1%/yr; d_rest=1%/yr; epsilon=0),Original model reference parameterisation,Original model — MER reference parameterisation (2025 military footprint 5.5%; g=3%/yr; d_mil=1%/yr; d_rest=1%/yr; epsilon=0) — S1: NATO 3.5%,,,,,,,,,,,,,,,,,,,,,
2034,S1,"NATO→3.5%, nonNATO holds",0.055,0.03,0.01,0.01,0.0,0.034591224067421655,0.022985547972701727,2.6536768742950505,1.7506931691027006,4.404370043397751,0.9348017237628108,0.41183572445494454,4.117212708657504,61.14768144917871,65.26489415783621,0.06308464545580143,Original model reference case,35.2424803584235,3.5728185904277696,0.544394118229734,2.4656724061800497,Original,Original model — MER reference parameterisation (2025 military footprint 5.5%; g=3%/yr; d_mil=1%/yr; d_rest=1%/yr; epsilon=0),Original model reference parameterisation,Original model — MER reference parameterisation (2025 military footprint 5.5%; g=3%/yr; d_mil=1%/yr; d_rest=1%/yr; epsilon=0) — S1: NATO 3.5%,,,,,,,,,,,,,,,,,,,,,
2035,S1,"NATO→3.5%, nonNATO holds",0.055,0.03,0.01,0.01,0.0,0.03499999999999057,0.022985547972701727,2.765587338911463,1.8032139641757814,4.568801303087245,0.9254537065251827,0.4077173672103951,4.2282141003191756,62.339121438189274,66.56733553850844,0.0635178510017605,Original model reference case,39.47069445874268,3.6432031166591967,0.5850109836599788,3.0506833898400285,Original,Original model — MER reference parameterisation (2025 military footprint 5.5%; g=3%/yr; d_mil=1%/yr; d_rest=1%/yr; epsilon=0),Original model reference parameterisation,Original model — MER reference parameterisation (2025 military footprint 5.5%; g=3%/yr; d_mil=1%/yr; d_rest=1%/yr; epsilon=0) — S1: NATO 3.5%,,,,,,,,,,,,,,,,,,,,,
2025,S2,"NATO→3.5%, nonNATO→3.5%",0.055,0.03,0.01,0.01,0.0,0.027,0.022985547972701727,1.587489462,1.341760538,2.9292499999999997,1.023299479388922,0.45082424616435024,2.9974999999999996,51.5025,54.5,0.05499999999999999,Original model reference case,2.9974999999999996,2.9974999999999996,0.0,0.0,Original,Original model — MER reference parameterisation (2025 military footprint 5.5%; g=3%/yr; d_mil=1%/yr; d_rest=1%/yr; epsilon=0),Original model reference parameterisation,Original model — MER reference parameterisation (2025 military footprint 5.5%; g=3%/yr; d_mil=1%/yr; d_rest=1%/yr; epsilon=0) — S2: NATO/non-NATO 3.5%,,,,,,,,,,,,,,,,,,,,,
2026,S2,"NATO→3.5%, nonNATO→3.5%",0.055,0.03,0.01,0.01,0.0,0.02740877593256891,0.023599450326672138,1.6598695277055757,1.418924427669015,3.0787939553745907,1.0130664845950328,0.44631600370270674,3.119022969163773,52.48957652407471,55.60859949323848,0.05608886031274747,Original model reference case,6.116522969163773,3.0565507499999995,0.062472219163773435,0.062472219163773435,Original,Original model — MER reference parameterisation (2025 military footprint 5.5%; g=3%/yr; d_mil=1%/yr; d_rest=1%/yr; epsilon=0),Original model reference parameterisation,Original model — MER reference parameterisation (2025 military footprint 5.5%; g=3%/yr; d_mil=1%/yr; d_rest=1%/yr; epsilon=0) — S2: NATO/non-NATO 3.5%,,,,,,,,,,,,,,,,,,,,,
2027,S2,"NATO→3.5%, nonNATO→3.5%",0.055,0.03,0.01,0.01,0.0,0.028005016140972137,0.024494887749248,1.7468570366131633,1.5169457729856888,3.263802809598852,1.0029358197490825,0.4418528436656797,3.2733847463443833,53.48268570918394,56.756070455528324,0.057674619121302104,Original model reference case,9.389907715508155,3.116764799775,0.15661994656938338,0.21909216573315682,Original,Original model — MER reference parameterisation (2025 military footprint 5.5%; g=3%/yr; d_mil=1%/yr; d_rest=1%/yr; epsilon=0),Original model reference parameterisation,Original model — MER reference parameterisation (2025 military footprint 5.5%; g=3%/yr; d_mil=1%/yr; d_rest=1%/yr; epsilon=0) — S2: NATO/non-NATO 3.5%,,,,,,,,,,,,,,,,,,,,,
2028,S2,"NATO→3.5%, nonNATO→3.5%",0.055,0.03,0.01,0.01,0.0,0.028820930945768986,0.025720233909322272,1.8516835392650228,1.6406152387226935,3.4922987779877164,0.9929064615515917,0.4374343152290229,3.467526022332731,54.47917362060187,57.946699642934604,0.05983992261335843,Original model reference case,12.857433737840887,3.178165066330567,0.28936095600216394,0.5084531217353208,Original,Original model — MER reference parameterisation (2025 military footprint 5.5%; g=3%/yr; d_mil=1%/yr; d_rest=1%/yr; epsilon=0),Original model reference parameterisation,Original model — MER reference parameterisation (2025 military footprint 5.5%; g=3%/yr; d_mil=1%/yr; d_rest=1%/yr; epsilon=0) — S2: NATO/non-NATO 3.5%,,,,,,,,,,,,,,,,,,,,,
2029,S2,"NATO→3.5%, nonNATO→3.5%",0.055,0.03,0.01,0.01,0.0,0.029845109579542582,0.027258352042179364,1.975009384227963,1.7908889140568116,3.7658982982847746,0.9829773969360758,0.43305997207673264,3.7017929063739654,55.47929958464605,59.18109249102002,0.06255026310870597,Original model reference case,16.559226644214853,3.24077491813728,0.4610179882366854,0.9694711099720061,Original,Original model — MER reference parameterisation (2025 military footprint 5.5%; g=3%/yr; d_mil=1%/yr; d_rest=1%/yr; epsilon=0),Original model reference parameterisation,Original model — MER reference parameterisation (2025 military footprint 5.5%; g=3%/yr; d_mil=1%/yr; d_rest=1%/yr; epsilon=0) — S2: NATO/non-NATO 3.5%,,,,,,,,,,,,,,,,,,,,,
2030,S2,"NATO→3.5%, nonNATO→3.5%",0.055,0.03,0.01,0.01,0.0,0.030999999999995285,0.028992773986343784,2.112977654523853,1.9619866440472764,4.07496429857113,0.973147622966715,0.42872937235596525,3.9655418208287223,56.48817265055763,60.45371447138635,0.06559633027521697,Original model reference case,20.524768465043575,3.3046181840245836,0.6609236368041387,1.6303947467761448,Original,Original model — MER reference parameterisation (2025 military footprint 5.5%; g=3%/yr; d_mil=1%/yr; d_rest=1%/yr; epsilon=0),Original model reference parameterisation,Original model — MER reference parameterisation (2025 military footprint 5.5%; g=3%/yr; d_mil=1%/yr; d_rest=1%/yr; epsilon=0) — S2: NATO/non-NATO 3.5%,,,,,,,,,,,,,,,,,,,,,
2031,S2,"NATO→3.5%, nonNATO→3.5%",0.055,0.03,0.01,0.01,0.0,0.03215489042044799,0.0307271959305082,2.257446512591691,2.1417384378145186,4.39918495040621,0.9634161467370479,0.4244420786324057,4.238245813703962,57.51526435389034,61.7535101675943,0.06863165838187477,Original model reference case,24.763014278747537,3.3697191622498686,0.8685266514540935,2.4989213982302383,Original,Original model — MER reference parameterisation (2025 military footprint 5.5%; g=3%/yr; d_mil=1%/yr; d_rest=1%/yr; epsilon=0),Original model reference parameterisation,Original model — MER reference parameterisation (2025 military footprint 5.5%; g=3%/yr; d_mil=1%/yr; d_rest=1%/yr; epsilon=0) — S2: NATO/non-NATO 3.5%,,,,,,,,,,,,,,,,,,,,,
2032,S2,"NATO→3.5%, nonNATO→3.5%",0.055,0.03,0.01,0.01,0.0,0.033179069054221584,0.032265314063365295,2.3992298505939478,2.3164163563368674,4.715646206930815,0.9537819852696773,0.4201976578460816,4.497698401075897,58.57079459924909,63.068493000324985,0.07131450566057954,Original model reference case,29.260712679823435,3.436102629746191,1.0615957713297055,3.560517169559944,Original,Original model — MER reference parameterisation (2025 military footprint 5.5%; g=3%/yr; d_mil=1%/yr; d_rest=1%/yr; epsilon=0),Original model reference parameterisation,Original model — MER reference parameterisation (2025 military footprint 5.5%; g=3%/yr; d_mil=1%/yr; d_rest=1%/yr; epsilon=0) — S2: NATO/non-NATO 3.5%,,,,,,,,,,,,,,,,,,,,,
2033,S2,"NATO→3.5%, nonNATO→3.5%",0.055,0.03,0.01,0.01,0.0,0.03399498385901843,0.033490660223439564,2.531976810713982,2.476518975236176,5.008495785950158,0.9442441654169805,0.41599568126762076,4.729242923398971,59.66166574641528,64.39090866981425,0.07344581744683451,Original model reference case,33.989955603222406,3.503793851552191,1.2254490718467799,4.785966241406724,Original,Original model — MER reference parameterisation (2025 military footprint 5.5%; g=3%/yr; d_mil=1%/yr; d_rest=1%/yr; epsilon=0),Original model reference parameterisation,Original model — MER reference parameterisation (2025 military footprint 5.5%; g=3%/yr; d_mil=1%/yr; d_rest=1%/yr; epsilon=0) — S2: NATO/non-NATO 3.5%,,,,,,,,,,,,,,,,,,,,,
2034,S2,"NATO→3.5%, nonNATO→3.5%",0.055,0.03,0.01,0.01,0.0,0.034591224067421655,0.034386097646015426,2.6536768742950505,2.619015493233934,5.272692367528984,0.9348017237628108,0.41183572445494454,4.928921914037111,60.79007529575973,65.71899720979684,0.07499995622730452,Original model reference case,38.91887751725952,3.5728185904277696,1.3561033236093412,6.142069565016065,Original,Original model — MER reference parameterisation (2025 military footprint 5.5%; g=3%/yr; d_mil=1%/yr; d_rest=1%/yr; epsilon=0),Original model reference parameterisation,Original model — MER reference parameterisation (2025 military footprint 5.5%; g=3%/yr; d_mil=1%/yr; d_rest=1%/yr; epsilon=0) — S2: NATO/non-NATO 3.5%,,,,,,,,,,,,,,,,,,,,,
2035,S2,"NATO→3.5%, nonNATO→3.5%",0.055,0.03,0.01,0.01,0.0,0.03499999999999057,0.03499999999998584,2.765587338911463,2.74574653695796,5.511333875869423,0.9254537065251827,0.4077173672103951,5.100484363321159,61.95483453910448,67.05531890242564,0.07606382978720955,Original model reference case,44.019361880580675,3.6432031166591967,1.457281246661962,7.599350811678027,Original,Original model — MER reference parameterisation (2025 military footprint 5.5%; g=3%/yr; d_mil=1%/yr; d_rest=1%/yr; epsilon=0),Original model reference parameterisation,Original model — MER reference parameterisation (2025 military footprint 5.5%; g=3%/yr; d_mil=1%/yr; d_rest=1%/yr; epsilon=0) — S2: NATO/non-NATO 3.5%,,,,,,,,,,,,,,,,,,,,,
2025,S3,"NATO→5%, nonNATO→3.5%",0.055,0.03,0.01,0.01,0.0,0.027,0.022985547972701727,1.587489462,1.341760538,2.9292499999999997,1.023299479388922,0.45082424616435024,2.9974999999999996,51.5025,54.5,0.05499999999999999,Original model reference case,2.9974999999999996,2.9974999999999996,0.0,0.0,Original,Original model — MER reference parameterisation (2025 military footprint 5.5%; g=3%/yr; d_mil=1%/yr; d_rest=1%/yr; epsilon=0),Original model reference parameterisation,Original model — MER reference parameterisation (2025 military footprint 5.5%; g=3%/yr; d_mil=1%/yr; d_rest=1%/yr; epsilon=0) — S3: NATO 5%; non-NATO 3.5%,,,,,,,,,,,,,,,,,,,,,
2026,S3,"NATO→5%, nonNATO→3.5%",0.055,0.03,0.01,0.01,0.0,0.02817523080613562,0.023599450326672138,1.7062858686660298,1.418924427669015,3.1252102963350445,1.0130664845950328,0.44631600370270674,3.1660458085283443,52.46886016827073,55.634905976799075,0.05690754307823674,Original model reference case,6.163545808528344,3.0565507499999995,0.10949505852834474,0.10949505852834474,Original,Original model — MER reference parameterisation (2025 military footprint 5.5%; g=3%/yr; d_mil=1%/yr; d_rest=1%/yr; epsilon=0),Original model reference parameterisation,Original model — MER reference parameterisation (2025 military footprint 5.5%; g=3%/yr; d_mil=1%/yr; d_rest=1%/yr; epsilon=0) — S3: NATO 5%; non-NATO 3.5%,,,,,,,,,,,,,,,,,,,,,
2027,S3,"NATO→5%, nonNATO→3.5%",0.055,0.03,0.01,0.01,0.0,0.029889421405294894,0.024494887749248,1.864399786070719,1.5169457729856888,3.381345559056408,1.0029358197490825,0.4418528436656797,3.391272580127158,53.43074911108383,56.822021691210985,0.05968236397072277,Original model reference case,9.554818388655502,3.116764799775,0.2745077803521583,0.384002838880503,Original,Original model — MER reference parameterisation (2025 military footprint 5.5%; g=3%/yr; d_mil=1%/yr; d_rest=1%/yr; epsilon=0),Original model reference parameterisation,Original model — MER reference parameterisation (2025 military footprint 5.5%; g=3%/yr; d_mil=1%/yr; d_rest=1%/yr; epsilon=0) — S3: NATO 5%; non-NATO 3.5%,,,,,,,,,,,,,,,,,,,,,
2028,S3,"NATO→5%, nonNATO→3.5%",0.055,0.03,0.01,0.01,0.0,0.03223517646908584,0.025720233909322272,2.071041555369052,1.6406152387226935,3.7116567940917458,0.9929064615515917,0.4374343152290229,3.68532801391556,54.38321889703741,58.06854691095297,0.06346513233001924,Original model reference case,13.240146402571062,3.178165066330567,0.5071629475849928,0.8911657864654958,Original,Original model — MER reference parameterisation (2025 military footprint 5.5%; g=3%/yr; d_mil=1%/yr; d_rest=1%/yr; epsilon=0),Original model reference parameterisation,Original model — MER reference parameterisation (2025 military footprint 5.5%; g=3%/yr; d_mil=1%/yr; d_rest=1%/yr; epsilon=0) — S3: NATO 5%; non-NATO 3.5%,,,,,,,,,,,,,,,,,,,,,
2029,S3,"NATO→5%, nonNATO→3.5%",0.055,0.03,0.01,0.01,0.0,0.03517969004118492,0.027258352042179364,2.3280269010369676,1.7908889140568116,4.1189158150937795,0.9829773969360758,0.43305997207673264,4.048801146119718,55.32642182867414,59.37522297479386,0.06819007901391001,Original model reference case,17.28894754869078,3.24077491813728,0.8080262279824382,1.699192014447934,Original,Original model — MER reference parameterisation (2025 military footprint 5.5%; g=3%/yr; d_mil=1%/yr; d_rest=1%/yr; epsilon=0),Original model reference parameterisation,Original model — MER reference parameterisation (2025 military footprint 5.5%; g=3%/yr; d_mil=1%/yr; d_rest=1%/yr; epsilon=0) — S3: NATO 5%; non-NATO 3.5%,,,,,,,,,,,,,,,,,,,,,
2030,S3,"NATO→5%, nonNATO→3.5%",0.055,0.03,0.01,0.01,0.0,0.03849999999998644,0.028992773986343784,2.6241819257790993,1.9619866440472764,4.586168569826375,0.973147622966715,0.42872937235596525,4.4630190422511955,56.26900436419668,60.73202340644788,0.0734870796644223,Original model reference case,21.751966590941976,3.3046181840245836,1.1584008582266119,2.857592872674546,Original,Original model — MER reference parameterisation (2025 military footprint 5.5%; g=3%/yr; d_mil=1%/yr; d_rest=1%/yr; epsilon=0),Original model reference parameterisation,Original model — MER reference parameterisation (2025 military footprint 5.5%; g=3%/yr; d_mil=1%/yr; d_rest=1%/yr; epsilon=0) — S3: NATO 5%; non-NATO 3.5%,,,,,,,,,,,,,,,,,,,,,
2031,S3,"NATO→5%, nonNATO→3.5%",0.055,0.03,0.01,0.01,0.0,0.041820309958787966,0.0307271959305082,2.9360110277948253,2.1417384378145186,5.077749465609344,0.9634161467370479,0.4244420786324057,4.891985824253458,57.227253020571325,62.119238844824785,0.07875154163549469,Original model reference case,26.643952415195436,3.3697191622498686,1.5222666620035898,4.379859534678136,Original,Original model — MER reference parameterisation (2025 military footprint 5.5%; g=3%/yr; d_mil=1%/yr; d_rest=1%/yr; epsilon=0),Original model reference parameterisation,Original model — MER reference parameterisation (2025 military footprint 5.5%; g=3%/yr; d_mil=1%/yr; d_rest=1%/yr; epsilon=0) — S3: NATO 5%; non-NATO 3.5%,,,,,,,,,,,,,,,,,,,,,
2032,S3,"NATO→5%, nonNATO→3.5%",0.055,0.03,0.01,0.01,0.0,0.04476482353088705,0.032265314063365295,3.2370136936741223,2.3164163563368674,5.55343005001099,0.9537819852696773,0.4201976578460816,5.296761538155765,58.21875979060551,63.515521328761274,0.08339318370291438,Original model reference case,31.9407139533512,3.436102629746191,1.8606589084095742,6.24051844308771,Original,Original model — MER reference parameterisation (2025 military footprint 5.5%; g=3%/yr; d_mil=1%/yr; d_rest=1%/yr; epsilon=0),Original model reference parameterisation,Original model — MER reference parameterisation (2025 military footprint 5.5%; g=3%/yr; d_mil=1%/yr; d_rest=1%/yr; epsilon=0) — S3: NATO 5%; non-NATO 3.5%,,,,,,,,,,,,,,,,,,,,,
2033,S3,"NATO→5%, nonNATO→3.5%",0.055,0.03,0.01,0.01,0.0,0.04711057859467799,0.033490660223439564,3.508838040215717,2.476518975236176,5.985357015451893,0.9442441654169805,0.41599568126762076,5.651638439778042,59.255295693744785,64.90693413352282,0.0870729532248714,Original model reference case,37.59235239312924,3.503793851552191,2.147844588225851,8.38836303131356,Original,Original model — MER reference parameterisation (2025 military footprint 5.5%; g=3%/yr; d_mil=1%/yr; d_rest=1%/yr; epsilon=0),Original model reference parameterisation,Original model — MER reference parameterisation (2025 military footprint 5.5%; g=3%/yr; d_mil=1%/yr; d_rest=1%/yr; epsilon=0) — S3: NATO 5%; non-NATO 3.5%,,,,,,,,,,,,,,,,,,,,,
2034,S3,"NATO→5%, nonNATO→3.5%",0.055,0.03,0.01,0.01,0.0,0.04882476919383726,0.034386097646015426,3.745607864293679,2.619015493233934,6.364623357527613,0.9348017237628108,0.41183572445494454,5.949660885717861,60.34037910543884,66.2900399911567,0.08975195800925091,Original model reference case,43.5420132788471,3.5728185904277696,2.376842295290091,10.765205326603652,Original,Original model — MER reference parameterisation (2025 military footprint 5.5%; g=3%/yr; d_mil=1%/yr; d_rest=1%/yr; epsilon=0),Original model reference parameterisation,Original model — MER reference parameterisation (2025 military footprint 5.5%; g=3%/yr; d_mil=1%/yr; d_rest=1%/yr; epsilon=0) — S3: NATO 5%; non-NATO 3.5%,,,,,,,,,,,,,,,,,,,,,
2035,S3,"NATO→5%, nonNATO→3.5%",0.055,0.03,0.01,0.01,0.0,0.049999999999972886,0.03499999999998584,3.9508390555867257,2.74574653695796,6.696585592544686,0.9254537065251827,0.4077173672103951,6.197379957683617,61.471586829700044,67.66896678738367,0.09158378281666137,Original model reference case,49.73939323653072,3.6432031166591967,2.55417684102442,13.31938216762807,Original,Original model — MER reference parameterisation (2025 military footprint 5.5%; g=3%/yr; d_mil=1%/yr; d_rest=1%/yr; epsilon=0),Original model reference parameterisation,Original model — MER reference parameterisation (2025 military footprint 5.5%; g=3%/yr; d_mil=1%/yr; d_rest=1%/yr; epsilon=0) — S3: NATO 5%; non-NATO 3.5%,,,,,,,,,,,,,,,,,,,,,
2025,S0,Baseline,0.055,,,,,0.027,0.022985547972701727,1.8773865800405787,1.5867842199693458,3.4641708000099243,0.5825932533906624,0.25666695778749465,2.0182025366787153,34.67638903929793,36.694591575976645,0.05499999999999999,,2.0182025366787153,2.0182025366787153,0.0,0.0,SA1,SA1 — AR6 pathways; fixed NATO GDP share (s_NATO=0.5018),SSP1-1.9,SA1 — AR6 pathways; fixed NATO GDP share (s_NATO=0.5018) — SSP1-1.9 — IMAGE 3.0.1 / SSP1-19 — S0: Baseline,SA1_AR6_fixed_split,SSP1-1.9,138.56683200039697,69.53283629779921,69.03399570259776,0.5018,0.26481511517757383,1.0,36.694591575976645,AR6 World GDP level and trajectory (unrebased),Fixed original NATO GDP share = 0.5018,IMAGE 3.0.1,SSP1-19,0.0,36.694591575976645,0.0,0.0,,,,
2026,S0,Baseline,0.055,,,,,0.027,0.022985547972701727,1.9590450507200632,1.655802702405838,3.6148477531259013,0.5286412838450313,0.23289790826739143,1.9109577571168033,32.83372873591598,34.74468649303279,0.055,,3.9291602937955186,1.9109577571168033,0.0,0.0,SA1,SA1 — AR6 pathways; fixed NATO GDP share (s_NATO=0.5018),SSP1-1.9,SA1 — AR6 pathways; fixed NATO GDP share (s_NATO=0.5018) — SSP1-1.9 — IMAGE 3.0.1 / SSP1-19 — S0: Baseline,SA1_AR6_fixed_split,SSP1-1.9,144.59391012503605,72.55722410074308,72.03668602429296,0.5018,0.24029149265683242,0.9073934185958498,34.74468649303279,AR6 World GDP level and trajectory (unrebased),Fixed original NATO GDP share = 0.5018,IMAGE 3.0.1,SSP1-19,0.0,34.74468649303279,0.0,0.0,,,,
2027,S0,Baseline,0.055,,,,,0.027,0.022985547972701727,2.0442553236253684,1.727823200401779,3.7720785240271475,0.47819994401908644,0.21067549981260456,1.8038077390253802,30.99269660689063,32.796504345916006,0.05499999999999999,,5.7329680328208985,1.8038077390253802,0.0,0.0,SA1,SA1 — AR6 pathways; fixed NATO GDP share (s_NATO=0.5018),SSP1-1.9,SA1 — AR6 pathways; fixed NATO GDP share (s_NATO=0.5018) — SSP1-1.9 — IMAGE 3.0.1 / SSP1-19 — S0: Baseline,SA1_AR6_fixed_split,SSP1-1.9,150.8831409610859,75.71316013427291,75.16998082681299,0.5018,0.2173636109177666,0.820812704637391,32.796504345916006,AR6 World GDP level and trajectory (unrebased),Fixed original NATO GDP share = 0.5018,IMAGE 3.0.1,SSP1-19,0.0,32.796504345916006,0.0,0.0,,,,
2028,S0,Baseline,0.055,,,,,0.027,0.022985547972701727,2.133171887310426,1.8029762890886598,3.9361481763990858,0.4310692601997735,0.18991163211598416,1.6967524824370415,29.1532926527819,30.85004513521894,0.054999999999999986,,7.42972051525794,1.6967524824370415,0.0,0.0,SA1,SA1 — AR6 pathways; fixed NATO GDP share (s_NATO=0.5018),SSP1-1.9,SA1 — AR6 pathways; fixed NATO GDP share (s_NATO=0.5018) — SSP1-1.9 — IMAGE 3.0.1 / SSP1-19 — S0: Baseline,SA1_AR6_fixed_split,SSP1-1.9,157.44592705596344,79.00636619668245,78.43956085928099,0.5018,0.19594057281807886,0.7399146105640133,30.850045135218938,AR6 World GDP level and trajectory (unrebased),Fixed original NATO GDP share = 0.5018,IMAGE 3.0.1,SSP1-19,3.552713678800501e-15,30.85004513521894,0.0,0.0,,,,
2029,S0,Baseline,0.055,,,,,0.027,0.022985547972701727,2.2259559499356505,1.8813982230705095,4.10735417300616,0.3870598739376787,0.17052288152499134,1.5897919884211626,27.315516891963618,28.90530888038478,0.05499999999999999,,9.019512503679103,1.5897919884211626,0.0,0.0,SA1,SA1 — AR6 pathways; fixed NATO GDP share (s_NATO=0.5018),SSP1-1.9,SA1 — AR6 pathways; fixed NATO GDP share (s_NATO=0.5018) — SSP1-1.9 — IMAGE 3.0.1 / SSP1-19 — S0: Baseline,SA1_AR6_fixed_split,SSP1-1.9,164.2941669202464,82.44281296057964,81.85135395966675,0.5018,0.17593630633530852,0.6643741095266902,28.90530888038478,AR6 World GDP level and trajectory (unrebased),Fixed original NATO GDP share = 0.5018,IMAGE 3.0.1,SSP1-19,0.0,28.90530888038478,0.0,0.0,,,,
2030,S0,Baseline,0.055,,,,,0.027,0.022985547972701727,2.3227757315427593,1.9632311834572393,4.286006914999999,0.3459925019508753,0.15243026309723878,1.482926255899602,25.479369305911348,26.96229556181095,0.054999999999999986,,10.502438759578705,1.482926255899602,0.0,0.0,SA1,SA1 — AR6 pathways; fixed NATO GDP share (s_NATO=0.5018),SSP1-1.9,SA1 — AR6 pathways; fixed NATO GDP share (s_NATO=0.5018) — SSP1-1.9 — IMAGE 3.0.1 / SSP1-19 — S0: Baseline,SA1_AR6_fixed_split,SSP1-1.9,171.44027659999995,86.02873079787997,85.41154580211997,0.5018,0.1572693190685797,0.5938834683326951,26.962295561810947,AR6 World GDP level and trajectory (unrebased),Fixed original NATO GDP share = 0.5018,IMAGE 3.0.1,SSP1-19,3.552713678800501e-15,26.96229556181095,0.0,0.0,,,,
2031,S0,Baseline,0.055,,,,,0.027,0.022985547972701727,2.4077079453926222,2.035016663409435,4.442724608802058,0.3175411683113456,0.1398957594658376,1.4107479627645714,24.239214996591272,25.649962959355843,0.055,,11.913186722343276,1.4107479627645714,0.0,0.0,SA1,SA1 — AR6 pathways; fixed NATO GDP share (s_NATO=0.5018),SSP1-1.9,SA1 — AR6 pathways; fixed NATO GDP share (s_NATO=0.5018) — SSP1-1.9 — IMAGE 3.0.1 / SSP1-19 — S0: Baseline,SA1_AR6_fixed_split,SSP1-1.9,177.7089843520823,89.1743683478749,88.5346160042074,0.5018,0.14433689468697528,0.5450477952898914,25.64996295935584,AR6 World GDP level and trajectory (unrebased),Fixed original NATO GDP share = 0.5018,IMAGE 3.0.1,SSP1-19,3.552713678800501e-15,25.649962959355843,0.0,0.0,,,,
2032,S0,Baseline,0.055,,,,,0.027,0.022985547972701727,2.495745702688403,2.1094269769397562,4.60517267962816,0.29068151672254855,0.12806248638825568,1.3386385792835567,23.000244680417474,24.33888325970103,0.055,,13.251825301626832,1.3386385792835567,0.0,0.0,SA1,SA1 — AR6 pathways; fixed NATO GDP share (s_NATO=0.5018),SSP1-1.9,SA1 — AR6 pathways; fixed NATO GDP share (s_NATO=0.5018) — SSP1-1.9 — IMAGE 3.0.1 / SSP1-19 — S0: Baseline,SA1_AR6_fixed_split,SSP1-1.9,184.20690718512637,92.43502602549641,91.77188115962996,0.5018,0.132127962146613,0.49894418624108205,24.338883259701028,AR6 World GDP level and trajectory (unrebased),Fixed original NATO GDP share = 0.5018,IMAGE 3.0.1,SSP1-19,3.552713678800501e-15,24.33888325970103,0.0,0.0,,,,
2033,S0,Baseline,0.055,,,,,0.027,0.022985547972701727,2.5870025575182103,2.1865581009967103,4.773560658514921,0.2653361288096339,0.11689633646858,1.266598105768316,21.76245836274652,23.02905646851484,0.05499999999999999,,14.518423407395149,1.266598105768316,0.0,0.0,SA1,SA1 — AR6 pathways; fixed NATO GDP share (s_NATO=0.5018),SSP1-1.9,SA1 — AR6 pathways; fixed NATO GDP share (s_NATO=0.5018) — SSP1-1.9 — IMAGE 3.0.1 / SSP1-19 — S0: Baseline,SA1_AR6_fixed_split,SSP1-1.9,190.94242634059682,95.81490953771149,95.12751680288534,0.5018,0.12060733127710635,0.45543975537888826,23.02905646851484,AR6 World GDP level and trajectory (unrebased),Fixed original NATO GDP share = 0.5018,IMAGE 3.0.1,SSP1-19,0.0,23.02905646851484,0.0,0.0,,,,
2034,S0,Baseline,0.055,,,,,0.027,0.022985547972701727,2.6815962160714384,2.2665095219225946,4.948105737994033,0.24143108591056997,0.10636474414241895,1.1946265415242217,20.525856031643446,21.72048257316767,0.05499999999999999,,15.71304994891937,1.1946265415242217,0.0,0.0,SA1,SA1 — AR6 pathways; fixed NATO GDP share (s_NATO=0.5018),SSP1-1.9,SA1 — AR6 pathways; fixed NATO GDP share (s_NATO=0.5018) — SSP1-1.9 — IMAGE 3.0.1 / SSP1-19 — S0: Baseline,SA1_AR6_fixed_split,SSP1-1.9,197.92422951976133,99.31837837301624,98.60585114674508,0.5018,0.10974140268662272,0.41440762402491554,21.72048257316767,AR6 World GDP level and trajectory (unrebased),Fixed original NATO GDP share = 0.5018,IMAGE 3.0.1,SSP1-19,0.0,21.72048257316767,0.0,0.0,,,,
2035,S0,Baseline,0.055,,,,,0.027,0.022985547972701727,2.779648688460192,2.349384363774341,5.129033052234533,0.21889581852041462,0.0964366193481547,1.1227238881871386,19.290437715215383,20.41316160340252,0.055,,16.835773837106508,1.1227238881871386,0.0,0.0,SA1,SA1 — AR6 pathways; fixed NATO GDP share (s_NATO=0.5018),SSP1-1.9,SA1 — AR6 pathways; fixed NATO GDP share (s_NATO=0.5018) — SSP1-1.9 — IMAGE 3.0.1 / SSP1-19 — S0: Baseline,SA1_AR6_fixed_split,SSP1-1.9,205.16132208938131,102.94995142445156,102.21137066492976,0.5018,0.0994980993274612,0.3757266622063547,20.41316160340252,AR6 World GDP level and trajectory (unrebased),Fixed original NATO GDP share = 0.5018,IMAGE 3.0.1,SSP1-19,0.0,20.41316160340252,0.0,0.0,,,,
2025,S1,"NATO→3.5%, nonNATO holds",0.055,,,,,0.027,0.022985547972701727,1.8773865800405787,1.5867842199693458,3.4641708000099243,0.5825932533906624,0.25666695778749465,2.0182025366787153,34.67638903929793,36.694591575976645,0.05499999999999999,,2.0182025366787153,2.0182025366787153,0.0,0.0,SA1,SA1 — AR6 pathways; fixed NATO GDP share (s_NATO=0.5018),SSP1-1.9,SA1 — AR6 pathways; fixed NATO GDP share (s_NATO=0.5018) — SSP1-1.9 — IMAGE 3.0.1 / SSP1-19 — S1: NATO 3.5%,SA1_AR6_fixed_split,SSP1-1.9,138.56683200039697,69.53283629779921,69.03399570259776,0.5018,0.26481511517757383,1.0,36.694591575976645,AR6 World GDP level and trajectory (unrebased),Fixed original NATO GDP share = 0.5018,IMAGE 3.0.1,SSP1-19,0.0,36.694591575976645,0.0,0.0,,,,
2026,S1,"NATO→3.5%, nonNATO holds",0.055,,,,,0.02740877593256891,0.022985547972701727,1.988704697666456,1.655802702405838,3.644507400072294,0.5286412838450313,0.23289790826739143,1.9266370709569345,32.82682106618222,34.753458137139155,0.0554372765827882,,3.94483960763565,1.9109577571168033,0.015679313840131215,0.015679313840131215,SA1,SA1 — AR6 pathways; fixed NATO GDP share (s_NATO=0.5018),SSP1-1.9,SA1 — AR6 pathways; fixed NATO GDP share (s_NATO=0.5018) — SSP1-1.9 — IMAGE 3.0.1 / SSP1-19 — S1: NATO 3.5%,SA1_AR6_fixed_split,SSP1-1.9,144.59391012503605,72.55722410074308,72.03668602429296,0.5018,0.24029149265683242,0.9073934185958498,34.74468649303279,AR6 World GDP level and trajectory (unrebased),Fixed original NATO GDP share = 0.5018,IMAGE 3.0.1,SSP1-19,0.00877164410636766,34.74468649303279,0.00877164410636766,0.00877164410636766,,,,
2027,S1,"NATO→3.5%, nonNATO holds",0.055,,,,,0.028005016140972137,0.022985547972701727,2.120348271644321,1.727823200401779,3.8481714720461,0.47819994401908644,0.21067549981260456,1.8401953825082906,30.976665687034522,32.81686106954281,0.05607469217146329,,5.785034990143941,1.8038077390253802,0.03638764348291046,0.052066957323041674,SA1,SA1 — AR6 pathways; fixed NATO GDP share (s_NATO=0.5018),SSP1-1.9,SA1 — AR6 pathways; fixed NATO GDP share (s_NATO=0.5018) — SSP1-1.9 — IMAGE 3.0.1 / SSP1-19 — S1: NATO 3.5%,SA1_AR6_fixed_split,SSP1-1.9,150.8831409610859,75.71316013427291,75.16998082681299,0.5018,0.2173636109177666,0.820812704637391,32.796504345916006,AR6 World GDP level and trajectory (unrebased),Fixed original NATO GDP share = 0.5018,IMAGE 3.0.1,SSP1-19,0.020356723626804296,32.796504345916006,0.020356723626804296,0.029128367733171956,,,,
2028,S1,"NATO→3.5%, nonNATO holds",0.055,,,,,0.028820930945768986,0.022985547972701727,2.277037024430722,1.8029762890886598,4.080013313519382,0.4310692601997735,0.18991163211598416,1.7587683206640266,29.125970989786797,30.884739310450822,0.0569461928425244,,7.5438033108079665,1.6967524824370415,0.06201583822698509,0.11408279555002676,SA1,SA1 — AR6 pathways; fixed NATO GDP share (s_NATO=0.5018),SSP1-1.9,SA1 — AR6 pathways; fixed NATO GDP share (s_NATO=0.5018) — SSP1-1.9 — IMAGE 3.0.1 / SSP1-19 — S1: NATO 3.5%,SA1_AR6_fixed_split,SSP1-1.9,157.44592705596344,79.00636619668245,78.43956085928099,0.5018,0.19594057281807886,0.7399146105640133,30.850045135218938,AR6 World GDP level and trajectory (unrebased),Fixed original NATO GDP share = 0.5018,IMAGE 3.0.1,SSP1-19,0.03469417523188412,30.85004513521894,0.034694175231880564,0.06382254296505252,,,,
2029,S1,"NATO→3.5%, nonNATO holds",0.055,,,,,0.029845109579542582,0.022985547972701727,2.4605147868542327,1.8813982230705095,4.341913009924742,0.3870598739376787,0.17052288152499134,1.6805803022698378,27.27551924320511,28.95609954547495,0.058038904709196815,,9.224383613077805,1.5897919884211626,0.09078831384867514,0.2048711093987019,SA1,SA1 — AR6 pathways; fixed NATO GDP share (s_NATO=0.5018),SSP1-1.9,SA1 — AR6 pathways; fixed NATO GDP share (s_NATO=0.5018) — SSP1-1.9 — IMAGE 3.0.1 / SSP1-19 — S1: NATO 3.5%,SA1_AR6_fixed_split,SSP1-1.9,164.2941669202464,82.44281296057964,81.85135395966675,0.5018,0.17593630633530852,0.6643741095266902,28.90530888038478,AR6 World GDP level and trajectory (unrebased),Fixed original NATO GDP share = 0.5018,IMAGE 3.0.1,SSP1-19,0.05079066509016883,28.90530888038478,0.05079066509016883,0.11461320805522135,,,,
2030,S1,"NATO→3.5%, nonNATO holds",0.055,,,,,0.030999999999995285,0.022985547972701727,2.6668906547338733,1.9632311834572393,4.630121838191113,0.3459925019508753,0.15243026309723878,1.6019874391331288,25.42691577763364,27.028903216766768,0.05926942082279433,,10.826371052210934,1.482926255899602,0.11906118323352688,0.3239322926322288,SA1,SA1 — AR6 pathways; fixed NATO GDP share (s_NATO=0.5018),SSP1-1.9,SA1 — AR6 pathways; fixed NATO GDP share (s_NATO=0.5018) — SSP1-1.9 — IMAGE 3.0.1 / SSP1-19 — S1: NATO 3.5%,SA1_AR6_fixed_split,SSP1-1.9,171.44027659999995,86.02873079787997,85.41154580211997,0.5018,0.1572693190685797,0.5938834683326951,26.962295561810947,AR6 World GDP level and trajectory (unrebased),Fixed original NATO GDP share = 0.5018,IMAGE 3.0.1,SSP1-19,0.06660765495582055,26.96229556181095,0.066607654955817,0.18122086301103835,,,,
2031,S1,"NATO→3.5%, nonNATO holds",0.055,,,,,0.03215489042044799,0.022985547972701727,2.867392042538583,2.035016663409435,4.902408705948018,0.3175411683113456,0.1398957594658376,1.5567165880264455,24.174907140706672,25.73162372873312,0.0604981871504729,,12.38308764023738,1.4107479627645714,0.14596862526187415,0.46990091789410293,SA1,SA1 — AR6 pathways; fixed NATO GDP share (s_NATO=0.5018),SSP1-1.9,SA1 — AR6 pathways; fixed NATO GDP share (s_NATO=0.5018) — SSP1-1.9 — IMAGE 3.0.1 / SSP1-19 — S1: NATO 3.5%,SA1_AR6_fixed_split,SSP1-1.9,177.7089843520823,89.1743683478749,88.5346160042074,0.5018,0.14433689468697528,0.5450477952898914,25.64996295935584,AR6 World GDP level and trajectory (unrebased),Fixed original NATO GDP share = 0.5018,IMAGE 3.0.1,SSP1-19,0.08166076937727951,25.649962959355843,0.08166076937727595,0.2628816323883143,,,,
2032,S1,"NATO→3.5%, nonNATO holds",0.055,,,,,0.033179069054221584,0.022985547972701727,3.066908111528715,2.1094269769397562,5.176335088468472,0.29068151672254855,0.12806248638825568,1.5046649345801628,22.92710020220988,24.43176513679004,0.06158641940751124,,13.887752574817542,1.3386385792835567,0.16602635529660614,0.6359272731907091,SA1,SA1 — AR6 pathways; fixed NATO GDP share (s_NATO=0.5018),SSP1-1.9,SA1 — AR6 pathways; fixed NATO GDP share (s_NATO=0.5018) — SSP1-1.9 — IMAGE 3.0.1 / SSP1-19 — S1: NATO 3.5%,SA1_AR6_fixed_split,SSP1-1.9,184.20690718512637,92.43502602549641,91.77188115962996,0.5018,0.132127962146613,0.49894418624108205,24.338883259701028,AR6 World GDP level and trajectory (unrebased),Fixed original NATO GDP share = 0.5018,IMAGE 3.0.1,SSP1-19,0.09288187708901319,24.33888325970103,0.09288187708900963,0.35576350947732394,,,,
2033,S1,"NATO→3.5%, nonNATO holds",0.055,,,,,0.03399498385901843,0.022985547972701727,3.2572263031878133,2.1865581009967103,5.443784404184523,0.2653361288096339,0.11689633646858,1.4444326798805809,21.684111662263497,23.128544342144078,0.062452381719872566,,15.332185254698123,1.266598105768316,0.1778345741122649,0.813761847302974,SA1,SA1 — AR6 pathways; fixed NATO GDP share (s_NATO=0.5018),SSP1-1.9,SA1 — AR6 pathways; fixed NATO GDP share (s_NATO=0.5018) — SSP1-1.9 — IMAGE 3.0.1 / SSP1-19 — S1: NATO 3.5%,SA1_AR6_fixed_split,SSP1-1.9,190.94242634059682,95.81490953771149,95.12751680288534,0.5018,0.12060733127710635,0.45543975537888826,23.02905646851484,AR6 World GDP level and trajectory (unrebased),Fixed original NATO GDP share = 0.5018,IMAGE 3.0.1,SSP1-19,0.09948787362923994,23.02905646851484,0.09948787362923994,0.4552513831065639,,,,
2034,S1,"NATO→3.5%, nonNATO holds",0.055,,,,,0.034591224067421655,0.022985547972701727,3.43554428031397,2.2665095219225946,5.7020538022365646,0.24143108591056997,0.10636474414241895,1.3766530413944682,20.445662538693618,21.822315580088087,0.0630846454558014,,16.70883829609259,1.1946265415242217,0.18202649987024655,0.9957883471732205,SA1,SA1 — AR6 pathways; fixed NATO GDP share (s_NATO=0.5018),SSP1-1.9,SA1 — AR6 pathways; fixed NATO GDP share (s_NATO=0.5018) — SSP1-1.9 — IMAGE 3.0.1 / SSP1-19 — S1: NATO 3.5%,SA1_AR6_fixed_split,SSP1-1.9,197.92422951976133,99.31837837301624,98.60585114674508,0.5018,0.10974140268662272,0.41440762402491554,21.72048257316767,AR6 World GDP level and trajectory (unrebased),Fixed original NATO GDP share = 0.5018,IMAGE 3.0.1,SSP1-19,0.10183300692041897,21.72048257316767,0.10183300692041897,0.5570843900269828,,,,
2035,S1,"NATO→3.5%, nonNATO holds",0.055,,,,,0.03499999999999057,0.022985547972701727,3.603248299854834,2.349384363774341,5.952632663629175,0.21889581852041462,0.0964366193481547,1.3030063992564642,19.21101255299603,20.514018952252496,0.06351785100176045,,18.011844695349055,1.1227238881871386,0.18028251106932558,1.176070858242546,SA1,SA1 — AR6 pathways; fixed NATO GDP share (s_NATO=0.5018),SSP1-1.9,SA1 — AR6 pathways; fixed NATO GDP share (s_NATO=0.5018) — SSP1-1.9 — IMAGE 3.0.1 / SSP1-19 — S1: NATO 3.5%,SA1_AR6_fixed_split,SSP1-1.9,205.16132208938131,102.94995142445156,102.21137066492976,0.5018,0.0994980993274612,0.3757266622063547,20.41316160340252,AR6 World GDP level and trajectory (unrebased),Fixed original NATO GDP share = 0.5018,IMAGE 3.0.1,SSP1-19,0.10085734884997422,20.41316160340252,0.10085734884997422,0.6579417388769571,,,,
2025,S2,"NATO→3.5%, nonNATO→3.5%",0.055,,,,,0.027,0.022985547972701727,1.8773865800405787,1.5867842199693458,3.4641708000099243,0.5825932533906624,0.25666695778749465,2.0182025366787153,34.67638903929793,36.694591575976645,0.05499999999999999,,2.0182025366787153,2.0182025366787153,0.0,0.0,SA1,SA1 — AR6 pathways; fixed NATO GDP share (s_NATO=0.5018),SSP1-1.9,SA1 — AR6 pathways; fixed NATO GDP share (s_NATO=0.5018) — SSP1-1.9 — IMAGE 3.0.1 / SSP1-19 — S2: NATO/non-NATO 3.5%,SA1_AR6_fixed_split,SSP1-1.9,138.56683200039697,69.53283629779921,69.03399570259776,0.5018,0.26481511517757383,1.0,36.694591575976645,AR6 World GDP level and trajectory (unrebased),Fixed original NATO GDP share = 0.5018,IMAGE 3.0.1,SSP1-19,0.0,36.694591575976645,0.0,0.0,,,,
2026,S2,"NATO→3.5%, nonNATO→3.5%",0.055,,,,,0.02740877593256891,0.023599450326672138,1.988704697666456,1.7000261935283787,3.688730891194835,0.5286412838450313,0.23289790826739143,1.950015434080064,32.8165215076035,34.76653694168356,0.05608886031274747,,3.9682179707587792,1.9109577571168033,0.03905767696326068,0.03905767696326068,SA1,SA1 — AR6 pathways; fixed NATO GDP share (s_NATO=0.5018),SSP1-1.9,SA1 — AR6 pathways; fixed NATO GDP share (s_NATO=0.5018) — SSP1-1.9 — IMAGE 3.0.1 / SSP1-19 — S2: NATO/non-NATO 3.5%,SA1_AR6_fixed_split,SSP1-1.9,144.59391012503605,72.55722410074308,72.03668602429296,0.5018,0.24029149265683242,0.9073934185958498,34.74468649303279,AR6 World GDP level and trajectory (unrebased),Fixed original NATO GDP share = 0.5018,IMAGE 3.0.1,SSP1-19,0.021850448650774013,34.74468649303279,0.021850448650774013,0.021850448650774013,,,,
2027,S2,"NATO→3.5%, nonNATO→3.5%",0.055,,,,,0.028005016140972137,0.024494887749248,2.120348271644321,1.8412802424659085,3.9616285141102296,0.47819994401908644,0.21067549981260456,1.8944505336719284,30.9527630679904,32.847213601662325,0.057674619121302104,,5.862668504430708,1.8038077390253802,0.09064279464654823,0.1297004716098089,SA1,SA1 — AR6 pathways; fixed NATO GDP share (s_NATO=0.5018),SSP1-1.9,SA1 — AR6 pathways; fixed NATO GDP share (s_NATO=0.5018) — SSP1-1.9 — IMAGE 3.0.1 / SSP1-19 — S2: NATO/non-NATO 3.5%,SA1_AR6_fixed_split,SSP1-1.9,150.8831409610859,75.71316013427291,75.16998082681299,0.5018,0.2173636109177666,0.820812704637391,32.796504345916006,AR6 World GDP level and trajectory (unrebased),Fixed original NATO GDP share = 0.5018,IMAGE 3.0.1,SSP1-19,0.05070925574631957,32.796504345916006,0.05070925574631957,0.07255970439709358,,,,
2028,S2,"NATO→3.5%, nonNATO→3.5%",0.055,,,,,0.028820930945768986,0.025720233909322272,2.277037024430722,2.017483853045227,4.294520877475948,0.4310692601997735,0.18991163211598416,1.851235937566039,29.085233508214582,30.93646944578062,0.0598399226133584,,7.713904441996746,1.6967524824370415,0.15448345512899753,0.28418392673880644,SA1,SA1 — AR6 pathways; fixed NATO GDP share (s_NATO=0.5018),SSP1-1.9,SA1 — AR6 pathways; fixed NATO GDP share (s_NATO=0.5018) — SSP1-1.9 — IMAGE 3.0.1 / SSP1-19 — S2: NATO/non-NATO 3.5%,SA1_AR6_fixed_split,SSP1-1.9,157.44592705596344,79.00636619668245,78.43956085928099,0.5018,0.19594057281807886,0.7399146105640133,30.850045135218938,AR6 World GDP level and trajectory (unrebased),Fixed original NATO GDP share = 0.5018,IMAGE 3.0.1,SSP1-19,0.0864243105616822,30.85004513521894,0.08642431056167865,0.15898401495877224,,,,
2029,S2,"NATO→3.5%, nonNATO→3.5%",0.055,,,,,0.029845109579542582,0.027258352042179364,2.4605147868542327,2.2311330213616283,4.691647808215861,0.3870598739376787,0.17052288152499134,1.8159486092080177,27.21588145763095,29.031830066838967,0.06255026310870596,,9.529853051204764,1.5897919884211626,0.22615662078685506,0.5103405475256615,SA1,SA1 — AR6 pathways; fixed NATO GDP share (s_NATO=0.5018),SSP1-1.9,SA1 — AR6 pathways; fixed NATO GDP share (s_NATO=0.5018) — SSP1-1.9 — IMAGE 3.0.1 / SSP1-19 — S2: NATO/non-NATO 3.5%,SA1_AR6_fixed_split,SSP1-1.9,164.2941669202464,82.44281296057964,81.85135395966675,0.5018,0.17593630633530852,0.6643741095266902,28.90530888038478,AR6 World GDP level and trajectory (unrebased),Fixed original NATO GDP share = 0.5018,IMAGE 3.0.1,SSP1-19,0.12652118645418753,28.90530888038478,0.12652118645418753,0.28550520141295976,,,,
2030,S2,"NATO→3.5%, nonNATO→3.5%",0.055,,,,,0.030999999999995285,0.028992773986343784,2.6668906547338733,2.4763176432651144,5.143208297998988,0.3459925019508753,0.15243026309723878,1.7795115070791727,25.348705873573493,27.128217380652664,0.06559633027521694,,11.309364558283937,1.482926255899602,0.2965852511795708,0.8069257987052323,SA1,SA1 — AR6 pathways; fixed NATO GDP share (s_NATO=0.5018),SSP1-1.9,SA1 — AR6 pathways; fixed NATO GDP share (s_NATO=0.5018) — SSP1-1.9 — IMAGE 3.0.1 / SSP1-19 — S2: NATO/non-NATO 3.5%,SA1_AR6_fixed_split,SSP1-1.9,171.44027659999995,86.02873079787997,85.41154580211997,0.5018,0.1572693190685797,0.5938834683326951,26.962295561810947,AR6 World GDP level and trajectory (unrebased),Fixed original NATO GDP share = 0.5018,IMAGE 3.0.1,SSP1-19,0.16592181884171708,26.96229556181095,0.16592181884171353,0.4514270202546733,,,,
2031,S2,"NATO→3.5%, nonNATO→3.5%",0.055,,,,,0.03215489042044799,0.0307271959305082,2.867392042538583,2.7204204925935875,5.587812535132171,0.3175411683113456,0.1398957594658376,1.7743605207106514,24.07902205148216,25.85338257219281,0.06863165838187475,,13.083725078994588,1.4107479627645714,0.36361255794608005,1.1705383566513123,SA1,SA1 — AR6 pathways; fixed NATO GDP share (s_NATO=0.5018),SSP1-1.9,SA1 — AR6 pathways; fixed NATO GDP share (s_NATO=0.5018) — SSP1-1.9 — IMAGE 3.0.1 / SSP1-19 — S2: NATO/non-NATO 3.5%,SA1_AR6_fixed_split,SSP1-1.9,177.7089843520823,89.1743683478749,88.5346160042074,0.5018,0.14433689468697528,0.5450477952898914,25.64996295935584,AR6 World GDP level and trajectory (unrebased),Fixed original NATO GDP share = 0.5018,IMAGE 3.0.1,SSP1-19,0.20341961283697074,25.649962959355843,0.2034196128369672,0.6548466330916405,,,,
2032,S2,"NATO→3.5%, nonNATO→3.5%",0.055,,,,,0.033179069054221584,0.032265314063365295,3.066908111528715,2.961048567801297,6.027956679330012,0.29068151672254855,0.12806248638825568,1.7522155902854653,22.81803942382223,24.570255014107698,0.0713145056605795,,14.835940669280054,1.3386385792835567,0.4135770110019086,1.584115367653221,SA1,SA1 — AR6 pathways; fixed NATO GDP share (s_NATO=0.5018),SSP1-1.9,SA1 — AR6 pathways; fixed NATO GDP share (s_NATO=0.5018) — SSP1-1.9 — IMAGE 3.0.1 / SSP1-19 — S2: NATO/non-NATO 3.5%,SA1_AR6_fixed_split,SSP1-1.9,184.20690718512637,92.43502602549641,91.77188115962996,0.5018,0.132127962146613,0.49894418624108205,24.338883259701028,AR6 World GDP level and trajectory (unrebased),Fixed original NATO GDP share = 0.5018,IMAGE 3.0.1,SSP1-19,0.2313717544066698,24.33888325970103,0.23137175440666624,0.8862183874983067,,,,
2033,S2,"NATO→3.5%, nonNATO→3.5%",0.055,,,,,0.03399498385901843,0.033490660223439564,3.2572263031878133,3.1858833431449707,6.443109646332784,0.2653361288096339,0.11689633646858,1.7095897710539505,21.56729420251579,23.27688397356974,0.0734458174468345,,16.545530440334005,1.266598105768316,0.4429916652856345,2.027107032938855,SA1,SA1 — AR6 pathways; fixed NATO GDP share (s_NATO=0.5018),SSP1-1.9,SA1 — AR6 pathways; fixed NATO GDP share (s_NATO=0.5018) — SSP1-1.9 — IMAGE 3.0.1 / SSP1-19 — S2: NATO/non-NATO 3.5%,SA1_AR6_fixed_split,SSP1-1.9,190.94242634059682,95.81490953771149,95.12751680288534,0.5018,0.12060733127710635,0.45543975537888826,23.02905646851484,AR6 World GDP level and trajectory (unrebased),Fixed original NATO GDP share = 0.5018,IMAGE 3.0.1,SSP1-19,0.24782750505490014,23.02905646851484,0.24782750505490014,1.1340458925532069,,,,
2034,S2,"NATO→3.5%, nonNATO→3.5%",0.055,,,,,0.034591224067421655,0.034386097646015426,3.43554428031397,3.3906704260004386,6.826214706314408,0.24143108591056997,0.10636474414241895,1.64806042920419,20.32609145175647,21.974151880960658,0.07499995622730449,,18.193590869538195,1.1946265415242217,0.4534338876799684,2.480540920618824,SA1,SA1 — AR6 pathways; fixed NATO GDP share (s_NATO=0.5018),SSP1-1.9,SA1 — AR6 pathways; fixed NATO GDP share (s_NATO=0.5018) — SSP1-1.9 — IMAGE 3.0.1 / SSP1-19 — S2: NATO/non-NATO 3.5%,SA1_AR6_fixed_split,SSP1-1.9,197.92422951976133,99.31837837301624,98.60585114674508,0.5018,0.10974140268662272,0.41440762402491554,21.72048257316767,AR6 World GDP level and trajectory (unrebased),Fixed original NATO GDP share = 0.5018,IMAGE 3.0.1,SSP1-19,0.2536693077929897,21.72048257316767,0.2536693077929897,1.3877152003461966,,,,
2035,S2,"NATO→3.5%, nonNATO→3.5%",0.055,,,,,0.03499999999999057,0.03499999999998584,3.603248299854834,3.5773979732710943,7.180646273125928,0.21889581852041462,0.0964366193481547,1.5718134434614648,19.09258707198264,20.664400515444104,0.0760638297872095,,19.76540431299966,1.1227238881871386,0.44908955527432615,2.92963047589315,SA1,SA1 — AR6 pathways; fixed NATO GDP share (s_NATO=0.5018),SSP1-1.9,SA1 — AR6 pathways; fixed NATO GDP share (s_NATO=0.5018) — SSP1-1.9 — IMAGE 3.0.1 / SSP1-19 — S2: NATO/non-NATO 3.5%,SA1_AR6_fixed_split,SSP1-1.9,205.16132208938131,102.94995142445156,102.21137066492976,0.5018,0.0994980993274612,0.3757266622063547,20.41316160340252,AR6 World GDP level and trajectory (unrebased),Fixed original NATO GDP share = 0.5018,IMAGE 3.0.1,SSP1-19,0.25123891204158255,20.41316160340252,0.25123891204158255,1.638954112387779,,,,
2025,S3,"NATO→5%, nonNATO→3.5%",0.055,,,,,0.027,0.022985547972701727,1.8773865800405787,1.5867842199693458,3.4641708000099243,0.5825932533906624,0.25666695778749465,2.0182025366787153,34.67638903929793,36.694591575976645,0.05499999999999999,,2.0182025366787153,2.0182025366787153,0.0,0.0,SA1,SA1 — AR6 pathways; fixed NATO GDP share (s_NATO=0.5018),SSP1-1.9,SA1 — AR6 pathways; fixed NATO GDP share (s_NATO=0.5018) — SSP1-1.9 — IMAGE 3.0.1 / SSP1-19 — S3: NATO 5%; non-NATO 3.5%,SA1_AR6_fixed_split,SSP1-1.9,138.56683200039697,69.53283629779921,69.03399570259776,0.5018,0.26481511517757383,1.0,36.694591575976645,AR6 World GDP level and trajectory (unrebased),Fixed original NATO GDP share = 0.5018,IMAGE 3.0.1,SSP1-19,0.0,36.694591575976645,0.0,0.0,,,,
2026,S3,"NATO→5%, nonNATO→3.5%",0.055,,,,,0.02817523080613562,0.023599450326672138,2.0443165356909425,1.7000261935283787,3.744342729219321,0.5286412838450313,0.23289790826739143,1.9794141475303102,32.80356962685269,34.782983774383005,0.056907543078236734,,3.9976166842090253,1.9109577571168033,0.06845639041350693,0.06845639041350693,SA1,SA1 — AR6 pathways; fixed NATO GDP share (s_NATO=0.5018),SSP1-1.9,SA1 — AR6 pathways; fixed NATO GDP share (s_NATO=0.5018) — SSP1-1.9 — IMAGE 3.0.1 / SSP1-19 — S3: NATO 5%; non-NATO 3.5%,SA1_AR6_fixed_split,SSP1-1.9,144.59391012503605,72.55722410074308,72.03668602429296,0.5018,0.24029149265683242,0.9073934185958498,34.74468649303279,AR6 World GDP level and trajectory (unrebased),Fixed original NATO GDP share = 0.5018,IMAGE 3.0.1,SSP1-19,0.038297281350217816,34.74468649303279,0.038297281350217816,0.038297281350217816,,,,
2027,S3,"NATO→5%, nonNATO→3.5%",0.055,,,,,0.029889421405294894,0.024494887749248,2.263022549179857,1.8412802424659085,4.1043027916457655,0.47819994401908644,0.21067549981260456,1.9626773652023852,30.922705093260195,32.88538245846258,0.059682363970722754,,5.960294049411411,1.8038077390253802,0.15886962617700506,0.227326016590512,SA1,SA1 — AR6 pathways; fixed NATO GDP share (s_NATO=0.5018),SSP1-1.9,SA1 — AR6 pathways; fixed NATO GDP share (s_NATO=0.5018) — SSP1-1.9 — IMAGE 3.0.1 / SSP1-19 — S3: NATO 5%; non-NATO 3.5%,SA1_AR6_fixed_split,SSP1-1.9,150.8831409610859,75.71316013427291,75.16998082681299,0.5018,0.2173636109177666,0.820812704637391,32.796504345916006,AR6 World GDP level and trajectory (unrebased),Fixed original NATO GDP share = 0.5018,IMAGE 3.0.1,SSP1-19,0.08887811254657407,32.796504345916006,0.08887811254657407,0.1271753938967919,,,,
2028,S3,"NATO→5%, nonNATO→3.5%",0.055,,,,,0.03223517646908584,0.025720233909322272,2.546784156531277,2.017483853045227,4.564268009576503,0.4310692601997735,0.18991163211598416,1.967515634241636,29.03400539009876,31.001521024340395,0.06346513233001921,,7.927809683653047,1.6967524824370415,0.27076315180459454,0.49808916839510653,SA1,SA1 — AR6 pathways; fixed NATO GDP share (s_NATO=0.5018),SSP1-1.9,SA1 — AR6 pathways; fixed NATO GDP share (s_NATO=0.5018) — SSP1-1.9 — IMAGE 3.0.1 / SSP1-19 — S3: NATO 5%; non-NATO 3.5%,SA1_AR6_fixed_split,SSP1-1.9,157.44592705596344,79.00636619668245,78.43956085928099,0.5018,0.19594057281807886,0.7399146105640133,30.850045135218938,AR6 World GDP level and trajectory (unrebased),Fixed original NATO GDP share = 0.5018,IMAGE 3.0.1,SSP1-19,0.15147588912145693,30.85004513521894,0.15147588912145338,0.27865128301824527,,,,
2029,S3,"NATO→5%, nonNATO→3.5%",0.055,,,,,0.03517969004118492,0.027258352042179364,2.900312606076575,2.2311330213616283,5.131445627438204,0.3870598739376787,0.17052288152499134,1.9861766976742838,27.140885866208748,29.127062563883033,0.06819007901391,,9.91398638132733,1.5897919884211626,0.3963847092531212,0.8944738776482277,SA1,SA1 — AR6 pathways; fixed NATO GDP share (s_NATO=0.5018),SSP1-1.9,SA1 — AR6 pathways; fixed NATO GDP share (s_NATO=0.5018) — SSP1-1.9 — IMAGE 3.0.1 / SSP1-19 — S3: NATO 5%; non-NATO 3.5%,SA1_AR6_fixed_split,SSP1-1.9,164.2941669202464,82.44281296057964,81.85135395966675,0.5018,0.17593630633530852,0.6643741095266902,28.90530888038478,AR6 World GDP level and trajectory (unrebased),Fixed original NATO GDP share = 0.5018,IMAGE 3.0.1,SSP1-19,0.2217536834982532,28.90530888038478,0.2217536834982532,0.5004049665164985,,,,
2030,S3,"NATO→5%, nonNATO→3.5%",0.055,,,,,0.03849999999998644,0.028992773986343784,3.3121061357172126,2.4763176432651144,5.788423778982327,0.3459925019508753,0.15243026309723878,2.0027512256420357,25.25035550805279,27.25310673369483,0.0734870796644223,,11.916737606969367,1.482926255899602,0.5198249697424338,1.4142988473906615,SA1,SA1 — AR6 pathways; fixed NATO GDP share (s_NATO=0.5018),SSP1-1.9,SA1 — AR6 pathways; fixed NATO GDP share (s_NATO=0.5018) — SSP1-1.9 — IMAGE 3.0.1 / SSP1-19 — S3: NATO 5%; non-NATO 3.5%,SA1_AR6_fixed_split,SSP1-1.9,171.44027659999995,86.02873079787997,85.41154580211997,0.5018,0.1572693190685797,0.5938834683326951,26.962295561810947,AR6 World GDP level and trajectory (unrebased),Fixed original NATO GDP share = 0.5018,IMAGE 3.0.1,SSP1-19,0.29081117188388106,26.96229556181095,0.2908111718838775,0.791216138400376,,,,
2031,S3,"NATO→5%, nonNATO→3.5%",0.055,,,,,0.041820309958787966,0.0307271959305082,3.7292997246872592,2.7204204925935875,6.449720217280847,0.3175411683113456,0.1398957594658376,2.048051693076666,23.95844482169853,26.006496514775197,0.07875154163549467,,13.964789300046032,1.4107479627645714,0.6373037303120945,2.051602577702756,SA1,SA1 — AR6 pathways; fixed NATO GDP share (s_NATO=0.5018),SSP1-1.9,SA1 — AR6 pathways; fixed NATO GDP share (s_NATO=0.5018) — SSP1-1.9 — IMAGE 3.0.1 / SSP1-19 — S3: NATO 5%; non-NATO 3.5%,SA1_AR6_fixed_split,SSP1-1.9,177.7089843520823,89.1743683478749,88.5346160042074,0.5018,0.14433689468697528,0.5450477952898914,25.64996295935584,AR6 World GDP level and trajectory (unrebased),Fixed original NATO GDP share = 0.5018,IMAGE 3.0.1,SSP1-19,0.3565335554193574,25.649962959355843,0.35653355541935383,1.1477496938197298,,,,
2032,S3,"NATO→5%, nonNATO→3.5%",0.055,,,,,0.04476482353088705,0.032265314063365295,4.137837628104299,2.961048567801297,7.098886195905596,0.29068151672254855,0.12806248638825568,2.0635150064666017,22.680893527182985,24.744408533649587,0.08339318370291436,,16.028304306512634,1.3386385792835567,0.724876427183045,2.7764790048858012,SA1,SA1 — AR6 pathways; fixed NATO GDP share (s_NATO=0.5018),SSP1-1.9,SA1 — AR6 pathways; fixed NATO GDP share (s_NATO=0.5018) — SSP1-1.9 — IMAGE 3.0.1 / SSP1-19 — S3: NATO 5%; non-NATO 3.5%,SA1_AR6_fixed_split,SSP1-1.9,184.20690718512637,92.43502602549641,91.77188115962996,0.5018,0.132127962146613,0.49894418624108205,24.338883259701028,AR6 World GDP level and trajectory (unrebased),Fixed original NATO GDP share = 0.5018,IMAGE 3.0.1,SSP1-19,0.40552527394855886,24.33888325970103,0.4055252739485553,1.553274967768285,,,,
2033,S3,"NATO→5%, nonNATO→3.5%",0.055,,,,,0.04711057859467799,0.033490660223439564,4.513895826318318,3.1858833431449707,7.699779169463289,0.2653361288096339,0.11689633646858,2.0430295975144475,21.420394139110115,23.463423736624563,0.08707295322487138,,18.07133390402708,1.266598105768316,0.7764314917461315,3.5529104966319327,SA1,SA1 — AR6 pathways; fixed NATO GDP share (s_NATO=0.5018),SSP1-1.9,SA1 — AR6 pathways; fixed NATO GDP share (s_NATO=0.5018) — SSP1-1.9 — IMAGE 3.0.1 / SSP1-19 — S3: NATO 5%; non-NATO 3.5%,SA1_AR6_fixed_split,SSP1-1.9,190.94242634059682,95.81490953771149,95.12751680288534,0.5018,0.12060733127710635,0.45543975537888826,23.02905646851484,AR6 World GDP level and trajectory (unrebased),Fixed original NATO GDP share = 0.5018,IMAGE 3.0.1,SSP1-19,0.4343672681097246,23.02905646851484,0.4343672681097246,1.9876422358780097,,,,
2034,S3,"NATO→5%, nonNATO→3.5%",0.055,,,,,0.04882476919383726,0.034386097646015426,4.849196900768717,3.3906704260004386,8.239867326769154,0.24143108591056997,0.10636474414241895,1.9893601164609023,20.175728652475538,22.16508876893644,0.08975195800925091,,20.060694020487983,1.1946265415242217,0.7947335749366806,4.347644071568613,SA1,SA1 — AR6 pathways; fixed NATO GDP share (s_NATO=0.5018),SSP1-1.9,SA1 — AR6 pathways; fixed NATO GDP share (s_NATO=0.5018) — SSP1-1.9 — IMAGE 3.0.1 / SSP1-19 — S3: NATO 5%; non-NATO 3.5%,SA1_AR6_fixed_split,SSP1-1.9,197.92422951976133,99.31837837301624,98.60585114674508,0.5018,0.10974140268662272,0.41440762402491554,21.72048257316767,AR6 World GDP level and trajectory (unrebased),Fixed original NATO GDP share = 0.5018,IMAGE 3.0.1,SSP1-19,0.44460619576877036,21.72048257316767,0.44460619576877036,2.43224843164678,,,,
2035,S3,"NATO→5%, nonNATO→3.5%",0.055,,,,,0.049999999999972886,0.03499999999998584,5.147497571219787,3.5773979732710943,8.724895544490881,0.21889581852041462,0.0964366193481547,1.90984315171645,18.94366489282135,20.8535080445378,0.09158378281666134,,21.970537172204434,1.1227238881871386,0.7871192635293114,5.134763335097924,SA1,SA1 — AR6 pathways; fixed NATO GDP share (s_NATO=0.5018),SSP1-1.9,SA1 — AR6 pathways; fixed NATO GDP share (s_NATO=0.5018) — SSP1-1.9 — IMAGE 3.0.1 / SSP1-19 — S3: NATO 5%; non-NATO 3.5%,SA1_AR6_fixed_split,SSP1-1.9,205.16132208938131,102.94995142445156,102.21137066492976,0.5018,0.0994980993274612,0.3757266622063547,20.41316160340252,AR6 World GDP level and trajectory (unrebased),Fixed original NATO GDP share = 0.5018,IMAGE 3.0.1,SSP1-19,0.4403464411352793,20.41316160340252,0.4403464411352793,2.8725948727820594,,,,
2025,S0,Baseline,0.055,,,,,0.027,0.022985547972701727,1.8773865800405787,1.5867842199693458,3.4641708000099243,0.7816910574368426,0.3443813749546929,2.7079113358015907,46.52684022422733,49.23475156002892,0.05500000000000001,,2.7079113358015907,2.7079113358015907,0.0,0.0,SA1,SA1 — AR6 pathways; fixed NATO GDP share (s_NATO=0.5018),SSP1-2.6,SA1 — AR6 pathways; fixed NATO GDP share (s_NATO=0.5018) — SSP1-2.6 — IMAGE 3.0.1 / SSP1-26 — S0: Baseline,SA1_AR6_fixed_split,SSP1-2.6,138.56683200039697,69.53283629779921,69.03399570259776,0.5018,0.3553141170167466,1.0,49.23475156002892,AR6 World GDP level and trajectory (unrebased),Fixed original NATO GDP share = 0.5018,IMAGE 3.0.1,SSP1-26,0.0,49.23475156002892,0.0,0.0,,,,
2026,S0,Baseline,0.055,,,,,0.027,0.022985547972701727,1.9590450507200632,1.655802702405838,3.6148477531259013,0.7385488535962761,0.32537466976619156,2.669741663996209,45.87101586320759,48.540757527203795,0.055,,5.3776529997977995,2.669741663996209,0.0,0.0,SA1,SA1 — AR6 pathways; fixed NATO GDP share (s_NATO=0.5018),SSP1-2.6,SA1 — AR6 pathways; fixed NATO GDP share (s_NATO=0.5018) — SSP1-2.6 — IMAGE 3.0.1 / SSP1-26 — S0: Baseline,SA1_AR6_fixed_split,SSP1-2.6,144.59391012503605,72.55722410074308,72.03668602429296,0.5018,0.33570402436194363,0.9448091372798489,48.54075752720379,AR6 World GDP level and trajectory (unrebased),Fixed original NATO GDP share = 0.5018,IMAGE 3.0.1,SSP1-26,7.105427357601002e-15,48.540757527203795,0.0,0.0,,,,
2027,S0,Baseline,0.055,,,,,0.027,0.022985547972701727,2.0442553236253684,1.727823200401779,3.7720785240271475,0.6976527219887668,0.307357492904142,2.6316008498429095,45.21568732911908,47.84728817896199,0.055,,8.009253849640709,2.6316008498429095,0.0,0.0,SA1,SA1 — AR6 pathways; fixed NATO GDP share (s_NATO=0.5018),SSP1-2.6,SA1 — AR6 pathways; fixed NATO GDP share (s_NATO=0.5018) — SSP1-2.6 — IMAGE 3.0.1 / SSP1-26 — S0: Baseline,SA1_AR6_fixed_split,SSP1-2.6,150.8831409610859,75.71316013427291,75.16998082681299,0.5018,0.31711487363125757,0.8924916248579884,47.847288178961975,AR6 World GDP level and trajectory (unrebased),Fixed original NATO GDP share = 0.5018,IMAGE 3.0.1,SSP1-26,1.4210854715202004e-14,47.84728817896199,0.0,0.0,,,,
2028,S0,Baseline,0.055,,,,,0.027,0.022985547972701727,2.133171887310426,1.8029762890886598,3.9361481763990858,0.6588900561684657,0.29028023453575763,2.5934888930349977,44.56085461669223,47.15434350972723,0.05500000000000001,,10.602742742675707,2.5934888930349977,0.0,0.0,SA1,SA1 — AR6 pathways; fixed NATO GDP share (s_NATO=0.5018),SSP1-2.6,SA1 — AR6 pathways; fixed NATO GDP share (s_NATO=0.5018) — SSP1-2.6 — IMAGE 3.0.1 / SSP1-26 — S0: Baseline,SA1_AR6_fixed_split,SSP1-2.6,157.44592705596344,79.00636619668245,78.43956085928099,0.5018,0.2994954800765753,0.842903407810446,47.15434350972723,AR6 World GDP level and trajectory (unrebased),Fixed original NATO GDP share = 0.5018,IMAGE 3.0.1,SSP1-26,0.0,47.15434350972723,0.0,0.0,,,,
2029,S0,Baseline,0.055,,,,,0.027,0.022985547972701727,2.2259559499356505,1.8813982230705095,4.10735417300616,0.6221537481536524,0.27409570722853216,2.5554057937303276,43.90651772863926,46.46192352236959,0.05500000000000001,,13.158148536406035,2.5554057937303276,0.0,0.0,SA1,SA1 — AR6 pathways; fixed NATO GDP share (s_NATO=0.5018),SSP1-2.6,SA1 — AR6 pathways; fixed NATO GDP share (s_NATO=0.5018) — SSP1-2.6 — IMAGE 3.0.1 / SSP1-26 — S0: Baseline,SA1_AR6_fixed_split,SSP1-2.6,164.2941669202464,82.44281296057964,81.85135395966675,0.5018,0.28279715825166013,0.7959074652762288,46.46192352236958,AR6 World GDP level and trajectory (unrebased),Fixed original NATO GDP share = 0.5018,IMAGE 3.0.1,SSP1-26,7.105427357601002e-15,46.46192352236959,0.0,0.0,,,,
2030,S0,Baseline,0.055,,,,,0.027,0.022985547972701727,2.3227757315427593,1.9632311834572393,4.286006914999999,0.5873419249771357,0.2587590298850318,2.517351551921414,43.25267666483157,45.77002821675298,0.055,,15.675500088327448,2.517351551921414,0.0,0.0,SA1,SA1 — AR6 pathways; fixed NATO GDP share (s_NATO=0.5018),SSP1-2.6,SA1 — AR6 pathways; fixed NATO GDP share (s_NATO=0.5018) — SSP1-2.6 — IMAGE 3.0.1 / SSP1-26 — S0: Baseline,SA1_AR6_fixed_split,SSP1-2.6,171.44027659999995,86.02873079787997,85.41154580211997,0.5018,0.26697360226233435,0.7513734734321051,45.77002821675297,AR6 World GDP level and trajectory (unrebased),Fixed original NATO GDP share = 0.5018,IMAGE 3.0.1,SSP1-26,1.4210854715202004e-14,45.77002821675298,0.0,0.0,,,,
2031,S0,Baseline,0.055,,,,,0.027,0.022985547972701727,2.4077079453926222,2.035016663409435,4.442724608802058,0.5532170853428023,0.24372500962654928,2.457791159062216,42.229320823887164,44.68711198294938,0.055,,18.133291247389664,2.457791159062216,0.0,0.0,SA1,SA1 — AR6 pathways; fixed NATO GDP share (s_NATO=0.5018),SSP1-2.6,SA1 — AR6 pathways; fixed NATO GDP share (s_NATO=0.5018) — SSP1-2.6 — IMAGE 3.0.1 / SSP1-26 — S0: Baseline,SA1_AR6_fixed_split,SSP1-2.6,177.7089843520823,89.1743683478749,88.5346160042074,0.5018,0.2514623115194556,0.7077183243681919,44.687111982949375,AR6 World GDP level and trajectory (unrebased),Fixed original NATO GDP share = 0.5018,IMAGE 3.0.1,SSP1-26,7.105427357601002e-15,44.68711198294938,0.0,0.0,,,,
2032,S0,Baseline,0.055,,,,,0.027,0.022985547972701727,2.495745702688403,2.1094269769397562,4.60517267962816,0.5207774535212345,0.22943342357928512,2.398270101122313,41.206640828374276,43.60491092949659,0.05500000000000001,,20.53156134851198,2.398270101122313,0.0,0.0,SA1,SA1 — AR6 pathways; fixed NATO GDP share (s_NATO=0.5018),SSP1-2.6,SA1 — AR6 pathways; fixed NATO GDP share (s_NATO=0.5018) — SSP1-2.6 — IMAGE 3.0.1 / SSP1-26 — S0: Baseline,SA1_AR6_fixed_split,SSP1-2.6,184.20690718512637,92.43502602549641,91.77188115962996,0.5018,0.2367170243278338,0.6662190242125305,43.60491092949658,AR6 World GDP level and trajectory (unrebased),Fixed original NATO GDP share = 0.5018,IMAGE 3.0.1,SSP1-26,7.105427357601002e-15,43.60491092949659,0.0,0.0,,,,
2033,S0,Baseline,0.055,,,,,0.027,0.022985547972701727,2.5870025575182103,2.1865581009967103,4.773560658514921,0.4899462991174637,0.21585046744335812,2.3387883782521084,40.18463668087713,42.52342505912924,0.05500000000000001,,22.870349726764086,2.3387883782521084,0.0,0.0,SA1,SA1 — AR6 pathways; fixed NATO GDP share (s_NATO=0.5018),SSP1-2.6,SA1 — AR6 pathways; fixed NATO GDP share (s_NATO=0.5018) — SSP1-2.6 — IMAGE 3.0.1 / SSP1-26 — S0: Baseline,SA1_AR6_fixed_split,SSP1-2.6,190.94242634059682,95.81490953771149,95.12751680288534,0.5018,0.2227028632352107,0.6267774134758466,42.52342505912923,AR6 World GDP level and trajectory (unrebased),Fixed original NATO GDP share = 0.5018,IMAGE 3.0.1,SSP1-26,7.105427357601002e-15,42.52342505912924,0.0,0.0,,,,
2034,S0,Baseline,0.055,,,,,0.027,0.022985547972701727,2.6815962160714384,2.2665095219225946,4.948105737994033,0.4606502187228109,0.2029438026541055,2.279345990470547,39.163308381721215,41.44265437219176,0.05500000000000001,,25.149695717234632,2.279345990470547,0.0,0.0,SA1,SA1 — AR6 pathways; fixed NATO GDP share (s_NATO=0.5018),SSP1-2.6,SA1 — AR6 pathways; fixed NATO GDP share (s_NATO=0.5018) — SSP1-2.6 — IMAGE 3.0.1 / SSP1-26 — S0: Baseline,SA1_AR6_fixed_split,SSP1-2.6,197.92422951976133,99.31837837301624,98.60585114674508,0.5018,0.20938646305582312,0.5892995888084974,41.44265437219176,AR6 World GDP level and trajectory (unrebased),Fixed original NATO GDP share = 0.5018,IMAGE 3.0.1,SSP1-26,0.0,41.44265437219176,0.0,0.0,,,,
2035,S0,Baseline,0.055,,,,,0.027,0.022985547972701727,2.779648688460192,2.349384363774341,5.129033052234533,0.4328189962923145,0.19068249487004066,2.219942937618257,38.14265592816823,40.36259886578649,0.055,,27.36963865485289,2.219942937618257,0.0,0.0,SA1,SA1 — AR6 pathways; fixed NATO GDP share (s_NATO=0.5018),SSP1-2.6,SA1 — AR6 pathways; fixed NATO GDP share (s_NATO=0.5018) — SSP1-2.6 — IMAGE 3.0.1 / SSP1-26 — S0: Baseline,SA1_AR6_fixed_split,SSP1-2.6,205.16132208938131,102.94995142445156,102.21137066492976,0.5018,0.19673590740559746,0.5536957243844183,40.36259886578648,AR6 World GDP level and trajectory (unrebased),Fixed original NATO GDP share = 0.5018,IMAGE 3.0.1,SSP1-26,7.105427357601002e-15,40.36259886578649,0.0,0.0,,,,
2025,S1,"NATO→3.5%, nonNATO holds",0.055,,,,,0.027,0.022985547972701727,1.8773865800405787,1.5867842199693458,3.4641708000099243,0.7816910574368426,0.3443813749546929,2.7079113358015907,46.52684022422733,49.23475156002892,0.05500000000000001,,2.7079113358015907,2.7079113358015907,0.0,0.0,SA1,SA1 — AR6 pathways; fixed NATO GDP share (s_NATO=0.5018),SSP1-2.6,SA1 — AR6 pathways; fixed NATO GDP share (s_NATO=0.5018) — SSP1-2.6 — IMAGE 3.0.1 / SSP1-26 — S1: NATO 3.5%,SA1_AR6_fixed_split,SSP1-2.6,138.56683200039697,69.53283629779921,69.03399570259776,0.5018,0.3553141170167466,1.0,49.23475156002892,AR6 World GDP level and trajectory (unrebased),Fixed original NATO GDP share = 0.5018,IMAGE 3.0.1,SSP1-26,0.0,49.23475156002892,0.0,0.0,,,,
2026,S1,"NATO→3.5%, nonNATO holds",0.055,,,,,0.02740877593256891,0.022985547972701727,1.988704697666456,1.655802702405838,3.644507400072294,0.7385488535962761,0.32537466976619156,2.6916467622465374,45.861365365377026,48.55301212762356,0.05543727658278821,,5.399558098048129,2.669741663996209,0.021905098250328603,0.021905098250328603,SA1,SA1 — AR6 pathways; fixed NATO GDP share (s_NATO=0.5018),SSP1-2.6,SA1 — AR6 pathways; fixed NATO GDP share (s_NATO=0.5018) — SSP1-2.6 — IMAGE 3.0.1 / SSP1-26 — S1: NATO 3.5%,SA1_AR6_fixed_split,SSP1-2.6,144.59391012503605,72.55722410074308,72.03668602429296,0.5018,0.33570402436194363,0.9448091372798489,48.54075752720379,AR6 World GDP level and trajectory (unrebased),Fixed original NATO GDP share = 0.5018,IMAGE 3.0.1,SSP1-26,0.012254600419772999,48.540757527203795,0.012254600419765893,0.012254600419765893,,,,
2027,S1,"NATO→3.5%, nonNATO holds",0.055,,,,,0.028005016140972137,0.022985547972701727,2.120348271644321,1.727823200401779,3.8481714720461,0.6976527219887668,0.307357492904142,2.6846873021524815,45.192299591388284,47.87698689354077,0.056074692171463304,,8.08424540020061,2.6316008498429095,0.053086452309571985,0.07499155055990059,SA1,SA1 — AR6 pathways; fixed NATO GDP share (s_NATO=0.5018),SSP1-2.6,SA1 — AR6 pathways; fixed NATO GDP share (s_NATO=0.5018) — SSP1-2.6 — IMAGE 3.0.1 / SSP1-26 — S1: NATO 3.5%,SA1_AR6_fixed_split,SSP1-2.6,150.8831409610859,75.71316013427291,75.16998082681299,0.5018,0.31711487363125757,0.8924916248579884,47.847288178961975,AR6 World GDP level and trajectory (unrebased),Fixed original NATO GDP share = 0.5018,IMAGE 3.0.1,SSP1-26,0.029698714578792362,47.84728817896199,0.02969871457877815,0.041953314998544045,,,,
2028,S1,"NATO→3.5%, nonNATO holds",0.055,,,,,0.028820930945768986,0.022985547972701727,2.277037024430722,1.8029762890886598,4.080013313519382,0.6588900561684657,0.29028023453575763,2.6882802013128737,44.519093410947434,47.207373612260305,0.05694619284252442,,10.772525601513482,2.5934888930349977,0.09479130827787596,0.16978285883777655,SA1,SA1 — AR6 pathways; fixed NATO GDP share (s_NATO=0.5018),SSP1-2.6,SA1 — AR6 pathways; fixed NATO GDP share (s_NATO=0.5018) — SSP1-2.6 — IMAGE 3.0.1 / SSP1-26 — S1: NATO 3.5%,SA1_AR6_fixed_split,SSP1-2.6,157.44592705596344,79.00636619668245,78.43956085928099,0.5018,0.2994954800765753,0.842903407810446,47.15434350972723,AR6 World GDP level and trajectory (unrebased),Fixed original NATO GDP share = 0.5018,IMAGE 3.0.1,SSP1-26,0.053030102533078605,47.15434350972723,0.053030102533078605,0.09498341753162265,,,,
2029,S1,"NATO→3.5%, nonNATO holds",0.055,,,,,0.029845109579542582,0.022985547972701727,2.4605147868542327,1.8813982230705095,4.341913009924742,0.6221537481536524,0.27409570722853216,2.7013374532817847,43.84222615834736,46.543563611629146,0.05803890470919682,,13.473863054795268,2.5554057937303276,0.14593165955145704,0.3157145183892336,SA1,SA1 — AR6 pathways; fixed NATO GDP share (s_NATO=0.5018),SSP1-2.6,SA1 — AR6 pathways; fixed NATO GDP share (s_NATO=0.5018) — SSP1-2.6 — IMAGE 3.0.1 / SSP1-26 — S1: NATO 3.5%,SA1_AR6_fixed_split,SSP1-2.6,164.2941669202464,82.44281296057964,81.85135395966675,0.5018,0.28279715825166013,0.7959074652762288,46.46192352236958,AR6 World GDP level and trajectory (unrebased),Fixed original NATO GDP share = 0.5018,IMAGE 3.0.1,SSP1-26,0.08164008925956523,46.46192352236959,0.08164008925955812,0.17662350679118077,,,,
2030,S1,"NATO→3.5%, nonNATO holds",0.055,,,,,0.030999999999995285,0.022985547972701727,2.6668906547338733,1.9632311834572393,4.630121838191113,0.5873419249771357,0.2587590298850318,2.719464673321842,43.16363382113767,45.88309849445952,0.05926942082279433,,16.19332772811711,2.517351551921414,0.20211312140042814,0.5178276397896617,SA1,SA1 — AR6 pathways; fixed NATO GDP share (s_NATO=0.5018),SSP1-2.6,SA1 — AR6 pathways; fixed NATO GDP share (s_NATO=0.5018) — SSP1-2.6 — IMAGE 3.0.1 / SSP1-26 — S1: NATO 3.5%,SA1_AR6_fixed_split,SSP1-2.6,171.44027659999995,86.02873079787997,85.41154580211997,0.5018,0.26697360226233435,0.7513734734321051,45.77002821675297,AR6 World GDP level and trajectory (unrebased),Fixed original NATO GDP share = 0.5018,IMAGE 3.0.1,SSP1-26,0.11307027770654798,45.77002821675298,0.11307027770653377,0.28969378449771455,,,,
2031,S1,"NATO→3.5%, nonNATO holds",0.055,,,,,0.03215489042044799,0.022985547972701727,2.867392042538583,2.035016663409435,4.902408705948018,0.5532170853428023,0.24372500962654928,2.7120962554637416,42.1172843128851,44.82938056834884,0.06049818715047291,,18.905423983580853,2.457791159062216,0.25430509640152543,0.7721327361911872,SA1,SA1 — AR6 pathways; fixed NATO GDP share (s_NATO=0.5018),SSP1-2.6,SA1 — AR6 pathways; fixed NATO GDP share (s_NATO=0.5018) — SSP1-2.6 — IMAGE 3.0.1 / SSP1-26 — S1: NATO 3.5%,SA1_AR6_fixed_split,SSP1-2.6,177.7089843520823,89.1743683478749,88.5346160042074,0.5018,0.2514623115194556,0.7077183243681919,44.687111982949375,AR6 World GDP level and trajectory (unrebased),Fixed original NATO GDP share = 0.5018,IMAGE 3.0.1,SSP1-26,0.14226858539946363,44.68711198294938,0.14226858539945653,0.4319623698971711,,,,
2032,S1,"NATO→3.5%, nonNATO holds",0.055,,,,,0.033179069054221584,0.022985547972701727,3.066908111528715,2.1094269769397562,5.176335088468472,0.5207774535212345,0.22943342357928512,2.695718605945225,41.07559708149425,43.771315687439476,0.06158641940751127,,21.601142589526077,2.398270101122313,0.2974485048229121,1.0695812410140992,SA1,SA1 — AR6 pathways; fixed NATO GDP share (s_NATO=0.5018),SSP1-2.6,SA1 — AR6 pathways; fixed NATO GDP share (s_NATO=0.5018) — SSP1-2.6 — IMAGE 3.0.1 / SSP1-26 — S1: NATO 3.5%,SA1_AR6_fixed_split,SSP1-2.6,184.20690718512637,92.43502602549641,91.77188115962996,0.5018,0.2367170243278338,0.6662190242125305,43.60491092949658,AR6 World GDP level and trajectory (unrebased),Fixed original NATO GDP share = 0.5018,IMAGE 3.0.1,SSP1-26,0.16640475794289245,43.60491092949659,0.16640475794288534,0.5983671278400564,,,,
2033,S1,"NATO→3.5%, nonNATO holds",0.055,,,,,0.03399498385901843,0.022985547972701727,3.2572263031878133,2.1865581009967103,5.443784404184523,0.4899462991174637,0.21585046744335812,2.6671620220235743,40.03996857208271,42.70713059410628,0.062452381719872586,,24.268304611549652,2.3387883782521084,0.32837364377146594,1.3979548847855652,SA1,SA1 — AR6 pathways; fixed NATO GDP share (s_NATO=0.5018),SSP1-2.6,SA1 — AR6 pathways; fixed NATO GDP share (s_NATO=0.5018) — SSP1-2.6 — IMAGE 3.0.1 / SSP1-26 — S1: NATO 3.5%,SA1_AR6_fixed_split,SSP1-2.6,190.94242634059682,95.81490953771149,95.12751680288534,0.5018,0.2227028632352107,0.6267774134758466,42.52342505912923,AR6 World GDP level and trajectory (unrebased),Fixed original NATO GDP share = 0.5018,IMAGE 3.0.1,SSP1-26,0.1837055349770509,42.52342505912924,0.18370553497704378,0.7820726628171002,,,,
2034,S1,"NATO→3.5%, nonNATO holds",0.055,,,,,0.034591224067421655,0.022985547972701727,3.43554428031397,2.2665095219225946,5.7020538022365646,0.4606502187228109,0.2029438026541055,2.626652331169509,39.010299294560134,41.636951625729644,0.06308464545580142,,26.894956942719162,2.279345990470547,0.34730634069896205,1.7452612254845272,SA1,SA1 — AR6 pathways; fixed NATO GDP share (s_NATO=0.5018),SSP1-2.6,SA1 — AR6 pathways; fixed NATO GDP share (s_NATO=0.5018) — SSP1-2.6 — IMAGE 3.0.1 / SSP1-26 — S1: NATO 3.5%,SA1_AR6_fixed_split,SSP1-2.6,197.92422951976133,99.31837837301624,98.60585114674508,0.5018,0.20938646305582312,0.5892995888084974,41.44265437219176,AR6 World GDP level and trajectory (unrebased),Fixed original NATO GDP share = 0.5018,IMAGE 3.0.1,SSP1-26,0.19429725353788285,41.44265437219176,0.19429725353788285,0.976369916354983,,,,
2035,S1,"NATO→3.5%, nonNATO holds",0.055,,,,,0.03499999999999057,0.022985547972701727,3.603248299854834,2.349384363774341,5.952632663629175,0.4328189962923145,0.19068249487004066,2.5764124947688263,37.985609899493504,40.56202239426233,0.06351785100176048,,29.471369437487986,2.219942937618257,0.3564695571505694,2.1017307826350966,SA1,SA1 — AR6 pathways; fixed NATO GDP share (s_NATO=0.5018),SSP1-2.6,SA1 — AR6 pathways; fixed NATO GDP share (s_NATO=0.5018) — SSP1-2.6 — IMAGE 3.0.1 / SSP1-26 — S1: NATO 3.5%,SA1_AR6_fixed_split,SSP1-2.6,205.16132208938131,102.94995142445156,102.21137066492976,0.5018,0.19673590740559746,0.5536957243844183,40.36259886578648,AR6 World GDP level and trajectory (unrebased),Fixed original NATO GDP share = 0.5018,IMAGE 3.0.1,SSP1-26,0.19942352847584743,40.36259886578649,0.19942352847584033,1.1757934448308234,,,,
2025,S2,"NATO→3.5%, nonNATO→3.5%",0.055,,,,,0.027,0.022985547972701727,1.8773865800405787,1.5867842199693458,3.4641708000099243,0.7816910574368426,0.3443813749546929,2.7079113358015907,46.52684022422733,49.23475156002892,0.05500000000000001,,2.7079113358015907,2.7079113358015907,0.0,0.0,SA1,SA1 — AR6 pathways; fixed NATO GDP share (s_NATO=0.5018),SSP1-2.6,SA1 — AR6 pathways; fixed NATO GDP share (s_NATO=0.5018) — SSP1-2.6 — IMAGE 3.0.1 / SSP1-26 — S2: NATO/non-NATO 3.5%,SA1_AR6_fixed_split,SSP1-2.6,138.56683200039697,69.53283629779921,69.03399570259776,0.5018,0.3553141170167466,1.0,49.23475156002892,AR6 World GDP level and trajectory (unrebased),Fixed original NATO GDP share = 0.5018,IMAGE 3.0.1,SSP1-26,0.0,49.23475156002892,0.0,0.0,,,,
2026,S2,"NATO→3.5%, nonNATO→3.5%",0.055,,,,,0.02740877593256891,0.023599450326672138,1.988704697666456,1.7000261935283787,3.688730891194835,0.7385488535962761,0.32537466976619156,2.724307970917115,45.846976161557116,48.57128413247423,0.05608886031274748,,5.4322193067187055,2.669741663996209,0.05456630692090636,0.05456630692090636,SA1,SA1 — AR6 pathways; fixed NATO GDP share (s_NATO=0.5018),SSP1-2.6,SA1 — AR6 pathways; fixed NATO GDP share (s_NATO=0.5018) — SSP1-2.6 — IMAGE 3.0.1 / SSP1-26 — S2: NATO/non-NATO 3.5%,SA1_AR6_fixed_split,SSP1-2.6,144.59391012503605,72.55722410074308,72.03668602429296,0.5018,0.33570402436194363,0.9448091372798489,48.54075752720379,AR6 World GDP level and trajectory (unrebased),Fixed original NATO GDP share = 0.5018,IMAGE 3.0.1,SSP1-26,0.030526605270445373,48.540757527203795,0.030526605270438267,0.030526605270438267,,,,
2027,S2,"NATO→3.5%, nonNATO→3.5%",0.055,,,,,0.028005016140972137,0.024494887749248,2.120348271644321,1.8412802424659085,3.9616285141102296,0.6976527219887668,0.307357492904142,2.7638409163773154,45.15742771938714,47.92126863576445,0.05767461912130211,,8.196060223096021,2.6316008498429095,0.1322400665344059,0.18680637345531226,SA1,SA1 — AR6 pathways; fixed NATO GDP share (s_NATO=0.5018),SSP1-2.6,SA1 — AR6 pathways; fixed NATO GDP share (s_NATO=0.5018) — SSP1-2.6 — IMAGE 3.0.1 / SSP1-26 — S2: NATO/non-NATO 3.5%,SA1_AR6_fixed_split,SSP1-2.6,150.8831409610859,75.71316013427291,75.16998082681299,0.5018,0.31711487363125757,0.8924916248579884,47.847288178961975,AR6 World GDP level and trajectory (unrebased),Fixed original NATO GDP share = 0.5018,IMAGE 3.0.1,SSP1-26,0.07398045680247378,47.84728817896199,0.07398045680245957,0.10450706207289784,,,,
2028,S2,"NATO→3.5%, nonNATO→3.5%",0.055,,,,,0.028820930945768986,0.025720233909322272,2.277037024430722,2.017483853045227,4.294520877475948,0.6588900561684657,0.29028023453575763,2.829617102176776,44.45682610497243,47.286443207149205,0.059839922613358416,,11.025677325272797,2.5934888930349977,0.23612820914177846,0.4229345825970907,SA1,SA1 — AR6 pathways; fixed NATO GDP share (s_NATO=0.5018),SSP1-2.6,SA1 — AR6 pathways; fixed NATO GDP share (s_NATO=0.5018) — SSP1-2.6 — IMAGE 3.0.1 / SSP1-26 — S2: NATO/non-NATO 3.5%,SA1_AR6_fixed_split,SSP1-2.6,157.44592705596344,79.00636619668245,78.43956085928099,0.5018,0.2994954800765753,0.842903407810446,47.15434350972723,AR6 World GDP level and trajectory (unrebased),Fixed original NATO GDP share = 0.5018,IMAGE 3.0.1,SSP1-26,0.13209969742197814,47.15434350972723,0.13209969742197814,0.23660675949487597,,,,
2029,S2,"NATO→3.5%, nonNATO→3.5%",0.055,,,,,0.029845109579542582,0.027258352042179364,2.4605147868542327,2.2311330213616283,4.691647808215861,0.6221537481536524,0.27409570722853216,2.918926268898366,43.74636535146733,46.6652916203657,0.06255026310870597,,13.944603594171163,2.5554057937303276,0.36352047516803854,0.7864550577651293,SA1,SA1 — AR6 pathways; fixed NATO GDP share (s_NATO=0.5018),SSP1-2.6,SA1 — AR6 pathways; fixed NATO GDP share (s_NATO=0.5018) — SSP1-2.6 — IMAGE 3.0.1 / SSP1-26 — S2: NATO/non-NATO 3.5%,SA1_AR6_fixed_split,SSP1-2.6,164.2941669202464,82.44281296057964,81.85135395966675,0.5018,0.28279715825166013,0.7959074652762288,46.46192352236958,AR6 World GDP level and trajectory (unrebased),Fixed original NATO GDP share = 0.5018,IMAGE 3.0.1,SSP1-26,0.203368097996119,46.46192352236959,0.20336809799611189,0.43997485749098786,,,,
2030,S2,"NATO→3.5%, nonNATO→3.5%",0.055,,,,,0.030999999999995285,0.028992773986343784,2.6668906547338733,2.4763176432651144,5.143208297998988,0.5873419249771357,0.2587590298850318,3.020821862305103,43.03086806655064,46.051689928855744,0.06559633027521694,,16.965425456476268,2.517351551921414,0.5034703103836891,1.2899253681488183,SA1,SA1 — AR6 pathways; fixed NATO GDP share (s_NATO=0.5018),SSP1-2.6,SA1 — AR6 pathways; fixed NATO GDP share (s_NATO=0.5018) — SSP1-2.6 — IMAGE 3.0.1 / SSP1-26 — S2: NATO/non-NATO 3.5%,SA1_AR6_fixed_split,SSP1-2.6,171.44027659999995,86.02873079787997,85.41154580211997,0.5018,0.26697360226233435,0.7513734734321051,45.77002821675297,AR6 World GDP level and trajectory (unrebased),Fixed original NATO GDP share = 0.5018,IMAGE 3.0.1,SSP1-26,0.2816617121027747,45.77002821675298,0.2816617121027605,0.7216365695937483,,,,
2031,S2,"NATO→3.5%, nonNATO→3.5%",0.055,,,,,0.03215489042044799,0.0307271959305082,2.867392042538583,2.7204204925935875,5.587812535132171,0.5532170853428023,0.24372500962654928,3.0912733641277947,41.95023425801911,45.0415076221469,0.06863165838187477,,20.056698820604062,2.457791159062216,0.6334822050655786,1.923407573214397,SA1,SA1 — AR6 pathways; fixed NATO GDP share (s_NATO=0.5018),SSP1-2.6,SA1 — AR6 pathways; fixed NATO GDP share (s_NATO=0.5018) — SSP1-2.6 — IMAGE 3.0.1 / SSP1-26 — S2: NATO/non-NATO 3.5%,SA1_AR6_fixed_split,SSP1-2.6,177.7089843520823,89.1743683478749,88.5346160042074,0.5018,0.2514623115194556,0.7077183243681919,44.687111982949375,AR6 World GDP level and trajectory (unrebased),Fixed original NATO GDP share = 0.5018,IMAGE 3.0.1,SSP1-26,0.35439563919752715,44.68711198294938,0.35439563919752004,1.0760322087912684,,,,
2032,S2,"NATO→3.5%, nonNATO→3.5%",0.055,,,,,0.033179069054221584,0.032265314063365295,3.066908111528715,2.961048567801297,6.027956679330012,0.5207774535212345,0.22943342357928512,3.1392239293978004,40.880206624308855,44.019430553706655,0.07131450566057952,,23.195922750001863,2.398270101122313,0.7409538282754875,2.6643614014898844,SA1,SA1 — AR6 pathways; fixed NATO GDP share (s_NATO=0.5018),SSP1-2.6,SA1 — AR6 pathways; fixed NATO GDP share (s_NATO=0.5018) — SSP1-2.6 — IMAGE 3.0.1 / SSP1-26 — S2: NATO/non-NATO 3.5%,SA1_AR6_fixed_split,SSP1-2.6,184.20690718512637,92.43502602549641,91.77188115962996,0.5018,0.2367170243278338,0.6662190242125305,43.60491092949658,AR6 World GDP level and trajectory (unrebased),Fixed original NATO GDP share = 0.5018,IMAGE 3.0.1,SSP1-26,0.4145196242100724,43.60491092949659,0.4145196242100653,1.4905518330013336,,,,
2033,S2,"NATO→3.5%, nonNATO→3.5%",0.055,,,,,0.03399498385901843,0.033490660223439564,3.2572263031878133,3.1858833431449707,6.443109646332784,0.4899462991174637,0.21585046744335812,3.156777726028778,39.82426375143706,42.98104147746584,0.07344581744683451,,26.35270047603064,2.3387883782521084,0.8179893477766695,3.482350749266554,SA1,SA1 — AR6 pathways; fixed NATO GDP share (s_NATO=0.5018),SSP1-2.6,SA1 — AR6 pathways; fixed NATO GDP share (s_NATO=0.5018) — SSP1-2.6 — IMAGE 3.0.1 / SSP1-26 — S2: NATO/non-NATO 3.5%,SA1_AR6_fixed_split,SSP1-2.6,190.94242634059682,95.81490953771149,95.12751680288534,0.5018,0.2227028632352107,0.6267774134758466,42.52342505912923,AR6 World GDP level and trajectory (unrebased),Fixed original NATO GDP share = 0.5018,IMAGE 3.0.1,SSP1-26,0.45761641833660605,42.52342505912924,0.45761641833659894,1.9481682513379326,,,,
2034,S2,"NATO→3.5%, nonNATO→3.5%",0.055,,,,,0.034591224067421655,0.034386097646015426,3.43554428031397,3.3906704260004386,6.826214706314408,0.4606502187228109,0.2029438026541055,3.1444972975126007,38.7821578058915,41.9266551034041,0.0749999562273045,,29.497197773543242,2.279345990470547,0.8651513070420536,4.347502056308608,SA1,SA1 — AR6 pathways; fixed NATO GDP share (s_NATO=0.5018),SSP1-2.6,SA1 — AR6 pathways; fixed NATO GDP share (s_NATO=0.5018) — SSP1-2.6 — IMAGE 3.0.1 / SSP1-26 — S2: NATO/non-NATO 3.5%,SA1_AR6_fixed_split,SSP1-2.6,197.92422951976133,99.31837837301624,98.60585114674508,0.5018,0.20938646305582312,0.5892995888084974,41.44265437219176,AR6 World GDP level and trajectory (unrebased),Fixed original NATO GDP share = 0.5018,IMAGE 3.0.1,SSP1-26,0.48400073121234044,41.44265437219176,0.48400073121234044,2.432168982550273,,,,
2035,S2,"NATO→3.5%, nonNATO→3.5%",0.055,,,,,0.03499999999999057,0.03499999999998584,3.603248299854834,3.5773979732710943,7.180646273125928,0.4328189962923145,0.19068249487004066,3.1079201126645133,37.7514492007003,40.859369313364816,0.07606382978720952,,32.60511788620775,2.219942937618257,0.8879771750462564,5.235479231354864,SA1,SA1 — AR6 pathways; fixed NATO GDP share (s_NATO=0.5018),SSP1-2.6,SA1 — AR6 pathways; fixed NATO GDP share (s_NATO=0.5018) — SSP1-2.6 — IMAGE 3.0.1 / SSP1-26 — S2: NATO/non-NATO 3.5%,SA1_AR6_fixed_split,SSP1-2.6,205.16132208938131,102.94995142445156,102.21137066492976,0.5018,0.19673590740559746,0.5536957243844183,40.36259886578648,AR6 World GDP level and trajectory (unrebased),Fixed original NATO GDP share = 0.5018,IMAGE 3.0.1,SSP1-26,0.496770447578335,40.36259886578649,0.4967704475783279,2.928939430128601,,,,
2025,S3,"NATO→5%, nonNATO→3.5%",0.055,,,,,0.027,0.022985547972701727,1.8773865800405787,1.5867842199693458,3.4641708000099243,0.7816910574368426,0.3443813749546929,2.7079113358015907,46.52684022422733,49.23475156002892,0.05500000000000001,,2.7079113358015907,2.7079113358015907,0.0,0.0,SA1,SA1 — AR6 pathways; fixed NATO GDP share (s_NATO=0.5018),SSP1-2.6,SA1 — AR6 pathways; fixed NATO GDP share (s_NATO=0.5018) — SSP1-2.6 — IMAGE 3.0.1 / SSP1-26 — S3: NATO 5%; non-NATO 3.5%,SA1_AR6_fixed_split,SSP1-2.6,138.56683200039697,69.53283629779921,69.03399570259776,0.5018,0.3553141170167466,1.0,49.23475156002892,AR6 World GDP level and trajectory (unrebased),Fixed original NATO GDP share = 0.5018,IMAGE 3.0.1,SSP1-26,0.0,49.23475156002892,0.0,0.0,,,,
2026,S3,"NATO→5%, nonNATO→3.5%",0.055,,,,,0.02817523080613562,0.023599450326672138,2.0443165356909425,1.7000261935283787,3.744342729219321,0.7385488535962761,0.32537466976619156,2.7653800301364813,45.82888147812481,48.5942615082613,0.05690754307823674,,5.473291365938072,2.669741663996209,0.09563836614027243,0.09563836614027243,SA1,SA1 — AR6 pathways; fixed NATO GDP share (s_NATO=0.5018),SSP1-2.6,SA1 — AR6 pathways; fixed NATO GDP share (s_NATO=0.5018) — SSP1-2.6 — IMAGE 3.0.1 / SSP1-26 — S3: NATO 5%; non-NATO 3.5%,SA1_AR6_fixed_split,SSP1-2.6,144.59391012503605,72.55722410074308,72.03668602429296,0.5018,0.33570402436194363,0.9448091372798489,48.54075752720379,AR6 World GDP level and trajectory (unrebased),Fixed original NATO GDP share = 0.5018,IMAGE 3.0.1,SSP1-26,0.053503981057509975,48.540757527203795,0.05350398105750287,0.05350398105750287,,,,
2027,S3,"NATO→5%, nonNATO→3.5%",0.055,,,,,0.029889421405294894,0.024494887749248,2.263022549179857,1.8412802424659085,4.1043027916457655,0.6976527219887668,0.307357492904142,2.863378014457763,45.1135757111419,47.976953725599664,0.05968236397072277,,8.336669380395834,2.6316008498429095,0.23177716461485343,0.32741553075512586,SA1,SA1 — AR6 pathways; fixed NATO GDP share (s_NATO=0.5018),SSP1-2.6,SA1 — AR6 pathways; fixed NATO GDP share (s_NATO=0.5018) — SSP1-2.6 — IMAGE 3.0.1 / SSP1-26 — S3: NATO 5%; non-NATO 3.5%,SA1_AR6_fixed_split,SSP1-2.6,150.8831409610859,75.71316013427291,75.16998082681299,0.5018,0.31711487363125757,0.8924916248579884,47.847288178961975,AR6 World GDP level and trajectory (unrebased),Fixed original NATO GDP share = 0.5018,IMAGE 3.0.1,SSP1-26,0.12966554663768903,47.84728817896199,0.12966554663767482,0.1831695276951777,,,,
2028,S3,"NATO→5%, nonNATO→3.5%",0.055,,,,,0.03223517646908584,0.025720233909322272,2.546784156531277,2.017483853045227,4.564268009576503,0.6588900561684657,0.29028023453575763,3.0073508051977935,44.378523844200934,47.38587464939873,0.06346513233001921,,11.344020185593628,2.5934888930349977,0.4138619121627958,0.7412774429179216,SA1,SA1 — AR6 pathways; fixed NATO GDP share (s_NATO=0.5018),SSP1-2.6,SA1 — AR6 pathways; fixed NATO GDP share (s_NATO=0.5018) — SSP1-2.6 — IMAGE 3.0.1 / SSP1-26 — S3: NATO 5%; non-NATO 3.5%,SA1_AR6_fixed_split,SSP1-2.6,157.44592705596344,79.00636619668245,78.43956085928099,0.5018,0.2994954800765753,0.842903407810446,47.15434350972723,AR6 World GDP level and trajectory (unrebased),Fixed original NATO GDP share = 0.5018,IMAGE 3.0.1,SSP1-26,0.23153113967150318,47.15434350972723,0.23153113967150318,0.4147006673666809,,,,
2029,S3,"NATO→5%, nonNATO→3.5%",0.055,,,,,0.03517969004118492,0.027258352042179364,2.900312606076575,2.2311330213616283,5.131445627438204,0.6221537481536524,0.27409570722853216,3.1925481305573493,43.625818657170015,46.81836678772736,0.06819007901391001,,14.536568316150978,2.5554057937303276,0.6371423368270217,1.3784197797449433,SA1,SA1 — AR6 pathways; fixed NATO GDP share (s_NATO=0.5018),SSP1-2.6,SA1 — AR6 pathways; fixed NATO GDP share (s_NATO=0.5018) — SSP1-2.6 — IMAGE 3.0.1 / SSP1-26 — S3: NATO 5%; non-NATO 3.5%,SA1_AR6_fixed_split,SSP1-2.6,164.2941669202464,82.44281296057964,81.85135395966675,0.5018,0.28279715825166013,0.7959074652762288,46.46192352236958,AR6 World GDP level and trajectory (unrebased),Fixed original NATO GDP share = 0.5018,IMAGE 3.0.1,SSP1-26,0.3564432653577825,46.46192352236959,0.3564432653577754,0.7711439327244562,,,,
2030,S3,"NATO→5%, nonNATO→3.5%",0.055,,,,,0.03849999999998644,0.028992773986343784,3.3121061357172126,2.4763176432651144,5.788423778982327,0.5873419249771357,0.2587590298850318,3.399783964930906,42.86391273462459,46.263696699555496,0.0734870796644223,,17.936352281081884,2.517351551921414,0.882432413009492,2.2608521927544354,SA1,SA1 — AR6 pathways; fixed NATO GDP share (s_NATO=0.5018),SSP1-2.6,SA1 — AR6 pathways; fixed NATO GDP share (s_NATO=0.5018) — SSP1-2.6 — IMAGE 3.0.1 / SSP1-26 — S3: NATO 5%; non-NATO 3.5%,SA1_AR6_fixed_split,SSP1-2.6,171.44027659999995,86.02873079787997,85.41154580211997,0.5018,0.26697360226233435,0.7513734734321051,45.77002821675297,AR6 World GDP level and trajectory (unrebased),Fixed original NATO GDP share = 0.5018,IMAGE 3.0.1,SSP1-26,0.4936684828025264,45.77002821675298,0.4936684828025122,1.2648124155269684,,,,
2031,S3,"NATO→5%, nonNATO→3.5%",0.055,,,,,0.041820309958787966,0.0307271959305082,3.7292997246872592,2.7204204925935875,6.449720217280847,0.5532170853428023,0.24372500962654928,3.568095419880656,41.74016579989023,45.308261219770884,0.07875154163549469,,21.50444770096254,2.457791159062216,1.11030426081844,3.3711564535728753,SA1,SA1 — AR6 pathways; fixed NATO GDP share (s_NATO=0.5018),SSP1-2.6,SA1 — AR6 pathways; fixed NATO GDP share (s_NATO=0.5018) — SSP1-2.6 — IMAGE 3.0.1 / SSP1-26 — S3: NATO 5%; non-NATO 3.5%,SA1_AR6_fixed_split,SSP1-2.6,177.7089843520823,89.1743683478749,88.5346160042074,0.5018,0.2514623115194556,0.7077183243681919,44.687111982949375,AR6 World GDP level and trajectory (unrebased),Fixed original NATO GDP share = 0.5018,IMAGE 3.0.1,SSP1-26,0.621149236821509,44.68711198294938,0.6211492368215019,1.8859616523484704,,,,
2032,S3,"NATO→5%, nonNATO→3.5%",0.055,,,,,0.04476482353088705,0.032265314063365295,4.137837628104299,2.961048567801297,7.098886195905596,0.5207774535212345,0.22943342357928512,3.69693987594076,40.6344995989088,44.33143947484956,0.08339318370291439,,25.2013875769033,2.398270101122313,1.298669774818447,4.669826228391322,SA1,SA1 — AR6 pathways; fixed NATO GDP share (s_NATO=0.5018),SSP1-2.6,SA1 — AR6 pathways; fixed NATO GDP share (s_NATO=0.5018) — SSP1-2.6 — IMAGE 3.0.1 / SSP1-26 — S3: NATO 5%; non-NATO 3.5%,SA1_AR6_fixed_split,SSP1-2.6,184.20690718512637,92.43502602549641,91.77188115962996,0.5018,0.2367170243278338,0.6662190242125305,43.60491092949658,AR6 World GDP level and trajectory (unrebased),Fixed original NATO GDP share = 0.5018,IMAGE 3.0.1,SSP1-26,0.7265285453529771,43.60491092949659,0.72652854535297,2.6124901977014403,,,,
2033,S3,"NATO→5%, nonNATO→3.5%",0.055,,,,,0.04711057859467799,0.033490660223439564,4.513895826318318,3.1858833431449707,7.699779169463289,0.4899462991174637,0.21585046744335812,3.772478308100277,39.55301104744752,43.325489355547795,0.0870729532248714,,28.973865885003576,2.3387883782521084,1.4336899298481685,6.103516158239491,SA1,SA1 — AR6 pathways; fixed NATO GDP share (s_NATO=0.5018),SSP1-2.6,SA1 — AR6 pathways; fixed NATO GDP share (s_NATO=0.5018) — SSP1-2.6 — IMAGE 3.0.1 / SSP1-26 — S3: NATO 5%; non-NATO 3.5%,SA1_AR6_fixed_split,SSP1-2.6,190.94242634059682,95.81490953771149,95.12751680288534,0.5018,0.2227028632352107,0.6267774134758466,42.52342505912923,AR6 World GDP level and trajectory (unrebased),Fixed original NATO GDP share = 0.5018,IMAGE 3.0.1,SSP1-26,0.802064296418564,42.52342505912924,0.8020642964185569,3.4145544941199972,,,,
2034,S3,"NATO→5%, nonNATO→3.5%",0.055,,,,,0.04882476919383726,0.034386097646015426,4.849196900768717,3.3906704260004386,8.239867326769154,0.4606502187228109,0.2029438026541055,3.7956966863231543,38.495265767464474,42.29096245378763,0.08975195800925091,,32.76956257132673,2.279345990470547,1.5163506958526072,7.619866854092098,SA1,SA1 — AR6 pathways; fixed NATO GDP share (s_NATO=0.5018),SSP1-2.6,SA1 — AR6 pathways; fixed NATO GDP share (s_NATO=0.5018) — SSP1-2.6 — IMAGE 3.0.1 / SSP1-26 — S3: NATO 5%; non-NATO 3.5%,SA1_AR6_fixed_split,SSP1-2.6,197.92422951976133,99.31837837301624,98.60585114674508,0.5018,0.20938646305582312,0.5892995888084974,41.44265437219176,AR6 World GDP level and trajectory (unrebased),Fixed original NATO GDP share = 0.5018,IMAGE 3.0.1,SSP1-26,0.8483080815958672,41.44265437219176,0.8483080815958672,4.2628625757158645,,,,
2035,S3,"NATO→5%, nonNATO→3.5%",0.055,,,,,0.049999999999972886,0.03499999999998584,5.147497571219787,3.5773979732710943,8.724895544490881,0.4328189962923145,0.19068249487004066,3.77630053232183,37.45698789693519,41.233288429257016,0.09158378281666135,,36.545863103648564,2.219942937618257,1.5563575947035733,9.176224448795672,SA1,SA1 — AR6 pathways; fixed NATO GDP share (s_NATO=0.5018),SSP1-2.6,SA1 — AR6 pathways; fixed NATO GDP share (s_NATO=0.5018) — SSP1-2.6 — IMAGE 3.0.1 / SSP1-26 — S3: NATO 5%; non-NATO 3.5%,SA1_AR6_fixed_split,SSP1-2.6,205.16132208938131,102.94995142445156,102.21137066492976,0.5018,0.19673590740559746,0.5536957243844183,40.36259886578648,AR6 World GDP level and trajectory (unrebased),Fixed original NATO GDP share = 0.5018,IMAGE 3.0.1,SSP1-26,0.8706895634705347,40.36259886578649,0.8706895634705276,5.133552139186392,,,,
2025,S0,Baseline,0.055,,,,,0.027,0.022985547972701727,1.7930508017844657,1.515502852808012,3.308553654592478,0.9100880620821836,0.40094788749075233,3.0110751838029945,51.73574633988782,54.74682152369081,0.055,,3.0110751838029945,3.0110751838029945,0.0,0.0,SA1,SA1 — AR6 pathways; fixed NATO GDP share (s_NATO=0.5018),SSP2-4.5,SA1 — AR6 pathways; fixed NATO GDP share (s_NATO=0.5018) — SSP2-4.5 — MESSAGE-GLOBIOM 1.0 / SSP2-45 — S0: Baseline,SA1_AR6_fixed_split,SSP2-4.5,132.3421461836991,66.40928895498021,65.93285722871889,0.5018,0.41367639185553806,1.0,54.74682152369081,AR6 World GDP level and trajectory (unrebased),Fixed original NATO GDP share = 0.5018,MESSAGE-GLOBIOM 1.0,SSP2-45,0.0,54.74682152369081,0.0,0.0,,,,
2026,S0,Baseline,0.055,,,,,0.027,0.022985547972701727,1.8561374049847692,1.5688242238639107,3.42496162884868,0.8836639841685245,0.3893065105078116,3.026515238572744,52.001034553658975,55.02754979223172,0.05499999999999999,,6.037590422375739,3.026515238572744,0.0,0.0,SA1,SA1 — AR6 pathways; fixed NATO GDP share (s_NATO=0.5018),SSP2-4.5,SA1 — AR6 pathways; fixed NATO GDP share (s_NATO=0.5018) — SSP2-4.5 — MESSAGE-GLOBIOM 1.0 / SSP2-45 — S0: Baseline,SA1_AR6_fixed_split,SSP2-4.5,136.9984651539472,68.74582981425071,68.25263533969648,0.5018,0.40166544734932935,0.9709653614693026,55.02754979223171,AR6 World GDP level and trajectory (unrebased),Fixed original NATO GDP share = 0.5018,MESSAGE-GLOBIOM 1.0,SSP2-45,7.105427357601002e-15,55.02754979223172,0.0,0.0,,,,
2027,S0,Baseline,0.055,,,,,0.027,0.022985547972701727,1.9214436438470386,1.62402165117798,3.5454652950250187,0.857981088680002,0.37799166843944154,3.04194217370273,52.2660973481651,55.308039521867826,0.05499999999999999,,9.079532596078469,3.04194217370273,0.0,0.0,SA1,SA1 — AR6 pathways; fixed NATO GDP share (s_NATO=0.5018),SSP2-4.5,SA1 — AR6 pathways; fixed NATO GDP share (s_NATO=0.5018) — SSP2-4.5 — MESSAGE-GLOBIOM 1.0 / SSP2-45 — S0: Baseline,SA1_AR6_fixed_split,SSP2-4.5,141.81861180100074,71.16457940174217,70.65403239925857,0.5018,0.3899914039454555,0.9427451303086358,55.308039521867826,AR6 World GDP level and trajectory (unrebased),Fixed original NATO GDP share = 0.5018,MESSAGE-GLOBIOM 1.0,SSP2-45,0.0,55.308039521867826,0.0,0.0,,,,
2028,S0,Baseline,0.055,,,,,0.027,0.022985547972701727,1.9890476139133,1.6811611418129375,3.6702087557262377,0.8330196434049916,0.3669946680735278,3.057355988916948,52.530934718663936,55.58829070758088,0.05499999999999999,,12.136888584995416,3.057355988916948,0.0,0.0,SA1,SA1 — AR6 pathways; fixed NATO GDP share (s_NATO=0.5018),SSP2-4.5,SA1 — AR6 pathways; fixed NATO GDP share (s_NATO=0.5018) — SSP2-4.5 — MESSAGE-GLOBIOM 1.0 / SSP2-45 — S0: Baseline,SA1_AR6_fixed_split,SSP2-4.5,146.8083502290495,73.66843014493703,73.13992008411246,0.5018,0.3786452924568144,0.9153176248671279,55.58829070758088,AR6 World GDP level and trajectory (unrebased),Fixed original NATO GDP share = 0.5018,MESSAGE-GLOBIOM 1.0,SSP2-45,0.0,55.58829070758088,0.0,0.0,,,,
2029,S0,Baseline,0.055,,,,,0.027,0.022985547972701727,2.0590301584349526,1.7403110252204663,3.799341183655419,0.8087603972561511,0.35630702816180093,3.072756685004812,52.79554667871905,55.86830336372386,0.05499999999999999,,15.209645270000228,3.072756685004812,0.0,0.0,SA1,SA1 — AR6 pathways; fixed NATO GDP share (s_NATO=0.5018),SSP2-4.5,SA1 — AR6 pathways; fixed NATO GDP share (s_NATO=0.5018) — SSP2-4.5 — MESSAGE-GLOBIOM 1.0 / SSP2-45 — S0: Baseline,SA1_AR6_fixed_split,SSP2-4.5,151.97364734621675,76.26037623833157,75.71327110788518,0.5018,0.3676183623891596,0.8886616921507511,55.868303363723854,AR6 World GDP level and trajectory (unrebased),Fixed original NATO GDP share = 0.5018,MESSAGE-GLOBIOM 1.0,SSP2-45,7.105427357601002e-15,55.86830336372386,0.0,0.0,,,,
2030,S0,Baseline,0.055,,,,,0.027,0.022985547972701727,2.1314749650479983,1.8015420349519986,3.933016999999997,0.7851845698105682,0.345920474811649,3.088144261202649,53.059933215209156,56.14807747641181,0.05499999999999999,,18.297789531202877,3.088144261202649,0.0,0.0,SA1,SA1 — AR6 pathways; fixed NATO GDP share (s_NATO=0.5018),SSP2-4.5,SA1 — AR6 pathways; fixed NATO GDP share (s_NATO=0.5018) — SSP2-4.5 — MESSAGE-GLOBIOM 1.0 / SSP2-45 — S0: Baseline,SA1_AR6_fixed_split,SSP2-4.5,157.32067999999987,78.94351722399993,78.37716277599993,0.5018,0.356902077186622,0.8627566963290897,56.14807747641181,AR6 World GDP level and trajectory (unrebased),Fixed original NATO GDP share = 0.5018,MESSAGE-GLOBIOM 1.0,SSP2-45,0.0,56.14807747641181,0.0,0.0,,,,
2031,S0,Baseline,0.055,,,,,0.027,0.022985547972701727,2.1879166121236,1.8492470286282119,4.037163640751812,0.7646412808910803,0.33686993493802847,3.0869819774313627,53.03996306677524,56.12694504420661,0.054999999999999986,,21.38477150863424,3.0869819774313627,0.0,0.0,SA1,SA1 — AR6 pathways; fixed NATO GDP share (s_NATO=0.5018),SSP2-4.5,SA1 — AR6 pathways; fixed NATO GDP share (s_NATO=0.5018) — SSP2-4.5 — MESSAGE-GLOBIOM 1.0 / SSP2-45 — S0: Baseline,SA1_AR6_fixed_split,SSP2-4.5,161.48654563007247,81.03394859717037,80.4525970329021,0.5018,0.3475642185868547,0.8401838379702106,56.12694504420659,AR6 World GDP level and trajectory (unrebased),Fixed original NATO GDP share = 0.5018,MESSAGE-GLOBIOM 1.0,SSP2-45,1.4210854715202004e-14,56.12694504420661,0.0,0.0,,,,
2032,S0,Baseline,0.055,,,,,0.027,0.022985547972701727,2.2458528390450105,1.898215254789427,4.144068093834438,0.7446365088291103,0.3280566437498878,3.0858243977429813,53.02007374303851,56.10589814078149,0.054999999999999986,,24.470595906377223,3.0858243977429813,0.0,0.0,SA1,SA1 — AR6 pathways; fixed NATO GDP share (s_NATO=0.5018),SSP2-4.5,SA1 — AR6 pathways; fixed NATO GDP share (s_NATO=0.5018) — SSP2-4.5 — MESSAGE-GLOBIOM 1.0 / SSP2-45 — S0: Baseline,SA1_AR6_fixed_split,SSP2-4.5,165.76272375337751,83.17973477944484,82.58298897393267,0.5018,0.3384711403768683,0.8182026991162393,56.105898140781484,AR6 World GDP level and trajectory (unrebased),Fixed original NATO GDP share = 0.5018,MESSAGE-GLOBIOM 1.0,SSP2-45,7.105427357601002e-15,56.10589814078149,0.0,0.0,,,,
2033,S0,Baseline,0.055,,,,,0.027,0.022985547972701727,2.3053232224197746,1.9484801639444522,4.253803386364227,0.7251561112405603,0.3194743706864008,3.08467152163781,53.00026523541328,56.08493675705109,0.055,,27.555267428015032,3.08467152163781,0.0,0.0,SA1,SA1 — AR6 pathways; fixed NATO GDP share (s_NATO=0.5018),SSP2-4.5,SA1 — AR6 pathways; fixed NATO GDP share (s_NATO=0.5018) — SSP2-4.5 — MESSAGE-GLOBIOM 1.0 / SSP2-45 — S0: Baseline,SA1_AR6_fixed_split,SSP2-4.5,170.15213545456908,85.38234157110277,84.7697938834663,0.5018,0.3296164142002547,0.7967977401895385,56.08493675705109,AR6 World GDP level and trajectory (unrebased),Fixed original NATO GDP share = 0.5018,MESSAGE-GLOBIOM 1.0,SSP2-45,0.0,56.08493675705109,0.0,0.0,,,,
2034,S0,Baseline,0.055,,,,,0.027,0.022985547972701727,2.366368386847533,2.0000760923745506,4.366444479222084,0.7061863179461751,0.31111704916509825,3.0835233492982477,52.98053754703354,56.06406089633179,0.054999999999999986,,30.63879077731328,3.0835233492982477,0.0,0.0,SA1,SA1 — AR6 pathways; fixed NATO GDP share (s_NATO=0.5018),SSP2-4.5,SA1 — AR6 pathways; fixed NATO GDP share (s_NATO=0.5018) — SSP2-4.5 — MESSAGE-GLOBIOM 1.0 / SSP2-45 — S0: Baseline,SA1_AR6_fixed_split,SSP2-4.5,174.65777916888334,87.64327358694567,87.01450558193767,0.5018,0.3209937808846251,0.7759538305892034,56.064060896331775,AR6 World GDP level and trajectory (unrebased),Fixed original NATO GDP share = 0.5018,MESSAGE-GLOBIOM 1.0,SSP2-45,1.4210854715202004e-14,56.06406089633179,0.0,0.0,,,,
2035,S0,Baseline,0.055,,,,,0.027,0.022985547972701727,2.429030032670945,2.053038285588774,4.482068318259719,0.6877137211119276,0.3029787722381221,3.082379881428271,52.96089068999486,56.043270571423136,0.05499999999999997,,33.72117065874155,3.082379881428271,0.0,0.0,SA1,SA1 — AR6 pathways; fixed NATO GDP share (s_NATO=0.5018),SSP2-4.5,SA1 — AR6 pathways; fixed NATO GDP share (s_NATO=0.5018) — SSP2-4.5 — MESSAGE-GLOBIOM 1.0 / SSP2-45 — S0: Baseline,SA1_AR6_fixed_split,SSP2-4.5,179.28273273038877,89.96407528410909,89.31865744627969,0.5018,0.3125971459599672,0.7556562378573702,56.04327057142313,AR6 World GDP level and trajectory (unrebased),Fixed original NATO GDP share = 0.5018,MESSAGE-GLOBIOM 1.0,SSP2-45,7.105427357601002e-15,56.043270571423136,0.0,0.0,,,,
2025,S1,"NATO→3.5%, nonNATO holds",0.055,,,,,0.027,0.022985547972701727,1.7930508017844657,1.515502852808012,3.308553654592478,0.9100880620821836,0.40094788749075233,3.0110751838029945,51.73574633988782,54.74682152369081,0.055,,3.0110751838029945,3.0110751838029945,0.0,0.0,SA1,SA1 — AR6 pathways; fixed NATO GDP share (s_NATO=0.5018),SSP2-4.5,SA1 — AR6 pathways; fixed NATO GDP share (s_NATO=0.5018) — SSP2-4.5 — MESSAGE-GLOBIOM 1.0 / SSP2-45 — S1: NATO 3.5%,SA1_AR6_fixed_split,SSP2-4.5,132.3421461836991,66.40928895498021,65.93285722871889,0.5018,0.41367639185553806,1.0,54.74682152369081,AR6 World GDP level and trajectory (unrebased),Fixed original NATO GDP share = 0.5018,MESSAGE-GLOBIOM 1.0,SSP2-45,0.0,54.74682152369081,0.0,0.0,,,,
2026,S1,"NATO→3.5%, nonNATO holds",0.055,,,,,0.02740877593256891,0.022985547972701727,1.8842390456773133,1.5688242238639107,3.4530632695412242,0.8836639841685245,0.3893065105078116,3.05134764634879,51.99009440198142,55.04144204833021,0.05543727658278819,,6.062422830151784,3.026515238572744,0.024832407776045784,0.024832407776045784,SA1,SA1 — AR6 pathways; fixed NATO GDP share (s_NATO=0.5018),SSP2-4.5,SA1 — AR6 pathways; fixed NATO GDP share (s_NATO=0.5018) — SSP2-4.5 — MESSAGE-GLOBIOM 1.0 / SSP2-45 — S1: NATO 3.5%,SA1_AR6_fixed_split,SSP2-4.5,136.9984651539472,68.74582981425071,68.25263533969648,0.5018,0.40166544734932935,0.9709653614693026,55.02754979223171,AR6 World GDP level and trajectory (unrebased),Fixed original NATO GDP share = 0.5018,MESSAGE-GLOBIOM 1.0,SSP2-45,0.013892256098500866,55.02754979223172,0.01389225609849376,0.01389225609849376,,,,
2027,S1,"NATO→3.5%, nonNATO holds",0.055,,,,,0.028005016140972137,0.022985547972701727,1.9929651948112828,1.62402165117798,3.6169868459892625,0.857981088680002,0.37799166843944154,3.1033063118631143,52.23906279778675,55.342369109649866,0.056074692171463277,,9.165729142014898,3.04194217370273,0.06136413816038422,0.08619654593643,SA1,SA1 — AR6 pathways; fixed NATO GDP share (s_NATO=0.5018),SSP2-4.5,SA1 — AR6 pathways; fixed NATO GDP share (s_NATO=0.5018) — SSP2-4.5 — MESSAGE-GLOBIOM 1.0 / SSP2-45 — S1: NATO 3.5%,SA1_AR6_fixed_split,SSP2-4.5,141.81861180100074,71.16457940174217,70.65403239925857,0.5018,0.3899914039454555,0.9427451303086358,55.308039521867826,AR6 World GDP level and trajectory (unrebased),Fixed original NATO GDP share = 0.5018,MESSAGE-GLOBIOM 1.0,SSP2-45,0.03432958778203954,55.308039521867826,0.03432958778203954,0.0482218438805333,,,,
2028,S1,"NATO→3.5%, nonNATO holds",0.055,,,,,0.028820930945768986,0.022985547972701727,2.1231927380904367,1.6811611418129375,3.804353879903374,0.8330196434049916,0.3669946680735278,3.169101512423505,52.48170417334286,55.650805685766365,0.056946192842524404,,12.334830654438404,3.057355988916948,0.11174552350655675,0.19794206944298676,SA1,SA1 — AR6 pathways; fixed NATO GDP share (s_NATO=0.5018),SSP2-4.5,SA1 — AR6 pathways; fixed NATO GDP share (s_NATO=0.5018) — SSP2-4.5 — MESSAGE-GLOBIOM 1.0 / SSP2-45 — S1: NATO 3.5%,SA1_AR6_fixed_split,SSP2-4.5,146.8083502290495,73.66843014493703,73.13992008411246,0.5018,0.3786452924568144,0.9153176248671279,55.58829070758088,AR6 World GDP level and trajectory (unrebased),Fixed original NATO GDP share = 0.5018,MESSAGE-GLOBIOM 1.0,SSP2-45,0.06251497818548302,55.58829070758088,0.06251497818548302,0.11073682206601632,,,,
2029,S1,"NATO→3.5%, nonNATO holds",0.055,,,,,0.029845109579542582,0.022985547972701727,2.275999285410151,1.7403110252204663,4.016310310630617,0.8087603972561511,0.35630702816180093,3.2482327223295937,52.718239053883664,55.96647177621326,0.0580389047091968,,15.583063376767997,3.072756685004812,0.17547603732478168,0.37341810676776843,SA1,SA1 — AR6 pathways; fixed NATO GDP share (s_NATO=0.5018),SSP2-4.5,SA1 — AR6 pathways; fixed NATO GDP share (s_NATO=0.5018) — SSP2-4.5 — MESSAGE-GLOBIOM 1.0 / SSP2-45 — S1: NATO 3.5%,SA1_AR6_fixed_split,SSP2-4.5,151.97364734621675,76.26037623833157,75.71327110788518,0.5018,0.3676183623891596,0.8886616921507511,55.868303363723854,AR6 World GDP level and trajectory (unrebased),Fixed original NATO GDP share = 0.5018,MESSAGE-GLOBIOM 1.0,SSP2-45,0.09816841248940733,55.86830336372386,0.09816841248940023,0.20890523455541654,,,,
2030,S1,"NATO→3.5%, nonNATO holds",0.055,,,,,0.030999999999995285,0.022985547972701727,2.4472490339436255,1.8015420349519986,4.248791068895624,0.7851845698105682,0.345920474811649,3.3360851876457946,52.95070049936358,56.28678568700937,0.05926942082279432,,18.919148564413792,3.088144261202649,0.24794092644314558,0.621359033210914,SA1,SA1 — AR6 pathways; fixed NATO GDP share (s_NATO=0.5018),SSP2-4.5,SA1 — AR6 pathways; fixed NATO GDP share (s_NATO=0.5018) — SSP2-4.5 — MESSAGE-GLOBIOM 1.0 / SSP2-45 — S1: NATO 3.5%,SA1_AR6_fixed_split,SSP2-4.5,157.32067999999987,78.94351722399993,78.37716277599993,0.5018,0.356902077186622,0.8627566963290897,56.14807747641181,AR6 World GDP level and trajectory (unrebased),Fixed original NATO GDP share = 0.5018,MESSAGE-GLOBIOM 1.0,SSP2-45,0.13870821059756366,56.14807747641181,0.13870821059756366,0.3476134451529802,,,,
2031,S1,"NATO→3.5%, nonNATO holds",0.055,,,,,0.03215489042044799,0.022985547972701727,2.605637737478228,1.8492470286282119,4.45488476610644,0.7646412808910803,0.33686993493802847,3.406388793777789,52.89924537845479,56.30563417223258,0.0604981871504729,,22.325537358191582,3.0869819774313627,0.3194068163464263,0.9407658495573403,SA1,SA1 — AR6 pathways; fixed NATO GDP share (s_NATO=0.5018),SSP2-4.5,SA1 — AR6 pathways; fixed NATO GDP share (s_NATO=0.5018) — SSP2-4.5 — MESSAGE-GLOBIOM 1.0 / SSP2-45 — S1: NATO 3.5%,SA1_AR6_fixed_split,SSP2-4.5,161.48654563007247,81.03394859717037,80.4525970329021,0.5018,0.3475642185868547,0.8401838379702106,56.12694504420659,AR6 World GDP level and trajectory (unrebased),Fixed original NATO GDP share = 0.5018,MESSAGE-GLOBIOM 1.0,SSP2-45,0.17868912802598658,56.12694504420661,0.17868912802597237,0.5263025731789526,,,,
2032,S1,"NATO→3.5%, nonNATO holds",0.055,,,,,0.033179069054221584,0.022985547972701727,2.7598261641590374,1.898215254789427,4.658041418948464,0.7446365088291103,0.3280566437498878,3.4685477001871794,52.851461379024634,56.320009079211815,0.061586419407511236,,25.794085058378762,3.0858243977429813,0.38272330244419805,1.3234891520015384,SA1,SA1 — AR6 pathways; fixed NATO GDP share (s_NATO=0.5018),SSP2-4.5,SA1 — AR6 pathways; fixed NATO GDP share (s_NATO=0.5018) — SSP2-4.5 — MESSAGE-GLOBIOM 1.0 / SSP2-45 — S1: NATO 3.5%,SA1_AR6_fixed_split,SSP2-4.5,165.76272375337751,83.17973477944484,82.58298897393267,0.5018,0.3384711403768683,0.8182026991162393,56.105898140781484,AR6 World GDP level and trajectory (unrebased),Fixed original NATO GDP share = 0.5018,MESSAGE-GLOBIOM 1.0,SSP2-45,0.21411093843033058,56.10589814078149,0.21411093843032347,0.740413511609276,,,,
2033,S1,"NATO→3.5%, nonNATO holds",0.055,,,,,0.03399498385901843,0.022985547972701727,2.902571323554837,1.9484801639444522,4.851051487499289,0.7251561112405603,0.3194743706864008,3.51776963210272,52.809459774159514,56.327229406262234,0.062452381719872566,,29.311854690481482,3.08467152163781,0.43309811046490987,1.7565872624664483,SA1,SA1 — AR6 pathways; fixed NATO GDP share (s_NATO=0.5018),SSP2-4.5,SA1 — AR6 pathways; fixed NATO GDP share (s_NATO=0.5018) — SSP2-4.5 — MESSAGE-GLOBIOM 1.0 / SSP2-45 — S1: NATO 3.5%,SA1_AR6_fixed_split,SSP2-4.5,170.15213545456908,85.38234157110277,84.7697938834663,0.5018,0.3296164142002547,0.7967977401895385,56.08493675705109,AR6 World GDP level and trajectory (unrebased),Fixed original NATO GDP share = 0.5018,MESSAGE-GLOBIOM 1.0,SSP2-45,0.24229264921114435,56.08493675705109,0.24229264921114435,0.9827061608204204,,,,
2034,S1,"NATO→3.5%, nonNATO holds",0.055,,,,,0.034591224067421655,0.022985547972701727,3.0316881146483756,2.0000760923745506,5.031764207022926,0.7061863179461751,0.31111704916509825,3.553363038130876,52.77354523656882,56.3269082746997,0.06308464545580139,,32.86521772861236,3.0835233492982477,0.46983968883262817,2.2264269512990764,SA1,SA1 — AR6 pathways; fixed NATO GDP share (s_NATO=0.5018),SSP2-4.5,SA1 — AR6 pathways; fixed NATO GDP share (s_NATO=0.5018) — SSP2-4.5 — MESSAGE-GLOBIOM 1.0 / SSP2-45 — S1: NATO 3.5%,SA1_AR6_fixed_split,SSP2-4.5,174.65777916888334,87.64327358694567,87.01450558193767,0.5018,0.3209937808846251,0.7759538305892034,56.064060896331775,AR6 World GDP level and trajectory (unrebased),Fixed original NATO GDP share = 0.5018,MESSAGE-GLOBIOM 1.0,SSP2-45,0.2628473783679226,56.06406089633179,0.2628473783679084,1.2455535391883288,,,,
2035,S1,"NATO→3.5%, nonNATO holds",0.055,,,,,0.03499999999999057,0.022985547972701727,3.14874263494297,2.053038285588774,5.2017809205317445,0.6877137211119276,0.3029787722381221,3.5773361132679145,52.74283304939418,56.32016916266209,0.06351785100176045,,36.44255384188027,3.082379881428271,0.49495623183964366,2.72138318313872,SA1,SA1 — AR6 pathways; fixed NATO GDP share (s_NATO=0.5018),SSP2-4.5,SA1 — AR6 pathways; fixed NATO GDP share (s_NATO=0.5018) — SSP2-4.5 — MESSAGE-GLOBIOM 1.0 / SSP2-45 — S1: NATO 3.5%,SA1_AR6_fixed_split,SSP2-4.5,179.28273273038877,89.96407528410909,89.31865744627969,0.5018,0.3125971459599672,0.7556562378573702,56.04327057142313,AR6 World GDP level and trajectory (unrebased),Fixed original NATO GDP share = 0.5018,MESSAGE-GLOBIOM 1.0,SSP2-45,0.276898591238961,56.043270571423136,0.2768985912389539,1.5224521304272827,,,,
2025,S2,"NATO→3.5%, nonNATO→3.5%",0.055,,,,,0.027,0.022985547972701727,1.7930508017844657,1.515502852808012,3.308553654592478,0.9100880620821836,0.40094788749075233,3.0110751838029945,51.73574633988782,54.74682152369081,0.055,,3.0110751838029945,3.0110751838029945,0.0,0.0,SA1,SA1 — AR6 pathways; fixed NATO GDP share (s_NATO=0.5018),SSP2-4.5,SA1 — AR6 pathways; fixed NATO GDP share (s_NATO=0.5018) — SSP2-4.5 — MESSAGE-GLOBIOM 1.0 / SSP2-45 — S2: NATO/non-NATO 3.5%,SA1_AR6_fixed_split,SSP2-4.5,132.3421461836991,66.40928895498021,65.93285722871889,0.5018,0.41367639185553806,1.0,54.74682152369081,AR6 World GDP level and trajectory (unrebased),Fixed original NATO GDP share = 0.5018,MESSAGE-GLOBIOM 1.0,SSP2-45,0.0,54.74682152369081,0.0,0.0,,,,
2026,S2,"NATO→3.5%, nonNATO→3.5%",0.055,,,,,0.02740877593256891,0.023599450326672138,1.8842390456773133,1.6107246773636346,3.494963723040948,0.8836639841685245,0.3893065105078116,3.0883735680268236,51.97378228264075,55.06215585066757,0.05608886031274746,,6.099448751829819,3.026515238572744,0.06185832945407954,0.06185832945407954,SA1,SA1 — AR6 pathways; fixed NATO GDP share (s_NATO=0.5018),SSP2-4.5,SA1 — AR6 pathways; fixed NATO GDP share (s_NATO=0.5018) — SSP2-4.5 — MESSAGE-GLOBIOM 1.0 / SSP2-45 — S2: NATO/non-NATO 3.5%,SA1_AR6_fixed_split,SSP2-4.5,136.9984651539472,68.74582981425071,68.25263533969648,0.5018,0.40166544734932935,0.9709653614693026,55.02754979223171,AR6 World GDP level and trajectory (unrebased),Fixed original NATO GDP share = 0.5018,MESSAGE-GLOBIOM 1.0,SSP2-45,0.03460605843586251,55.02754979223172,0.0346060584358554,0.0346060584358554,,,,
2027,S2,"NATO→3.5%, nonNATO→3.5%",0.055,,,,,0.028005016140972137,0.024494887749248,1.9929651948112828,1.73066259265157,3.7236277874628527,0.857981088680002,0.37799166843944154,3.1948022229264854,52.1987534103952,55.39355563332168,0.05767461912130208,,9.294250974756304,3.04194217370273,0.1528600492237553,0.21471837867783483,SA1,SA1 — AR6 pathways; fixed NATO GDP share (s_NATO=0.5018),SSP2-4.5,SA1 — AR6 pathways; fixed NATO GDP share (s_NATO=0.5018) — SSP2-4.5 — MESSAGE-GLOBIOM 1.0 / SSP2-45 — S2: NATO/non-NATO 3.5%,SA1_AR6_fixed_split,SSP2-4.5,141.81861180100074,71.16457940174217,70.65403239925857,0.5018,0.3899914039454555,0.9427451303086358,55.308039521867826,AR6 World GDP level and trajectory (unrebased),Fixed original NATO GDP share = 0.5018,MESSAGE-GLOBIOM 1.0,SSP2-45,0.08551611145385607,55.308039521867826,0.08551611145385607,0.12012216988971147,,,,
2028,S2,"NATO→3.5%, nonNATO→3.5%",0.055,,,,,0.028820930945768986,0.025720233909322272,2.1231927380904367,1.8811758526725104,4.004368590762947,0.8330196434049916,0.3669946680735278,3.335717695539499,52.40829984092114,55.74401753646064,0.059839922613358416,,12.629968670295803,3.057355988916948,0.278361706622551,0.49308008530038583,SA1,SA1 — AR6 pathways; fixed NATO GDP share (s_NATO=0.5018),SSP2-4.5,SA1 — AR6 pathways; fixed NATO GDP share (s_NATO=0.5018) — SSP2-4.5 — MESSAGE-GLOBIOM 1.0 / SSP2-45 — S2: NATO/non-NATO 3.5%,SA1_AR6_fixed_split,SSP2-4.5,146.8083502290495,73.66843014493703,73.13992008411246,0.5018,0.3786452924568144,0.9153176248671279,55.58829070758088,AR6 World GDP level and trajectory (unrebased),Fixed original NATO GDP share = 0.5018,MESSAGE-GLOBIOM 1.0,SSP2-45,0.1557268288797573,55.58829070758088,0.1557268288797573,0.2758489987694688,,,,
2029,S2,"NATO→3.5%, nonNATO→3.5%",0.055,,,,,0.029845109579542582,0.027258352042179364,2.275999285410151,2.063818998123702,4.3398182835338535,0.8087603972561511,0.35630702816180093,3.5098731590103474,52.60297088947186,56.11284404848221,0.06255026310870596,,16.13984182930615,3.072756685004812,0.4371164740055353,0.9301965593059212,SA1,SA1 — AR6 pathways; fixed NATO GDP share (s_NATO=0.5018),SSP2-4.5,SA1 — AR6 pathways; fixed NATO GDP share (s_NATO=0.5018) — SSP2-4.5 — MESSAGE-GLOBIOM 1.0 / SSP2-45 — S2: NATO/non-NATO 3.5%,SA1_AR6_fixed_split,SSP2-4.5,151.97364734621675,76.26037623833157,75.71327110788518,0.5018,0.3676183623891596,0.8886616921507511,55.868303363723854,AR6 World GDP level and trajectory (unrebased),Fixed original NATO GDP share = 0.5018,MESSAGE-GLOBIOM 1.0,SSP2-45,0.24454068475835555,55.86830336372386,0.24454068475834845,0.5203896835278172,,,,
2030,S2,"NATO→3.5%, nonNATO→3.5%",0.055,,,,,0.030999999999995285,0.028992773986343784,2.4472490339436255,2.2723713660554434,4.719620399999069,0.7851845698105682,0.345920474811649,3.7057731134424508,52.787830993593026,56.49360410703548,0.06559633027521693,,19.8456149427486,3.088144261202649,0.6176288522398017,1.5478254115457228,SA1,SA1 — AR6 pathways; fixed NATO GDP share (s_NATO=0.5018),SSP2-4.5,SA1 — AR6 pathways; fixed NATO GDP share (s_NATO=0.5018) — SSP2-4.5 — MESSAGE-GLOBIOM 1.0 / SSP2-45 — S2: NATO/non-NATO 3.5%,SA1_AR6_fixed_split,SSP2-4.5,157.32067999999987,78.94351722399993,78.37716277599993,0.5018,0.356902077186622,0.8627566963290897,56.14807747641181,AR6 World GDP level and trajectory (unrebased),Fixed original NATO GDP share = 0.5018,MESSAGE-GLOBIOM 1.0,SSP2-45,0.3455266306236737,56.14807747641181,0.3455266306236737,0.865916314151491,,,,
2031,S2,"NATO→3.5%, nonNATO→3.5%",0.055,,,,,0.03215489042044799,0.0307271959305082,2.605637737478228,2.4720827121482056,5.077720449626433,0.7646412808910803,0.33686993493802847,3.882634668609188,52.68943076227033,56.57206543087951,0.06863165838187474,,23.72824961135779,3.0869819774313627,0.7956526911778252,2.343478102723548,SA1,SA1 — AR6 pathways; fixed NATO GDP share (s_NATO=0.5018),SSP2-4.5,SA1 — AR6 pathways; fixed NATO GDP share (s_NATO=0.5018) — SSP2-4.5 — MESSAGE-GLOBIOM 1.0 / SSP2-45 — S2: NATO/non-NATO 3.5%,SA1_AR6_fixed_split,SSP2-4.5,161.48654563007247,81.03394859717037,80.4525970329021,0.5018,0.3475642185868547,0.8401838379702106,56.12694504420659,AR6 World GDP level and trajectory (unrebased),Fixed original NATO GDP share = 0.5018,MESSAGE-GLOBIOM 1.0,SSP2-45,0.44512038667291876,56.12694504420661,0.44512038667290454,1.3110367008243955,,,,
2032,S2,"NATO→3.5%, nonNATO→3.5%",0.055,,,,,0.033179069054221584,0.032265314063365295,2.7598261641590374,2.664566075535371,5.424392239694408,0.7446365088291103,0.3280566437498878,4.039200499885762,52.600054900835744,56.63925540072151,0.07131450566057951,,27.76745011124355,3.0858243977429813,0.9533761021427809,3.296854204866329,SA1,SA1 — AR6 pathways; fixed NATO GDP share (s_NATO=0.5018),SSP2-4.5,SA1 — AR6 pathways; fixed NATO GDP share (s_NATO=0.5018) — SSP2-4.5 — MESSAGE-GLOBIOM 1.0 / SSP2-45 — S2: NATO/non-NATO 3.5%,SA1_AR6_fixed_split,SSP2-4.5,165.76272375337751,83.17973477944484,82.58298897393267,0.5018,0.3384711403768683,0.8182026991162393,56.105898140781484,AR6 World GDP level and trajectory (unrebased),Fixed original NATO GDP share = 0.5018,MESSAGE-GLOBIOM 1.0,SSP2-45,0.5333572599400256,56.10589814078149,0.5333572599400185,1.844393960764414,,,,
2033,S2,"NATO→3.5%, nonNATO→3.5%",0.055,,,,,0.03399498385901843,0.033490660223439564,2.902571323554837,2.8389963641621754,5.741567687717012,0.7251561112405603,0.3194743706864008,4.163532896849325,52.524962671508916,56.68849556835824,0.07344581744683447,,31.930983008092877,3.08467152163781,1.0788613752115146,4.375715580077843,SA1,SA1 — AR6 pathways; fixed NATO GDP share (s_NATO=0.5018),SSP2-4.5,SA1 — AR6 pathways; fixed NATO GDP share (s_NATO=0.5018) — SSP2-4.5 — MESSAGE-GLOBIOM 1.0 / SSP2-45 — S2: NATO/non-NATO 3.5%,SA1_AR6_fixed_split,SSP2-4.5,170.15213545456908,85.38234157110277,84.7697938834663,0.5018,0.3296164142002547,0.7967977401895385,56.08493675705109,AR6 World GDP level and trajectory (unrebased),Fixed original NATO GDP share = 0.5018,MESSAGE-GLOBIOM 1.0,SSP2-45,0.6035588113071526,56.08493675705109,0.6035588113071526,2.4479527720715666,,,,
2034,S2,"NATO→3.5%, nonNATO→3.5%",0.055,,,,,0.034591224067421655,0.034386097646015426,3.0316881146483756,2.992089285560263,6.023777400208639,0.7061863179461751,0.31111704916509825,4.253909182380722,52.46491301917203,56.718822201552754,0.07499995622730449,,36.1848921904736,3.0835233492982477,1.1703858330824746,5.546101413160319,SA1,SA1 — AR6 pathways; fixed NATO GDP share (s_NATO=0.5018),SSP2-4.5,SA1 — AR6 pathways; fixed NATO GDP share (s_NATO=0.5018) — SSP2-4.5 — MESSAGE-GLOBIOM 1.0 / SSP2-45 — S2: NATO/non-NATO 3.5%,SA1_AR6_fixed_split,SSP2-4.5,174.65777916888334,87.64327358694567,87.01450558193767,0.5018,0.3209937808846251,0.7759538305892034,56.064060896331775,AR6 World GDP level and trajectory (unrebased),Fixed original NATO GDP share = 0.5018,MESSAGE-GLOBIOM 1.0,SSP2-45,0.6547613052209798,56.06406089633179,0.6547613052209655,3.102714077292532,,,,
2035,S2,"NATO→3.5%, nonNATO→3.5%",0.055,,,,,0.03499999999999057,0.03499999999998584,3.14874263494297,3.1261530106185242,6.274895645561495,0.6877137211119276,0.3029787722381221,4.315331833998127,52.417702067534016,56.733033901532146,0.07606382978720949,,40.50022402447173,3.082379881428271,1.2329519525698562,6.779053365730174,SA1,SA1 — AR6 pathways; fixed NATO GDP share (s_NATO=0.5018),SSP2-4.5,SA1 — AR6 pathways; fixed NATO GDP share (s_NATO=0.5018) — SSP2-4.5 — MESSAGE-GLOBIOM 1.0 / SSP2-45 — S2: NATO/non-NATO 3.5%,SA1_AR6_fixed_split,SSP2-4.5,179.28273273038877,89.96407528410909,89.31865744627969,0.5018,0.3125971459599672,0.7556562378573702,56.04327057142313,AR6 World GDP level and trajectory (unrebased),Fixed original NATO GDP share = 0.5018,MESSAGE-GLOBIOM 1.0,SSP2-45,0.6897633301090167,56.043270571423136,0.6897633301090096,3.7924774074015417,,,,
2025,S3,"NATO→5%, nonNATO→3.5%",0.055,,,,,0.027,0.022985547972701727,1.7930508017844657,1.515502852808012,3.308553654592478,0.9100880620821836,0.40094788749075233,3.0110751838029945,51.73574633988782,54.74682152369081,0.055,,3.0110751838029945,3.0110751838029945,0.0,0.0,SA1,SA1 — AR6 pathways; fixed NATO GDP share (s_NATO=0.5018),SSP2-4.5,SA1 — AR6 pathways; fixed NATO GDP share (s_NATO=0.5018) — SSP2-4.5 — MESSAGE-GLOBIOM 1.0 / SSP2-45 — S3: NATO 5%; non-NATO 3.5%,SA1_AR6_fixed_split,SSP2-4.5,132.3421461836991,66.40928895498021,65.93285722871889,0.5018,0.41367639185553806,1.0,54.74682152369081,AR6 World GDP level and trajectory (unrebased),Fixed original NATO GDP share = 0.5018,MESSAGE-GLOBIOM 1.0,SSP2-45,0.0,54.74682152369081,0.0,0.0,,,,
2026,S3,"NATO→5%, nonNATO→3.5%",0.055,,,,,0.02817523080613562,0.023599450326672138,1.9369296219758332,1.6107246773636346,3.5476542993394675,0.8836639841685245,0.3893065105078116,3.1349343326069095,51.95326949824533,55.08820383085224,0.056907543078236734,,6.1460095164099044,3.026515238572744,0.10841909403416539,0.10841909403416539,SA1,SA1 — AR6 pathways; fixed NATO GDP share (s_NATO=0.5018),SSP2-4.5,SA1 — AR6 pathways; fixed NATO GDP share (s_NATO=0.5018) — SSP2-4.5 — MESSAGE-GLOBIOM 1.0 / SSP2-45 — S3: NATO 5%; non-NATO 3.5%,SA1_AR6_fixed_split,SSP2-4.5,136.9984651539472,68.74582981425071,68.25263533969648,0.5018,0.40166544734932935,0.9709653614693026,55.02754979223171,AR6 World GDP level and trajectory (unrebased),Fixed original NATO GDP share = 0.5018,MESSAGE-GLOBIOM 1.0,SSP2-45,0.06065403862052676,55.02754979223172,0.06065403862051966,0.06065403862051966,,,,
2027,S3,"NATO→5%, nonNATO→3.5%",0.055,,,,,0.029889421405294894,0.024494887749248,2.1270681028692406,1.73066259265157,3.857730695520811,0.857981088680002,0.37799166843944154,3.3098599819772065,52.148063628435786,55.45792361041299,0.05968236397072275,,9.455869498387111,3.04194217370273,0.2679178082744764,0.3763369023086418,SA1,SA1 — AR6 pathways; fixed NATO GDP share (s_NATO=0.5018),SSP2-4.5,SA1 — AR6 pathways; fixed NATO GDP share (s_NATO=0.5018) — SSP2-4.5 — MESSAGE-GLOBIOM 1.0 / SSP2-45 — S3: NATO 5%; non-NATO 3.5%,SA1_AR6_fixed_split,SSP2-4.5,141.81861180100074,71.16457940174217,70.65403239925857,0.5018,0.3899914039454555,0.9427451303086358,55.308039521867826,AR6 World GDP level and trajectory (unrebased),Fixed original NATO GDP share = 0.5018,MESSAGE-GLOBIOM 1.0,SSP2-45,0.14988408854516422,55.308039521867826,0.14988408854516422,0.21053812716568387,,,,
2028,S3,"NATO→5%, nonNATO→3.5%",0.055,,,,,0.03223517646908584,0.025720233909322272,2.374714845922568,1.8811758526725104,4.255890698595079,0.8330196434049916,0.3669946680735278,3.5452405521142927,52.31599256844413,55.861233120558424,0.06346513233001921,,13.001110050501403,3.057355988916948,0.4878845631973445,0.8642214655059863,SA1,SA1 — AR6 pathways; fixed NATO GDP share (s_NATO=0.5018),SSP2-4.5,SA1 — AR6 pathways; fixed NATO GDP share (s_NATO=0.5018) — SSP2-4.5 — MESSAGE-GLOBIOM 1.0 / SSP2-45 — S3: NATO 5%; non-NATO 3.5%,SA1_AR6_fixed_split,SSP2-4.5,146.8083502290495,73.66843014493703,73.13992008411246,0.5018,0.3786452924568144,0.9153176248671279,55.58829070758088,AR6 World GDP level and trajectory (unrebased),Fixed original NATO GDP share = 0.5018,MESSAGE-GLOBIOM 1.0,SSP2-45,0.2729424129775424,55.58829070758088,0.2729424129775424,0.4834805401432263,,,,
2029,S3,"NATO→5%, nonNATO→3.5%",0.055,,,,,0.03517969004118492,0.027258352042179364,2.6828163984886486,2.063818998123702,4.7466353966123505,0.8087603972561511,0.35630702816180093,3.838890728994313,52.458019092905495,56.29690982189981,0.06819007901390998,,16.840000779495718,3.072756685004812,0.766134043989501,1.6303555094954874,SA1,SA1 — AR6 pathways; fixed NATO GDP share (s_NATO=0.5018),SSP2-4.5,SA1 — AR6 pathways; fixed NATO GDP share (s_NATO=0.5018) — SSP2-4.5 — MESSAGE-GLOBIOM 1.0 / SSP2-45 — S3: NATO 5%; non-NATO 3.5%,SA1_AR6_fixed_split,SSP2-4.5,151.97364734621675,76.26037623833157,75.71327110788518,0.5018,0.3676183623891596,0.8886616921507511,55.868303363723854,AR6 World GDP level and trajectory (unrebased),Fixed original NATO GDP share = 0.5018,MESSAGE-GLOBIOM 1.0,SSP2-45,0.4286064581759561,55.86830336372386,0.428606458175949,0.9120869983191753,,,,
2030,S3,"NATO→5%, nonNATO→3.5%",0.055,,,,,0.03849999999998644,0.028992773986343784,3.039325413122927,2.2723713660554434,5.31169677917837,0.7851845698105682,0.345920474811649,4.170662350523349,52.583019651382564,56.753682001905915,0.07348707966442228,,21.010663130019065,3.088144261202649,1.0825180893207,2.7128735988161874,SA1,SA1 — AR6 pathways; fixed NATO GDP share (s_NATO=0.5018),SSP2-4.5,SA1 — AR6 pathways; fixed NATO GDP share (s_NATO=0.5018) — SSP2-4.5 — MESSAGE-GLOBIOM 1.0 / SSP2-45 — S3: NATO 5%; non-NATO 3.5%,SA1_AR6_fixed_split,SSP2-4.5,157.32067999999987,78.94351722399993,78.37716277599993,0.5018,0.356902077186622,0.8627566963290897,56.14807747641181,AR6 World GDP level and trajectory (unrebased),Fixed original NATO GDP share = 0.5018,MESSAGE-GLOBIOM 1.0,SSP2-45,0.6056045254941083,56.14807747641181,0.6056045254941083,1.5176915238132835,,,,
2031,S3,"NATO→5%, nonNATO→3.5%",0.055,,,,,0.041820309958787966,0.0307271959305082,3.388864847518156,2.4720827121482056,5.860947559666362,0.7646412808910803,0.33686993493802847,4.481522449258738,52.42558509666948,56.90710754592822,0.07875154163549465,,25.492185579277802,3.0869819774313627,1.394540471827375,4.1074140706435625,SA1,SA1 — AR6 pathways; fixed NATO GDP share (s_NATO=0.5018),SSP2-4.5,SA1 — AR6 pathways; fixed NATO GDP share (s_NATO=0.5018) — SSP2-4.5 — MESSAGE-GLOBIOM 1.0 / SSP2-45 — S3: NATO 5%; non-NATO 3.5%,SA1_AR6_fixed_split,SSP2-4.5,161.48654563007247,81.03394859717037,80.4525970329021,0.5018,0.3475642185868547,0.8401838379702106,56.12694504420659,AR6 World GDP level and trajectory (unrebased),Fixed original NATO GDP share = 0.5018,MESSAGE-GLOBIOM 1.0,SSP2-45,0.7801625017216267,56.12694504420661,0.7801625017216125,2.297854025534896,,,,
2032,S3,"NATO→5%, nonNATO→3.5%",0.055,,,,,0.04476482353088705,0.032265314063365295,3.7235261487478364,2.664566075535371,6.388092224283207,0.7446365088291103,0.3280566437498878,4.756806691968634,52.28390671830972,57.04071341027836,0.08339318370291436,,30.248992271246436,3.0858243977429813,1.6709822942256523,5.778396364869215,SA1,SA1 — AR6 pathways; fixed NATO GDP share (s_NATO=0.5018),SSP2-4.5,SA1 — AR6 pathways; fixed NATO GDP share (s_NATO=0.5018) — SSP2-4.5 — MESSAGE-GLOBIOM 1.0 / SSP2-45 — S3: NATO 5%; non-NATO 3.5%,SA1_AR6_fixed_split,SSP2-4.5,165.76272375337751,83.17973477944484,82.58298897393267,0.5018,0.3384711403768683,0.8182026991162393,56.105898140781484,AR6 World GDP level and trajectory (unrebased),Fixed original NATO GDP share = 0.5018,MESSAGE-GLOBIOM 1.0,SSP2-45,0.9348152694968732,56.10589814078149,0.9348152694968661,3.232669295031762,,,,
2033,S3,"NATO→5%, nonNATO→3.5%",0.055,,,,,0.04711057859467799,0.033490660223439564,4.022411513183079,2.8389963641621754,6.861407877345254,0.7251561112405603,0.3194743706864008,4.975591853971032,52.16720243165809,57.14279428562912,0.08707295322487138,,35.22458412521747,3.08467152163781,1.8909203323332222,7.6693166972024365,SA1,SA1 — AR6 pathways; fixed NATO GDP share (s_NATO=0.5018),SSP2-4.5,SA1 — AR6 pathways; fixed NATO GDP share (s_NATO=0.5018) — SSP2-4.5 — MESSAGE-GLOBIOM 1.0 / SSP2-45 — S3: NATO 5%; non-NATO 3.5%,SA1_AR6_fixed_split,SSP2-4.5,170.15213545456908,85.38234157110277,84.7697938834663,0.5018,0.3296164142002547,0.7967977401895385,56.08493675705109,AR6 World GDP level and trajectory (unrebased),Fixed original NATO GDP share = 0.5018,MESSAGE-GLOBIOM 1.0,SSP2-45,1.0578575285780332,56.08493675705109,1.0578575285780332,4.290526823609795,,,,
2034,S3,"NATO→5%, nonNATO→3.5%",0.055,,,,,0.04882476919383726,0.034386097646015426,4.279162604274956,2.992089285560263,7.271251889835218,0.7061863179461751,0.31111704916509825,5.1348585989419,52.076802437050674,57.21166103599258,0.08975195800925087,,40.359442724159365,3.0835233492982477,2.0513352496436523,9.72065194684609,SA1,SA1 — AR6 pathways; fixed NATO GDP share (s_NATO=0.5018),SSP2-4.5,SA1 — AR6 pathways; fixed NATO GDP share (s_NATO=0.5018) — SSP2-4.5 — MESSAGE-GLOBIOM 1.0 / SSP2-45 — S3: NATO 5%; non-NATO 3.5%,SA1_AR6_fixed_split,SSP2-4.5,174.65777916888334,87.64327358694567,87.01450558193767,0.5018,0.3209937808846251,0.7759538305892034,56.064060896331775,AR6 World GDP level and trajectory (unrebased),Fixed original NATO GDP share = 0.5018,MESSAGE-GLOBIOM 1.0,SSP2-45,1.1476001396608027,56.06406089633179,1.1476001396607884,5.438126963270584,,,,
2035,S3,"NATO→5%, nonNATO→3.5%",0.055,,,,,0.049999999999972886,0.03499999999998584,4.498203764203015,3.1261530106185242,7.624356774821539,0.6877137211119276,0.3029787722381221,5.243374768697456,52.00884399140774,57.252218760105194,0.09158378281666131,,45.60281749285682,3.082379881428271,2.1609948872691853,11.881646834115275,SA1,SA1 — AR6 pathways; fixed NATO GDP share (s_NATO=0.5018),SSP2-4.5,SA1 — AR6 pathways; fixed NATO GDP share (s_NATO=0.5018) — SSP2-4.5 — MESSAGE-GLOBIOM 1.0 / SSP2-45 — S3: NATO 5%; non-NATO 3.5%,SA1_AR6_fixed_split,SSP2-4.5,179.28273273038877,89.96407528410909,89.31865744627969,0.5018,0.3125971459599672,0.7556562378573702,56.04327057142313,AR6 World GDP level and trajectory (unrebased),Fixed original NATO GDP share = 0.5018,MESSAGE-GLOBIOM 1.0,SSP2-45,1.208948188682065,56.043270571423136,1.208948188682058,6.647075151952642,,,,
2025,S0,Baseline,0.055,,,,,0.027,0.022985547972701727,1.7826392723354743,1.5067029333822277,3.289342205717702,1.1017398414242405,0.4853818881799102,3.6239993601174825,62.26689809656402,65.8908974566815,0.055,,3.6239993601174825,3.6239993601174825,0.0,0.0,SA1,SA1 — AR6 pathways; fixed NATO GDP share (s_NATO=0.5018),SSP3-7.0,SA1 — AR6 pathways; fixed NATO GDP share (s_NATO=0.5018) — SSP3-7.0 — MIGRATION 1.0 / SSP3-7.0_zeromig — S0: Baseline,SA1_AR6_fixed_split,SSP3-7.0,131.57368822870808,66.02367675316572,65.55001147554236,0.5018,0.5007908370110185,1.0,65.8908974566815,AR6 World GDP level and trajectory (unrebased),Fixed original NATO GDP share = 0.5018,MIGRATION 1.0,SSP3-7.0_zeromig,0.0,65.8908974566815,0.0,0.0,,,,
2026,S0,Baseline,0.055,,,,,0.027,0.022985547972701727,1.8276274859138404,1.544727380850697,3.372354866764537,1.0922086149803605,0.481182816389949,3.6833150382511732,63.28604929358834,66.96936433183951,0.055,,7.307314398368655,3.6833150382511732,0.0,0.0,SA1,SA1 — AR6 pathways; fixed NATO GDP share (s_NATO=0.5018),SSP3-7.0,SA1 — AR6 pathways; fixed NATO GDP share (s_NATO=0.5018) — SSP3-7.0 — MIGRATION 1.0 / SSP3-7.0_zeromig — S0: Baseline,SA1_AR6_fixed_split,SSP3-7.0,134.8941946705815,67.6899068856978,67.2042877848837,0.5018,0.4964584613547093,0.9913489318571261,66.96936433183951,AR6 World GDP level and trajectory (unrebased),Fixed original NATO GDP share = 0.5018,MIGRATION 1.0,SSP3-7.0_zeromig,0.0,66.96936433183951,0.0,0.0,,,,
2027,S0,Baseline,0.055,,,,,0.027,0.022985547972701727,1.8737510606347445,1.5837114458875985,3.4574625065223428,1.0827404333566648,0.4770115195906985,3.743534452626422,64.32072832239943,68.06426277502585,0.055,,11.050848850995077,3.743534452626422,0.0,0.0,SA1,SA1 — AR6 pathways; fixed NATO GDP share (s_NATO=0.5018),SSP3-7.0,SA1 — AR6 pathways; fixed NATO GDP share (s_NATO=0.5018) — SSP3-7.0 — MIGRATION 1.0 / SSP3-7.0_zeromig — S0: Baseline,SA1_AR6_fixed_split,SSP3-7.0,138.29850026089372,69.39818743091647,68.90031282997725,0.5018,0.49215474243484764,0.9827550866790704,68.06426277502585,AR6 World GDP level and trajectory (unrebased),Fixed original NATO GDP share = 0.5018,MIGRATION 1.0,SSP3-7.0_zeromig,0.0,68.06426277502585,0.0,0.0,,,,
2028,S0,Baseline,0.055,,,,,0.027,0.022985547972701727,1.9210386494457368,1.6236793462249166,3.5447179956706534,1.0727564423047062,0.47261297807829716,3.802619066009119,65.33590940688396,69.13852847289307,0.055,,14.853467917004197,3.802619066009119,0.0,0.0,SA1,SA1 — AR6 pathways; fixed NATO GDP share (s_NATO=0.5018),SSP3-7.0,SA1 — AR6 pathways; fixed NATO GDP share (s_NATO=0.5018) — SSP3-7.0 — MIGRATION 1.0 / SSP3-7.0_zeromig — S0: Baseline,SA1_AR6_fixed_split,SSP3-7.0,141.78871982682614,71.14957960910137,70.63914021772477,0.5018,0.4876165646839574,0.9736930643426066,69.13852847289309,AR6 World GDP level and trajectory (unrebased),Fixed original NATO GDP share = 0.5018,MIGRATION 1.0,SSP3-7.0_zeromig,-1.4210854715202004e-14,69.13852847289307,0.0,0.0,,,,
2029,S0,Baseline,0.055,,,,,0.027,0.022985547972701727,1.9695196284047243,1.6646559107740913,3.6341755391788153,1.062059045927474,0.4679001391149011,3.8597090058732157,66.3168183736398,70.17652737951302,0.05499999999999999,,18.713176922877413,3.8597090058732157,0.0,0.0,SA1,SA1 — AR6 pathways; fixed NATO GDP share (s_NATO=0.5018),SSP3-7.0,SA1 — AR6 pathways; fixed NATO GDP share (s_NATO=0.5018) — SSP3-7.0 — MIGRATION 1.0 / SSP3-7.0_zeromig — S0: Baseline,SA1_AR6_fixed_split,SSP3-7.0,145.36702156715262,72.9451714223972,72.42185014475542,0.5018,0.48275411178521543,0.9639835158856827,70.17652737951302,AR6 World GDP level and trajectory (unrebased),Fixed original NATO GDP share = 0.5018,MIGRATION 1.0,SSP3-7.0_zeromig,0.0,70.17652737951302,0.0,0.0,,,,
2030,S0,Baseline,0.055,,,,,0.027,0.022985547972701727,2.0192241149290067,1.7066665950502655,3.7258907099792724,1.0510509955537957,0.4630504386006233,3.9161011400483527,67.2857377699217,71.20183890997005,0.055,,22.629278062925763,3.9161011400483527,0.0,0.0,SA1,SA1 — AR6 pathways; fixed NATO GDP share (s_NATO=0.5018),SSP3-7.0,SA1 — AR6 pathways; fixed NATO GDP share (s_NATO=0.5018) — SSP3-7.0 — MIGRATION 1.0 / SSP3-7.0_zeromig — S0: Baseline,SA1_AR6_fixed_split,SSP3-7.0,149.0356283991709,74.78607833070396,74.24955006846693,0.5018,0.4777504525244526,0.953992000684192,71.20183890997005,AR6 World GDP level and trajectory (unrebased),Fixed original NATO GDP share = 0.5018,MIGRATION 1.0,SSP3-7.0_zeromig,0.0,71.20183890997005,0.0,0.0,,,,
2031,S0,Baseline,0.055,,,,,0.027,0.022985547972701727,2.0569429581125345,1.7385469045163247,3.795489862628859,1.0395201427003753,0.4579704125183472,3.9454881636177794,67.79066026579639,71.73614842941417,0.055,,26.574766226543545,3.9454881636177794,0.0,0.0,SA1,SA1 — AR6 pathways; fixed NATO GDP share (s_NATO=0.5018),SSP3-7.0,SA1 — AR6 pathways; fixed NATO GDP share (s_NATO=0.5018) — SSP3-7.0 — MIGRATION 1.0 / SSP3-7.0_zeromig — S0: Baseline,SA1_AR6_fixed_split,SSP3-7.0,151.81959450515436,76.18307252268646,75.6365219824679,0.5018,0.47250915577289787,0.9435259610440949,71.73614842941417,AR6 World GDP level and trajectory (unrebased),Fixed original NATO GDP share = 0.5018,MIGRATION 1.0,SSP3-7.0_zeromig,0.0,71.73614842941417,0.0,0.0,,,,
2032,S0,Baseline,0.055,,,,,0.027,0.022985547972701727,2.0953663843686314,1.771022734006388,3.8663891183750194,1.028534169344675,0.45313043824275895,3.976713320231141,68.32716522942597,72.30387854965711,0.05499999999999999,,30.551479546774686,3.976713320231141,0.0,0.0,SA1,SA1 — AR6 pathways; fixed NATO GDP share (s_NATO=0.5018),SSP3-7.0,SA1 — AR6 pathways; fixed NATO GDP share (s_NATO=0.5018) — SSP3-7.0 — MIGRATION 1.0 / SSP3-7.0_zeromig — S0: Baseline,SA1_AR6_fixed_split,SSP3-7.0,154.65556473500078,77.60616238402339,77.04940235097739,0.5018,0.46751553152030684,0.9335544841648541,72.30387854965711,AR6 World GDP level and trajectory (unrebased),Fixed original NATO GDP share = 0.5018,MIGRATION 1.0,SSP3-7.0_zeromig,0.0,72.30387854965711,0.0,0.0,,,,
2033,S0,Baseline,0.055,,,,,0.027,0.022985547972701727,2.1345075552172283,1.804105207756858,3.9386127629740866,1.017157036564737,0.448118134990059,4.006187686162773,68.83358842588764,72.83977611205042,0.05500000000000001,,34.55766723293746,4.006187686162773,0.0,0.0,SA1,SA1 — AR6 pathways; fixed NATO GDP share (s_NATO=0.5018),SSP3-7.0,SA1 — AR6 pathways; fixed NATO GDP share (s_NATO=0.5018) — SSP3-7.0 — MIGRATION 1.0 / SSP3-7.0_zeromig — S0: Baseline,SA1_AR6_fixed_split,SSP3-7.0,157.54451051896345,79.05583537841586,78.48867514054758,0.5018,0.46234410752942595,0.9232279693632921,72.83977611205042,AR6 World GDP level and trajectory (unrebased),Fixed original NATO GDP share = 0.5018,MIGRATION 1.0,SSP3-7.0_zeromig,0.0,72.83977611205042,0.0,0.0,,,,
2034,S0,Baseline,0.055,,,,,0.027,0.022985547972701727,2.1743798780337196,1.8378056578034139,4.012185535837133,1.0058508440245673,0.44313708512970446,4.035660207604941,69.33997993066671,73.37564013827165,0.05500000000000001,,38.5933274405424,4.035660207604941,0.0,0.0,SA1,SA1 — AR6 pathways; fixed NATO GDP share (s_NATO=0.5018),SSP3-7.0,SA1 — AR6 pathways; fixed NATO GDP share (s_NATO=0.5018) — SSP3-7.0 — MIGRATION 1.0 / SSP3-7.0_zeromig — S0: Baseline,SA1_AR6_fixed_split,SSP3-7.0,160.48742143348534,80.53258807532295,79.95483335816239,0.5018,0.45720492910207605,0.9129658438459339,73.37564013827166,AR6 World GDP level and trajectory (unrebased),Fixed original NATO GDP share = 0.5018,MIGRATION 1.0,SSP3-7.0_zeromig,-1.4210854715202004e-14,73.37564013827165,0.0,0.0,,,,
2035,S0,Baseline,0.055,,,,,0.027,0.022985547972701727,2.2149970106415355,1.872135627862693,4.087132638504229,0.9946707937697744,0.4382116084440265,4.065351465783354,69.85012973027763,73.91548119606098,0.055,,42.658678906325754,4.065351465783354,0.0,0.0,SA1,SA1 — AR6 pathways; fixed NATO GDP share (s_NATO=0.5018),SSP3-7.0,SA1 — AR6 pathways; fixed NATO GDP share (s_NATO=0.5018) — SSP3-7.0 — MIGRATION 1.0 / SSP3-7.0_zeromig — S0: Baseline,SA1_AR6_fixed_split,SSP3-7.0,163.48530554016915,82.03692632005688,81.44837922011227,0.5018,0.4521230880771702,0.9028182120417322,73.91548119606098,AR6 World GDP level and trajectory (unrebased),Fixed original NATO GDP share = 0.5018,MIGRATION 1.0,SSP3-7.0_zeromig,0.0,73.91548119606098,0.0,0.0,,,,
2025,S1,"NATO→3.5%, nonNATO holds",0.055,,,,,0.027,0.022985547972701727,1.7826392723354743,1.5067029333822277,3.289342205717702,1.1017398414242405,0.4853818881799102,3.6239993601174825,62.26689809656402,65.8908974566815,0.055,,3.6239993601174825,3.6239993601174825,0.0,0.0,SA1,SA1 — AR6 pathways; fixed NATO GDP share (s_NATO=0.5018),SSP3-7.0,SA1 — AR6 pathways; fixed NATO GDP share (s_NATO=0.5018) — SSP3-7.0 — MIGRATION 1.0 / SSP3-7.0_zeromig — S1: NATO 3.5%,SA1_AR6_fixed_split,SSP3-7.0,131.57368822870808,66.02367675316572,65.55001147554236,0.5018,0.5007908370110185,1.0,65.8908974566815,AR6 World GDP level and trajectory (unrebased),Fixed original NATO GDP share = 0.5018,MIGRATION 1.0,SSP3-7.0_zeromig,0.0,65.8908974566815,0.0,0.0,,,,
2026,S1,"NATO→3.5%, nonNATO holds",0.055,,,,,0.02740877593256891,0.022985547972701727,1.8552974907265443,1.544727380850697,3.400024871577241,1.0922086149803605,0.481182816389949,3.7135364558841566,63.27273496274304,66.9862714186272,0.05543727658278821,,7.337535816001639,3.6833150382511732,0.03022141763298336,0.03022141763298336,SA1,SA1 — AR6 pathways; fixed NATO GDP share (s_NATO=0.5018),SSP3-7.0,SA1 — AR6 pathways; fixed NATO GDP share (s_NATO=0.5018) — SSP3-7.0 — MIGRATION 1.0 / SSP3-7.0_zeromig — S1: NATO 3.5%,SA1_AR6_fixed_split,SSP3-7.0,134.8941946705815,67.6899068856978,67.2042877848837,0.5018,0.4964584613547093,0.9913489318571261,66.96936433183951,AR6 World GDP level and trajectory (unrebased),Fixed original NATO GDP share = 0.5018,MIGRATION 1.0,SSP3-7.0_zeromig,0.0169070867876826,66.96936433183951,0.0169070867876826,0.0169070867876826,,,,
2027,S1,"NATO→3.5%, nonNATO holds",0.055,,,,,0.028005016140972137,0.022985547972701727,1.9434973591570253,1.5837114458875985,3.5272088050446238,1.0827404333566648,0.4770115195906985,3.81905159011346,64.28745853455548,68.10651012466894,0.056074692171463304,,11.156587406115099,3.743534452626422,0.07551713748703781,0.10573855512002117,SA1,SA1 — AR6 pathways; fixed NATO GDP share (s_NATO=0.5018),SSP3-7.0,SA1 — AR6 pathways; fixed NATO GDP share (s_NATO=0.5018) — SSP3-7.0 — MIGRATION 1.0 / SSP3-7.0_zeromig — S1: NATO 3.5%,SA1_AR6_fixed_split,SSP3-7.0,138.29850026089372,69.39818743091647,68.90031282997725,0.5018,0.49215474243484764,0.9827550866790704,68.06426277502585,AR6 World GDP level and trajectory (unrebased),Fixed original NATO GDP share = 0.5018,MIGRATION 1.0,SSP3-7.0_zeromig,0.04224734964309107,68.06426277502585,0.04224734964309107,0.05915443643077367,,,,
2028,S1,"NATO→3.5%, nonNATO holds",0.055,,,,,0.028820930945768986,0.022985547972701727,2.0505971207344036,1.6236793462249166,3.67427646695932,1.0727564423047062,0.47261297807829716,3.9416037507391857,65.27467839193295,69.21628214267214,0.0569461928425244,,15.098191156854284,3.802619066009119,0.13898468473006664,0.24472323985008781,SA1,SA1 — AR6 pathways; fixed NATO GDP share (s_NATO=0.5018),SSP3-7.0,SA1 — AR6 pathways; fixed NATO GDP share (s_NATO=0.5018) — SSP3-7.0 — MIGRATION 1.0 / SSP3-7.0_zeromig — S1: NATO 3.5%,SA1_AR6_fixed_split,SSP3-7.0,141.78871982682614,71.14957960910137,70.63914021772477,0.5018,0.4876165646839574,0.9736930643426066,69.13852847289309,AR6 World GDP level and trajectory (unrebased),Fixed original NATO GDP share = 0.5018,MIGRATION 1.0,SSP3-7.0_zeromig,0.07775366977905662,69.13852847289307,0.07775366977907083,0.1369081062098445,,,,
2029,S1,"NATO→3.5%, nonNATO holds",0.055,,,,,0.029845109579542582,0.022985547972701727,2.177056634399962,1.6646559107740913,3.8417125451740537,1.062059045927474,0.4679001391149011,4.080125560455163,66.21971177966313,70.29983734011829,0.058038904709196835,,19.17831671730945,3.8597090058732157,0.2204165545819472,0.465139794432035,SA1,SA1 — AR6 pathways; fixed NATO GDP share (s_NATO=0.5018),SSP3-7.0,SA1 — AR6 pathways; fixed NATO GDP share (s_NATO=0.5018) — SSP3-7.0 — MIGRATION 1.0 / SSP3-7.0_zeromig — S1: NATO 3.5%,SA1_AR6_fixed_split,SSP3-7.0,145.36702156715262,72.9451714223972,72.42185014475542,0.5018,0.48275411178521543,0.9639835158856827,70.17652737951302,AR6 World GDP level and trajectory (unrebased),Fixed original NATO GDP share = 0.5018,MIGRATION 1.0,SSP3-7.0_zeromig,0.123309960605269,70.17652737951302,0.123309960605269,0.2602180668151135,,,,
2030,S1,"NATO→3.5%, nonNATO holds",0.055,,,,,0.030999999999995285,0.022985547972701727,2.3183684282514703,1.7066665950502655,4.025035023301736,1.0510509955537957,0.4630504386006233,4.230517068380184,67.14721886443284,71.37773593281302,0.05926942082279434,,23.40883378568963,3.9161011400483527,0.3144159283318313,0.7795557227638663,SA1,SA1 — AR6 pathways; fixed NATO GDP share (s_NATO=0.5018),SSP3-7.0,SA1 — AR6 pathways; fixed NATO GDP share (s_NATO=0.5018) — SSP3-7.0 — MIGRATION 1.0 / SSP3-7.0_zeromig — S1: NATO 3.5%,SA1_AR6_fixed_split,SSP3-7.0,149.0356283991709,74.78607833070396,74.24955006846693,0.5018,0.4777504525244526,0.953992000684192,71.20183890997005,AR6 World GDP level and trajectory (unrebased),Fixed original NATO GDP share = 0.5018,MIGRATION 1.0,SSP3-7.0_zeromig,0.1758970228429746,71.20183890997005,0.1758970228429746,0.4361150896580881,,,,
2031,S1,"NATO→3.5%, nonNATO holds",0.055,,,,,0.03215489042044799,0.022985547972701727,2.449658348860025,1.7385469045163247,4.18820525337635,1.0395201427003753,0.4579704125183472,4.353723722648245,67.61080823629347,71.9645319589417,0.06049818715047292,,27.762557508337878,3.9454881636177794,0.4082355590304654,1.1877912817943317,SA1,SA1 — AR6 pathways; fixed NATO GDP share (s_NATO=0.5018),SSP3-7.0,SA1 — AR6 pathways; fixed NATO GDP share (s_NATO=0.5018) — SSP3-7.0 — MIGRATION 1.0 / SSP3-7.0_zeromig — S1: NATO 3.5%,SA1_AR6_fixed_split,SSP3-7.0,151.81959450515436,76.18307252268646,75.6365219824679,0.5018,0.47250915577289787,0.9435259610440949,71.73614842941417,AR6 World GDP level and trajectory (unrebased),Fixed original NATO GDP share = 0.5018,MIGRATION 1.0,SSP3-7.0_zeromig,0.22838352952753382,71.73614842941417,0.22838352952753382,0.6644986191856219,,,,
2032,S1,"NATO→3.5%, nonNATO holds",0.055,,,,,0.033179069054221584,0.022985547972701727,2.5749002207726455,1.771022734006388,4.3459229547790335,1.028534169344675,0.45313043824275895,4.469930256329609,68.10987385198399,72.5798041083136,0.06158641940751124,,32.23248776466748,3.976713320231141,0.49321693609846795,1.6810082178927996,SA1,SA1 — AR6 pathways; fixed NATO GDP share (s_NATO=0.5018),SSP3-7.0,SA1 — AR6 pathways; fixed NATO GDP share (s_NATO=0.5018) — SSP3-7.0 — MIGRATION 1.0 / SSP3-7.0_zeromig — S1: NATO 3.5%,SA1_AR6_fixed_split,SSP3-7.0,154.65556473500078,77.60616238402339,77.04940235097739,0.5018,0.46751553152030684,0.9335544841648541,72.30387854965711,AR6 World GDP level and trajectory (unrebased),Fixed original NATO GDP share = 0.5018,MIGRATION 1.0,SSP3-7.0_zeromig,0.27592555865648194,72.30387854965711,0.27592555865648194,0.9404241778421039,,,,
2033,S1,"NATO→3.5%, nonNATO holds",0.055,,,,,0.03399498385901843,0.022985547972701727,2.6875018476504655,1.804105207756858,4.491607055407323,1.017157036564737,0.448118134990059,4.568669721891378,68.58578165490232,73.1544513767937,0.062452381719872566,,36.801157486558864,4.006187686162773,0.5624820357286042,2.243490253621404,SA1,SA1 — AR6 pathways; fixed NATO GDP share (s_NATO=0.5018),SSP3-7.0,SA1 — AR6 pathways; fixed NATO GDP share (s_NATO=0.5018) — SSP3-7.0 — MIGRATION 1.0 / SSP3-7.0_zeromig — S1: NATO 3.5%,SA1_AR6_fixed_split,SSP3-7.0,157.54451051896345,79.05583537841586,78.48867514054758,0.5018,0.46234410752942595,0.9232279693632921,72.83977611205042,AR6 World GDP level and trajectory (unrebased),Fixed original NATO GDP share = 0.5018,MIGRATION 1.0,SSP3-7.0_zeromig,0.3146752647432862,72.83977611205042,0.3146752647432862,1.25509944258539,,,,
2034,S1,"NATO→3.5%, nonNATO holds",0.055,,,,,0.034591224067421655,0.022985547972701727,2.785720798842865,1.8378056578034139,4.623526456646279,1.0058508440245673,0.44313708512970446,4.6505779887875764,69.06907209699884,73.71965008578641,0.06308464545580142,,41.45173547534644,4.035660207604941,0.6149177811826352,2.858408034804039,SA1,SA1 — AR6 pathways; fixed NATO GDP share (s_NATO=0.5018),SSP3-7.0,SA1 — AR6 pathways; fixed NATO GDP share (s_NATO=0.5018) — SSP3-7.0 — MIGRATION 1.0 / SSP3-7.0_zeromig — S1: NATO 3.5%,SA1_AR6_fixed_split,SSP3-7.0,160.48742143348534,80.53258807532295,79.95483335816239,0.5018,0.45720492910207605,0.9129658438459339,73.37564013827166,AR6 World GDP level and trajectory (unrebased),Fixed original NATO GDP share = 0.5018,MIGRATION 1.0,SSP3-7.0_zeromig,0.3440099475147491,73.37564013827165,0.3440099475147633,1.5991093901001534,,,,
2035,S1,"NATO→3.5%, nonNATO holds",0.055,,,,,0.03499999999999057,0.022985547972701727,2.8712924212012174,1.872135627862693,4.74342804906391,0.9946707937697744,0.4382116084440265,4.718149342752212,69.56253346280184,74.28068280555405,0.06351785100176045,,46.16988481809865,4.065351465783354,0.652797876968858,3.511205911772897,SA1,SA1 — AR6 pathways; fixed NATO GDP share (s_NATO=0.5018),SSP3-7.0,SA1 — AR6 pathways; fixed NATO GDP share (s_NATO=0.5018) — SSP3-7.0 — MIGRATION 1.0 / SSP3-7.0_zeromig — S1: NATO 3.5%,SA1_AR6_fixed_split,SSP3-7.0,163.48530554016915,82.03692632005688,81.44837922011227,0.5018,0.4521230880771702,0.9028182120417322,73.91548119606098,AR6 World GDP level and trajectory (unrebased),Fixed original NATO GDP share = 0.5018,MIGRATION 1.0,SSP3-7.0_zeromig,0.3652016094930701,73.91548119606098,0.3652016094930701,1.9643109995932235,,,,
2025,S2,"NATO→3.5%, nonNATO→3.5%",0.055,,,,,0.027,0.022985547972701727,1.7826392723354743,1.5067029333822277,3.289342205717702,1.1017398414242405,0.4853818881799102,3.6239993601174825,62.26689809656402,65.8908974566815,0.055,,3.6239993601174825,3.6239993601174825,0.0,0.0,SA1,SA1 — AR6 pathways; fixed NATO GDP share (s_NATO=0.5018),SSP3-7.0,SA1 — AR6 pathways; fixed NATO GDP share (s_NATO=0.5018) — SSP3-7.0 — MIGRATION 1.0 / SSP3-7.0_zeromig — S2: NATO/non-NATO 3.5%,SA1_AR6_fixed_split,SSP3-7.0,131.57368822870808,66.02367675316572,65.55001147554236,0.5018,0.5007908370110185,1.0,65.8908974566815,AR6 World GDP level and trajectory (unrebased),Fixed original NATO GDP share = 0.5018,MIGRATION 1.0,SSP3-7.0_zeromig,0.0,65.8908974566815,0.0,0.0,,,,
2026,S2,"NATO→3.5%, nonNATO→3.5%",0.055,,,,,0.02740877593256891,0.023599450326672138,1.8552974907265443,1.585984251318742,3.4412817420452866,1.0922086149803605,0.481182816389949,3.7585975652364847,63.252882865615796,67.01148043085227,0.056088860312747485,,7.382596925353967,3.6833150382511732,0.07528252698531146,0.07528252698531146,SA1,SA1 — AR6 pathways; fixed NATO GDP share (s_NATO=0.5018),SSP3-7.0,SA1 — AR6 pathways; fixed NATO GDP share (s_NATO=0.5018) — SSP3-7.0 — MIGRATION 1.0 / SSP3-7.0_zeromig — S2: NATO/non-NATO 3.5%,SA1_AR6_fixed_split,SSP3-7.0,134.8941946705815,67.6899068856978,67.2042877848837,0.5018,0.4964584613547093,0.9913489318571261,66.96936433183951,AR6 World GDP level and trajectory (unrebased),Fixed original NATO GDP share = 0.5018,MIGRATION 1.0,SSP3-7.0_zeromig,0.04211609901275892,66.96936433183951,0.04211609901275892,0.04211609901275892,,,,
2027,S2,"NATO→3.5%, nonNATO→3.5%",0.055,,,,,0.028005016140972137,0.024494887749248,1.9434973591570253,1.6877054286583646,3.63120278781539,1.0827404333566648,0.4770115195906985,3.9316500800851646,64.23785220680573,68.16950228689089,0.057674619121302104,,11.314247005439132,3.743534452626422,0.18811562745874255,0.263398154444054,SA1,SA1 — AR6 pathways; fixed NATO GDP share (s_NATO=0.5018),SSP3-7.0,SA1 — AR6 pathways; fixed NATO GDP share (s_NATO=0.5018) — SSP3-7.0 — MIGRATION 1.0 / SSP3-7.0_zeromig — S2: NATO/non-NATO 3.5%,SA1_AR6_fixed_split,SSP3-7.0,138.29850026089372,69.39818743091647,68.90031282997725,0.5018,0.49215474243484764,0.9827550866790704,68.06426277502585,AR6 World GDP level and trajectory (unrebased),Fixed original NATO GDP share = 0.5018,MIGRATION 1.0,SSP3-7.0_zeromig,0.10523951186503666,68.06426277502585,0.10523951186503666,0.14735561087779558,,,,
2028,S2,"NATO→3.5%, nonNATO→3.5%",0.055,,,,,0.028820930945768986,0.025720233909322272,2.0505971207344036,1.8168552095532955,3.867452330287699,1.0727564423047062,0.47261297807829716,4.1488344026224775,65.18338097187248,69.33221537449496,0.059839922613358416,,15.463081408061608,3.802619066009119,0.34621533661335846,0.6096134910574125,SA1,SA1 — AR6 pathways; fixed NATO GDP share (s_NATO=0.5018),SSP3-7.0,SA1 — AR6 pathways; fixed NATO GDP share (s_NATO=0.5018) — SSP3-7.0 — MIGRATION 1.0 / SSP3-7.0_zeromig — S2: NATO/non-NATO 3.5%,SA1_AR6_fixed_split,SSP3-7.0,141.78871982682614,71.14957960910137,70.63914021772477,0.5018,0.4876165646839574,0.9736930643426066,69.13852847289309,AR6 World GDP level and trajectory (unrebased),Fixed original NATO GDP share = 0.5018,MIGRATION 1.0,SSP3-7.0_zeromig,0.19368690160187896,69.13852847289307,0.19368690160189317,0.34104251247968875,,,,
2029,S2,"NATO→3.5%, nonNATO→3.5%",0.055,,,,,0.029845109579542582,0.027258352042179364,2.177056634399962,1.974100286791702,4.151156921191664,1.062059045927474,0.4679001391149011,4.408773759216048,66.07492271307616,70.48369647229221,0.06255026310870597,,19.87185516727766,3.8597090058732157,0.5490647533428326,1.158678244400245,SA1,SA1 — AR6 pathways; fixed NATO GDP share (s_NATO=0.5018),SSP3-7.0,SA1 — AR6 pathways; fixed NATO GDP share (s_NATO=0.5018) — SSP3-7.0 — MIGRATION 1.0 / SSP3-7.0_zeromig — S2: NATO/non-NATO 3.5%,SA1_AR6_fixed_split,SSP3-7.0,145.36702156715262,72.9451714223972,72.42185014475542,0.5018,0.48275411178521543,0.9639835158856827,70.17652737951302,AR6 World GDP level and trajectory (unrebased),Fixed original NATO GDP share = 0.5018,MIGRATION 1.0,SSP3-7.0_zeromig,0.3071690927791906,70.17652737951302,0.3071690927791906,0.6482116052588793,,,,
2030,S2,"NATO→3.5%, nonNATO→3.5%",0.055,,,,,0.030999999999995285,0.028992773986343784,2.3183684282514703,2.1527004237227785,4.471068851974248,1.0510509955537957,0.4630504386006233,4.6993213680571,66.94068270443532,71.64000407249242,0.06559633027521695,,24.571176535334757,3.9161011400483527,0.783220228008747,1.941898472408992,SA1,SA1 — AR6 pathways; fixed NATO GDP share (s_NATO=0.5018),SSP3-7.0,SA1 — AR6 pathways; fixed NATO GDP share (s_NATO=0.5018) — SSP3-7.0 — MIGRATION 1.0 / SSP3-7.0_zeromig — S2: NATO/non-NATO 3.5%,SA1_AR6_fixed_split,SSP3-7.0,149.0356283991709,74.78607833070396,74.24955006846693,0.5018,0.4777504525244526,0.953992000684192,71.20183890997005,AR6 World GDP level and trajectory (unrebased),Fixed original NATO GDP share = 0.5018,MIGRATION 1.0,SSP3-7.0_zeromig,0.4381651625223668,71.20183890997005,0.4381651625223668,1.0863767677812461,,,,
2031,S2,"NATO→3.5%, nonNATO→3.5%",0.055,,,,,0.03215489042044799,0.0307271959305082,2.449658348860025,2.3240982304574818,4.7737565793175065,1.0395201427003753,0.4579704125183472,4.96241612054899,67.34264305400153,72.30505917455052,0.06863165838187474,,29.533592655883748,3.9454881636177794,1.0169279569312102,2.9588264293402022,SA1,SA1 — AR6 pathways; fixed NATO GDP share (s_NATO=0.5018),SSP3-7.0,SA1 — AR6 pathways; fixed NATO GDP share (s_NATO=0.5018) — SSP3-7.0 — MIGRATION 1.0 / SSP3-7.0_zeromig — S2: NATO/non-NATO 3.5%,SA1_AR6_fixed_split,SSP3-7.0,151.81959450515436,76.18307252268646,75.6365219824679,0.5018,0.47250915577289787,0.9435259610440949,71.73614842941417,AR6 World GDP level and trajectory (unrebased),Fixed original NATO GDP share = 0.5018,MIGRATION 1.0,SSP3-7.0_zeromig,0.5689107451363498,71.73614842941417,0.5689107451363498,1.655287512917596,,,,
2032,S2,"NATO→3.5%, nonNATO→3.5%",0.055,,,,,0.033179069054221584,0.032265314063365295,2.5749002207726455,2.4860231652488816,5.060923386021527,1.028534169344675,0.45313043824275895,5.205332630958691,67.78588539323131,72.99121802419,0.07131450566057951,,34.73892528684244,3.976713320231141,1.22861931072755,4.187445740067752,SA1,SA1 — AR6 pathways; fixed NATO GDP share (s_NATO=0.5018),SSP3-7.0,SA1 — AR6 pathways; fixed NATO GDP share (s_NATO=0.5018) — SSP3-7.0 — MIGRATION 1.0 / SSP3-7.0_zeromig — S2: NATO/non-NATO 3.5%,SA1_AR6_fixed_split,SSP3-7.0,154.65556473500078,77.60616238402339,77.04940235097739,0.5018,0.46751553152030684,0.9335544841648541,72.30387854965711,AR6 World GDP level and trajectory (unrebased),Fixed original NATO GDP share = 0.5018,MIGRATION 1.0,SSP3-7.0_zeromig,0.6873394745328909,72.30387854965711,0.6873394745328909,2.342626987450487,,,,
2033,S2,"NATO→3.5%, nonNATO→3.5%",0.055,,,,,0.03399498385901843,0.033490660223439564,2.6875018476504655,2.628637550520007,5.316139398170472,1.017157036564737,0.448118134990059,5.407348596208123,68.21629375922431,73.62364235543244,0.0734458174468345,,40.14627388305056,4.006187686162773,1.4011609100453493,5.5886066501131015,SA1,SA1 — AR6 pathways; fixed NATO GDP share (s_NATO=0.5018),SSP3-7.0,SA1 — AR6 pathways; fixed NATO GDP share (s_NATO=0.5018) — SSP3-7.0 — MIGRATION 1.0 / SSP3-7.0_zeromig — S2: NATO/non-NATO 3.5%,SA1_AR6_fixed_split,SSP3-7.0,157.54451051896345,79.05583537841586,78.48867514054758,0.5018,0.46234410752942595,0.9232279693632921,72.83977611205042,AR6 World GDP level and trajectory (unrebased),Fixed original NATO GDP share = 0.5018,MIGRATION 1.0,SSP3-7.0_zeromig,0.7838662433820218,72.83977611205042,0.7838662433820218,3.1264932308325086,,,,
2034,S2,"NATO→3.5%, nonNATO→3.5%",0.055,,,,,0.034591224067421655,0.034386097646015426,2.785720798842865,2.7493347071246634,5.535055505967529,1.0058508440245673,0.44313708512970446,5.567440252400267,68.66513977107158,74.23258002347185,0.0749999562273045,,45.71371413545083,4.035660207604941,1.531780044795326,7.120386694908428,SA1,SA1 — AR6 pathways; fixed NATO GDP share (s_NATO=0.5018),SSP3-7.0,SA1 — AR6 pathways; fixed NATO GDP share (s_NATO=0.5018) — SSP3-7.0 — MIGRATION 1.0 / SSP3-7.0_zeromig — S2: NATO/non-NATO 3.5%,SA1_AR6_fixed_split,SSP3-7.0,160.48742143348534,80.53258807532295,79.95483335816239,0.5018,0.45720492910207605,0.9129658438459339,73.37564013827166,AR6 World GDP level and trajectory (unrebased),Fixed original NATO GDP share = 0.5018,MIGRATION 1.0,SSP3-7.0_zeromig,0.856939885200191,73.37564013827165,0.8569398852002053,3.983433116032714,,,,
2035,S2,"NATO→3.5%, nonNATO→3.5%",0.055,,,,,0.03499999999999057,0.03499999999998584,2.8712924212012174,2.8506932727027765,5.721985693903994,0.9946707937697744,0.4382116084440265,5.691492052094779,69.13371814330127,74.82521019539604,0.07606382978720953,,51.40520618754561,4.065351465783354,1.6261405863114256,8.746527281219853,SA1,SA1 — AR6 pathways; fixed NATO GDP share (s_NATO=0.5018),SSP3-7.0,SA1 — AR6 pathways; fixed NATO GDP share (s_NATO=0.5018) — SSP3-7.0 — MIGRATION 1.0 / SSP3-7.0_zeromig — S2: NATO/non-NATO 3.5%,SA1_AR6_fixed_split,SSP3-7.0,163.48530554016915,82.03692632005688,81.44837922011227,0.5018,0.4521230880771702,0.9028182120417322,73.91548119606098,AR6 World GDP level and trajectory (unrebased),Fixed original NATO GDP share = 0.5018,MIGRATION 1.0,SSP3-7.0_zeromig,0.9097289993350586,73.91548119606098,0.9097289993350586,4.8931621153677725,,,,
2025,S3,"NATO→5%, nonNATO→3.5%",0.055,,,,,0.027,0.022985547972701727,1.7826392723354743,1.5067029333822277,3.289342205717702,1.1017398414242405,0.4853818881799102,3.6239993601174825,62.26689809656402,65.8908974566815,0.055,,3.6239993601174825,3.6239993601174825,0.0,0.0,SA1,SA1 — AR6 pathways; fixed NATO GDP share (s_NATO=0.5018),SSP3-7.0,SA1 — AR6 pathways; fixed NATO GDP share (s_NATO=0.5018) — SSP3-7.0 — MIGRATION 1.0 / SSP3-7.0_zeromig — S3: NATO 5%; non-NATO 3.5%,SA1_AR6_fixed_split,SSP3-7.0,131.57368822870808,66.02367675316572,65.55001147554236,0.5018,0.5007908370110185,1.0,65.8908974566815,AR6 World GDP level and trajectory (unrebased),Fixed original NATO GDP share = 0.5018,MIGRATION 1.0,SSP3-7.0_zeromig,0.0,65.8908974566815,0.0,0.0,,,,
2026,S3,"NATO→5%, nonNATO→3.5%",0.055,,,,,0.02817523080613562,0.023599450326672138,1.907178749750364,1.585984251318742,3.493163001069106,1.0922086149803605,0.481182816389949,3.815262723298328,63.22791849528086,67.04318121857919,0.05690754307823674,,7.4392620834158105,3.6833150382511732,0.13194768504715482,0.13194768504715482,SA1,SA1 — AR6 pathways; fixed NATO GDP share (s_NATO=0.5018),SSP3-7.0,SA1 — AR6 pathways; fixed NATO GDP share (s_NATO=0.5018) — SSP3-7.0 — MIGRATION 1.0 / SSP3-7.0_zeromig — S3: NATO 5%; non-NATO 3.5%,SA1_AR6_fixed_split,SSP3-7.0,134.8941946705815,67.6899068856978,67.2042877848837,0.5018,0.4964584613547093,0.9913489318571261,66.96936433183951,AR6 World GDP level and trajectory (unrebased),Fixed original NATO GDP share = 0.5018,MIGRATION 1.0,SSP3-7.0_zeromig,0.07381688673967801,66.96936433183951,0.07381688673967801,0.07381688673967801,,,,
2027,S3,"NATO→5%, nonNATO→3.5%",0.055,,,,,0.029889421405294894,0.024494887749248,2.074271668886302,1.6877054286583646,3.7619770975446665,1.0827404333566648,0.4770115195906985,4.07324471287336,64.17547135459833,68.24871606747169,0.05968236397072276,,11.51250679628917,3.743534452626422,0.32971026024693817,0.461657945294093,SA1,SA1 — AR6 pathways; fixed NATO GDP share (s_NATO=0.5018),SSP3-7.0,SA1 — AR6 pathways; fixed NATO GDP share (s_NATO=0.5018) — SSP3-7.0 — MIGRATION 1.0 / SSP3-7.0_zeromig — S3: NATO 5%; non-NATO 3.5%,SA1_AR6_fixed_split,SSP3-7.0,138.29850026089372,69.39818743091647,68.90031282997725,0.5018,0.49215474243484764,0.9827550866790704,68.06426277502585,AR6 World GDP level and trajectory (unrebased),Fixed original NATO GDP share = 0.5018,MIGRATION 1.0,SSP3-7.0_zeromig,0.18445329244583775,68.06426277502585,0.18445329244583775,0.25827017918551576,,,,
2028,S3,"NATO→5%, nonNATO→3.5%",0.055,,,,,0.03223517646908584,0.025720233909322272,2.2935192544006537,1.8168552095532955,4.110374463953949,1.0727564423047062,0.47261297807829716,4.409430686491352,65.06857281883934,69.47800350533069,0.06346513233001923,,15.921937482780523,3.802619066009119,0.6068116204822331,1.0684695657763261,SA1,SA1 — AR6 pathways; fixed NATO GDP share (s_NATO=0.5018),SSP3-7.0,SA1 — AR6 pathways; fixed NATO GDP share (s_NATO=0.5018) — SSP3-7.0 — MIGRATION 1.0 / SSP3-7.0_zeromig — S3: NATO 5%; non-NATO 3.5%,SA1_AR6_fixed_split,SSP3-7.0,141.78871982682614,71.14957960910137,70.63914021772477,0.5018,0.4876165646839574,0.9736930643426066,69.13852847289309,AR6 World GDP level and trajectory (unrebased),Fixed original NATO GDP share = 0.5018,MIGRATION 1.0,SSP3-7.0_zeromig,0.3394750324376048,69.13852847289307,0.339475032437619,0.5977452116231348,,,,
2029,S3,"NATO→5%, nonNATO→3.5%",0.055,,,,,0.03517969004118492,0.027258352042179364,2.5661885206410338,1.974100286791702,4.540288807432736,1.062059045927474,0.4679001391149011,4.8220547990572005,65.89284784936993,70.71490264842713,0.06819007901391001,,20.743992281837723,3.8597090058732157,0.9623457931839847,2.030815358960311,SA1,SA1 — AR6 pathways; fixed NATO GDP share (s_NATO=0.5018),SSP3-7.0,SA1 — AR6 pathways; fixed NATO GDP share (s_NATO=0.5018) — SSP3-7.0 — MIGRATION 1.0 / SSP3-7.0_zeromig — S3: NATO 5%; non-NATO 3.5%,SA1_AR6_fixed_split,SSP3-7.0,145.36702156715262,72.9451714223972,72.42185014475542,0.5018,0.48275411178521543,0.9639835158856827,70.17652737951302,AR6 World GDP level and trajectory (unrebased),Fixed original NATO GDP share = 0.5018,MIGRATION 1.0,SSP3-7.0_zeromig,0.538375268914109,70.17652737951302,0.538375268914109,1.1361204805372438,,,,
2030,S3,"NATO→5%, nonNATO→3.5%",0.055,,,,,0.03849999999998644,0.028992773986343784,2.8792640157310885,2.1527004237227785,5.031964439453867,1.0510509955537957,0.4630504386006233,5.288851233679285,66.68095975664373,71.96981099032301,0.07348707966442233,,26.03284351551701,3.9161011400483527,1.3727500936309323,3.403565452591243,SA1,SA1 — AR6 pathways; fixed NATO GDP share (s_NATO=0.5018),SSP3-7.0,SA1 — AR6 pathways; fixed NATO GDP share (s_NATO=0.5018) — SSP3-7.0 — MIGRATION 1.0 / SSP3-7.0_zeromig — S3: NATO 5%; non-NATO 3.5%,SA1_AR6_fixed_split,SSP3-7.0,149.0356283991709,74.78607833070396,74.24955006846693,0.5018,0.4777504525244526,0.953992000684192,71.20183890997005,AR6 World GDP level and trajectory (unrebased),Fixed original NATO GDP share = 0.5018,MIGRATION 1.0,SSP3-7.0_zeromig,0.7679720803529619,71.20183890997005,0.7679720803529619,1.9040925608902057,,,,
2031,S3,"NATO→5%, nonNATO→3.5%",0.055,,,,,0.041820309958787966,0.0307271959305082,3.1859997065115704,2.3240982304574818,5.510097936969052,1.0395201427003753,0.4579704125183472,5.727857793731112,67.00542049868352,72.73327829241464,0.07875154163549467,,31.76070130924812,3.9454881636177794,1.7823696301133327,5.185935082704576,SA1,SA1 — AR6 pathways; fixed NATO GDP share (s_NATO=0.5018),SSP3-7.0,SA1 — AR6 pathways; fixed NATO GDP share (s_NATO=0.5018) — SSP3-7.0 — MIGRATION 1.0 / SSP3-7.0_zeromig — S3: NATO 5%; non-NATO 3.5%,SA1_AR6_fixed_split,SSP3-7.0,151.81959450515436,76.18307252268646,75.6365219824679,0.5018,0.47250915577289787,0.9435259610440949,71.73614842941417,AR6 World GDP level and trajectory (unrebased),Fixed original NATO GDP share = 0.5018,MIGRATION 1.0,SSP3-7.0_zeromig,0.9971298630004668,71.73614842941417,0.9971298630004668,2.9012224238906725,,,,
2032,S3,"NATO→5%, nonNATO→3.5%",0.055,,,,,0.04476482353088705,0.032265314063365295,3.474026164030172,2.4860231652488816,5.9600493292790535,1.028534169344675,0.45313043824275895,6.130114386143319,67.3784640605276,73.50857844667092,0.08339318370291435,,37.89081569539144,3.976713320231141,2.153401065912178,7.339336148616754,SA1,SA1 — AR6 pathways; fixed NATO GDP share (s_NATO=0.5018),SSP3-7.0,SA1 — AR6 pathways; fixed NATO GDP share (s_NATO=0.5018) — SSP3-7.0 — MIGRATION 1.0 / SSP3-7.0_zeromig — S3: NATO 5%; non-NATO 3.5%,SA1_AR6_fixed_split,SSP3-7.0,154.65556473500078,77.60616238402339,77.04940235097739,0.5018,0.46751553152030684,0.9335544841648541,72.30387854965711,AR6 World GDP level and trajectory (unrebased),Fixed original NATO GDP share = 0.5018,MIGRATION 1.0,SSP3-7.0_zeromig,1.2046998970138105,72.30387854965711,1.2046998970138105,4.105922320904483,,,,
2033,S3,"NATO→5%, nonNATO→3.5%",0.055,,,,,0.04711057859467799,0.033490660223439564,3.7243661459627853,2.628637550520007,6.3530036964827925,1.017157036564737,0.448118134990059,6.462002413199258,67.75165606362681,74.21365847682607,0.08707295322487141,,44.3528181085907,4.006187686162773,2.4558147270364845,9.795150875653238,SA1,SA1 — AR6 pathways; fixed NATO GDP share (s_NATO=0.5018),SSP3-7.0,SA1 — AR6 pathways; fixed NATO GDP share (s_NATO=0.5018) — SSP3-7.0 — MIGRATION 1.0 / SSP3-7.0_zeromig — S3: NATO 5%; non-NATO 3.5%,SA1_AR6_fixed_split,SSP3-7.0,157.54451051896345,79.05583537841586,78.48867514054758,0.5018,0.46234410752942595,0.9232279693632921,72.83977611205042,AR6 World GDP level and trajectory (unrebased),Fixed original NATO GDP share = 0.5018,MIGRATION 1.0,SSP3-7.0_zeromig,1.3738823647756533,72.83977611205042,1.3738823647756533,5.479804685680136,,,,
2034,S3,"NATO→5%, nonNATO→3.5%",0.055,,,,,0.04882476919383726,0.034386097646015426,3.931985025360014,2.7493347071246634,6.681319732484678,1.0058508440245673,0.44313708512970446,6.7204110921177085,68.15718758294432,74.87759867506203,0.0897519580092509,,51.073229200708404,4.035660207604941,2.684750884512767,12.479901760166005,SA1,SA1 — AR6 pathways; fixed NATO GDP share (s_NATO=0.5018),SSP3-7.0,SA1 — AR6 pathways; fixed NATO GDP share (s_NATO=0.5018) — SSP3-7.0 — MIGRATION 1.0 / SSP3-7.0_zeromig — S3: NATO 5%; non-NATO 3.5%,SA1_AR6_fixed_split,SSP3-7.0,160.48742143348534,80.53258807532295,79.95483335816239,0.5018,0.45720492910207605,0.9129658438459339,73.37564013827166,AR6 World GDP level and trajectory (unrebased),Fixed original NATO GDP share = 0.5018,MIGRATION 1.0,SSP3-7.0_zeromig,1.5019585367903687,73.37564013827165,1.501958536790383,6.981763222470519,,,,
2035,S3,"NATO→5%, nonNATO→3.5%",0.055,,,,,0.049999999999972886,0.03499999999998584,4.1018463160006196,2.8506932727027765,6.952539588703396,0.9946707937697744,0.4382116084440265,6.915488071411388,68.59447514178416,75.50996321319555,0.09158378281666134,,57.98871727211979,4.065351465783354,2.850136605628034,15.330038365794039,SA1,SA1 — AR6 pathways; fixed NATO GDP share (s_NATO=0.5018),SSP3-7.0,SA1 — AR6 pathways; fixed NATO GDP share (s_NATO=0.5018) — SSP3-7.0 — MIGRATION 1.0 / SSP3-7.0_zeromig — S3: NATO 5%; non-NATO 3.5%,SA1_AR6_fixed_split,SSP3-7.0,163.48530554016915,82.03692632005688,81.44837922011227,0.5018,0.4521230880771702,0.9028182120417322,73.91548119606098,AR6 World GDP level and trajectory (unrebased),Fixed original NATO GDP share = 0.5018,MIGRATION 1.0,SSP3-7.0_zeromig,1.5944820171345668,73.91548119606098,1.5944820171345668,8.576245239605086,,,,
2025,S0,Baseline,0.055,,,,,0.027,0.022985547972701727,1.9537777396815663,1.651350723188336,3.605128462869902,0.9854524668689925,0.43415038750172397,3.552682737114764,61.041548846790036,64.5942315839048,0.05499999999999999,,3.552682737114764,3.552682737114764,0.0,0.0,SA1,SA1 — AR6 pathways; fixed NATO GDP share (s_NATO=0.5018),SSP5-8.5,SA1 — AR6 pathways; fixed NATO GDP share (s_NATO=0.5018) — SSP5-8.5 — MIGRATION 1.0 / SSP5-8.5_zeromig — S0: Baseline,SA1_AR6_fixed_split,SSP5-8.5,144.2051385147961,72.36213850672468,71.84300000807141,0.5018,0.4479329394859057,1.0,64.5942315839048,AR6 World GDP level and trajectory (unrebased),Fixed original NATO GDP share = 0.5018,MIGRATION 1.0,SSP5-8.5_zeromig,0.0,64.5942315839048,0.0,0.0,,,,
2026,S0,Baseline,0.055,,,,,0.027,0.022985547972701727,2.050675607700226,1.733249682920624,3.78392529062085,0.956299473283868,0.4213067609572286,3.618565762366226,62.173539007928795,65.79210477029503,0.05499999999999999,,7.17124849948099,3.618565762366226,0.0,0.0,SA1,SA1 — AR6 pathways; fixed NATO GDP share (s_NATO=0.5018),SSP5-8.5,SA1 — AR6 pathways; fixed NATO GDP share (s_NATO=0.5018) — SSP5-8.5 — MIGRATION 1.0 / SSP5-8.5_zeromig — S0: Baseline,SA1_AR6_fixed_split,SSP5-8.5,151.357011624834,75.95094843334171,75.4060631914923,0.5018,0.4346815787653946,0.9704166415273685,65.79210477029503,AR6 World GDP level and trajectory (unrebased),Fixed original NATO GDP share = 0.5018,MIGRATION 1.0,SSP5-8.5_zeromig,0.0,65.79210477029503,0.0,0.0,,,,
2027,S0,Baseline,0.055,,,,,0.027,0.022985547972701727,2.1523791384285507,1.8192104325023033,3.971589570930854,0.9278858000658762,0.40878884898007134,3.6851815665564653,63.31811964356109,67.00330121011756,0.05499999999999999,,10.856430066037454,3.6851815665564653,0.0,0.0,SA1,SA1 — AR6 pathways; fixed NATO GDP share (s_NATO=0.5018),SSP5-8.5,SA1 — AR6 pathways; fixed NATO GDP share (s_NATO=0.5018) — SSP5-8.5 — MIGRATION 1.0 / SSP5-8.5_zeromig — S0: Baseline,SA1_AR6_fixed_split,SSP5-8.5,158.86358283723416,79.7177458677241,79.14583696951006,0.5018,0.42176627275721645,0.941583517482057,67.00330121011756,AR6 World GDP level and trajectory (unrebased),Fixed original NATO GDP share = 0.5018,MIGRATION 1.0,SSP5-8.5_zeromig,0.0,67.00330121011756,0.0,0.0,,,,
2028,S0,Baseline,0.055,,,,,0.027,0.022985547972701727,2.2591266693506538,1.9094344169436015,4.168561086294256,0.9003108417151483,0.39664044075562477,3.7530007403425945,64.48337635679547,68.23637709713807,0.05500000000000001,,14.60943080638005,3.7530007403425945,0.0,0.0,SA1,SA1 — AR6 pathways; fixed NATO GDP share (s_NATO=0.5018),SSP5-8.5,SA1 — AR6 pathways; fixed NATO GDP share (s_NATO=0.5018) — SSP5-8.5 — MIGRATION 1.0 / SSP5-8.5_zeromig — S0: Baseline,SA1_AR6_fixed_split,SSP5-8.5,166.7424434517702,83.67135812409829,83.07108532767192,0.5018,0.40923220077961286,0.913601489654434,68.23637709713807,AR6 World GDP level and trajectory (unrebased),Fixed original NATO GDP share = 0.5018,MIGRATION 1.0,SSP5-8.5_zeromig,0.0,68.23637709713807,0.0,0.0,,,,
2029,S0,Baseline,0.055,,,,,0.027,0.022985547972701727,2.3711683583300007,2.0041330719469292,4.37530143027693,0.8729878360329933,0.3846030326578922,3.819584927609518,65.62741375619991,69.44699868380943,0.05499999999999999,,18.429015733989566,3.819584927609518,0.0,0.0,SA1,SA1 — AR6 pathways; fixed NATO GDP share (s_NATO=0.5018),SSP5-8.5,SA1 — AR6 pathways; fixed NATO GDP share (s_NATO=0.5018) — SSP5-8.5 — MIGRATION 1.0 / SSP5-8.5_zeromig — S0: Baseline,SA1_AR6_fixed_split,SSP5-8.5,175.0120572110772,87.82105030851855,87.19100690255866,0.5018,0.39681265274226973,0.885875133893241,69.44699868380943,AR6 World GDP level and trajectory (unrebased),Fixed original NATO GDP share = 0.5018,MIGRATION 1.0,SSP5-8.5_zeromig,0.0,69.44699868380943,0.0,0.0,,,,
2030,S0,Baseline,0.055,,,,,0.027,0.022985547972701727,2.48876676984273,2.1035283193966197,4.59229508923935,0.8461594780801066,0.37278354628703997,3.885814015900605,66.76534990956493,70.65116392546554,0.05500000000000001,,22.314829749890173,3.885814015900605,0.0,0.0,SA1,SA1 — AR6 pathways; fixed NATO GDP share (s_NATO=0.5018),SSP5-8.5,SA1 — AR6 pathways; fixed NATO GDP share (s_NATO=0.5018) — SSP5-8.5 — MIGRATION 1.0 / SSP5-8.5_zeromig — S0: Baseline,SA1_AR6_fixed_split,SSP5-8.5,183.69180356957398,92.17654703121222,91.51525653836175,0.5018,0.38461794458186666,0.8586507279935566,70.65116392546554,AR6 World GDP level and trajectory (unrebased),Fixed original NATO GDP share = 0.5018,MIGRATION 1.0,SSP5-8.5_zeromig,0.0,70.65116392546554,0.0,0.0,,,,
2031,S0,Baseline,0.055,,,,,0.027,0.022985547972701727,2.6060363730673983,2.2026456550893823,4.808682028156781,0.8257690982539551,0.36380037195803616,3.9708610221810248,68.22661210838307,72.19747313056409,0.05499999999999999,,26.2856907720712,3.9708610221810248,0.0,0.0,SA1,SA1 — AR6 pathways; fixed NATO GDP share (s_NATO=0.5018),SSP5-8.5,SA1 — AR6 pathways; fixed NATO GDP share (s_NATO=0.5018) — SSP5-8.5 — MIGRATION 1.0 / SSP5-8.5_zeromig — S0: Baseline,SA1_AR6_fixed_split,SSP5-8.5,192.3472811262712,96.5198656691629,95.82741545710832,0.5018,0.3753495901154341,0.8379593395078831,72.19747313056408,AR6 World GDP level and trajectory (unrebased),Fixed original NATO GDP share = 0.5018,MIGRATION 1.0,SSP5-8.5_zeromig,1.4210854715202004e-14,72.19747313056409,0.0,0.0,,,,
2032,S0,Baseline,0.055,,,,,0.027,0.022985547972701727,2.7288316687784455,2.306433356350434,5.035265025128879,0.8053798260092528,0.354817685584496,4.055300869848773,69.67744221831074,73.73274308815952,0.05499999999999999,,30.34099164191997,4.055300869848773,0.0,0.0,SA1,SA1 — AR6 pathways; fixed NATO GDP share (s_NATO=0.5018),SSP5-8.5,SA1 — AR6 pathways; fixed NATO GDP share (s_NATO=0.5018) — SSP5-8.5 — MIGRATION 1.0 / SSP5-8.5_zeromig — S0: Baseline,SA1_AR6_fixed_split,SSP5-8.5,201.41060100515517,101.06783958438687,100.3427614207683,0.5018,0.36608173909511493,0.8172690749540954,73.73274308815951,AR6 World GDP level and trajectory (unrebased),Fixed original NATO GDP share = 0.5018,MIGRATION 1.0,SSP5-8.5_zeromig,1.4210854715202004e-14,73.73274308815952,0.0,0.0,,,,
2033,S0,Baseline,0.055,,,,,0.027,0.022985547972701727,2.857413025192487,2.415111488765573,5.27252451395806,0.7844164704248574,0.3455820813759861,4.135855069467518,71.06150982994191,75.19736489940944,0.05499999999999999,,34.47684671138749,4.135855069467518,0.0,0.0,SA1,SA1 — AR6 pathways; fixed NATO GDP share (s_NATO=0.5018),SSP5-8.5,SA1 — AR6 pathways; fixed NATO GDP share (s_NATO=0.5018) — SSP5-8.5 — MIGRATION 1.0 / SSP5-8.5_zeromig — S0: Baseline,SA1_AR6_fixed_split,SSP5-8.5,210.9009805583224,105.83011204416619,105.07086851415622,0.5018,0.3565529411022079,0.7959962522770151,75.19736489940942,AR6 World GDP level and trajectory (unrebased),Fixed original NATO GDP share = 0.5018,MIGRATION 1.0,SSP5-8.5_zeromig,1.4210854715202004e-14,75.19736489940944,0.0,0.0,,,,
2034,S0,Baseline,0.055,,,,,0.027,0.022985547972701727,2.992053078962771,2.528910487314872,5.520963566277643,0.7633952115924943,0.33632096734494504,4.214677149872974,72.4158164841811,76.63049363405406,0.055,,38.691523861260464,4.214677149872974,0.0,0.0,SA1,SA1 — AR6 pathways; fixed NATO GDP share (s_NATO=0.5018),SSP5-8.5,SA1 — AR6 pathways; fixed NATO GDP share (s_NATO=0.5018) — SSP5-8.5 — MIGRATION 1.0 / SSP5-8.5_zeromig — S0: Baseline,SA1_AR6_fixed_split,SSP5-8.5,220.8385426511057,110.81678070232485,110.02176194878086,0.5018,0.3469978234511338,0.7746646715675443,76.63049363405406,AR6 World GDP level and trajectory (unrebased),Fixed original NATO GDP share = 0.5018,MIGRATION 1.0,SSP5-8.5_zeromig,0.0,76.63049363405406,0.0,0.0,,,,
2035,S0,Baseline,0.055,,,,,0.027,0.022985547972701727,3.1330373132625895,2.6480716449740354,5.781108958236625,0.742429659185252,0.32708439530539074,4.2920667535764245,73.74551058417676,78.03757733775318,0.055,,42.983590614836885,4.2920667535764245,0.0,0.0,SA1,SA1 — AR6 pathways; fixed NATO GDP share (s_NATO=0.5018),SSP5-8.5,SA1 — AR6 pathways; fixed NATO GDP share (s_NATO=0.5018) — SSP5-8.5 — MIGRATION 1.0 / SSP5-8.5_zeromig — S0: Baseline,SA1_AR6_fixed_split,SSP5-8.5,231.244358329465,116.03841900972554,115.20593931973946,0.5018,0.3374680269023873,0.7533896196374855,78.03757733775319,AR6 World GDP level and trajectory (unrebased),Fixed original NATO GDP share = 0.5018,MIGRATION 1.0,SSP5-8.5_zeromig,-1.4210854715202004e-14,78.03757733775318,0.0,0.0,,,,
2025,S1,"NATO→3.5%, nonNATO holds",0.055,,,,,0.027,0.022985547972701727,1.9537777396815663,1.651350723188336,3.605128462869902,0.9854524668689925,0.43415038750172397,3.552682737114764,61.041548846790036,64.5942315839048,0.05499999999999999,,3.552682737114764,3.552682737114764,0.0,0.0,SA1,SA1 — AR6 pathways; fixed NATO GDP share (s_NATO=0.5018),SSP5-8.5,SA1 — AR6 pathways; fixed NATO GDP share (s_NATO=0.5018) — SSP5-8.5 — MIGRATION 1.0 / SSP5-8.5_zeromig — S1: NATO 3.5%,SA1_AR6_fixed_split,SSP5-8.5,144.2051385147961,72.36213850672468,71.84300000807141,0.5018,0.4479329394859057,1.0,64.5942315839048,AR6 World GDP level and trajectory (unrebased),Fixed original NATO GDP share = 0.5018,MIGRATION 1.0,SSP5-8.5_zeromig,0.0,64.5942315839048,0.0,0.0,,,,
2026,S1,"NATO→3.5%, nonNATO holds",0.055,,,,,0.02740877593256891,0.022985547972701727,2.0817225274755584,1.733249682920624,3.8149722103961823,0.956299473283868,0.4213067609572286,3.6482559153944627,62.160458730720556,65.80871464611502,0.05543727658278819,,7.200938652509226,3.618565762366226,0.029690153028236743,0.029690153028236743,SA1,SA1 — AR6 pathways; fixed NATO GDP share (s_NATO=0.5018),SSP5-8.5,SA1 — AR6 pathways; fixed NATO GDP share (s_NATO=0.5018) — SSP5-8.5 — MIGRATION 1.0 / SSP5-8.5_zeromig — S1: NATO 3.5%,SA1_AR6_fixed_split,SSP5-8.5,151.357011624834,75.95094843334171,75.4060631914923,0.5018,0.4346815787653946,0.9704166415273685,65.79210477029503,AR6 World GDP level and trajectory (unrebased),Fixed original NATO GDP share = 0.5018,MIGRATION 1.0,SSP5-8.5_zeromig,0.016609875819995068,65.79210477029503,0.016609875819995068,0.016609875819995068,,,,
2027,S1,"NATO→3.5%, nonNATO holds",0.055,,,,,0.028005016140972137,0.022985547972701727,2.2324967597475283,1.8192104325023033,4.051707192249832,0.9278858000658762,0.40878884898007134,3.7595215697134,63.285368453359084,67.04489002307248,0.05607469217146329,,10.960460222222626,3.6851815665564653,0.07434000315693456,0.10403015618517131,SA1,SA1 — AR6 pathways; fixed NATO GDP share (s_NATO=0.5018),SSP5-8.5,SA1 — AR6 pathways; fixed NATO GDP share (s_NATO=0.5018) — SSP5-8.5 — MIGRATION 1.0 / SSP5-8.5_zeromig — S1: NATO 3.5%,SA1_AR6_fixed_split,SSP5-8.5,158.86358283723416,79.7177458677241,79.14583696951006,0.5018,0.42176627275721645,0.941583517482057,67.00330121011756,AR6 World GDP level and trajectory (unrebased),Fixed original NATO GDP share = 0.5018,MIGRATION 1.0,SSP5-8.5_zeromig,0.041588812954927334,67.00330121011756,0.041588812954927334,0.0581986887749224,,,,
2028,S1,"NATO→3.5%, nonNATO holds",0.055,,,,,0.028820930945768986,0.022985547972701727,2.4114864346333436,1.9094344169436015,4.320920851576945,0.9003108417151483,0.39664044075562477,3.890171888867775,64.42294431234033,68.3131162012081,0.056946192842524404,,14.850632111090402,3.7530007403425945,0.13717114852518053,0.24120130471035184,SA1,SA1 — AR6 pathways; fixed NATO GDP share (s_NATO=0.5018),SSP5-8.5,SA1 — AR6 pathways; fixed NATO GDP share (s_NATO=0.5018) — SSP5-8.5 — MIGRATION 1.0 / SSP5-8.5_zeromig — S1: NATO 3.5%,SA1_AR6_fixed_split,SSP5-8.5,166.7424434517702,83.67135812409829,83.07108532767192,0.5018,0.40923220077961286,0.913601489654434,68.23637709713807,AR6 World GDP level and trajectory (unrebased),Fixed original NATO GDP share = 0.5018,MIGRATION 1.0,SSP5-8.5_zeromig,0.07673910407002893,68.23637709713807,0.07673910407002893,0.13493779284495133,,,,
2029,S1,"NATO→3.5%, nonNATO holds",0.055,,,,,0.029845109579542582,0.022985547972701727,2.6210288698482582,2.0041330719469292,4.625161941795188,0.8729878360329933,0.3846030326578922,4.037710114869939,65.53131664572852,69.56902676059846,0.05803890470919684,,18.88834222596034,3.819584927609518,0.21812518726042107,0.4593264919707729,SA1,SA1 — AR6 pathways; fixed NATO GDP share (s_NATO=0.5018),SSP5-8.5,SA1 — AR6 pathways; fixed NATO GDP share (s_NATO=0.5018) — SSP5-8.5 — MIGRATION 1.0 / SSP5-8.5_zeromig — S1: NATO 3.5%,SA1_AR6_fixed_split,SSP5-8.5,175.0120572110772,87.82105030851855,87.19100690255866,0.5018,0.39681265274226973,0.885875133893241,69.44699868380943,AR6 World GDP level and trajectory (unrebased),Fixed original NATO GDP share = 0.5018,MIGRATION 1.0,SSP5-8.5_zeromig,0.12202807678903582,69.44699868380943,0.12202807678903582,0.25696586963398715,,,,
2030,S1,"NATO→3.5%, nonNATO holds",0.055,,,,,0.030999999999995285,0.022985547972701727,2.8574729579671443,2.1035283193966197,4.9610012773637635,0.8461594780801066,0.37278354628703997,4.197798251608864,66.62790230921794,70.8257005608268,0.05926942082279433,,23.086140477569202,3.885814015900605,0.31198423570825895,0.7713107276790319,SA1,SA1 — AR6 pathways; fixed NATO GDP share (s_NATO=0.5018),SSP5-8.5,SA1 — AR6 pathways; fixed NATO GDP share (s_NATO=0.5018) — SSP5-8.5 — MIGRATION 1.0 / SSP5-8.5_zeromig — S1: NATO 3.5%,SA1_AR6_fixed_split,SSP5-8.5,183.69180356957398,92.17654703121222,91.51525653836175,0.5018,0.38461794458186666,0.8586507279935566,70.65116392546554,AR6 World GDP level and trajectory (unrebased),Fixed original NATO GDP share = 0.5018,MIGRATION 1.0,SSP5-8.5_zeromig,0.17453663536126385,70.65116392546554,0.17453663536126385,0.431502504995251,,,,
2031,S1,"NATO→3.5%, nonNATO holds",0.055,,,,,0.03215489042044799,0.022985547972701727,3.103585703988293,2.2026456550893823,5.306231359077675,0.8257690982539551,0.36380037195803616,4.38172188451243,68.04560347672655,72.42732536123899,0.06049818715047293,,27.467862362081632,3.9708610221810248,0.4108608623314054,1.1821715900104373,SA1,SA1 — AR6 pathways; fixed NATO GDP share (s_NATO=0.5018),SSP5-8.5,SA1 — AR6 pathways; fixed NATO GDP share (s_NATO=0.5018) — SSP5-8.5 — MIGRATION 1.0 / SSP5-8.5_zeromig — S1: NATO 3.5%,SA1_AR6_fixed_split,SSP5-8.5,192.3472811262712,96.5198656691629,95.82741545710832,0.5018,0.3753495901154341,0.8379593395078831,72.19747313056408,AR6 World GDP level and trajectory (unrebased),Fixed original NATO GDP share = 0.5018,MIGRATION 1.0,SSP5-8.5_zeromig,0.2298522306749078,72.19747313056409,0.22985223067489358,0.6613547356701446,,,,
2032,S1,"NATO→3.5%, nonNATO holds",0.055,,,,,0.033179069054221584,0.022985547972701727,3.353336828731362,2.306433356350434,5.659770185081795,0.8053798260092528,0.354817685584496,4.558264726913533,69.45585674282067,74.0141214697342,0.06158641940751124,,32.02612708899517,4.055300869848773,0.5029638570647599,1.6851354470751971,SA1,SA1 — AR6 pathways; fixed NATO GDP share (s_NATO=0.5018),SSP5-8.5,SA1 — AR6 pathways; fixed NATO GDP share (s_NATO=0.5018) — SSP5-8.5 — MIGRATION 1.0 / SSP5-8.5_zeromig — S1: NATO 3.5%,SA1_AR6_fixed_split,SSP5-8.5,201.41060100515517,101.06783958438687,100.3427614207683,0.5018,0.36608173909511493,0.8172690749540954,73.73274308815951,AR6 World GDP level and trajectory (unrebased),Fixed original NATO GDP share = 0.5018,MIGRATION 1.0,SSP5-8.5_zeromig,0.2813783815746973,73.73274308815952,0.2813783815746831,0.9427331172448277,,,,
2033,S1,"NATO→3.5%, nonNATO holds",0.055,,,,,0.03399498385901843,0.022985547972701727,3.5976929507395417,2.415111488765573,6.012804439505114,0.7844164704248574,0.3455820813759861,4.716542835791515,70.80568235247048,75.522225188262,0.062452381719872586,,36.74266992478668,4.135855069467518,0.5806877663239964,2.2658232133991936,SA1,SA1 — AR6 pathways; fixed NATO GDP share (s_NATO=0.5018),SSP5-8.5,SA1 — AR6 pathways; fixed NATO GDP share (s_NATO=0.5018) — SSP5-8.5 — MIGRATION 1.0 / SSP5-8.5_zeromig — S1: NATO 3.5%,SA1_AR6_fixed_split,SSP5-8.5,210.9009805583224,105.83011204416619,105.07086851415622,0.5018,0.3565529411022079,0.7959962522770151,75.19736489940942,AR6 World GDP level and trajectory (unrebased),Fixed original NATO GDP share = 0.5018,MIGRATION 1.0,SSP5-8.5_zeromig,0.3248602888525767,75.19736489940944,0.32486028885256246,1.2675934060973901,,,,
2034,S1,"NATO→3.5%, nonNATO holds",0.055,,,,,0.034591224067421655,0.022985547972701727,3.8332880917044467,2.528910487314872,6.362198579019319,0.7633952115924943,0.33632096734494504,4.85687193042392,72.13289151093136,76.98976344135528,0.06308464545580142,,41.5995418552106,4.214677149872974,0.6421947805509465,2.90801799395014,SA1,SA1 — AR6 pathways; fixed NATO GDP share (s_NATO=0.5018),SSP5-8.5,SA1 — AR6 pathways; fixed NATO GDP share (s_NATO=0.5018) — SSP5-8.5 — MIGRATION 1.0 / SSP5-8.5_zeromig — S1: NATO 3.5%,SA1_AR6_fixed_split,SSP5-8.5,220.8385426511057,110.81678070232485,110.02176194878086,0.5018,0.3469978234511338,0.7746646715675443,76.63049363405406,AR6 World GDP level and trajectory (unrebased),Fixed original NATO GDP share = 0.5018,MIGRATION 1.0,SSP5-8.5_zeromig,0.35926980730121727,76.63049363405406,0.35926980730121727,1.6268632133986074,,,,
2035,S1,"NATO→3.5%, nonNATO holds",0.055,,,,,0.03499999999999057,0.022985547972701727,4.0613446653393,2.6480716449740354,6.709416310313335,0.742429659185252,0.32708439530539074,4.9812696645979,73.44187573526519,78.42314539986309,0.06351785100176047,,46.580811519808506,4.2920667535764245,0.6892029110214759,3.597220904971616,SA1,SA1 — AR6 pathways; fixed NATO GDP share (s_NATO=0.5018),SSP5-8.5,SA1 — AR6 pathways; fixed NATO GDP share (s_NATO=0.5018) — SSP5-8.5 — MIGRATION 1.0 / SSP5-8.5_zeromig — S1: NATO 3.5%,SA1_AR6_fixed_split,SSP5-8.5,231.244358329465,116.03841900972554,115.20593931973946,0.5018,0.3374680269023873,0.7533896196374855,78.03757733775319,AR6 World GDP level and trajectory (unrebased),Fixed original NATO GDP share = 0.5018,MIGRATION 1.0,SSP5-8.5_zeromig,0.3855680621098969,78.03757733775318,0.3855680621099111,2.0124312755085185,,,,
2025,S2,"NATO→3.5%, nonNATO→3.5%",0.055,,,,,0.027,0.022985547972701727,1.9537777396815663,1.651350723188336,3.605128462869902,0.9854524668689925,0.43415038750172397,3.552682737114764,61.041548846790036,64.5942315839048,0.05499999999999999,,3.552682737114764,3.552682737114764,0.0,0.0,SA1,SA1 — AR6 pathways; fixed NATO GDP share (s_NATO=0.5018),SSP5-8.5,SA1 — AR6 pathways; fixed NATO GDP share (s_NATO=0.5018) — SSP5-8.5 — MIGRATION 1.0 / SSP5-8.5_zeromig — S2: NATO/non-NATO 3.5%,SA1_AR6_fixed_split,SSP5-8.5,144.2051385147961,72.36213850672468,71.84300000807141,0.5018,0.4479329394859057,1.0,64.5942315839048,AR6 World GDP level and trajectory (unrebased),Fixed original NATO GDP share = 0.5018,MIGRATION 1.0,SSP5-8.5_zeromig,0.0,64.5942315839048,0.0,0.0,,,,
2026,S2,"NATO→3.5%, nonNATO→3.5%",0.055,,,,,0.02740877593256891,0.023599450326672138,2.0817225274755584,1.7795416426175228,3.861264170093081,0.956299473283868,0.4213067609572286,3.692524892069885,62.14095561512229,65.83348050719218,0.056088860312747464,,7.245207629184649,3.618565762366226,0.07395912970365925,0.07395912970365925,SA1,SA1 — AR6 pathways; fixed NATO GDP share (s_NATO=0.5018),SSP5-8.5,SA1 — AR6 pathways; fixed NATO GDP share (s_NATO=0.5018) — SSP5-8.5 — MIGRATION 1.0 / SSP5-8.5_zeromig — S2: NATO/non-NATO 3.5%,SA1_AR6_fixed_split,SSP5-8.5,151.357011624834,75.95094843334171,75.4060631914923,0.5018,0.4346815787653946,0.9704166415273685,65.79210477029503,AR6 World GDP level and trajectory (unrebased),Fixed original NATO GDP share = 0.5018,MIGRATION 1.0,SSP5-8.5_zeromig,0.04137573689715168,65.79210477029503,0.04137573689715168,0.04137573689715168,,,,
2027,S2,"NATO→3.5%, nonNATO→3.5%",0.055,,,,,0.028005016140972137,0.024494887749248,2.2324967597475283,1.9386683923884314,4.171165152135959,0.9278858000658762,0.40878884898007134,3.8703649143965766,63.23653537143573,67.10690028583231,0.05767461912130208,,11.115572543581226,3.6851815665564653,0.18518334784011126,0.2591424775437705,SA1,SA1 — AR6 pathways; fixed NATO GDP share (s_NATO=0.5018),SSP5-8.5,SA1 — AR6 pathways; fixed NATO GDP share (s_NATO=0.5018) — SSP5-8.5 — MIGRATION 1.0 / SSP5-8.5_zeromig — S2: NATO/non-NATO 3.5%,SA1_AR6_fixed_split,SSP5-8.5,158.86358283723416,79.7177458677241,79.14583696951006,0.5018,0.42176627275721645,0.941583517482057,67.00330121011756,AR6 World GDP level and trajectory (unrebased),Fixed original NATO GDP share = 0.5018,MIGRATION 1.0,SSP5-8.5_zeromig,0.10359907571475446,67.00330121011756,0.10359907571475446,0.14497481261190615,,,,
2028,S2,"NATO→3.5%, nonNATO→3.5%",0.055,,,,,0.028820930945768986,0.025720233909322272,2.4114864346333436,2.136607745728991,4.548094180362335,0.9003108417151483,0.39664044075562477,4.0946984997217815,64.33283818308297,68.42753668280476,0.05983992261335842,,15.210271043303006,3.7530007403425945,0.341697759379187,0.6008402369229575,SA1,SA1 — AR6 pathways; fixed NATO GDP share (s_NATO=0.5018),SSP5-8.5,SA1 — AR6 pathways; fixed NATO GDP share (s_NATO=0.5018) — SSP5-8.5 — MIGRATION 1.0 / SSP5-8.5_zeromig — S2: NATO/non-NATO 3.5%,SA1_AR6_fixed_split,SSP5-8.5,166.7424434517702,83.67135812409829,83.07108532767192,0.5018,0.40923220077961286,0.913601489654434,68.23637709713807,AR6 World GDP level and trajectory (unrebased),Fixed original NATO GDP share = 0.5018,MIGRATION 1.0,SSP5-8.5_zeromig,0.19115958566668212,68.23637709713807,0.19115958566668212,0.33613439827858826,,,,
2029,S2,"NATO→3.5%, nonNATO→3.5%",0.055,,,,,0.029845109579542582,0.027258352042179364,2.6210288698482582,2.3766831610620347,4.997712030910293,0.8729878360329933,0.3846030326578922,4.362941810980433,65.3880327516379,69.75097456261832,0.06255026310870597,,19.57321285428344,3.819584927609518,0.5433568833709153,1.1441971202938728,SA1,SA1 — AR6 pathways; fixed NATO GDP share (s_NATO=0.5018),SSP5-8.5,SA1 — AR6 pathways; fixed NATO GDP share (s_NATO=0.5018) — SSP5-8.5 — MIGRATION 1.0 / SSP5-8.5_zeromig — S2: NATO/non-NATO 3.5%,SA1_AR6_fixed_split,SSP5-8.5,175.0120572110772,87.82105030851855,87.19100690255866,0.5018,0.39681265274226973,0.885875133893241,69.44699868380943,AR6 World GDP level and trajectory (unrebased),Fixed original NATO GDP share = 0.5018,MIGRATION 1.0,SSP5-8.5_zeromig,0.30397587880889887,69.44699868380943,0.30397587880889887,0.6401102770874871,,,,
2030,S2,"NATO→3.5%, nonNATO→3.5%",0.055,,,,,0.030999999999995285,0.028992773986343784,2.8574729579671443,2.6532811491189925,5.510754107086137,0.8461594780801066,0.37278354628703997,4.66297681907981,66.42296349977269,71.08594031885251,0.06559633027521694,,24.23618967336325,3.885814015900605,0.7771628031792046,1.9213599234730774,SA1,SA1 — AR6 pathways; fixed NATO GDP share (s_NATO=0.5018),SSP5-8.5,SA1 — AR6 pathways; fixed NATO GDP share (s_NATO=0.5018) — SSP5-8.5 — MIGRATION 1.0 / SSP5-8.5_zeromig — S2: NATO/non-NATO 3.5%,SA1_AR6_fixed_split,SSP5-8.5,183.69180356957398,92.17654703121222,91.51525653836175,0.5018,0.38461794458186666,0.8586507279935566,70.65116392546554,AR6 World GDP level and trajectory (unrebased),Fixed original NATO GDP share = 0.5018,MIGRATION 1.0,SSP5-8.5_zeromig,0.4347763933869686,70.65116392546554,0.4347763933869686,1.0748866704744557,,,,
2031,S2,"NATO→3.5%, nonNATO→3.5%",0.055,,,,,0.03215489042044799,0.0307271959305082,3.103585703988293,2.944507770264777,6.04809347425307,0.8257690982539551,0.36380037195803616,4.994328694389588,67.77571376328417,72.77004245767377,0.06863165838187477,,29.230518367752836,3.9708610221810248,1.0234676722085632,2.9448275956816405,SA1,SA1 — AR6 pathways; fixed NATO GDP share (s_NATO=0.5018),SSP5-8.5,SA1 — AR6 pathways; fixed NATO GDP share (s_NATO=0.5018) — SSP5-8.5 — MIGRATION 1.0 / SSP5-8.5_zeromig — S2: NATO/non-NATO 3.5%,SA1_AR6_fixed_split,SSP5-8.5,192.3472811262712,96.5198656691629,95.82741545710832,0.5018,0.3753495901154341,0.8379593395078831,72.19747313056408,AR6 World GDP level and trajectory (unrebased),Fixed original NATO GDP share = 0.5018,MIGRATION 1.0,SSP5-8.5_zeromig,0.5725693271096901,72.19747313056409,0.5725693271096759,1.6474559975841316,,,,
2032,S2,"NATO→3.5%, nonNATO→3.5%",0.055,,,,,0.033179069054221584,0.032265314063365295,3.353336828731362,3.237590711226424,6.590927539957786,0.8053798260092528,0.354817685584496,5.308200075370794,69.12546564524858,74.43366572061937,0.07131450566057952,,34.538718443123635,4.055300869848773,1.252899205522021,4.197726801203661,SA1,SA1 — AR6 pathways; fixed NATO GDP share (s_NATO=0.5018),SSP5-8.5,SA1 — AR6 pathways; fixed NATO GDP share (s_NATO=0.5018) — SSP5-8.5 — MIGRATION 1.0 / SSP5-8.5_zeromig — S2: NATO/non-NATO 3.5%,SA1_AR6_fixed_split,SSP5-8.5,201.41060100515517,101.06783958438687,100.3427614207683,0.5018,0.36608173909511493,0.8172690749540954,73.73274308815951,AR6 World GDP level and trajectory (unrebased),Fixed original NATO GDP share = 0.5018,MIGRATION 1.0,SSP5-8.5_zeromig,0.7009226324598643,73.73274308815952,0.7009226324598501,2.3483786300439817,,,,
2033,S2,"NATO→3.5%, nonNATO→3.5%",0.055,,,,,0.03399498385901843,0.033490660223439564,3.5976929507395417,3.5188927567893002,7.1165857075288415,0.7844164704248574,0.3455820813759861,5.58236704217576,70.42423532448302,76.00660236665878,0.07344581744683451,,40.12108548529939,4.135855069467518,1.446511972708242,5.644238773911903,SA1,SA1 — AR6 pathways; fixed NATO GDP share (s_NATO=0.5018),SSP5-8.5,SA1 — AR6 pathways; fixed NATO GDP share (s_NATO=0.5018) — SSP5-8.5 — MIGRATION 1.0 / SSP5-8.5_zeromig — S2: NATO/non-NATO 3.5%,SA1_AR6_fixed_split,SSP5-8.5,210.9009805583224,105.83011204416619,105.07086851415622,0.5018,0.3565529411022079,0.7959962522770151,75.19736489940942,AR6 World GDP level and trajectory (unrebased),Fixed original NATO GDP share = 0.5018,MIGRATION 1.0,SSP5-8.5_zeromig,0.8092374672493605,75.19736489940944,0.8092374672493463,3.157616097293328,,,,
2034,S2,"NATO→3.5%, nonNATO→3.5%",0.055,,,,,0.034591224067421655,0.034386097646015426,3.8332880917044467,3.7832190495574434,7.61650714126189,0.7633952115924943,0.33632096734494504,5.814405080699364,71.7110412419289,77.52544632262826,0.0749999562273045,,45.935490565998755,4.214677149872974,1.5997279308263908,7.243966704738295,SA1,SA1 — AR6 pathways; fixed NATO GDP share (s_NATO=0.5018),SSP5-8.5,SA1 — AR6 pathways; fixed NATO GDP share (s_NATO=0.5018) — SSP5-8.5 — MIGRATION 1.0 / SSP5-8.5_zeromig — S2: NATO/non-NATO 3.5%,SA1_AR6_fixed_split,SSP5-8.5,220.8385426511057,110.81678070232485,110.02176194878086,0.5018,0.3469978234511338,0.7746646715675443,76.63049363405406,AR6 World GDP level and trajectory (unrebased),Fixed original NATO GDP share = 0.5018,MIGRATION 1.0,SSP5-8.5_zeromig,0.8949526885741932,76.63049363405406,0.8949526885741932,4.052568785867521,,,,
2035,S2,"NATO→3.5%, nonNATO→3.5%",0.055,,,,,0.03499999999999057,0.03499999999998584,4.0613446653393,4.03220787618925,8.093552541528549,0.742429659185252,0.32708439530539074,6.008893455004971,72.98914637305789,78.99803982806286,0.07606382978720952,,51.94438402100373,4.2920667535764245,1.7168267014285465,8.960793406166841,SA1,SA1 — AR6 pathways; fixed NATO GDP share (s_NATO=0.5018),SSP5-8.5,SA1 — AR6 pathways; fixed NATO GDP share (s_NATO=0.5018) — SSP5-8.5 — MIGRATION 1.0 / SSP5-8.5_zeromig — S2: NATO/non-NATO 3.5%,SA1_AR6_fixed_split,SSP5-8.5,231.244358329465,116.03841900972554,115.20593931973946,0.5018,0.3374680269023873,0.7533896196374855,78.03757733775319,AR6 World GDP level and trajectory (unrebased),Fixed original NATO GDP share = 0.5018,MIGRATION 1.0,SSP5-8.5_zeromig,0.9604624903096664,78.03757733775318,0.9604624903096806,5.013031276177202,,,,
2025,S3,"NATO→5%, nonNATO→3.5%",0.055,,,,,0.027,0.022985547972701727,1.9537777396815663,1.651350723188336,3.605128462869902,0.9854524668689925,0.43415038750172397,3.552682737114764,61.041548846790036,64.5942315839048,0.05499999999999999,,3.552682737114764,3.552682737114764,0.0,0.0,SA1,SA1 — AR6 pathways; fixed NATO GDP share (s_NATO=0.5018),SSP5-8.5,SA1 — AR6 pathways; fixed NATO GDP share (s_NATO=0.5018) — SSP5-8.5 — MIGRATION 1.0 / SSP5-8.5_zeromig — S3: NATO 5%; non-NATO 3.5%,SA1_AR6_fixed_split,SSP5-8.5,144.2051385147961,72.36213850672468,71.84300000807141,0.5018,0.4479329394859057,1.0,64.5942315839048,AR6 World GDP level and trajectory (unrebased),Fixed original NATO GDP share = 0.5018,MIGRATION 1.0,SSP5-8.5_zeromig,0.0,64.5942315839048,0.0,0.0,,,,
2026,S3,"NATO→5%, nonNATO→3.5%",0.055,,,,,0.02817523080613562,0.023599450326672138,2.139935502054307,1.7795416426175228,3.9194771446718297,0.956299473283868,0.4213067609572286,3.7481939289978294,62.11643009535683,65.86462402435467,0.056907543078236734,,7.300876666112593,3.618565762366226,0.12962816663160348,0.12962816663160348,SA1,SA1 — AR6 pathways; fixed NATO GDP share (s_NATO=0.5018),SSP5-8.5,SA1 — AR6 pathways; fixed NATO GDP share (s_NATO=0.5018) — SSP5-8.5 — MIGRATION 1.0 / SSP5-8.5_zeromig — S3: NATO 5%; non-NATO 3.5%,SA1_AR6_fixed_split,SSP5-8.5,151.357011624834,75.95094843334171,75.4060631914923,0.5018,0.4346815787653946,0.9704166415273685,65.79210477029503,AR6 World GDP level and trajectory (unrebased),Fixed original NATO GDP share = 0.5018,MIGRATION 1.0,SSP5-8.5_zeromig,0.07251925405964244,65.79210477029503,0.07251925405964244,0.07251925405964244,,,,
2027,S3,"NATO→5%, nonNATO→3.5%",0.055,,,,,0.029889421405294894,0.024494887749248,2.3827172997206114,1.9386683923884314,4.321385692109043,0.9278858000658762,0.40878884898007134,4.00975242031583,63.17512688980697,67.1848793101228,0.05968236397072276,,11.310629086428424,3.6851815665564653,0.32457085375936456,0.45419902039096804,SA1,SA1 — AR6 pathways; fixed NATO GDP share (s_NATO=0.5018),SSP5-8.5,SA1 — AR6 pathways; fixed NATO GDP share (s_NATO=0.5018) — SSP5-8.5 — MIGRATION 1.0 / SSP5-8.5_zeromig — S3: NATO 5%; non-NATO 3.5%,SA1_AR6_fixed_split,SSP5-8.5,158.86358283723416,79.7177458677241,79.14583696951006,0.5018,0.42176627275721645,0.941583517482057,67.00330121011756,AR6 World GDP level and trajectory (unrebased),Fixed original NATO GDP share = 0.5018,MIGRATION 1.0,SSP5-8.5_zeromig,0.18157810000523966,67.00330121011756,0.18157810000523966,0.2540973540648821,,,,
2028,S3,"NATO→5%, nonNATO→3.5%",0.055,,,,,0.03223517646908584,0.025720233909322272,2.6971609945383874,2.136607745728991,4.833768740267379,0.9003108417151483,0.39664044075562477,4.351894403206496,64.21952809972956,68.57142250293606,0.06346513233001924,,15.66252348963492,3.7530007403425945,0.5988936628639019,1.05309268325487,SA1,SA1 — AR6 pathways; fixed NATO GDP share (s_NATO=0.5018),SSP5-8.5,SA1 — AR6 pathways; fixed NATO GDP share (s_NATO=0.5018) — SSP5-8.5 — MIGRATION 1.0 / SSP5-8.5_zeromig — S3: NATO 5%; non-NATO 3.5%,SA1_AR6_fixed_split,SSP5-8.5,166.7424434517702,83.67135812409829,83.07108532767192,0.5018,0.40923220077961286,0.913601489654434,68.23637709713807,AR6 World GDP level and trajectory (unrebased),Fixed original NATO GDP share = 0.5018,MIGRATION 1.0,SSP5-8.5_zeromig,0.3350454057979846,68.23637709713807,0.3350454057979846,0.5891427598628667,,,,
2029,S3,"NATO→5%, nonNATO→3.5%",0.055,,,,,0.03517969004118492,0.027258352042179364,3.08951732894499,2.3766831610620347,5.466200490007025,0.8729878360329933,0.3846030326578922,4.77192653709372,65.20785066950407,69.97977720659779,0.06819007901390998,,20.43445002672864,3.819584927609518,0.9523416094842023,2.0054342927390723,SA1,SA1 — AR6 pathways; fixed NATO GDP share (s_NATO=0.5018),SSP5-8.5,SA1 — AR6 pathways; fixed NATO GDP share (s_NATO=0.5018) — SSP5-8.5 — MIGRATION 1.0 / SSP5-8.5_zeromig — S3: NATO 5%; non-NATO 3.5%,SA1_AR6_fixed_split,SSP5-8.5,175.0120572110772,87.82105030851855,87.19100690255866,0.5018,0.39681265274226973,0.885875133893241,69.44699868380943,AR6 World GDP level and trajectory (unrebased),Fixed original NATO GDP share = 0.5018,MIGRATION 1.0,SSP5-8.5_zeromig,0.5327785227883624,69.44699868380943,0.5327785227883624,1.121921282651229,,,,
2030,S3,"NATO→5%, nonNATO→3.5%",0.055,,,,,0.03849999999998644,0.028992773986343784,3.5487970607004207,2.6532811491189925,6.202078209819414,0.8461594780801066,0.37278354628703997,5.247947261032797,66.16524924912208,71.41319651015488,0.07348707966442232,,25.682397287761436,3.885814015900605,1.362133245132192,3.367567537871264,SA1,SA1 — AR6 pathways; fixed NATO GDP share (s_NATO=0.5018),SSP5-8.5,SA1 — AR6 pathways; fixed NATO GDP share (s_NATO=0.5018) — SSP5-8.5 — MIGRATION 1.0 / SSP5-8.5_zeromig — S3: NATO 5%; non-NATO 3.5%,SA1_AR6_fixed_split,SSP5-8.5,183.69180356957398,92.17654703121222,91.51525653836175,0.5018,0.38461794458186666,0.8586507279935566,70.65116392546554,AR6 World GDP level and trajectory (unrebased),Fixed original NATO GDP share = 0.5018,MIGRATION 1.0,SSP5-8.5_zeromig,0.7620325846893365,70.65116392546554,0.7620325846893365,1.8839538673405656,,,,
2031,S3,"NATO→5%, nonNATO→3.5%",0.055,,,,,0.041820309958787966,0.0307271959305082,4.03649069946497,2.944507770264777,6.980998469729747,0.8257690982539551,0.36380037195803616,5.764692811260973,67.43632257892826,73.20101539018923,0.07875154163549468,,31.44709009902241,3.9708610221810248,1.7938317890799484,5.161399326951212,SA1,SA1 — AR6 pathways; fixed NATO GDP share (s_NATO=0.5018),SSP5-8.5,SA1 — AR6 pathways; fixed NATO GDP share (s_NATO=0.5018) — SSP5-8.5 — MIGRATION 1.0 / SSP5-8.5_zeromig — S3: NATO 5%; non-NATO 3.5%,SA1_AR6_fixed_split,SSP5-8.5,192.3472811262712,96.5198656691629,95.82741545710832,0.5018,0.3753495901154341,0.8379593395078831,72.19747313056408,AR6 World GDP level and trajectory (unrebased),Fixed original NATO GDP share = 0.5018,MIGRATION 1.0,SSP5-8.5_zeromig,1.0035422596251493,72.19747313056409,1.003542259625135,2.8874961269657007,,,,
2032,S3,"NATO→5%, nonNATO→3.5%",0.055,,,,,0.04476482353088705,0.032265314063365295,4.524284003643079,3.237590711226424,7.761874714869503,0.8053798260092528,0.354817685584496,6.2512573073672195,68.70999287870471,74.96125018607194,0.08339318370291435,,37.69834740638963,4.055300869848773,2.195956437518446,7.357355764469659,SA1,SA1 — AR6 pathways; fixed NATO GDP share (s_NATO=0.5018),SSP5-8.5,SA1 — AR6 pathways; fixed NATO GDP share (s_NATO=0.5018) — SSP5-8.5 — MIGRATION 1.0 / SSP5-8.5_zeromig — S3: NATO 5%; non-NATO 3.5%,SA1_AR6_fixed_split,SSP5-8.5,201.41060100515517,101.06783958438687,100.3427614207683,0.5018,0.36608173909511493,0.8172690749540954,73.73274308815951,AR6 World GDP level and trajectory (unrebased),Fixed original NATO GDP share = 0.5018,MIGRATION 1.0,SSP5-8.5_zeromig,1.228507097912427,73.73274308815952,1.2285070979124129,4.1160032248781135,,,,
2033,S3,"NATO→5%, nonNATO→3.5%",0.055,,,,,0.04711057859467799,0.033490660223439564,4.985717811140269,3.5188927567893002,8.50461056792957,0.7844164704248574,0.3455820813759861,6.671156604033255,69.94455880422413,76.61571540825739,0.08707295322487141,,44.36950401042289,4.135855069467518,2.535301534565737,9.892657299035395,SA1,SA1 — AR6 pathways; fixed NATO GDP share (s_NATO=0.5018),SSP5-8.5,SA1 — AR6 pathways; fixed NATO GDP share (s_NATO=0.5018) — SSP5-8.5 — MIGRATION 1.0 / SSP5-8.5_zeromig — S3: NATO 5%; non-NATO 3.5%,SA1_AR6_fixed_split,SSP5-8.5,210.9009805583224,105.83011204416619,105.07086851415622,0.5018,0.3565529411022079,0.7959962522770151,75.19736489940942,AR6 World GDP level and trajectory (unrebased),Fixed original NATO GDP share = 0.5018,MIGRATION 1.0,SSP5-8.5_zeromig,1.4183505088479649,75.19736489940944,1.4183505088479507,5.534353733726064,,,,
2034,S3,"NATO→5%, nonNATO→3.5%",0.055,,,,,0.04882476919383726,0.034386097646015426,5.41060374059509,3.7832190495574434,9.193822790152534,0.7633952115924943,0.33632096734494504,7.018520294232391,71.18055691708568,78.19907721131807,0.08975195800925094,,51.388024304655275,4.214677149872974,2.8038431443594174,12.696500443394813,SA1,SA1 — AR6 pathways; fixed NATO GDP share (s_NATO=0.5018),SSP5-8.5,SA1 — AR6 pathways; fixed NATO GDP share (s_NATO=0.5018) — SSP5-8.5 — MIGRATION 1.0 / SSP5-8.5_zeromig — S3: NATO 5%; non-NATO 3.5%,SA1_AR6_fixed_split,SSP5-8.5,220.8385426511057,110.81678070232485,110.02176194878086,0.5018,0.3469978234511338,0.7746646715675443,76.63049363405406,AR6 World GDP level and trajectory (unrebased),Fixed original NATO GDP share = 0.5018,MIGRATION 1.0,SSP5-8.5_zeromig,1.5685835772640075,76.63049363405406,1.5685835772640075,7.102937310990072,,,,
2035,S3,"NATO→5%, nonNATO→3.5%",0.055,,,,,0.049999999999972886,0.03499999999998584,5.801920950483131,4.03220787618925,9.83412882667238,0.742429659185252,0.32708439530539074,7.301148913170238,72.4198310313487,79.72097994451894,0.09158378281666134,,58.68917321782551,4.2920667535764245,3.009082159593813,15.705582602988626,SA1,SA1 — AR6 pathways; fixed NATO GDP share (s_NATO=0.5018),SSP5-8.5,SA1 — AR6 pathways; fixed NATO GDP share (s_NATO=0.5018) — SSP5-8.5 — MIGRATION 1.0 / SSP5-8.5_zeromig — S3: NATO 5%; non-NATO 3.5%,SA1_AR6_fixed_split,SSP5-8.5,231.244358329465,116.03841900972554,115.20593931973946,0.5018,0.3374680269023873,0.7533896196374855,78.03757733775319,AR6 World GDP level and trajectory (unrebased),Fixed original NATO GDP share = 0.5018,MIGRATION 1.0,SSP5-8.5_zeromig,1.6834026067657533,78.03757733775318,1.6834026067657675,8.78633991775584,,,,
2025,S0,Baseline,0.055,,,,,0.027,0.024070130675639158,1.1873991188794069,2.276771681130518,3.4641708000099247,0.5825932533906624,0.25666695778749465,2.0182025366787157,34.67638903929793,36.694591575976645,0.05500000000000001,,2.0182025366787157,2.0182025366787157,0.0,0.0,SA2,SA2 — AR6 pathways; evolving NATO GDP share from SSP Basic Drivers v3.2,SSP1-1.9,SA2 — AR6 pathways; evolving NATO GDP share from SSP Basic Drivers v3.2 — SSP1-1.9 — IMAGE 3.0.1 / SSP1-19 — S0: Baseline,SA2_AR6_dynamic_v32_split,SSP1-1.9,138.56683200039697,43.97774514368174,94.58908685671523,0.31737569885090355,0.26481511517757383,1.0,36.694591575976645,AR6 World GDP level and trajectory (unrebased),SSP Basic Drivers v3.2 / OECD ENV-Growth 2025,IMAGE 3.0.1,SSP1-19,0.0,36.694591575976645,0.0,0.0,,,,
2026,S0,Baseline,0.055,,,,,0.027,0.024070130675639158,1.2240048108126798,2.3892107655419017,3.6132155763545812,0.5286412838450313,0.23289790826739143,1.9100949210929505,32.83410886647195,34.7442037875649,0.054975930165841985,,3.9282974577716665,1.9100949210929505,0.0,0.0,SA2,SA2 — AR6 pathways; evolving NATO GDP share from SSP Basic Drivers v3.2,SSP1-1.9,SA2 — AR6 pathways; evolving NATO GDP share from SSP Basic Drivers v3.2 — SSP1-1.9 — IMAGE 3.0.1 / SSP1-19 — S0: Baseline,SA2_AR6_dynamic_v32_split,SSP1-1.9,144.59391012503605,45.33351151158073,99.26039861345532,0.3135229656102325,0.24029149265683242,0.9073934185958498,34.74468649303279,AR6 World GDP level and trajectory (unrebased),SSP Basic Drivers v3.2 / OECD ENV-Growth 2025,IMAGE 3.0.1,SSP1-19,-0.0004827054678884224,34.7442037875649,0.0,0.0,,,,
2027,S0,Baseline,0.055,,,,,0.027,0.024070130675639158,1.2617944554181386,2.506904422361571,3.76869887777971,0.47819994401908644,0.21067549981260456,1.8021915923790512,30.993408615552998,32.79560020793205,0.05495223691448609,,5.730489050150718,1.8021915923790512,0.0,0.0,SA2,SA2 — AR6 pathways; evolving NATO GDP share from SSP Basic Drivers v3.2,SSP1-1.9,SA2 — AR6 pathways; evolving NATO GDP share from SSP Basic Drivers v3.2 — SSP1-1.9 — IMAGE 3.0.1 / SSP1-19 — S0: Baseline,SA2_AR6_dynamic_v32_split,SSP1-1.9,150.8831409610859,46.73312797844958,104.15001298263633,0.3097306145721242,0.2173636109177666,0.820812704637391,32.796504345916006,AR6 World GDP level and trajectory (unrebased),SSP Basic Drivers v3.2 / OECD ENV-Growth 2025,IMAGE 3.0.1,SSP1-19,-0.0009041379839587194,32.79560020793205,0.0,0.0,,,,
2028,S0,Baseline,0.055,,,,,0.027,0.024070130675639158,1.3008085453716793,2.6300910137292126,3.930899559100892,0.4310692601997735,0.18991163211598416,1.6944899648612373,29.154289426259357,30.848779391120594,0.05492891447591516,,7.424979015011955,1.6944899648612373,0.0,0.0,SA2,SA2 — AR6 pathways; evolving NATO GDP share from SSP Basic Drivers v3.2,SSP1-1.9,SA2 — AR6 pathways; evolving NATO GDP share from SSP Basic Drivers v3.2 — SSP1-1.9 — IMAGE 3.0.1 / SSP1-19 — S0: Baseline,SA2_AR6_dynamic_v32_split,SSP1-1.9,157.44592705596344,48.17809427302516,109.26783278293829,0.3059977172728036,0.19594057281807886,0.7399146105640133,30.850045135218938,AR6 World GDP level and trajectory (unrebased),SSP Basic Drivers v3.2 / OECD ENV-Growth 2025,IMAGE 3.0.1,SSP1-19,-0.0012657440983439017,30.848779391120594,0.0,0.0,,,,
2029,S0,Baseline,0.055,,,,,0.027,0.024070130675639158,1.34108904741336,2.7590195255745655,4.100108572987926,0.3870598739376787,0.17052288152499134,1.5869875073915025,27.31675243255711,28.90373993994861,0.05490595717677648,,9.011966522403457,1.5869875073915025,0.0,0.0,SA2,SA2 — AR6 pathways; evolving NATO GDP share from SSP Basic Drivers v3.2,SSP1-1.9,SA2 — AR6 pathways; evolving NATO GDP share from SSP Basic Drivers v3.2 — SSP1-1.9 — IMAGE 3.0.1 / SSP1-19 — S0: Baseline,SA2_AR6_dynamic_v32_split,SSP1-1.9,164.2941669202464,49.669964719013336,114.62420220123306,0.3023233608964627,0.17593630633530852,0.6643741095266902,28.90530888038478,AR6 World GDP level and trajectory (unrebased),SSP Basic Drivers v3.2 / OECD ENV-Growth 2025,IMAGE 3.0.1,SSP1-19,-0.001568940436168731,28.90373993994861,0.0,0.0,,,,
2030,S0,Baseline,0.055,,,,,0.027,0.024070130675639158,1.382679459604129,2.893950035822553,4.276629495426683,0.3459925019508753,0.15243026309723878,1.479681739039587,25.48079870844408,26.96048044748367,0.05488335943871103,,10.491648261443045,1.479681739039587,0.0,0.0,SA2,SA2 — AR6 pathways; evolving NATO GDP share from SSP Basic Drivers v3.2,SSP1-1.9,SA2 — AR6 pathways; evolving NATO GDP share from SSP Basic Drivers v3.2 — SSP1-1.9 — IMAGE 3.0.1 / SSP1-19 — S0: Baseline,SA2_AR6_dynamic_v32_split,SSP1-1.9,171.44027659999995,51.210350355708485,120.22992624429146,0.2987066480019229,0.1572693190685797,0.5938834683326951,26.962295561810947,AR6 World GDP level and trajectory (unrebased),SSP Basic Drivers v3.2 / OECD ENV-Growth 2025,IMAGE 3.0.1,SSP1-19,-0.0018151143272788772,26.96048044748367,0.0,0.0,,,,
2031,S0,Baseline,0.055,,,,,0.027,0.024070130675639158,1.4163452766434854,3.0148260351959206,4.431171311839406,0.3175411683113456,0.1398957594658376,1.407079315349203,24.2408312538442,25.647910569193403,0.0548613623535983,,11.898727576792247,1.407079315349203,0.0,0.0,SA2,SA2 — AR6 pathways; evolving NATO GDP share from SSP Basic Drivers v3.2,SSP1-1.9,SA2 — AR6 pathways; evolving NATO GDP share from SSP Basic Drivers v3.2 — SSP1-1.9 — IMAGE 3.0.1 / SSP1-19 — S0: Baseline,SA2_AR6_dynamic_v32_split,SSP1-1.9,177.7089843520823,52.45723246827724,125.25175188380506,0.2951861587613793,0.14433689468697528,0.5450477952898914,25.64996295935584,AR6 World GDP level and trajectory (unrebased),SSP Basic Drivers v3.2 / OECD ENV-Growth 2025,IMAGE 3.0.1,SSP1-19,-0.0020523901624365237,25.647910569193403,0.0,0.0,,,,
2032,S0,Baseline,0.055,,,,,0.027,0.024070130675639158,1.4508684141182664,3.140454982079695,4.591323396197962,0.29068151672254855,0.12806248638825568,1.3346128485705462,23.00201825408824,24.33663110265879,0.05483967123225774,,13.233340425362794,1.3346128485705462,0.0,0.0,SA2,SA2 — AR6 pathways; evolving NATO GDP share from SSP Basic Drivers v3.2,SSP1-1.9,SA2 — AR6 pathways; evolving NATO GDP share from SSP Basic Drivers v3.2 — SSP1-1.9 — IMAGE 3.0.1 / SSP1-19 — S0: Baseline,SA2_AR6_dynamic_v32_split,SSP1-1.9,184.20690718512637,53.735867189565425,130.47103999556094,0.29171472454917957,0.132127962146613,0.49894418624108205,24.338883259701028,AR6 World GDP level and trajectory (unrebased),SSP Basic Drivers v3.2 / OECD ENV-Growth 2025,IMAGE 3.0.1,SSP1-19,-0.0022521570422391335,24.33663110265879,0.0,0.0,,,,
2033,S0,Baseline,0.055,,,,,0.027,0.024070130675639158,1.4862719278857368,3.2710180600697765,4.757289987955513,0.2653361288096339,0.11689633646858,1.2622809090289457,21.764360344526803,23.02664125355575,0.054818281794963286,,14.495621334391739,1.2622809090289457,0.0,0.0,SA2,SA2 — AR6 pathways; evolving NATO GDP share from SSP Basic Drivers v3.2,SSP1-1.9,SA2 — AR6 pathways; evolving NATO GDP share from SSP Basic Drivers v3.2 — SSP1-1.9 — IMAGE 3.0.1 / SSP1-19 — S0: Baseline,SA2_AR6_dynamic_v32_split,SSP1-1.9,190.94242634059682,55.047108440212476,135.89531790038436,0.2882916567846543,0.12060733127710635,0.45543975537888826,23.02905646851484,AR6 World GDP level and trajectory (unrebased),SSP Basic Drivers v3.2 / OECD ENV-Growth 2025,IMAGE 3.0.1,SSP1-19,-0.0024152149590896954,23.02664125355575,0.0,0.0,,,,
2034,S0,Baseline,0.055,,,,,0.027,0.024070130675639158,1.5225795342696555,3.4067032404927255,4.929282774762381,0.24143108591056997,0.10636474414241895,1.190082093071149,20.527858131311582,21.71794022438273,0.054797189824431145,,15.685703427462888,1.190082093071149,0.0,0.0,SA2,SA2 — AR6 pathways; evolving NATO GDP share from SSP Basic Drivers v3.2,SSP1-1.9,SA2 — AR6 pathways; evolving NATO GDP share from SSP Basic Drivers v3.2 — SSP1-1.9 — IMAGE 3.0.1 / SSP1-19 — S0: Baseline,SA2_AR6_dynamic_v32_split,SSP1-1.9,197.92422951976133,56.391834602579834,141.53239491718148,0.2849162769985648,0.10974140268662272,0.41440762402491554,21.72048257316767,AR6 World GDP level and trajectory (unrebased),SSP Basic Drivers v3.2 / OECD ENV-Growth 2025,IMAGE 3.0.1,SSP1-19,-0.0025423487849387527,21.71794022438273,0.0,0.0,,,,
2035,S0,Baseline,0.055,,,,,0.027,0.024070130675639158,1.5598156303032051,3.5477055340819104,5.1075211643851155,0.21889581852041462,0.0964366193481547,1.118015025888421,19.29251224895538,20.4105272748438,0.05477639116488611,,16.80371845335131,1.118015025888421,0.0,0.0,SA2,SA2 — AR6 pathways; evolving NATO GDP share from SSP Basic Drivers v3.2,SSP1-1.9,SA2 — AR6 pathways; evolving NATO GDP share from SSP Basic Drivers v3.2 — SSP1-1.9 — IMAGE 3.0.1 / SSP1-19 — S0: Baseline,SA2_AR6_dynamic_v32_split,SSP1-1.9,205.16132208938131,57.770949270489076,147.39037281889225,0.2815879166801254,0.0994980993274612,0.3757266622063547,20.41316160340252,AR6 World GDP level and trajectory (unrebased),SSP Basic Drivers v3.2 / OECD ENV-Growth 2025,IMAGE 3.0.1,SSP1-19,-0.002634328558720256,20.4105272748438,0.0,0.0,,,,
2025,S1,"NATO→3.5%, nonNATO holds",0.055,,,,,0.027,0.024070130675639158,1.1873991188794069,2.276771681130518,3.4641708000099247,0.5825932533906624,0.25666695778749465,2.0182025366787157,34.67638903929793,36.694591575976645,0.05500000000000001,,2.0182025366787157,2.0182025366787157,0.0,0.0,SA2,SA2 — AR6 pathways; evolving NATO GDP share from SSP Basic Drivers v3.2,SSP1-1.9,SA2 — AR6 pathways; evolving NATO GDP share from SSP Basic Drivers v3.2 — SSP1-1.9 — IMAGE 3.0.1 / SSP1-19 — S1: NATO 3.5%,SA2_AR6_dynamic_v32_split,SSP1-1.9,138.56683200039697,43.97774514368174,94.58908685671523,0.31737569885090355,0.26481511517757383,1.0,36.694591575976645,AR6 World GDP level and trajectory (unrebased),SSP Basic Drivers v3.2 / OECD ENV-Growth 2025,IMAGE 3.0.1,SSP1-19,0.0,36.694591575976645,0.0,0.0,,,,
2026,S1,"NATO→3.5%, nonNATO holds",0.055,,,,,0.02740877593256891,0.024070130675639158,1.2425360592574497,2.3892107655419017,3.631746824799351,0.5286412838450313,0.23289790826739143,1.919891304062045,32.82979297747158,34.749684281533625,0.05524917258262104,,3.938093840740761,1.9100949210929505,0.009796382969094353,0.009796382969094353,SA2,SA2 — AR6 pathways; evolving NATO GDP share from SSP Basic Drivers v3.2,SSP1-1.9,SA2 — AR6 pathways; evolving NATO GDP share from SSP Basic Drivers v3.2 — SSP1-1.9 — IMAGE 3.0.1 / SSP1-19 — S1: NATO 3.5%,SA2_AR6_dynamic_v32_split,SSP1-1.9,144.59391012503605,45.33351151158073,99.26039861345532,0.3135229656102325,0.24029149265683242,0.9073934185958498,34.74468649303279,AR6 World GDP level and trajectory (unrebased),SSP Basic Drivers v3.2 / OECD ENV-Growth 2025,IMAGE 3.0.1,SSP1-19,0.00499778850083743,34.7442037875649,0.0054804939687258525,0.0054804939687258525,,,,
2027,S1,"NATO→3.5%, nonNATO holds",0.055,,,,,0.028005016140972137,0.024070130675639158,1.308762003354597,2.506904422361571,3.8156664257161683,0.47819994401908644,0.21067549981260456,1.8246514711729793,30.98351370391651,32.80816517508949,0.0556157731295012,,5.76274531191374,1.8021915923790512,0.02245987879392808,0.03225626176302243,SA2,SA2 — AR6 pathways; evolving NATO GDP share from SSP Basic Drivers v3.2,SSP1-1.9,SA2 — AR6 pathways; evolving NATO GDP share from SSP Basic Drivers v3.2 — SSP1-1.9 — IMAGE 3.0.1 / SSP1-19 — S1: NATO 3.5%,SA2_AR6_dynamic_v32_split,SSP1-1.9,150.8831409610859,46.73312797844958,104.15001298263633,0.3097306145721242,0.2173636109177666,0.820812704637391,32.796504345916006,AR6 World GDP level and trajectory (unrebased),SSP Basic Drivers v3.2 / OECD ENV-Growth 2025,IMAGE 3.0.1,SSP1-19,0.01166082917348632,32.79560020793205,0.01256496715744504,0.018045461126170892,,,,
2028,S1,"NATO→3.5%, nonNATO holds",0.055,,,,,0.028820930945768986,0.024070130675639158,1.3885375281416064,2.6300910137292126,4.018628541870819,0.4310692601997735,0.18991163211598416,1.7323072325619484,29.137628671957643,30.86993590451959,0.05611632100306129,,7.495052544475689,1.6944899648612373,0.037817267700711144,0.07007352946373357,SA2,SA2 — AR6 pathways; evolving NATO GDP share from SSP Basic Drivers v3.2,SSP1-1.9,SA2 — AR6 pathways; evolving NATO GDP share from SSP Basic Drivers v3.2 — SSP1-1.9 — IMAGE 3.0.1 / SSP1-19 — S1: NATO 3.5%,SA2_AR6_dynamic_v32_split,SSP1-1.9,157.44592705596344,48.17809427302516,109.26783278293829,0.3059977172728036,0.19594057281807886,0.7399146105640133,30.850045135218938,AR6 World GDP level and trajectory (unrebased),SSP Basic Drivers v3.2 / OECD ENV-Growth 2025,IMAGE 3.0.1,SSP1-19,0.01989076930065181,30.848779391120594,0.021156513398995713,0.039201974525166605,,,,
2029,S1,"NATO→3.5%, nonNATO holds",0.055,,,,,0.029845109579542582,0.024070130675639158,1.482405539850967,2.7590195255745655,4.241425065425533,0.3870598739376787,0.17052288152499134,1.6416854511397174,27.29265473705964,28.934340188199357,0.05673830612557967,,9.136737995615405,1.5869875073915025,0.054697943748214906,0.12477147321194848,SA2,SA2 — AR6 pathways; evolving NATO GDP share from SSP Basic Drivers v3.2,SSP1-1.9,SA2 — AR6 pathways; evolving NATO GDP share from SSP Basic Drivers v3.2 — SSP1-1.9 — IMAGE 3.0.1 / SSP1-19 — S1: NATO 3.5%,SA2_AR6_dynamic_v32_split,SSP1-1.9,164.2941669202464,49.669964719013336,114.62420220123306,0.3023233608964627,0.17593630633530852,0.6643741095266902,28.90530888038478,AR6 World GDP level and trajectory (unrebased),SSP Basic Drivers v3.2 / OECD ENV-Growth 2025,IMAGE 3.0.1,SSP1-19,0.02903130781457719,28.90373993994861,0.03060024825074592,0.06980222277591253,,,,
2030,S1,"NATO→3.5%, nonNATO holds",0.055,,,,,0.030999999999995285,0.024070130675639158,1.5875208610267215,2.893950035822553,4.481470896849275,0.3459925019508753,0.15243026309723878,1.5505553280209134,25.449574679732027,27.00013000775294,0.057427698591661594,,10.68729332363632,1.479681739039587,0.07087358898132634,0.19564506219327482,SA2,SA2 — AR6 pathways; evolving NATO GDP share from SSP Basic Drivers v3.2,SSP1-1.9,SA2 — AR6 pathways; evolving NATO GDP share from SSP Basic Drivers v3.2 — SSP1-1.9 — IMAGE 3.0.1 / SSP1-19 — S1: NATO 3.5%,SA2_AR6_dynamic_v32_split,SSP1-1.9,171.44027659999995,51.210350355708485,120.22992624429146,0.2987066480019229,0.1572693190685797,0.5938834683326951,26.962295561810947,AR6 World GDP level and trajectory (unrebased),SSP Basic Drivers v3.2 / OECD ENV-Growth 2025,IMAGE 3.0.1,SSP1-19,0.03783444594199281,26.96048044748367,0.03964956026927169,0.10945178304518421,,,,
2031,S1,"NATO→3.5%, nonNATO holds",0.055,,,,,0.03215489042044799,0.024070130675639158,1.686756561777421,3.0148260351959206,4.701582596973342,0.3175411683113456,0.1398957594658376,1.4929460307552054,24.20300186174225,25.695947892497458,0.058100445914708074,,12.180239354391524,1.407079315349203,0.08586671540600244,0.28151177759927726,SA2,SA2 — AR6 pathways; evolving NATO GDP share from SSP Basic Drivers v3.2,SSP1-1.9,SA2 — AR6 pathways; evolving NATO GDP share from SSP Basic Drivers v3.2 — SSP1-1.9 — IMAGE 3.0.1 / SSP1-19 — S1: NATO 3.5%,SA2_AR6_dynamic_v32_split,SSP1-1.9,177.7089843520823,52.45723246827724,125.25175188380506,0.2951861587613793,0.14433689468697528,0.5450477952898914,25.64996295935584,AR6 World GDP level and trajectory (unrebased),SSP Basic Drivers v3.2 / OECD ENV-Growth 2025,IMAGE 3.0.1,SSP1-19,0.045984933141618,25.647910569193403,0.048037323304054524,0.15748910634923874,,,,
2032,S1,"NATO→3.5%, nonNATO holds",0.055,,,,,0.033179069054221584,0.024070130675639158,1.7829060481710712,3.140454982079695,4.923361030250766,0.29068151672254855,0.12806248638825568,1.431130051645982,22.959496689096966,24.39062674074295,0.05867541112649527,,13.611369406037507,1.3346128485705462,0.09651720307543576,0.378028980674713,SA2,SA2 — AR6 pathways; evolving NATO GDP share from SSP Basic Drivers v3.2,SSP1-1.9,SA2 — AR6 pathways; evolving NATO GDP share from SSP Basic Drivers v3.2 — SSP1-1.9 — IMAGE 3.0.1 / SSP1-19 — S1: NATO 3.5%,SA2_AR6_dynamic_v32_split,SSP1-1.9,184.20690718512637,53.735867189565425,130.47103999556094,0.29171472454917957,0.132127962146613,0.49894418624108205,24.338883259701028,AR6 World GDP level and trajectory (unrebased),SSP Basic Drivers v3.2 / OECD ENV-Growth 2025,IMAGE 3.0.1,SSP1-19,0.05174348104192106,24.33663110265879,0.05399563808416019,0.21148474443339893,,,,
2033,S1,"NATO→3.5%, nonNATO holds",0.055,,,,,0.03399498385901843,0.024070130675639158,1.8713255629106604,3.2710180600697765,5.142343622980437,0.2653361288096339,0.11689633646858,1.364449549930537,21.71934898524848,23.083798535179017,0.05910853657170663,,14.975818955968043,1.2622809090289457,0.10216864090159117,0.4801976215763042,SA2,SA2 — AR6 pathways; evolving NATO GDP share from SSP Basic Drivers v3.2,SSP1-1.9,SA2 — AR6 pathways; evolving NATO GDP share from SSP Basic Drivers v3.2 — SSP1-1.9 — IMAGE 3.0.1 / SSP1-19 — S1: NATO 3.5%,SA2_AR6_dynamic_v32_split,SSP1-1.9,190.94242634059682,55.047108440212476,135.89531790038436,0.2882916567846543,0.12060733127710635,0.45543975537888826,23.02905646851484,AR6 World GDP level and trajectory (unrebased),SSP Basic Drivers v3.2 / OECD ENV-Growth 2025,IMAGE 3.0.1,SSP1-19,0.054742066664179134,23.02664125355575,0.05715728162326883,0.26864202605666776,,,,
2034,S1,"NATO→3.5%, nonNATO holds",0.055,,,,,0.034591224067421655,0.024070130675639158,1.950662586310821,3.4067032404927255,5.357365826803546,0.24143108591056997,0.10636474414241895,1.2934346491853588,20.48232518700952,21.775759836194876,0.059397911205626854,,16.269253605153402,1.190082093071149,0.10335255611420968,0.5835501776905139,SA2,SA2 — AR6 pathways; evolving NATO GDP share from SSP Basic Drivers v3.2,SSP1-1.9,SA2 — AR6 pathways; evolving NATO GDP share from SSP Basic Drivers v3.2 — SSP1-1.9 — IMAGE 3.0.1 / SSP1-19 — S1: NATO 3.5%,SA2_AR6_dynamic_v32_split,SSP1-1.9,197.92422951976133,56.391834602579834,141.53239491718148,0.2849162769985648,0.10974140268662272,0.41440762402491554,21.72048257316767,AR6 World GDP level and trajectory (unrebased),SSP Basic Drivers v3.2 / OECD ENV-Growth 2025,IMAGE 3.0.1,SSP1-19,0.05527726302720737,21.71794022438273,0.05781961181214612,0.3264616378688139,,,,
2035,S1,"NATO→3.5%, nonNATO holds",0.055,,,,,0.03499999999999057,0.024070130675639158,2.021983224466573,3.5477055340819104,5.569688758548484,0.21889581852041462,0.0964366193481547,1.2191815797064223,19.24794236860199,20.467123948308412,0.0595678016503724,,17.488435184859824,1.118015025888421,0.10116655381800133,0.6847167315085152,SA2,SA2 — AR6 pathways; evolving NATO GDP share from SSP Basic Drivers v3.2,SSP1-1.9,SA2 — AR6 pathways; evolving NATO GDP share from SSP Basic Drivers v3.2 — SSP1-1.9 — IMAGE 3.0.1 / SSP1-19 — S1: NATO 3.5%,SA2_AR6_dynamic_v32_split,SSP1-1.9,205.16132208938131,57.770949270489076,147.39037281889225,0.2815879166801254,0.0994980993274612,0.3757266622063547,20.41316160340252,AR6 World GDP level and trajectory (unrebased),SSP Basic Drivers v3.2 / OECD ENV-Growth 2025,IMAGE 3.0.1,SSP1-19,0.0539623449058908,20.4105272748438,0.05659667346461106,0.38305831133342494,,,,
2025,S2,"NATO→3.5%, nonNATO→3.5%",0.055,,,,,0.027,0.024070130675639158,1.1873991188794069,2.276771681130518,3.4641708000099247,0.5825932533906624,0.25666695778749465,2.0182025366787157,34.67638903929793,36.694591575976645,0.05500000000000001,,2.0182025366787157,2.0182025366787157,0.0,0.0,SA2,SA2 — AR6 pathways; evolving NATO GDP share from SSP Basic Drivers v3.2,SSP1-1.9,SA2 — AR6 pathways; evolving NATO GDP share from SSP Basic Drivers v3.2 — SSP1-1.9 — IMAGE 3.0.1 / SSP1-19 — S2: NATO/non-NATO 3.5%,SA2_AR6_dynamic_v32_split,SSP1-1.9,138.56683200039697,43.97774514368174,94.58908685671523,0.31737569885090355,0.26481511517757383,1.0,36.694591575976645,AR6 World GDP level and trajectory (unrebased),SSP Basic Drivers v3.2 / OECD ENV-Growth 2025,IMAGE 3.0.1,SSP1-19,0.0,36.694591575976645,0.0,0.0,,,,
2026,S2,"NATO→3.5%, nonNATO→3.5%",0.055,,,,,0.02740877593256891,0.0246286141163794,1.2425360592574497,2.444646054488792,3.6871821137462417,0.5286412838450313,0.23289790826739143,1.9491966863812493,32.81688221463165,34.7660789010129,0.05606604909144529,,3.967399223059965,1.9100949210929505,0.039101765288298784,0.039101765288298784,SA2,SA2 — AR6 pathways; evolving NATO GDP share from SSP Basic Drivers v3.2,SSP1-1.9,SA2 — AR6 pathways; evolving NATO GDP share from SSP Basic Drivers v3.2 — SSP1-1.9 — IMAGE 3.0.1 / SSP1-19 — S2: NATO/non-NATO 3.5%,SA2_AR6_dynamic_v32_split,SSP1-1.9,144.59391012503605,45.33351151158073,99.26039861345532,0.3135229656102325,0.24029149265683242,0.9073934185958498,34.74468649303279,AR6 World GDP level and trajectory (unrebased),SSP Basic Drivers v3.2 / OECD ENV-Growth 2025,IMAGE 3.0.1,SSP1-19,0.021392407980108885,34.7442037875649,0.021875113447997308,0.021875113447997308,,,,
2027,S2,"NATO→3.5%, nonNATO→3.5%",0.055,,,,,0.028005016140972137,0.025443217561851517,1.308762003354597,2.649911439386876,3.958673442741473,0.47819994401908644,0.21067549981260456,1.8930374187088166,30.953385629127993,32.84642304783681,0.05763298536196281,,5.860436641768782,1.8021915923790512,0.09084582632976534,0.12994759161806413,SA2,SA2 — AR6 pathways; evolving NATO GDP share from SSP Basic Drivers v3.2,SSP1-1.9,SA2 — AR6 pathways; evolving NATO GDP share from SSP Basic Drivers v3.2 — SSP1-1.9 — IMAGE 3.0.1 / SSP1-19 — S2: NATO/non-NATO 3.5%,SA2_AR6_dynamic_v32_split,SSP1-1.9,150.8831409610859,46.73312797844958,104.15001298263633,0.3097306145721242,0.2173636109177666,0.820812704637391,32.796504345916006,AR6 World GDP level and trajectory (unrebased),SSP Basic Drivers v3.2 / OECD ENV-Growth 2025,IMAGE 3.0.1,SSP1-19,0.04991870192080228,32.79560020793205,0.050822839904761,0.0726979533527583,,,,
2028,S2,"NATO→3.5%, nonNATO→3.5%",0.055,,,,,0.028820930945768986,0.026557947836381636,1.3885375281416064,2.9019294032437464,4.290466931385353,0.4310692601997735,0.18991163211598416,1.8494884060238765,29.08600339973316,30.935491805757035,0.05978532417188501,,7.709925047792658,1.6944899648612373,0.15499844116263928,0.2849460327807034,SA2,SA2 — AR6 pathways; evolving NATO GDP share from SSP Basic Drivers v3.2,SSP1-1.9,SA2 — AR6 pathways; evolving NATO GDP share from SSP Basic Drivers v3.2 — SSP1-1.9 — IMAGE 3.0.1 / SSP1-19 — S2: NATO/non-NATO 3.5%,SA2_AR6_dynamic_v32_split,SSP1-1.9,157.44592705596344,48.17809427302516,109.26783278293829,0.3059977172728036,0.19594057281807886,0.7399146105640133,30.850045135218938,AR6 World GDP level and trajectory (unrebased),SSP Basic Drivers v3.2 / OECD ENV-Growth 2025,IMAGE 3.0.1,SSP1-19,0.08544667053809718,30.848779391120594,0.08671241463644108,0.1594103679891994,,,,
2029,S2,"NATO→3.5%, nonNATO→3.5%",0.055,,,,,0.029845109579542582,0.027957215165375113,1.482405539850967,3.2045734840993365,4.686979023950304,0.3870598739376787,0.17052288152499134,1.814141510158749,27.21667759217713,29.03081910233588,0.06249019374078837,,9.524066557951407,1.5869875073915025,0.2271540027672465,0.5121000355479499,SA2,SA2 — AR6 pathways; evolving NATO GDP share from SSP Basic Drivers v3.2,SSP1-1.9,SA2 — AR6 pathways; evolving NATO GDP share from SSP Basic Drivers v3.2 — SSP1-1.9 — IMAGE 3.0.1 / SSP1-19 — S2: NATO/non-NATO 3.5%,SA2_AR6_dynamic_v32_split,SSP1-1.9,164.2941669202464,49.669964719013336,114.62420220123306,0.3023233608964627,0.17593630633530852,0.6643741095266902,28.90530888038478,AR6 World GDP level and trajectory (unrebased),SSP Basic Drivers v3.2 / OECD ENV-Growth 2025,IMAGE 3.0.1,SSP1-19,0.1255102219510995,28.90373993994861,0.12707916238726824,0.2864895303764676,,,,
2030,S2,"NATO→3.5%, nonNATO→3.5%",0.055,,,,,0.030999999999995285,0.029535065337813138,1.5875208610267215,3.5509987271856027,5.138519588212324,0.3459925019508753,0.15243026309723878,1.7778892486491633,25.34942057483986,27.127309823489025,0.0655387231619157,,11.30195580660057,1.479681739039587,0.2982075096095762,0.8103075451575261,SA2,SA2 — AR6 pathways; evolving NATO GDP share from SSP Basic Drivers v3.2,SSP1-1.9,SA2 — AR6 pathways; evolving NATO GDP share from SSP Basic Drivers v3.2 — SSP1-1.9 — IMAGE 3.0.1 / SSP1-19 — S2: NATO/non-NATO 3.5%,SA2_AR6_dynamic_v32_split,SSP1-1.9,171.44027659999995,51.210350355708485,120.22992624429146,0.2987066480019229,0.1572693190685797,0.5938834683326951,26.962295561810947,AR6 World GDP level and trajectory (unrebased),SSP Basic Drivers v3.2 / OECD ENV-Growth 2025,IMAGE 3.0.1,SSP1-19,0.16501426167807765,26.96048044748367,0.16682937600535652,0.45331890638182415,,,,
2031,S2,"NATO→3.5%, nonNATO→3.5%",0.055,,,,,0.03215489042044799,0.031112915510251166,1.686756561777421,3.896947173871769,5.583703735649189,0.3175411683113456,0.1398957594658376,1.7730558077224685,24.079596855106328,25.852652662828795,0.06858312881261062,,13.075011614323039,1.407079315349203,0.36597649237326557,1.1762840375307917,SA2,SA2 — AR6 pathways; evolving NATO GDP share from SSP Basic Drivers v3.2,SSP1-1.9,SA2 — AR6 pathways; evolving NATO GDP share from SSP Basic Drivers v3.2 — SSP1-1.9 — IMAGE 3.0.1 / SSP1-19 — S2: NATO/non-NATO 3.5%,SA2_AR6_dynamic_v32_split,SSP1-1.9,177.7089843520823,52.45723246827724,125.25175188380506,0.2951861587613793,0.14433689468697528,0.5450477952898914,25.64996295935584,AR6 World GDP level and trajectory (unrebased),SSP Basic Drivers v3.2 / OECD ENV-Growth 2025,IMAGE 3.0.1,SSP1-19,0.20268970347295578,25.647910569193403,0.2047420936353923,0.6580610000172165,,,,
2032,S2,"NATO→3.5%, nonNATO→3.5%",0.055,,,,,0.033179069054221584,0.03251218283924464,1.7829060481710712,4.241898307562077,6.024804355733148,0.29068151672254855,0.12806248638825568,1.7512992680811286,22.818443118219943,24.569742386301073,0.07127869883802974,,14.826310882404167,1.3346128485705462,0.4166864195105824,1.592970457041374,SA2,SA2 — AR6 pathways; evolving NATO GDP share from SSP Basic Drivers v3.2,SSP1-1.9,SA2 — AR6 pathways; evolving NATO GDP share from SSP Basic Drivers v3.2 — SSP1-1.9 — IMAGE 3.0.1 / SSP1-19 — S2: NATO/non-NATO 3.5%,SA2_AR6_dynamic_v32_split,SSP1-1.9,184.20690718512637,53.735867189565425,130.47103999556094,0.29171472454917957,0.132127962146613,0.49894418624108205,24.338883259701028,AR6 World GDP level and trajectory (unrebased),SSP Basic Drivers v3.2 / OECD ENV-Growth 2025,IMAGE 3.0.1,SSP1-19,0.23085912660004482,24.33663110265879,0.23311128364228395,0.8911722836595004,,,,
2033,S2,"NATO→3.5%, nonNATO→3.5%",0.055,,,,,0.03399498385901843,0.03362691311377476,1.8713255629106604,4.569740047605025,6.441065610515686,0.2653361288096339,0.11689633646858,1.7090474145030934,21.567533142814415,23.27658055731751,0.07342347430691733,,16.535358296907262,1.2622809090289457,0.44676650547414765,2.039736962515522,SA2,SA2 — AR6 pathways; evolving NATO GDP share from SSP Basic Drivers v3.2,SSP1-1.9,SA2 — AR6 pathways; evolving NATO GDP share from SSP Basic Drivers v3.2 — SSP1-1.9 — IMAGE 3.0.1 / SSP1-19 — S2: NATO/non-NATO 3.5%,SA2_AR6_dynamic_v32_split,SSP1-1.9,190.94242634059682,55.047108440212476,135.89531790038436,0.2882916567846543,0.12060733127710635,0.45543975537888826,23.02905646851484,AR6 World GDP level and trajectory (unrebased),SSP Basic Drivers v3.2 / OECD ENV-Growth 2025,IMAGE 3.0.1,SSP1-19,0.2475240888026704,23.02664125355575,0.2499393037617601,1.1411115874212605,,,,
2034,S2,"NATO→3.5%, nonNATO→3.5%",0.055,,,,,0.034591224067421655,0.034441516559246876,1.950662586310821,4.874590323209974,6.8252529095207946,0.24143108591056997,0.10636474414241895,1.6478282215598825,20.326193753026338,21.974021974586222,0.07498983224216565,,18.183186518467142,1.190082093071149,0.4577461284887334,2.497483091004255,SA2,SA2 — AR6 pathways; evolving NATO GDP share from SSP Basic Drivers v3.2,SSP1-1.9,SA2 — AR6 pathways; evolving NATO GDP share from SSP Basic Drivers v3.2 — SSP1-1.9 — IMAGE 3.0.1 / SSP1-19 — S2: NATO/non-NATO 3.5%,SA2_AR6_dynamic_v32_split,SSP1-1.9,197.92422951976133,56.391834602579834,141.53239491718148,0.2849162769985648,0.10974140268662272,0.41440762402491554,21.72048257316767,AR6 World GDP level and trajectory (unrebased),SSP Basic Drivers v3.2 / OECD ENV-Growth 2025,IMAGE 3.0.1,SSP1-19,0.25353940141855347,21.71794022438273,0.2560817502034922,1.3971933376247527,,,,
2035,S2,"NATO→3.5%, nonNATO→3.5%",0.055,,,,,0.03499999999999057,0.03499999999998712,2.021983224466573,5.15866304865933,7.180646273125903,0.21889581852041462,0.0964366193481547,1.5718134434614592,19.09258707198264,20.664400515444097,0.07606382978720927,,19.754999961928604,1.118015025888421,0.4537984175730383,2.9512815085772934,SA2,SA2 — AR6 pathways; evolving NATO GDP share from SSP Basic Drivers v3.2,SSP1-1.9,SA2 — AR6 pathways; evolving NATO GDP share from SSP Basic Drivers v3.2 — SSP1-1.9 — IMAGE 3.0.1 / SSP1-19 — S2: NATO/non-NATO 3.5%,SA2_AR6_dynamic_v32_split,SSP1-1.9,205.16132208938131,57.770949270489076,147.39037281889225,0.2815879166801254,0.0994980993274612,0.3757266622063547,20.41316160340252,AR6 World GDP level and trajectory (unrebased),SSP Basic Drivers v3.2 / OECD ENV-Growth 2025,IMAGE 3.0.1,SSP1-19,0.25123891204157545,20.4105272748438,0.2538732406002957,1.6510665782250484,,,,
2025,S3,"NATO→5%, nonNATO→3.5%",0.055,,,,,0.027,0.024070130675639158,1.1873991188794069,2.276771681130518,3.4641708000099247,0.5825932533906624,0.25666695778749465,2.0182025366787157,34.67638903929793,36.694591575976645,0.05500000000000001,,2.0182025366787157,2.0182025366787157,0.0,0.0,SA2,SA2 — AR6 pathways; evolving NATO GDP share from SSP Basic Drivers v3.2,SSP1-1.9,SA2 — AR6 pathways; evolving NATO GDP share from SSP Basic Drivers v3.2 — SSP1-1.9 — IMAGE 3.0.1 / SSP1-19 — S3: NATO 5%; non-NATO 3.5%,SA2_AR6_dynamic_v32_split,SSP1-1.9,138.56683200039697,43.97774514368174,94.58908685671523,0.31737569885090355,0.26481511517757383,1.0,36.694591575976645,AR6 World GDP level and trajectory (unrebased),SSP Basic Drivers v3.2 / OECD ENV-Growth 2025,IMAGE 3.0.1,SSP1-19,0.0,36.694591575976645,0.0,0.0,,,,
2026,S3,"NATO→5%, nonNATO→3.5%",0.055,,,,,0.02817523080613562,0.0246286141163794,1.2772821500913931,2.444646054488792,3.721928204580185,0.5286412838450313,0.23289790826739143,1.9675649044483012,32.80878992275595,34.77635482720425,0.05657766359426343,,3.9857674411270168,1.9100949210929505,0.057469983355350696,0.057469983355350696,SA2,SA2 — AR6 pathways; evolving NATO GDP share from SSP Basic Drivers v3.2,SSP1-1.9,SA2 — AR6 pathways; evolving NATO GDP share from SSP Basic Drivers v3.2 — SSP1-1.9 — IMAGE 3.0.1 / SSP1-19 — S3: NATO 5%; non-NATO 3.5%,SA2_AR6_dynamic_v32_split,SSP1-1.9,144.59391012503605,45.33351151158073,99.26039861345532,0.3135229656102325,0.24029149265683242,0.9073934185958498,34.74468649303279,AR6 World GDP level and trajectory (unrebased),SSP Basic Drivers v3.2 / OECD ENV-Growth 2025,IMAGE 3.0.1,SSP1-19,0.03166833417146364,34.7442037875649,0.032151039639352064,0.032151039639352064,,,,
2027,S3,"NATO→5%, nonNATO→3.5%",0.055,,,,,0.029889421405294894,0.025443217561851517,1.3968261557354567,2.649911439386876,4.046737595122333,0.47819994401908644,0.21067549981260456,1.9351496914474322,30.934832669809587,32.86998236125702,0.05887285457531434,,5.920917132574449,1.8021915923790512,0.13295809906838096,0.19042808242373166,SA2,SA2 — AR6 pathways; evolving NATO GDP share from SSP Basic Drivers v3.2,SSP1-1.9,SA2 — AR6 pathways; evolving NATO GDP share from SSP Basic Drivers v3.2 — SSP1-1.9 — IMAGE 3.0.1 / SSP1-19 — S3: NATO 5%; non-NATO 3.5%,SA2_AR6_dynamic_v32_split,SSP1-1.9,150.8831409610859,46.73312797844958,104.15001298263633,0.3097306145721242,0.2173636109177666,0.820812704637391,32.796504345916006,AR6 World GDP level and trajectory (unrebased),SSP Basic Drivers v3.2 / OECD ENV-Growth 2025,IMAGE 3.0.1,SSP1-19,0.07347801534101706,32.79560020793205,0.07438215332497577,0.10653319296432784,,,,
2028,S3,"NATO→5%, nonNATO→3.5%",0.055,,,,,0.03223517646908584,0.026557947836381636,1.5530293708352196,2.9019294032437464,4.454958774078966,0.4310692601997735,0.18991163211598416,1.9203957829627096,29.054764485417447,30.975160268380158,0.06199792886699199,,7.841312915537159,1.6944899648612373,0.22590581810147237,0.416333900525204,SA2,SA2 — AR6 pathways; evolving NATO GDP share from SSP Basic Drivers v3.2,SSP1-1.9,SA2 — AR6 pathways; evolving NATO GDP share from SSP Basic Drivers v3.2 — SSP1-1.9 — IMAGE 3.0.1 / SSP1-19 — S3: NATO 5%; non-NATO 3.5%,SA2_AR6_dynamic_v32_split,SSP1-1.9,157.44592705596344,48.17809427302516,109.26783278293829,0.3059977172728036,0.19594057281807886,0.7399146105640133,30.850045135218938,AR6 World GDP level and trajectory (unrebased),SSP Basic Drivers v3.2 / OECD ENV-Growth 2025,IMAGE 3.0.1,SSP1-19,0.12511513316121992,30.848779391120594,0.12638087725956382,0.23291407022389166,,,,
2029,S3,"NATO→5%, nonNATO→3.5%",0.055,,,,,0.03517969004118492,0.027957215165375113,1.74737396317148,3.2045734840993365,4.9519474472708165,0.3870598739376787,0.17052288152499134,1.9167001546866522,27.171494413119383,29.088194567806035,0.06589271638082345,,9.75801307022381,1.5869875073915025,0.3297126472951497,0.7460465478203537,SA2,SA2 — AR6 pathways; evolving NATO GDP share from SSP Basic Drivers v3.2,SSP1-1.9,SA2 — AR6 pathways; evolving NATO GDP share from SSP Basic Drivers v3.2 — SSP1-1.9 — IMAGE 3.0.1 / SSP1-19 — S3: NATO 5%; non-NATO 3.5%,SA2_AR6_dynamic_v32_split,SSP1-1.9,164.2941669202464,49.669964719013336,114.62420220123306,0.3023233608964627,0.17593630633530852,0.6643741095266902,28.90530888038478,AR6 World GDP level and trajectory (unrebased),SSP Basic Drivers v3.2 / OECD ENV-Growth 2025,IMAGE 3.0.1,SSP1-19,0.18288568742125477,28.90373993994861,0.1844546278574235,0.41736869808131516,,,,
2030,S3,"NATO→5%, nonNATO→3.5%",0.055,,,,,0.03849999999998644,0.029535065337813138,1.9715984886940823,3.5509987271856027,5.522597215879685,0.3459925019508753,0.15243026309723878,1.9107772279891502,25.290875521004764,27.201652748993915,0.0702448945150887,,11.668790298212961,1.479681739039587,0.43109548894956307,1.1771420367699168,SA2,SA2 — AR6 pathways; evolving NATO GDP share from SSP Basic Drivers v3.2,SSP1-1.9,SA2 — AR6 pathways; evolving NATO GDP share from SSP Basic Drivers v3.2 — SSP1-1.9 — IMAGE 3.0.1 / SSP1-19 — S3: NATO 5%; non-NATO 3.5%,SA2_AR6_dynamic_v32_split,SSP1-1.9,171.44027659999995,51.210350355708485,120.22992624429146,0.2987066480019229,0.1572693190685797,0.5938834683326951,26.962295561810947,AR6 World GDP level and trajectory (unrebased),SSP Basic Drivers v3.2 / OECD ENV-Growth 2025,IMAGE 3.0.1,SSP1-19,0.23935718718296783,26.96048044748367,0.2411723015102467,0.6585409995915619,,,,
2031,S3,"NATO→5%, nonNATO→3.5%",0.055,,,,,0.041820309958787966,0.031112915510251166,2.19377772140355,3.896947173871769,6.090724895275319,0.3175411683113456,0.1398957594658376,1.9340558991087227,24.00866674491518,25.942722644023902,0.07455099935527572,,13.602846197321684,1.407079315349203,0.5269765837595197,1.7041186205294365,SA2,SA2 — AR6 pathways; evolving NATO GDP share from SSP Basic Drivers v3.2,SSP1-1.9,SA2 — AR6 pathways; evolving NATO GDP share from SSP Basic Drivers v3.2 — SSP1-1.9 — IMAGE 3.0.1 / SSP1-19 — S3: NATO 5%; non-NATO 3.5%,SA2_AR6_dynamic_v32_split,SSP1-1.9,177.7089843520823,52.45723246827724,125.25175188380506,0.2951861587613793,0.14433689468697528,0.5450477952898914,25.64996295935584,AR6 World GDP level and trajectory (unrebased),SSP Basic Drivers v3.2 / OECD ENV-Growth 2025,IMAGE 3.0.1,SSP1-19,0.2927596846680629,25.647910569193403,0.2948120748304994,0.9533530744220613,,,,
2032,S3,"NATO→5%, nonNATO→3.5%",0.055,,,,,0.04476482353088705,0.03251218283924464,2.4054766120200797,4.241898307562077,6.647374919582157,0.29068151672254855,0.12806248638825568,1.9322690238475706,22.738715183861302,24.670984207708873,0.07832152165391926,,15.535115221169255,1.3346128485705462,0.5976561752770244,2.3017747958064607,SA2,SA2 — AR6 pathways; evolving NATO GDP share from SSP Basic Drivers v3.2,SSP1-1.9,SA2 — AR6 pathways; evolving NATO GDP share from SSP Basic Drivers v3.2 — SSP1-1.9 — IMAGE 3.0.1 / SSP1-19 — S3: NATO 5%; non-NATO 3.5%,SA2_AR6_dynamic_v32_split,SSP1-1.9,184.20690718512637,53.735867189565425,130.47103999556094,0.29171472454917957,0.132127962146613,0.49894418624108205,24.338883259701028,AR6 World GDP level and trajectory (unrebased),SSP Basic Drivers v3.2 / OECD ENV-Growth 2025,IMAGE 3.0.1,SSP1-19,0.3321009480078452,24.33663110265879,0.3343531050500843,1.2877061794721456,,,,
2033,S3,"NATO→5%, nonNATO→3.5%",0.055,,,,,0.04711057859467799,0.03362691311377476,2.5933011285823917,4.569740047605025,7.163041176187416,0.2653361288096339,0.11689633646858,1.900613616193576,21.48313684416756,23.383750460361135,0.081279246432919,,17.43572883736283,1.2622809090289457,0.6383327071646303,2.9401075029710912,SA2,SA2 — AR6 pathways; evolving NATO GDP share from SSP Basic Drivers v3.2,SSP1-1.9,SA2 — AR6 pathways; evolving NATO GDP share from SSP Basic Drivers v3.2 — SSP1-1.9 — IMAGE 3.0.1 / SSP1-19 — S3: NATO 5%; non-NATO 3.5%,SA2_AR6_dynamic_v32_split,SSP1-1.9,190.94242634059682,55.047108440212476,135.89531790038436,0.2882916567846543,0.12060733127710635,0.45543975537888826,23.02905646851484,AR6 World GDP level and trajectory (unrebased),SSP Basic Drivers v3.2 / OECD ENV-Growth 2025,IMAGE 3.0.1,SSP1-19,0.3546939918462968,23.02664125355575,0.3571092068053865,1.644815386277532,,,,
2034,S3,"NATO→5%, nonNATO→3.5%",0.055,,,,,0.04882476919383726,0.034441516559246876,2.753318308888006,4.874590323209974,7.62790863209798,0.24143108591056997,0.10636474414241895,1.8416142642740256,20.240819482459965,22.08243374673399,0.08339725074671182,,19.277343101636855,1.190082093071149,0.6515321712028765,3.591639674173968,SA2,SA2 — AR6 pathways; evolving NATO GDP share from SSP Basic Drivers v3.2,SSP1-1.9,SA2 — AR6 pathways; evolving NATO GDP share from SSP Basic Drivers v3.2 — SSP1-1.9 — IMAGE 3.0.1 / SSP1-19 — S3: NATO 5%; non-NATO 3.5%,SA2_AR6_dynamic_v32_split,SSP1-1.9,197.92422951976133,56.391834602579834,141.53239491718148,0.2849162769985648,0.10974140268662272,0.41440762402491554,21.72048257316767,AR6 World GDP level and trajectory (unrebased),SSP Basic Drivers v3.2 / OECD ENV-Growth 2025,IMAGE 3.0.1,SSP1-19,0.36195117356632167,21.71794022438273,0.3644935223512604,2.0093089086287925,,,,
2035,S3,"NATO→5%, nonNATO→3.5%",0.055,,,,,0.049999999999972886,0.03499999999998712,2.8885474635228876,5.15866304865933,8.047210512182218,0.21889581852041462,0.0964366193481547,1.7615007318702116,19.009018546320043,20.770519278190253,0.08480773678681432,,21.038843833507066,1.118015025888421,0.6434857059817907,4.2351253801557585,SA2,SA2 — AR6 pathways; evolving NATO GDP share from SSP Basic Drivers v3.2,SSP1-1.9,SA2 — AR6 pathways; evolving NATO GDP share from SSP Basic Drivers v3.2 — SSP1-1.9 — IMAGE 3.0.1 / SSP1-19 — S3: NATO 5%; non-NATO 3.5%,SA2_AR6_dynamic_v32_split,SSP1-1.9,205.16132208938131,57.770949270489076,147.39037281889225,0.2815879166801254,0.0994980993274612,0.3757266622063547,20.41316160340252,AR6 World GDP level and trajectory (unrebased),SSP Basic Drivers v3.2 / OECD ENV-Growth 2025,IMAGE 3.0.1,SSP1-19,0.35735767478773184,20.4105272748438,0.3599920033464521,2.3693009119752446,,,,
2025,S0,Baseline,0.055,,,,,0.027,0.024070130675639158,1.1873991188794069,2.276771681130518,3.4641708000099247,0.7816910574368426,0.3443813749546929,2.707911335801591,46.52684022422733,49.23475156002892,0.055000000000000014,,2.707911335801591,2.707911335801591,0.0,0.0,SA2,SA2 — AR6 pathways; evolving NATO GDP share from SSP Basic Drivers v3.2,SSP1-2.6,SA2 — AR6 pathways; evolving NATO GDP share from SSP Basic Drivers v3.2 — SSP1-2.6 — IMAGE 3.0.1 / SSP1-26 — S0: Baseline,SA2_AR6_dynamic_v32_split,SSP1-2.6,138.56683200039697,43.97774514368174,94.58908685671523,0.31737569885090355,0.3553141170167466,1.0,49.23475156002892,AR6 World GDP level and trajectory (unrebased),SSP Basic Drivers v3.2 / OECD ENV-Growth 2025,IMAGE 3.0.1,SSP1-26,0.0,49.23475156002892,0.0,0.0,,,,
2026,S0,Baseline,0.055,,,,,0.027,0.024070130675639158,1.2240048108126798,2.3892107655419017,3.6132155763545812,0.7385488535962761,0.32537466976619156,2.668536221712884,45.87154693218556,48.54008315389844,0.05497593016584199,,5.376447557514475,2.668536221712884,0.0,0.0,SA2,SA2 — AR6 pathways; evolving NATO GDP share from SSP Basic Drivers v3.2,SSP1-2.6,SA2 — AR6 pathways; evolving NATO GDP share from SSP Basic Drivers v3.2 — SSP1-2.6 — IMAGE 3.0.1 / SSP1-26 — S0: Baseline,SA2_AR6_dynamic_v32_split,SSP1-2.6,144.59391012503605,45.33351151158073,99.26039861345532,0.3135229656102325,0.33570402436194363,0.9448091372798489,48.54075752720379,AR6 World GDP level and trajectory (unrebased),SSP Basic Drivers v3.2 / OECD ENV-Growth 2025,IMAGE 3.0.1,SSP1-26,-0.0006743733053440337,48.54008315389844,0.0,0.0,,,,
2027,S0,Baseline,0.055,,,,,0.027,0.024070130675639158,1.2617944554181386,2.506904422361571,3.76869887777971,0.6976527219887668,0.307357492904142,2.6292430304390253,45.21672608871659,47.84596911915562,0.0549522369144861,,8.0056905879535,2.6292430304390253,0.0,0.0,SA2,SA2 — AR6 pathways; evolving NATO GDP share from SSP Basic Drivers v3.2,SSP1-2.6,SA2 — AR6 pathways; evolving NATO GDP share from SSP Basic Drivers v3.2 — SSP1-2.6 — IMAGE 3.0.1 / SSP1-26 — S0: Baseline,SA2_AR6_dynamic_v32_split,SSP1-2.6,150.8831409610859,46.73312797844958,104.15001298263633,0.3097306145721242,0.31711487363125757,0.8924916248579884,47.847288178961975,AR6 World GDP level and trajectory (unrebased),SSP Basic Drivers v3.2 / OECD ENV-Growth 2025,IMAGE 3.0.1,SSP1-26,-0.0013190598063559378,47.84596911915562,0.0,0.0,,,,
2028,S0,Baseline,0.055,,,,,0.027,0.024070130675639158,1.3008085453716793,2.6300910137292126,3.930899559100892,0.6588900561684657,0.29028023453575763,2.590030631288584,44.56237818655254,47.15240881784113,0.05492891447591518,,10.595721219242085,2.590030631288584,0.0,0.0,SA2,SA2 — AR6 pathways; evolving NATO GDP share from SSP Basic Drivers v3.2,SSP1-2.6,SA2 — AR6 pathways; evolving NATO GDP share from SSP Basic Drivers v3.2 — SSP1-2.6 — IMAGE 3.0.1 / SSP1-26 — S0: Baseline,SA2_AR6_dynamic_v32_split,SSP1-2.6,157.44592705596344,48.17809427302516,109.26783278293829,0.3059977172728036,0.2994954800765753,0.842903407810446,47.15434350972723,AR6 World GDP level and trajectory (unrebased),SSP Basic Drivers v3.2 / OECD ENV-Growth 2025,IMAGE 3.0.1,SSP1-26,-0.0019346918860989604,47.15240881784113,0.0,0.0,,,,
2029,S0,Baseline,0.055,,,,,0.027,0.024070130675639158,1.34108904741336,2.7590195255745655,4.100108572987926,0.6221537481536524,0.27409570722853216,2.5508979165213614,43.908503716500555,46.45940163302192,0.054905957176776495,,13.146619135763446,2.5508979165213614,0.0,0.0,SA2,SA2 — AR6 pathways; evolving NATO GDP share from SSP Basic Drivers v3.2,SSP1-2.6,SA2 — AR6 pathways; evolving NATO GDP share from SSP Basic Drivers v3.2 — SSP1-2.6 — IMAGE 3.0.1 / SSP1-26 — S0: Baseline,SA2_AR6_dynamic_v32_split,SSP1-2.6,164.2941669202464,49.669964719013336,114.62420220123306,0.3023233608964627,0.28279715825166013,0.7959074652762288,46.46192352236958,AR6 World GDP level and trajectory (unrebased),SSP Basic Drivers v3.2 / OECD ENV-Growth 2025,IMAGE 3.0.1,SSP1-26,-0.002521889347661954,46.45940163302192,0.0,0.0,,,,
2030,S0,Baseline,0.055,,,,,0.027,0.024070130675639158,1.382679459604129,2.893950035822553,4.276629495426683,0.5873419249771357,0.2587590298850318,2.511843800257904,43.25510315682318,45.76694695708109,0.054883359438711046,,15.658462936021351,2.511843800257904,0.0,0.0,SA2,SA2 — AR6 pathways; evolving NATO GDP share from SSP Basic Drivers v3.2,SSP1-2.6,SA2 — AR6 pathways; evolving NATO GDP share from SSP Basic Drivers v3.2 — SSP1-2.6 — IMAGE 3.0.1 / SSP1-26 — S0: Baseline,SA2_AR6_dynamic_v32_split,SSP1-2.6,171.44027659999995,51.210350355708485,120.22992624429146,0.2987066480019229,0.26697360226233435,0.7513734734321051,45.77002821675297,AR6 World GDP level and trajectory (unrebased),SSP Basic Drivers v3.2 / OECD ENV-Growth 2025,IMAGE 3.0.1,SSP1-26,-0.003081259671880332,45.76694695708109,0.0,0.0,,,,
2031,S0,Baseline,0.055,,,,,0.027,0.024070130675639158,1.4163452766434854,3.0148260351959206,4.431171311839406,0.5532170853428023,0.24372500962654928,2.451399677790438,42.23213665130061,44.68353632909105,0.05486136235359831,,18.10986261381179,2.451399677790438,0.0,0.0,SA2,SA2 — AR6 pathways; evolving NATO GDP share from SSP Basic Drivers v3.2,SSP1-2.6,SA2 — AR6 pathways; evolving NATO GDP share from SSP Basic Drivers v3.2 — SSP1-2.6 — IMAGE 3.0.1 / SSP1-26 — S0: Baseline,SA2_AR6_dynamic_v32_split,SSP1-2.6,177.7089843520823,52.45723246827724,125.25175188380506,0.2951861587613793,0.2514623115194556,0.7077183243681919,44.687111982949375,AR6 World GDP level and trajectory (unrebased),SSP Basic Drivers v3.2 / OECD ENV-Growth 2025,IMAGE 3.0.1,SSP1-26,-0.0035756538583271436,44.68353632909105,0.0,0.0,,,,
2032,S0,Baseline,0.055,,,,,0.027,0.024070130675639158,1.4508684141182664,3.140454982079695,4.591323396197962,0.5207774535212345,0.22943342357928512,2.3910577065644403,41.20981831688579,43.600876023450226,0.054839671232257754,,20.500920320376228,2.3910577065644403,0.0,0.0,SA2,SA2 — AR6 pathways; evolving NATO GDP share from SSP Basic Drivers v3.2,SSP1-2.6,SA2 — AR6 pathways; evolving NATO GDP share from SSP Basic Drivers v3.2 — SSP1-2.6 — IMAGE 3.0.1 / SSP1-26 — S0: Baseline,SA2_AR6_dynamic_v32_split,SSP1-2.6,184.20690718512637,53.735867189565425,130.47103999556094,0.29171472454917957,0.2367170243278338,0.6662190242125305,43.60491092949658,AR6 World GDP level and trajectory (unrebased),SSP Basic Drivers v3.2 / OECD ENV-Growth 2025,IMAGE 3.0.1,SSP1-26,-0.004034906046356923,43.600876023450226,0.0,0.0,,,,
2033,S0,Baseline,0.055,,,,,0.027,0.024070130675639158,1.4862719278857368,3.2710180600697765,4.757289987955513,0.4899462991174637,0.21585046744335812,2.330816623427367,40.18814871272299,42.51896533615036,0.05481828179496331,,22.831736943803595,2.330816623427367,0.0,0.0,SA2,SA2 — AR6 pathways; evolving NATO GDP share from SSP Basic Drivers v3.2,SSP1-2.6,SA2 — AR6 pathways; evolving NATO GDP share from SSP Basic Drivers v3.2 — SSP1-2.6 — IMAGE 3.0.1 / SSP1-26 — S0: Baseline,SA2_AR6_dynamic_v32_split,SSP1-2.6,190.94242634059682,55.047108440212476,135.89531790038436,0.2882916567846543,0.2227028632352107,0.6267774134758466,42.52342505912923,AR6 World GDP level and trajectory (unrebased),SSP Basic Drivers v3.2 / OECD ENV-Growth 2025,IMAGE 3.0.1,SSP1-26,-0.004459722978872094,42.51896533615036,0.0,0.0,,,,
2034,S0,Baseline,0.055,,,,,0.027,0.024070130675639158,1.5225795342696555,3.4067032404927255,4.929282774762381,0.4606502187228109,0.2029438026541055,2.270675188340875,39.167128385456664,41.43780357379754,0.05479718982443115,,25.102412132144472,2.270675188340875,0.0,0.0,SA2,SA2 — AR6 pathways; evolving NATO GDP share from SSP Basic Drivers v3.2,SSP1-2.6,SA2 — AR6 pathways; evolving NATO GDP share from SSP Basic Drivers v3.2 — SSP1-2.6 — IMAGE 3.0.1 / SSP1-26 — S0: Baseline,SA2_AR6_dynamic_v32_split,SSP1-2.6,197.92422951976133,56.391834602579834,141.53239491718148,0.2849162769985648,0.20938646305582312,0.5892995888084974,41.44265437219176,AR6 World GDP level and trajectory (unrebased),SSP Basic Drivers v3.2 / OECD ENV-Growth 2025,IMAGE 3.0.1,SSP1-26,-0.004850798394222977,41.43780357379754,0.0,0.0,,,,
2035,S0,Baseline,0.055,,,,,0.027,0.024070130675639158,1.5598156303032051,3.5477055340819104,5.1075211643851155,0.4328189962923145,0.19068249487004066,2.2106321839109193,38.146757868612724,40.35739005252364,0.054776391164886126,,27.31304431605539,2.2106321839109193,0.0,0.0,SA2,SA2 — AR6 pathways; evolving NATO GDP share from SSP Basic Drivers v3.2,SSP1-2.6,SA2 — AR6 pathways; evolving NATO GDP share from SSP Basic Drivers v3.2 — SSP1-2.6 — IMAGE 3.0.1 / SSP1-26 — S0: Baseline,SA2_AR6_dynamic_v32_split,SSP1-2.6,205.16132208938131,57.770949270489076,147.39037281889225,0.2815879166801254,0.19673590740559746,0.5536957243844183,40.36259886578648,AR6 World GDP level and trajectory (unrebased),SSP Basic Drivers v3.2 / OECD ENV-Growth 2025,IMAGE 3.0.1,SSP1-26,-0.00520881326283984,40.35739005252364,0.0,0.0,,,,
2025,S1,"NATO→3.5%, nonNATO holds",0.055,,,,,0.027,0.024070130675639158,1.1873991188794069,2.276771681130518,3.4641708000099247,0.7816910574368426,0.3443813749546929,2.707911335801591,46.52684022422733,49.23475156002892,0.055000000000000014,,2.707911335801591,2.707911335801591,0.0,0.0,SA2,SA2 — AR6 pathways; evolving NATO GDP share from SSP Basic Drivers v3.2,SSP1-2.6,SA2 — AR6 pathways; evolving NATO GDP share from SSP Basic Drivers v3.2 — SSP1-2.6 — IMAGE 3.0.1 / SSP1-26 — S1: NATO 3.5%,SA2_AR6_dynamic_v32_split,SSP1-2.6,138.56683200039697,43.97774514368174,94.58908685671523,0.31737569885090355,0.3553141170167466,1.0,49.23475156002892,AR6 World GDP level and trajectory (unrebased),SSP Basic Drivers v3.2 / OECD ENV-Growth 2025,IMAGE 3.0.1,SSP1-26,0.0,49.23475156002892,0.0,0.0,,,,
2026,S1,"NATO→3.5%, nonNATO holds",0.055,,,,,0.02740877593256891,0.024070130675639158,1.2425360592574497,2.3892107655419017,3.631746824799351,0.7385488535962761,0.32537466976619156,2.6822224540074764,45.86551733334248,48.547739787349954,0.055249172582621055,,5.3901337898090675,2.668536221712884,0.013686232294592315,0.013686232294592315,SA2,SA2 — AR6 pathways; evolving NATO GDP share from SSP Basic Drivers v3.2,SSP1-2.6,SA2 — AR6 pathways; evolving NATO GDP share from SSP Basic Drivers v3.2 — SSP1-2.6 — IMAGE 3.0.1 / SSP1-26 — S1: NATO 3.5%,SA2_AR6_dynamic_v32_split,SSP1-2.6,144.59391012503605,45.33351151158073,99.26039861345532,0.3135229656102325,0.33570402436194363,0.9448091372798489,48.54075752720379,AR6 World GDP level and trajectory (unrebased),SSP Basic Drivers v3.2 / OECD ENV-Growth 2025,IMAGE 3.0.1,SSP1-26,0.006982260146166652,48.54008315389844,0.007656633451510686,0.007656633451510686,,,,
2027,S1,"NATO→3.5%, nonNATO holds",0.055,,,,,0.028005016140972137,0.024070130675639158,1.308762003354597,2.506904422361571,3.8156664257161683,0.6976527219887668,0.307357492904142,2.6620100681020338,45.20229026093499,47.86430032903702,0.05561577312950122,,8.052143857911101,2.6292430304390253,0.03276703766300848,0.046453269957600796,SA2,SA2 — AR6 pathways; evolving NATO GDP share from SSP Basic Drivers v3.2,SSP1-2.6,SA2 — AR6 pathways; evolving NATO GDP share from SSP Basic Drivers v3.2 — SSP1-2.6 — IMAGE 3.0.1 / SSP1-26 — S1: NATO 3.5%,SA2_AR6_dynamic_v32_split,SSP1-2.6,150.8831409610859,46.73312797844958,104.15001298263633,0.3097306145721242,0.31711487363125757,0.8924916248579884,47.847288178961975,AR6 World GDP level and trajectory (unrebased),SSP Basic Drivers v3.2 / OECD ENV-Growth 2025,IMAGE 3.0.1,SSP1-26,0.01701215007504686,47.84596911915562,0.0183312098814028,0.025987843332913485,,,,
2028,S1,"NATO→3.5%, nonNATO holds",0.055,,,,,0.028820930945768986,0.024070130675639158,1.3885375281416064,2.6300910137292126,4.018628541870819,0.6588900561684657,0.29028023453575763,2.6478343856734634,44.53691219685851,47.18474658253197,0.05611632100306129,,10.699978243584564,2.590030631288584,0.05780375438487928,0.10425702434248008,SA2,SA2 — AR6 pathways; evolving NATO GDP share from SSP Basic Drivers v3.2,SSP1-2.6,SA2 — AR6 pathways; evolving NATO GDP share from SSP Basic Drivers v3.2 — SSP1-2.6 — IMAGE 3.0.1 / SSP1-26 — S1: NATO 3.5%,SA2_AR6_dynamic_v32_split,SSP1-2.6,157.44592705596344,48.17809427302516,109.26783278293829,0.3059977172728036,0.2994954800765753,0.842903407810446,47.15434350972723,AR6 World GDP level and trajectory (unrebased),SSP Basic Drivers v3.2 / OECD ENV-Growth 2025,IMAGE 3.0.1,SSP1-26,0.03040307280474508,47.15240881784113,0.03233776469084404,0.058325608023757525,,,,
2029,S1,"NATO→3.5%, nonNATO holds",0.055,,,,,0.029845109579542582,0.024070130675639158,1.482405539850967,2.7590195255745655,4.241425065425533,0.6221537481536524,0.27409570722853216,2.638818501967346,43.86976947256281,46.50858797453015,0.05673830612557969,,13.33879674555191,2.5508979165213614,0.08792058544598458,0.19217760978846465,SA2,SA2 — AR6 pathways; evolving NATO GDP share from SSP Basic Drivers v3.2,SSP1-2.6,SA2 — AR6 pathways; evolving NATO GDP share from SSP Basic Drivers v3.2 — SSP1-2.6 — IMAGE 3.0.1 / SSP1-26 — S1: NATO 3.5%,SA2_AR6_dynamic_v32_split,SSP1-2.6,164.2941669202464,49.669964719013336,114.62420220123306,0.3023233608964627,0.28279715825166013,0.7959074652762288,46.46192352236958,AR6 World GDP level and trajectory (unrebased),SSP Basic Drivers v3.2 / OECD ENV-Growth 2025,IMAGE 3.0.1,SSP1-26,0.046664452160570136,46.45940163302192,0.04918634150823209,0.10751194953198961,,,,
2030,S1,"NATO→3.5%, nonNATO holds",0.055,,,,,0.030999999999995285,0.024070130675639158,1.5875208610267215,2.893950035822553,4.481470896849275,0.5873419249771357,0.2587590298850318,2.632155743284464,43.20209859451078,45.834254337795244,0.05742769859166161,,15.970952488836375,2.511843800257904,0.12031194302655956,0.3124895528150242,SA2,SA2 — AR6 pathways; evolving NATO GDP share from SSP Basic Drivers v3.2,SSP1-2.6,SA2 — AR6 pathways; evolving NATO GDP share from SSP Basic Drivers v3.2 — SSP1-2.6 — IMAGE 3.0.1 / SSP1-26 — S1: NATO 3.5%,SA2_AR6_dynamic_v32_split,SSP1-2.6,171.44027659999995,51.210350355708485,120.22992624429146,0.2987066480019229,0.26697360226233435,0.7513734734321051,45.77002821675297,AR6 World GDP level and trajectory (unrebased),SSP Basic Drivers v3.2 / OECD ENV-Growth 2025,IMAGE 3.0.1,SSP1-26,0.06422612104227454,45.76694695708109,0.06730738071415487,0.1748193302461445,,,,
2031,S1,"NATO→3.5%, nonNATO holds",0.055,,,,,0.03215489042044799,0.024070130675639158,1.686756561777421,3.0148260351959206,4.701582596973342,0.5532170853428023,0.24372500962654928,2.6009958207960358,42.16623065822821,44.767226479024245,0.05810044591470808,,18.57194830963241,2.451399677790438,0.14959614300559787,0.4620856958206221,SA2,SA2 — AR6 pathways; evolving NATO GDP share from SSP Basic Drivers v3.2,SSP1-2.6,SA2 — AR6 pathways; evolving NATO GDP share from SSP Basic Drivers v3.2 — SSP1-2.6 — IMAGE 3.0.1 / SSP1-26 — S1: NATO 3.5%,SA2_AR6_dynamic_v32_split,SSP1-2.6,177.7089843520823,52.45723246827724,125.25175188380506,0.2951861587613793,0.2514623115194556,0.7077183243681919,44.687111982949375,AR6 World GDP level and trajectory (unrebased),SSP Basic Drivers v3.2 / OECD ENV-Growth 2025,IMAGE 3.0.1,SSP1-26,0.08011449607487009,44.68353632909105,0.08369014993319723,0.2585094801793417,,,,
2032,S1,"NATO→3.5%, nonNATO holds",0.055,,,,,0.033179069054221584,0.024070130675639158,1.7829060481710712,3.140454982079695,4.923361030250766,0.5207774535212345,0.22943342357928512,2.5639754200996756,41.13363778574789,43.69761320584756,0.0586754111264953,,21.135923729732085,2.3910577065644403,0.17291771353523533,0.6350034093558574,SA2,SA2 — AR6 pathways; evolving NATO GDP share from SSP Basic Drivers v3.2,SSP1-2.6,SA2 — AR6 pathways; evolving NATO GDP share from SSP Basic Drivers v3.2 — SSP1-2.6 — IMAGE 3.0.1 / SSP1-26 — S1: NATO 3.5%,SA2_AR6_dynamic_v32_split,SSP1-2.6,184.20690718512637,53.735867189565425,130.47103999556094,0.29171472454917957,0.2367170243278338,0.6662190242125305,43.60491092949658,AR6 World GDP level and trajectory (unrebased),SSP Basic Drivers v3.2 / OECD ENV-Growth 2025,IMAGE 3.0.1,SSP1-26,0.09270227635097683,43.600876023450226,0.09673718239733375,0.3552466625766755,,,,
2033,S1,"NATO→3.5%, nonNATO holds",0.055,,,,,0.03399498385901843,0.024070130675639158,1.8713255629106604,3.2710180600697765,5.142343622980437,0.4899462991174637,0.21585046744335812,2.519472226869555,40.105034705612105,42.62450693248166,0.05910853657170664,,23.65539595660164,2.330816623427367,0.188655603442188,0.8236590127980454,SA2,SA2 — AR6 pathways; evolving NATO GDP share from SSP Basic Drivers v3.2,SSP1-2.6,SA2 — AR6 pathways; evolving NATO GDP share from SSP Basic Drivers v3.2 — SSP1-2.6 — IMAGE 3.0.1 / SSP1-26 — S1: NATO 3.5%,SA2_AR6_dynamic_v32_split,SSP1-2.6,190.94242634059682,55.047108440212476,135.89531790038436,0.2882916567846543,0.2227028632352107,0.6267774134758466,42.52342505912923,AR6 World GDP level and trajectory (unrebased),SSP Basic Drivers v3.2 / OECD ENV-Growth 2025,IMAGE 3.0.1,SSP1-26,0.10108187335242746,42.51896533615036,0.10554159633129956,0.46078825890797503,,,,
2034,S1,"NATO→3.5%, nonNATO holds",0.055,,,,,0.034591224067421655,0.024070130675639158,1.950662586310821,3.4067032404927255,5.357365826803546,0.4606502187228109,0.2029438026541055,2.467871739895166,39.08025158302366,41.548123322918826,0.05939791120562685,,26.123267696496807,2.270675188340875,0.19719655155429106,1.0208555643523365,SA2,SA2 — AR6 pathways; evolving NATO GDP share from SSP Basic Drivers v3.2,SSP1-2.6,SA2 — AR6 pathways; evolving NATO GDP share from SSP Basic Drivers v3.2 — SSP1-2.6 — IMAGE 3.0.1 / SSP1-26 — S1: NATO 3.5%,SA2_AR6_dynamic_v32_split,SSP1-2.6,197.92422951976133,56.391834602579834,141.53239491718148,0.2849162769985648,0.20938646305582312,0.5892995888084974,41.44265437219176,AR6 World GDP level and trajectory (unrebased),SSP Basic Drivers v3.2 / OECD ENV-Growth 2025,IMAGE 3.0.1,SSP1-26,0.10546895072706519,41.43780357379754,0.11031974912128817,0.5711080080292632,,,,
2035,S1,"NATO→3.5%, nonNATO holds",0.055,,,,,0.03499999999999057,0.024070130675639158,2.021983224466573,3.5477055340819104,5.569688758548484,0.4328189962923145,0.19068249487004066,2.410667098135542,38.05863059870956,40.4692976968451,0.059567801650372405,,28.533934794632348,2.2106321839109193,0.20003491422462272,1.2208904785769592,SA2,SA2 — AR6 pathways; evolving NATO GDP share from SSP Basic Drivers v3.2,SSP1-2.6,SA2 — AR6 pathways; evolving NATO GDP share from SSP Basic Drivers v3.2 — SSP1-2.6 — IMAGE 3.0.1 / SSP1-26 — S1: NATO 3.5%,SA2_AR6_dynamic_v32_split,SSP1-2.6,205.16132208938131,57.770949270489076,147.39037281889225,0.2815879166801254,0.19673590740559746,0.5536957243844183,40.36259886578648,AR6 World GDP level and trajectory (unrebased),SSP Basic Drivers v3.2 / OECD ENV-Growth 2025,IMAGE 3.0.1,SSP1-26,0.10669883105862255,40.35739005252364,0.11190764432146239,0.6830156523507256,,,,
2025,S2,"NATO→3.5%, nonNATO→3.5%",0.055,,,,,0.027,0.024070130675639158,1.1873991188794069,2.276771681130518,3.4641708000099247,0.7816910574368426,0.3443813749546929,2.707911335801591,46.52684022422733,49.23475156002892,0.055000000000000014,,2.707911335801591,2.707911335801591,0.0,0.0,SA2,SA2 — AR6 pathways; evolving NATO GDP share from SSP Basic Drivers v3.2,SSP1-2.6,SA2 — AR6 pathways; evolving NATO GDP share from SSP Basic Drivers v3.2 — SSP1-2.6 — IMAGE 3.0.1 / SSP1-26 — S2: NATO/non-NATO 3.5%,SA2_AR6_dynamic_v32_split,SSP1-2.6,138.56683200039697,43.97774514368174,94.58908685671523,0.31737569885090355,0.3553141170167466,1.0,49.23475156002892,AR6 World GDP level and trajectory (unrebased),SSP Basic Drivers v3.2 / OECD ENV-Growth 2025,IMAGE 3.0.1,SSP1-26,0.0,49.23475156002892,0.0,0.0,,,,
2026,S2,"NATO→3.5%, nonNATO→3.5%",0.055,,,,,0.02740877593256891,0.0246286141163794,1.2425360592574497,2.444646054488792,3.6871821137462417,0.7385488535962761,0.32537466976619156,2.723164123107981,45.84748009450799,48.57064421761597,0.0560660490914453,,5.4310754589095716,2.668536221712884,0.05462790139509677,0.05462790139509677,SA2,SA2 — AR6 pathways; evolving NATO GDP share from SSP Basic Drivers v3.2,SSP1-2.6,SA2 — AR6 pathways; evolving NATO GDP share from SSP Basic Drivers v3.2 — SSP1-2.6 — IMAGE 3.0.1 / SSP1-26 — S2: NATO/non-NATO 3.5%,SA2_AR6_dynamic_v32_split,SSP1-2.6,144.59391012503605,45.33351151158073,99.26039861345532,0.3135229656102325,0.33570402436194363,0.9448091372798489,48.54075752720379,AR6 World GDP level and trajectory (unrebased),SSP Basic Drivers v3.2 / OECD ENV-Growth 2025,IMAGE 3.0.1,SSP1-26,0.029886690412183725,48.54008315389844,0.03056106371752776,0.03056106371752776,,,,
2027,S2,"NATO→3.5%, nonNATO→3.5%",0.055,,,,,0.028005016140972137,0.025443217561851517,1.308762003354597,2.649911439386876,3.958673442741473,0.6976527219887668,0.307357492904142,2.761779302793231,45.158335982714384,47.92011528550761,0.05763298536196282,,8.192854761702803,2.6292430304390253,0.13253627235420584,0.1871641737493026,SA2,SA2 — AR6 pathways; evolving NATO GDP share from SSP Basic Drivers v3.2,SSP1-2.6,SA2 — AR6 pathways; evolving NATO GDP share from SSP Basic Drivers v3.2 — SSP1-2.6 — IMAGE 3.0.1 / SSP1-26 — S2: NATO/non-NATO 3.5%,SA2_AR6_dynamic_v32_split,SSP1-2.6,150.8831409610859,46.73312797844958,104.15001298263633,0.3097306145721242,0.31711487363125757,0.8924916248579884,47.847288178961975,AR6 World GDP level and trajectory (unrebased),SSP Basic Drivers v3.2 / OECD ENV-Growth 2025,IMAGE 3.0.1,SSP1-26,0.07282710654563829,47.84596911915562,0.07414616635199422,0.10470723006952198,,,,
2028,S2,"NATO→3.5%, nonNATO→3.5%",0.055,,,,,0.028820930945768986,0.026557947836381636,1.3885375281416064,2.9019294032437464,4.290466931385353,0.6588900561684657,0.29028023453575763,2.82694599740944,44.45800288539441,47.284948882803846,0.059785324171885014,,11.019800759112243,2.590030631288584,0.23691536612085606,0.4240795398701587,SA2,SA2 — AR6 pathways; evolving NATO GDP share from SSP Basic Drivers v3.2,SSP1-2.6,SA2 — AR6 pathways; evolving NATO GDP share from SSP Basic Drivers v3.2 — SSP1-2.6 — IMAGE 3.0.1 / SSP1-26 — S2: NATO/non-NATO 3.5%,SA2_AR6_dynamic_v32_split,SSP1-2.6,157.44592705596344,48.17809427302516,109.26783278293829,0.3059977172728036,0.2994954800765753,0.842903407810446,47.15434350972723,AR6 World GDP level and trajectory (unrebased),SSP Basic Drivers v3.2 / OECD ENV-Growth 2025,IMAGE 3.0.1,SSP1-26,0.13060537307661946,47.15240881784113,0.13254006496271842,0.2372472950322404,,,,
2029,S2,"NATO→3.5%, nonNATO→3.5%",0.055,,,,,0.029845109579542582,0.027957215165375113,1.482405539850967,3.2045734840993365,4.686979023950304,0.6221537481536524,0.27409570722853216,2.916021567268229,43.7476450451925,46.66366661246073,0.062490193740788375,,13.935822326380473,2.5508979165213614,0.3651236507468676,0.7892031906170263,SA2,SA2 — AR6 pathways; evolving NATO GDP share from SSP Basic Drivers v3.2,SSP1-2.6,SA2 — AR6 pathways; evolving NATO GDP share from SSP Basic Drivers v3.2 — SSP1-2.6 — IMAGE 3.0.1 / SSP1-26 — S2: NATO/non-NATO 3.5%,SA2_AR6_dynamic_v32_split,SSP1-2.6,164.2941669202464,49.669964719013336,114.62420220123306,0.3023233608964627,0.28279715825166013,0.7959074652762288,46.46192352236958,AR6 World GDP level and trajectory (unrebased),SSP Basic Drivers v3.2 / OECD ENV-Growth 2025,IMAGE 3.0.1,SSP1-26,0.2017430900911492,46.45940163302192,0.20426497943881117,0.44151227447105157,,,,
2030,S2,"NATO→3.5%, nonNATO→3.5%",0.055,,,,,0.030999999999995285,0.029535065337813138,1.5875208610267215,3.5509987271856027,5.138519588212324,0.5873419249771357,0.2587590298850318,3.0180679864733446,43.03208131254645,46.0501492990198,0.0655387231619157,,16.953890312853815,2.511843800257904,0.5062241862154404,1.2954273768324667,SA2,SA2 — AR6 pathways; evolving NATO GDP share from SSP Basic Drivers v3.2,SSP1-2.6,SA2 — AR6 pathways; evolving NATO GDP share from SSP Basic Drivers v3.2 — SSP1-2.6 — IMAGE 3.0.1 / SSP1-26 — S2: NATO/non-NATO 3.5%,SA2_AR6_dynamic_v32_split,SSP1-2.6,171.44027659999995,51.210350355708485,120.22992624429146,0.2987066480019229,0.26697360226233435,0.7513734734321051,45.77002821675297,AR6 World GDP level and trajectory (unrebased),SSP Basic Drivers v3.2 / OECD ENV-Growth 2025,IMAGE 3.0.1,SSP1-26,0.28012108226683097,45.76694695708109,0.2832023419387113,0.7247146164097629,,,,
2031,S2,"NATO→3.5%, nonNATO→3.5%",0.055,,,,,0.03215489042044799,0.031112915510251166,1.686756561777421,3.896947173871769,5.583703735649189,0.5532170853428023,0.24372500962654928,3.089000306053562,41.95123567521266,45.04023598126622,0.06858312881261064,,20.04289061890738,2.451399677790438,0.6376006282631241,1.9330280050955908,SA2,SA2 — AR6 pathways; evolving NATO GDP share from SSP Basic Drivers v3.2,SSP1-2.6,SA2 — AR6 pathways; evolving NATO GDP share from SSP Basic Drivers v3.2 — SSP1-2.6 — IMAGE 3.0.1 / SSP1-26 — S2: NATO/non-NATO 3.5%,SA2_AR6_dynamic_v32_split,SSP1-2.6,177.7089843520823,52.45723246827724,125.25175188380506,0.2951861587613793,0.2514623115194556,0.7077183243681919,44.687111982949375,AR6 World GDP level and trajectory (unrebased),SSP Basic Drivers v3.2 / OECD ENV-Growth 2025,IMAGE 3.0.1,SSP1-26,0.35312399831684615,44.68353632909105,0.3566996521751733,1.0814142685849362,,,,
2032,S2,"NATO→3.5%, nonNATO→3.5%",0.055,,,,,0.033179069054221584,0.03251218283924464,1.7829060481710712,4.241898307562077,6.024804355733148,0.5207774535212345,0.22943342357928512,3.137582270342351,40.88092987270391,44.01851214304626,0.07127869883802977,,23.180472889249728,2.3910577065644403,0.7465245637779105,2.6795525688735014,SA2,SA2 — AR6 pathways; evolving NATO GDP share from SSP Basic Drivers v3.2,SSP1-2.6,SA2 — AR6 pathways; evolving NATO GDP share from SSP Basic Drivers v3.2 — SSP1-2.6 — IMAGE 3.0.1 / SSP1-26 — S2: NATO/non-NATO 3.5%,SA2_AR6_dynamic_v32_split,SSP1-2.6,184.20690718512637,53.735867189565425,130.47103999556094,0.29171472454917957,0.2367170243278338,0.6662190242125305,43.60491092949658,AR6 World GDP level and trajectory (unrebased),SSP Basic Drivers v3.2 / OECD ENV-Growth 2025,IMAGE 3.0.1,SSP1-26,0.4136012135496756,43.600876023450226,0.41763611959603253,1.4990503881809687,,,,
2033,S2,"NATO→3.5%, nonNATO→3.5%",0.055,,,,,0.03399498385901843,0.03362691311377476,1.8713255629106604,4.569740047605025,6.441065610515686,0.4899462991174637,0.21585046744335812,3.155776258244927,39.82470495752365,42.98048121576858,0.07342347430691733,,26.336249147494655,2.330816623427367,0.8249596348175601,3.5045122036910614,SA2,SA2 — AR6 pathways; evolving NATO GDP share from SSP Basic Drivers v3.2,SSP1-2.6,SA2 — AR6 pathways; evolving NATO GDP share from SSP Basic Drivers v3.2 — SSP1-2.6 — IMAGE 3.0.1 / SSP1-26 — S2: NATO/non-NATO 3.5%,SA2_AR6_dynamic_v32_split,SSP1-2.6,190.94242634059682,55.047108440212476,135.89531790038436,0.2882916567846543,0.2227028632352107,0.6267774134758466,42.52342505912923,AR6 World GDP level and trajectory (unrebased),SSP Basic Drivers v3.2 / OECD ENV-Growth 2025,IMAGE 3.0.1,SSP1-26,0.4570561566393465,42.51896533615036,0.4615158796182186,1.9605662677991873,,,,
2034,S2,"NATO→3.5%, nonNATO→3.5%",0.055,,,,,0.034591224067421655,0.034441516559246876,1.950662586310821,4.874590323209974,6.8252529095207946,0.4606502187228109,0.2029438026541055,3.1440542456092557,38.78235299659018,41.92640724219943,0.07498983224216568,,29.480303393103913,2.270675188340875,0.8733790572683806,4.3778912609594425,SA2,SA2 — AR6 pathways; evolving NATO GDP share from SSP Basic Drivers v3.2,SSP1-2.6,SA2 — AR6 pathways; evolving NATO GDP share from SSP Basic Drivers v3.2 — SSP1-2.6 — IMAGE 3.0.1 / SSP1-26 — S2: NATO/non-NATO 3.5%,SA2_AR6_dynamic_v32_split,SSP1-2.6,197.92422951976133,56.391834602579834,141.53239491718148,0.2849162769985648,0.20938646305582312,0.5892995888084974,41.44265437219176,AR6 World GDP level and trajectory (unrebased),SSP Basic Drivers v3.2 / OECD ENV-Growth 2025,IMAGE 3.0.1,SSP1-26,0.4837528700076703,41.43780357379754,0.4886036684018933,2.4491699362010806,,,,
2035,S2,"NATO→3.5%, nonNATO→3.5%",0.055,,,,,0.03499999999999057,0.03499999999998712,2.021983224466573,5.15866304865933,7.180646273125903,0.4328189962923145,0.19068249487004066,3.107920112664502,37.7514492007003,40.8593693133648,0.07606382978720927,,32.58822350576841,2.2106321839109193,0.8972879287535829,5.275179189713025,SA2,SA2 — AR6 pathways; evolving NATO GDP share from SSP Basic Drivers v3.2,SSP1-2.6,SA2 — AR6 pathways; evolving NATO GDP share from SSP Basic Drivers v3.2 — SSP1-2.6 — IMAGE 3.0.1 / SSP1-26 — S2: NATO/non-NATO 3.5%,SA2_AR6_dynamic_v32_split,SSP1-2.6,205.16132208938131,57.770949270489076,147.39037281889225,0.2815879166801254,0.19673590740559746,0.5536957243844183,40.36259886578648,AR6 World GDP level and trajectory (unrebased),SSP Basic Drivers v3.2 / OECD ENV-Growth 2025,IMAGE 3.0.1,SSP1-26,0.4967704475783208,40.35739005252364,0.5019792608411606,2.951149197042241,,,,
2025,S3,"NATO→5%, nonNATO→3.5%",0.055,,,,,0.027,0.024070130675639158,1.1873991188794069,2.276771681130518,3.4641708000099247,0.7816910574368426,0.3443813749546929,2.707911335801591,46.52684022422733,49.23475156002892,0.055000000000000014,,2.707911335801591,2.707911335801591,0.0,0.0,SA2,SA2 — AR6 pathways; evolving NATO GDP share from SSP Basic Drivers v3.2,SSP1-2.6,SA2 — AR6 pathways; evolving NATO GDP share from SSP Basic Drivers v3.2 — SSP1-2.6 — IMAGE 3.0.1 / SSP1-26 — S3: NATO 5%; non-NATO 3.5%,SA2_AR6_dynamic_v32_split,SSP1-2.6,138.56683200039697,43.97774514368174,94.58908685671523,0.31737569885090355,0.3553141170167466,1.0,49.23475156002892,AR6 World GDP level and trajectory (unrebased),SSP Basic Drivers v3.2 / OECD ENV-Growth 2025,IMAGE 3.0.1,SSP1-26,0.0,49.23475156002892,0.0,0.0,,,,
2026,S3,"NATO→5%, nonNATO→3.5%",0.055,,,,,0.02817523080613562,0.0246286141163794,1.2772821500913931,2.444646054488792,3.721928204580185,0.7385488535962761,0.32537466976619156,2.748825808660342,45.83617459667723,48.585000405337574,0.05657766359426344,,5.456737144461933,2.668536221712884,0.0802895869474578,0.0802895869474578,SA2,SA2 — AR6 pathways; evolving NATO GDP share from SSP Basic Drivers v3.2,SSP1-2.6,SA2 — AR6 pathways; evolving NATO GDP share from SSP Basic Drivers v3.2 — SSP1-2.6 — IMAGE 3.0.1 / SSP1-26 — S3: NATO 5%; non-NATO 3.5%,SA2_AR6_dynamic_v32_split,SSP1-2.6,144.59391012503605,45.33351151158073,99.26039861345532,0.3135229656102325,0.33570402436194363,0.9448091372798489,48.54075752720379,AR6 World GDP level and trajectory (unrebased),SSP Basic Drivers v3.2 / OECD ENV-Growth 2025,IMAGE 3.0.1,SSP1-26,0.04424287813378669,48.54008315389844,0.04491725143913072,0.04491725143913072,,,,
2027,S3,"NATO→5%, nonNATO→3.5%",0.055,,,,,0.029889421405294894,0.025443217561851517,1.3968261557354567,2.649911439386876,4.046737595122333,0.6976527219887668,0.307357492904142,2.823217498411372,45.13126880562388,47.95448630403526,0.05887285457531436,,8.279954642873305,2.6292430304390253,0.19397446797234652,0.2742640549198043,SA2,SA2 — AR6 pathways; evolving NATO GDP share from SSP Basic Drivers v3.2,SSP1-2.6,SA2 — AR6 pathways; evolving NATO GDP share from SSP Basic Drivers v3.2 — SSP1-2.6 — IMAGE 3.0.1 / SSP1-26 — S3: NATO 5%; non-NATO 3.5%,SA2_AR6_dynamic_v32_split,SSP1-2.6,150.8831409610859,46.73312797844958,104.15001298263633,0.3097306145721242,0.31711487363125757,0.8924916248579884,47.847288178961975,AR6 World GDP level and trajectory (unrebased),SSP Basic Drivers v3.2 / OECD ENV-Growth 2025,IMAGE 3.0.1,SSP1-26,0.10719812507328186,47.84596911915562,0.1085171848796378,0.15343443631876852,,,,
2028,S3,"NATO→5%, nonNATO→3.5%",0.055,,,,,0.03223517646908584,0.026557947836381636,1.5530293708352196,2.9019294032437464,4.454958774078966,0.6588900561684657,0.29028023453575763,2.935328036881089,44.41025415471808,47.34558219159917,0.06199792886699201,,11.215282679754393,2.590030631288584,0.3452974055925049,0.6195614605123092,SA2,SA2 — AR6 pathways; evolving NATO GDP share from SSP Basic Drivers v3.2,SSP1-2.6,SA2 — AR6 pathways; evolving NATO GDP share from SSP Basic Drivers v3.2 — SSP1-2.6 — IMAGE 3.0.1 / SSP1-26 — S3: NATO 5%; non-NATO 3.5%,SA2_AR6_dynamic_v32_split,SSP1-2.6,157.44592705596344,48.17809427302516,109.26783278293829,0.3059977172728036,0.2994954800765753,0.842903407810446,47.15434350972723,AR6 World GDP level and trajectory (unrebased),SSP Basic Drivers v3.2 / OECD ENV-Growth 2025,IMAGE 3.0.1,SSP1-26,0.19123868187194404,47.15240881784113,0.193173373758043,0.3466078100768115,,,,
2029,S3,"NATO→5%, nonNATO→3.5%",0.055,,,,,0.03517969004118492,0.027957215165375113,1.74737396317148,3.2045734840993365,4.9519474472708165,0.6221537481536524,0.27409570722853216,3.0808726649794496,43.675018337809234,46.75589100278869,0.06589271638082345,,14.296155344733844,2.5508979165213614,0.5299747484580881,1.1495362089703973,SA2,SA2 — AR6 pathways; evolving NATO GDP share from SSP Basic Drivers v3.2,SSP1-2.6,SA2 — AR6 pathways; evolving NATO GDP share from SSP Basic Drivers v3.2 — SSP1-2.6 — IMAGE 3.0.1 / SSP1-26 — S3: NATO 5%; non-NATO 3.5%,SA2_AR6_dynamic_v32_split,SSP1-2.6,164.2941669202464,49.669964719013336,114.62420220123306,0.3023233608964627,0.28279715825166013,0.7959074652762288,46.46192352236958,AR6 World GDP level and trajectory (unrebased),SSP Basic Drivers v3.2 / OECD ENV-Growth 2025,IMAGE 3.0.1,SSP1-26,0.2939674804191057,46.45940163302192,0.29648936976676765,0.6430971798435792,,,,
2030,S3,"NATO→5%, nonNATO→3.5%",0.055,,,,,0.03849999999998644,0.029535065337813138,1.9715984886940823,3.5509987271856027,5.522597215879685,0.5873419249771357,0.2587590298850318,3.243652879648144,42.9326977582107,46.176350637858846,0.07024489451508871,,17.539808224381986,2.511843800257904,0.7318090793902399,1.8813452883606372,SA2,SA2 — AR6 pathways; evolving NATO GDP share from SSP Basic Drivers v3.2,SSP1-2.6,SA2 — AR6 pathways; evolving NATO GDP share from SSP Basic Drivers v3.2 — SSP1-2.6 — IMAGE 3.0.1 / SSP1-26 — S3: NATO 5%; non-NATO 3.5%,SA2_AR6_dynamic_v32_split,SSP1-2.6,171.44027659999995,51.210350355708485,120.22992624429146,0.2987066480019229,0.26697360226233435,0.7513734734321051,45.77002821675297,AR6 World GDP level and trajectory (unrebased),SSP Basic Drivers v3.2 / OECD ENV-Growth 2025,IMAGE 3.0.1,SSP1-26,0.4063224211058767,45.76694695708109,0.409403680777757,1.0525008606213362,,,,
2031,S3,"NATO→5%, nonNATO→3.5%",0.055,,,,,0.041820309958787966,0.031112915510251166,2.19377772140355,3.896947173871769,6.090724895275319,0.5532170853428023,0.24372500962654928,3.369493074189057,41.82766193820191,45.19715501239097,0.07455099935527573,,20.909301298571044,2.451399677790438,0.9180933963986191,2.7994386847592563,SA2,SA2 — AR6 pathways; evolving NATO GDP share from SSP Basic Drivers v3.2,SSP1-2.6,SA2 — AR6 pathways; evolving NATO GDP share from SSP Basic Drivers v3.2 — SSP1-2.6 — IMAGE 3.0.1 / SSP1-26 — S3: NATO 5%; non-NATO 3.5%,SA2_AR6_dynamic_v32_split,SSP1-2.6,177.7089843520823,52.45723246827724,125.25175188380506,0.2951861587613793,0.2514623115194556,0.7077183243681919,44.687111982949375,AR6 World GDP level and trajectory (unrebased),SSP Basic Drivers v3.2 / OECD ENV-Growth 2025,IMAGE 3.0.1,SSP1-26,0.5100430294415972,44.68353632909105,0.5136186832999243,1.5661195439212605,,,,
2032,S3,"NATO→5%, nonNATO→3.5%",0.055,,,,,0.04476482353088705,0.03251218283924464,2.4054766120200797,4.241898307562077,6.647374919582157,0.5207774535212345,0.22943342357928512,3.4618029832209167,40.73809137682035,44.19989436004127,0.07832152165391927,,24.37110428179196,2.3910577065644403,1.0707452766564765,3.8701839614157327,SA2,SA2 — AR6 pathways; evolving NATO GDP share from SSP Basic Drivers v3.2,SSP1-2.6,SA2 — AR6 pathways; evolving NATO GDP share from SSP Basic Drivers v3.2 — SSP1-2.6 — IMAGE 3.0.1 / SSP1-26 — S3: NATO 5%; non-NATO 3.5%,SA2_AR6_dynamic_v32_split,SSP1-2.6,184.20690718512637,53.735867189565425,130.47103999556094,0.29171472454917957,0.2367170243278338,0.6662190242125305,43.60491092949658,AR6 World GDP level and trajectory (unrebased),SSP Basic Drivers v3.2 / OECD ENV-Growth 2025,IMAGE 3.0.1,SSP1-26,0.594983430544687,43.600876023450226,0.599018336591044,2.1651378805123045,,,,
2033,S3,"NATO→5%, nonNATO→3.5%",0.055,,,,,0.04711057859467799,0.03362691311377476,2.5933011285823917,4.569740047605025,7.163041176187416,0.4899462991174637,0.21585046744335812,3.5095055146990286,39.66886619419073,43.178371708889756,0.081279246432919,,27.88060979649099,2.330816623427367,1.1786888912716615,5.048872852687394,SA2,SA2 — AR6 pathways; evolving NATO GDP share from SSP Basic Drivers v3.2,SSP1-2.6,SA2 — AR6 pathways; evolving NATO GDP share from SSP Basic Drivers v3.2 — SSP1-2.6 — IMAGE 3.0.1 / SSP1-26 — S3: NATO 5%; non-NATO 3.5%,SA2_AR6_dynamic_v32_split,SSP1-2.6,190.94242634059682,55.047108440212476,135.89531790038436,0.2882916567846543,0.2227028632352107,0.6267774134758466,42.52342505912923,AR6 World GDP level and trajectory (unrebased),SSP Basic Drivers v3.2 / OECD ENV-Growth 2025,IMAGE 3.0.1,SSP1-26,0.6549466497605252,42.51896533615036,0.6594063727393973,2.8245442532517018,,,,
2034,S3,"NATO→5%, nonNATO→3.5%",0.055,,,,,0.04882476919383726,0.034441516559246876,2.753318308888006,4.874590323209974,7.62790863209798,0.4606502187228109,0.2029438026541055,3.513797779773552,38.619458992028285,42.13325677180184,0.08339725074671182,,31.39440757626454,2.270675188340875,1.2431225914326767,6.2919954441200705,SA2,SA2 — AR6 pathways; evolving NATO GDP share from SSP Basic Drivers v3.2,SSP1-2.6,SA2 — AR6 pathways; evolving NATO GDP share from SSP Basic Drivers v3.2 — SSP1-2.6 — IMAGE 3.0.1 / SSP1-26 — S3: NATO 5%; non-NATO 3.5%,SA2_AR6_dynamic_v32_split,SSP1-2.6,197.92422951976133,56.391834602579834,141.53239491718148,0.2849162769985648,0.20938646305582312,0.5892995888084974,41.44265437219176,AR6 World GDP level and trajectory (unrebased),SSP Basic Drivers v3.2 / OECD ENV-Growth 2025,IMAGE 3.0.1,SSP1-26,0.6906023996100785,41.43780357379754,0.6954531980043015,3.5199974512560033,,,,
2035,S3,"NATO→5%, nonNATO→3.5%",0.055,,,,,0.049999999999972886,0.03499999999998712,2.8885474635228876,5.15866304865933,8.047210512182218,0.4328189962923145,0.19068249487004066,3.4829855768356697,37.58621056963189,41.069196146467554,0.08480773678681433,,34.877393153100215,2.2106321839109193,1.2723533929247504,7.564348837044822,SA2,SA2 — AR6 pathways; evolving NATO GDP share from SSP Basic Drivers v3.2,SSP1-2.6,SA2 — AR6 pathways; evolving NATO GDP share from SSP Basic Drivers v3.2 — SSP1-2.6 — IMAGE 3.0.1 / SSP1-26 — S3: NATO 5%; non-NATO 3.5%,SA2_AR6_dynamic_v32_split,SSP1-2.6,205.16132208938131,57.770949270489076,147.39037281889225,0.2815879166801254,0.19673590740559746,0.5536957243844183,40.36259886578648,AR6 World GDP level and trajectory (unrebased),SSP Basic Drivers v3.2 / OECD ENV-Growth 2025,IMAGE 3.0.1,SSP1-26,0.7065972806810734,40.35739005252364,0.7118060939439133,4.2318035451999165,,,,
2025,S0,Baseline,0.055,,,,,0.027,0.024070131902827918,1.134057868915561,2.1744957856769167,3.308553654592478,0.9100880620821836,0.40094788749075233,3.0110751838029945,51.73574633988782,54.74682152369081,0.055,,3.0110751838029945,3.0110751838029945,0.0,0.0,SA2,SA2 — AR6 pathways; evolving NATO GDP share from SSP Basic Drivers v3.2,SSP2-4.5,SA2 — AR6 pathways; evolving NATO GDP share from SSP Basic Drivers v3.2 — SSP2-4.5 — MESSAGE-GLOBIOM 1.0 / SSP2-45 — S0: Baseline,SA2_AR6_dynamic_v32_split,SSP2-4.5,132.3421461836991,42.00214329316893,90.34000289053017,0.3173754129305667,0.41367639185553806,1.0,54.74682152369081,AR6 World GDP level and trajectory (unrebased),SSP Basic Drivers v3.2 / OECD ENV-Growth 2025,MESSAGE-GLOBIOM 1.0,SSP2-45,0.0,54.74682152369081,0.0,0.0,,,,
2026,S0,Baseline,0.055,,,,,0.027,0.024070131902827918,1.1597241381224914,2.263692868388565,3.4234170065110563,0.8836639841685245,0.3893065105078116,3.0251503114438436,52.00163588519129,55.026786196635136,0.05497595844746663,,6.036225495246838,3.0251503114438436,0.0,0.0,SA2,SA2 — AR6 pathways; evolving NATO GDP share from SSP Basic Drivers v3.2,SSP2-4.5,SA2 — AR6 pathways; evolving NATO GDP share from SSP Basic Drivers v3.2 — SSP2-4.5 — MESSAGE-GLOBIOM 1.0 / SSP2-45 — S0: Baseline,SA2_AR6_dynamic_v32_split,SSP2-4.5,136.9984651539472,42.952745856388574,94.04571929755862,0.313527204907894,0.40166544734932935,0.9709653614693026,55.02754979223171,AR6 World GDP level and trajectory (unrebased),SSP Basic Drivers v3.2 / OECD ENV-Growth 2025,MESSAGE-GLOBIOM 1.0,SSP2-45,-0.0007635955965739072,55.026786196635136,0.0,0.0,,,,
2027,S0,Baseline,0.055,,,,,0.027,0.024070131902827918,1.1860222952999577,2.3562699853791944,3.542292280679152,0.857981088680002,0.37799166843944154,3.0392197873998663,52.26729672115167,55.30651650855154,0.05495229096430146,,9.075445282646704,3.0392197873998663,0.0,0.0,SA2,SA2 — AR6 pathways; evolving NATO GDP share from SSP Basic Drivers v3.2,SSP2-4.5,SA2 — AR6 pathways; evolving NATO GDP share from SSP Basic Drivers v3.2 — SSP2-4.5 — MESSAGE-GLOBIOM 1.0 / SSP2-45 — S0: Baseline,SA2_AR6_dynamic_v32_split,SSP2-4.5,141.81861180100074,43.92675167777622,97.89186012322452,0.3097389765696906,0.3899914039454555,0.9427451303086358,55.308039521867826,AR6 World GDP level and trajectory (unrebased),SSP Basic Drivers v3.2 / OECD ENV-Growth 2025,MESSAGE-GLOBIOM 1.0,SSP2-45,-0.0015230133162873472,55.30651650855154,0.0,0.0,,,,
2028,S0,Baseline,0.055,,,,,0.027,0.024070131902827918,1.2129694769274757,2.4523506024590924,3.665320079386568,0.8330196434049916,0.3669946680735278,3.0532836254957543,52.532728836814535,55.586012462310286,0.05492899184963146,,12.12872890814246,3.0532836254957543,0.0,0.0,SA2,SA2 — AR6 pathways; evolving NATO GDP share from SSP Basic Drivers v3.2,SSP2-4.5,SA2 — AR6 pathways; evolving NATO GDP share from SSP Basic Drivers v3.2 — SSP2-4.5 — MESSAGE-GLOBIOM 1.0 / SSP2-45 — S0: Baseline,SA2_AR6_dynamic_v32_split,SSP2-4.5,146.8083502290495,44.924795441758356,101.88355478729113,0.30600981055687204,0.3786452924568144,0.9153176248671279,55.58829070758088,AR6 World GDP level and trajectory (unrebased),SSP Basic Drivers v3.2 / OECD ENV-Growth 2025,MESSAGE-GLOBIOM 1.0,SSP2-45,-0.0022782452705953915,55.586012462310286,0.0,0.0,,,,
2029,S0,Baseline,0.055,,,,,0.027,0.024070131902827918,1.240583334490918,2.5520626078348285,3.7926459423257466,0.8087603972561511,0.35630702816180093,3.0673418389673004,52.79793224026005,55.865274079227355,0.05490605549732449,,15.19607074710976,3.0673418389673004,0.0,0.0,SA2,SA2 — AR6 pathways; evolving NATO GDP share from SSP Basic Drivers v3.2,SSP2-4.5,SA2 — AR6 pathways; evolving NATO GDP share from SSP Basic Drivers v3.2 — SSP2-4.5 — MESSAGE-GLOBIOM 1.0 / SSP2-45 — S0: Baseline,SA2_AR6_dynamic_v32_split,SSP2-4.5,151.97364734621675,45.94753090707104,106.02611643914571,0.30233880484816084,0.3676183623891596,0.8886616921507511,55.868303363723854,AR6 World GDP level and trajectory (unrebased),SSP Basic Drivers v3.2 / OECD ENV-Growth 2025,MESSAGE-GLOBIOM 1.0,SSP2-45,-0.003029284496498974,55.865274079227355,0.0,0.0,,,,
2030,S0,Baseline,0.055,,,,,0.027,0.024070131902827918,1.2688820515224573,2.6555384686693775,3.924420520191835,0.7851845698105682,0.345920474811649,3.081394437902592,53.06290691358611,56.14430135148871,0.054883476394365825,,18.27746518501235,3.081394437902592,0.0,0.0,SA2,SA2 — AR6 pathways; evolving NATO GDP share from SSP Basic Drivers v3.2,SSP2-4.5,SA2 — AR6 pathways; evolving NATO GDP share from SSP Basic Drivers v3.2 — SSP2-4.5 — MESSAGE-GLOBIOM 1.0 / SSP2-45 — S0: Baseline,SA2_AR6_dynamic_v32_split,SSP2-4.5,157.32067999999987,46.99563153786879,110.32504846213108,0.29872507249440333,0.356902077186622,0.8627566963290897,56.14807747641181,AR6 World GDP level and trajectory (unrebased),SSP Basic Drivers v3.2 / OECD ENV-Growth 2025,MESSAGE-GLOBIOM 1.0,SSP2-45,-0.003776124923099644,56.14430135148871,0.0,0.0,,,,
2031,S0,Baseline,0.055,,,,,0.027,0.024070131902827918,1.2876846949162533,2.739049103629849,4.026733798546102,0.7646412808910803,0.33686993493802847,3.079006889527697,53.04347656704049,56.12248345656819,0.054862270874211486,,21.356472074540047,3.079006889527697,0.0,0.0,SA2,SA2 — AR6 pathways; evolving NATO GDP share from SSP Basic Drivers v3.2,SSP2-4.5,SA2 — AR6 pathways; evolving NATO GDP share from SSP Basic Drivers v3.2 — SSP2-4.5 — MESSAGE-GLOBIOM 1.0 / SSP2-45 — S0: Baseline,SA2_AR6_dynamic_v32_split,SSP2-4.5,161.48654563007247,47.69202573763901,113.79451989243347,0.2953312646051032,0.3475642185868547,0.8401838379702106,56.12694504420659,AR6 World GDP level and trajectory (unrebased),SSP Basic Drivers v3.2 / OECD ENV-Growth 2025,MESSAGE-GLOBIOM 1.0,SSP2-45,-0.004461587638402875,56.12248345656819,0.0,0.0,,,,
2032,S0,Baseline,0.055,,,,,0.027,0.024070131902827918,1.306797324897665,2.8249386260362135,4.131735950933878,0.7446365088291103,0.3280566437498878,3.076641433907127,53.02411938444871,56.10076081835584,0.05484134954726796,,24.433113508447175,3.076641433907127,0.0,0.0,SA2,SA2 — AR6 pathways; evolving NATO GDP share from SSP Basic Drivers v3.2,SSP2-4.5,SA2 — AR6 pathways; evolving NATO GDP share from SSP Basic Drivers v3.2 — SSP2-4.5 — MESSAGE-GLOBIOM 1.0 / SSP2-45 — S0: Baseline,SA2_AR6_dynamic_v32_split,SSP2-4.5,165.76272375337751,48.39990092213574,117.36282283124177,0.29198302143095406,0.3384711403768683,0.8182026991162393,56.105898140781484,AR6 World GDP level and trajectory (unrebased),SSP Basic Drivers v3.2 / OECD ENV-Growth 2025,MESSAGE-GLOBIOM 1.0,SSP2-45,-0.005137322425646573,56.10076081835584,0.0,0.0,,,,
2033,S0,Baseline,0.055,,,,,0.027,0.024070131902827918,1.3262257668441033,2.913272153536851,4.239497920380954,0.7251561112405603,0.3194743706864008,3.0742978255558953,53.004835465155665,56.07913329071156,0.05482070861578551,,27.50741133400307,3.0742978255558953,0.0,0.0,SA2,SA2 — AR6 pathways; evolving NATO GDP share from SSP Basic Drivers v3.2,SSP2-4.5,SA2 — AR6 pathways; evolving NATO GDP share from SSP Basic Drivers v3.2 — SSP2-4.5 — MESSAGE-GLOBIOM 1.0 / SSP2-45 — S0: Baseline,SA2_AR6_dynamic_v32_split,SSP2-4.5,170.15213545456908,49.119472846077905,121.03266260849117,0.28867973190493923,0.3296164142002547,0.7967977401895385,56.08493675705109,AR6 World GDP level and trajectory (unrebased),SSP Basic Drivers v3.2 / OECD ENV-Growth 2025,MESSAGE-GLOBIOM 1.0,SSP2-45,-0.005803466339528995,56.07913329071156,0.0,0.0,,,,
2034,S0,Baseline,0.055,,,,,0.027,0.024070131902827918,1.3459759719014301,3.0041165534979966,4.350092525399427,0.7061863179461751,0.31111704916509825,3.071975823237,52.985624918654935,56.05760074189193,0.05480034433477471,,30.57938715724007,3.071975823237,0.0,0.0,SA2,SA2 — AR6 pathways; evolving NATO GDP share from SSP Basic Drivers v3.2,SSP2-4.5,SA2 — AR6 pathways; evolving NATO GDP share from SSP Basic Drivers v3.2 — SSP2-4.5 — MESSAGE-GLOBIOM 1.0 / SSP2-45 — S0: Baseline,SA2_AR6_dynamic_v32_split,SSP2-4.5,174.65777916888334,49.85096192227519,124.80681724660815,0.28542079350540905,0.3209937808846251,0.7759538305892034,56.064060896331775,AR6 World GDP level and trajectory (unrebased),SSP Basic Drivers v3.2 / OECD ENV-Growth 2025,MESSAGE-GLOBIOM 1.0,SSP2-45,-0.0064601544398428246,56.05760074189193,0.0,0.0,,,,
2035,S0,Baseline,0.055,,,,,0.027,0.024070131902827918,1.3660540200495876,3.0975404895724234,4.463594509622011,0.6877137211119276,0.3029787722381221,3.0696751897469228,52.96648786185448,56.036163051601406,0.05478025301125962,,33.649062346986994,3.0696751897469228,0.0,0.0,SA2,SA2 — AR6 pathways; evolving NATO GDP share from SSP Basic Drivers v3.2,SSP2-4.5,SA2 — AR6 pathways; evolving NATO GDP share from SSP Basic Drivers v3.2 — SSP2-4.5 — MESSAGE-GLOBIOM 1.0 / SSP2-45 — S0: Baseline,SA2_AR6_dynamic_v32_split,SSP2-4.5,179.28273273038877,50.59459333516991,128.68813939521885,0.28220561213363315,0.3125971459599672,0.7556562378573702,56.04327057142313,AR6 World GDP level and trajectory (unrebased),SSP Basic Drivers v3.2 / OECD ENV-Growth 2025,MESSAGE-GLOBIOM 1.0,SSP2-45,-0.007107519821722974,56.036163051601406,0.0,0.0,,,,
2025,S1,"NATO→3.5%, nonNATO holds",0.055,,,,,0.027,0.024070131902827918,1.134057868915561,2.1744957856769167,3.308553654592478,0.9100880620821836,0.40094788749075233,3.0110751838029945,51.73574633988782,54.74682152369081,0.055,,3.0110751838029945,3.0110751838029945,0.0,0.0,SA2,SA2 — AR6 pathways; evolving NATO GDP share from SSP Basic Drivers v3.2,SSP2-4.5,SA2 — AR6 pathways; evolving NATO GDP share from SSP Basic Drivers v3.2 — SSP2-4.5 — MESSAGE-GLOBIOM 1.0 / SSP2-45 — S1: NATO 3.5%,SA2_AR6_dynamic_v32_split,SSP2-4.5,132.3421461836991,42.00214329316893,90.34000289053017,0.3173754129305667,0.41367639185553806,1.0,54.74682152369081,AR6 World GDP level and trajectory (unrebased),SSP Basic Drivers v3.2 / OECD ENV-Growth 2025,MESSAGE-GLOBIOM 1.0,SSP2-45,0.0,54.74682152369081,0.0,0.0,,,,
2026,S1,"NATO→3.5%, nonNATO holds",0.055,,,,,0.02740877593256891,0.024070131902827918,1.1772821868663321,2.263692868388565,3.440975055254897,0.8836639841685245,0.3893065105078116,3.040665726751051,51.994800422503495,55.035466149254546,0.05524920454938741,,6.051740910554045,3.0251503114438436,0.015515415307207459,0.015515415307207459,SA2,SA2 — AR6 pathways; evolving NATO GDP share from SSP Basic Drivers v3.2,SSP2-4.5,SA2 — AR6 pathways; evolving NATO GDP share from SSP Basic Drivers v3.2 — SSP2-4.5 — MESSAGE-GLOBIOM 1.0 / SSP2-45 — S1: NATO 3.5%,SA2_AR6_dynamic_v32_split,SSP2-4.5,136.9984651539472,42.952745856388574,94.04571929755862,0.313527204907894,0.40166544734932935,0.9709653614693026,55.02754979223171,AR6 World GDP level and trajectory (unrebased),SSP Basic Drivers v3.2 / OECD ENV-Growth 2025,MESSAGE-GLOBIOM 1.0,SSP2-45,0.007916357022835996,55.026786196635136,0.008679952619409903,0.008679952619409903,,,,
2027,S1,"NATO→3.5%, nonNATO holds",0.055,,,,,0.028005016140972137,0.024070131902827918,1.230169389756598,2.3562699853791944,3.586439375135792,0.857981088680002,0.37799166843944154,3.077097159563833,52.25060948726126,55.32770664682509,0.05561584504497817,,9.12883807011788,3.0392197873998663,0.037877372163966694,0.05339278747117415,SA2,SA2 — AR6 pathways; evolving NATO GDP share from SSP Basic Drivers v3.2,SSP2-4.5,SA2 — AR6 pathways; evolving NATO GDP share from SSP Basic Drivers v3.2 — SSP2-4.5 — MESSAGE-GLOBIOM 1.0 / SSP2-45 — S1: NATO 3.5%,SA2_AR6_dynamic_v32_split,SSP2-4.5,141.81861180100074,43.92675167777622,97.89186012322452,0.3097389765696906,0.3899914039454555,0.9427451303086358,55.308039521867826,AR6 World GDP level and trajectory (unrebased),SSP Basic Drivers v3.2 / OECD ENV-Growth 2025,MESSAGE-GLOBIOM 1.0,SSP2-45,0.01966712495726597,55.30651650855154,0.021190138273553316,0.02987009089296322,,,,
2028,S1,"NATO→3.5%, nonNATO holds",0.055,,,,,0.028820930945768986,0.024070131902827918,1.2947744271797148,2.4523506024590924,3.7471250296388074,0.8330196434049916,0.3669946680735278,3.121428755983638,52.502706856249944,55.62413561223358,0.05611644516588466,,12.250266826101516,3.0532836254957543,0.06814513048788351,0.12153791795905766,SA2,SA2 — AR6 pathways; evolving NATO GDP share from SSP Basic Drivers v3.2,SSP2-4.5,SA2 — AR6 pathways; evolving NATO GDP share from SSP Basic Drivers v3.2 — SSP2-4.5 — MESSAGE-GLOBIOM 1.0 / SSP2-45 — S1: NATO 3.5%,SA2_AR6_dynamic_v32_split,SSP2-4.5,146.8083502290495,44.924795441758356,101.88355478729113,0.30600981055687204,0.3786452924568144,0.9153176248671279,55.58829070758088,AR6 World GDP level and trajectory (unrebased),SSP Basic Drivers v3.2 / OECD ENV-Growth 2025,MESSAGE-GLOBIOM 1.0,SSP2-45,0.03584490465269852,55.586012462310286,0.03812314992329391,0.06799324081625713,,,,
2029,S1,"NATO→3.5%, nonNATO holds",0.055,,,,,0.029845109579542582,0.024070131902827918,1.3713090948309548,2.5520626078348285,3.9233717026657833,0.8087603972561511,0.35630702816180093,3.173067656831521,52.75135373308911,55.92442138992063,0.05673849774337422,,15.423334482933036,3.0673418389673004,0.10572581786422042,0.22726373582327808,SA2,SA2 — AR6 pathways; evolving NATO GDP share from SSP Basic Drivers v3.2,SSP2-4.5,SA2 — AR6 pathways; evolving NATO GDP share from SSP Basic Drivers v3.2 — SSP2-4.5 — MESSAGE-GLOBIOM 1.0 / SSP2-45 — S1: NATO 3.5%,SA2_AR6_dynamic_v32_split,SSP2-4.5,151.97364734621675,45.94753090707104,106.02611643914571,0.30233880484816084,0.3676183623891596,0.8886616921507511,55.868303363723854,AR6 World GDP level and trajectory (unrebased),SSP Basic Drivers v3.2 / OECD ENV-Growth 2025,MESSAGE-GLOBIOM 1.0,SSP2-45,0.05611802619677775,55.865274079227355,0.05914731069327672,0.12714055150953385,,,,
2030,S1,"NATO→3.5%, nonNATO holds",0.055,,,,,0.030999999999995285,0.024070131902827918,1.4568645776737108,2.6555384686693775,4.112403046343088,0.7851845698105682,0.345920474811649,3.2289954168305677,52.997879908883576,56.22687532571415,0.057427971910682656,,18.652329899763604,3.081394437902592,0.14760097892797575,0.3748647147512538,SA2,SA2 — AR6 pathways; evolving NATO GDP share from SSP Basic Drivers v3.2,SSP2-4.5,SA2 — AR6 pathways; evolving NATO GDP share from SSP Basic Drivers v3.2 — SSP2-4.5 — MESSAGE-GLOBIOM 1.0 / SSP2-45 — S1: NATO 3.5%,SA2_AR6_dynamic_v32_split,SSP2-4.5,157.32067999999987,46.99563153786879,110.32504846213108,0.29872507249440333,0.356902077186622,0.8627566963290897,56.14807747641181,AR6 World GDP level and trajectory (unrebased),SSP Basic Drivers v3.2 / OECD ENV-Growth 2025,MESSAGE-GLOBIOM 1.0,SSP2-45,0.07879784930234024,56.14430135148871,0.08257397422543988,0.20971452573497373,,,,
2031,S1,"NATO→3.5%, nonNATO holds",0.055,,,,,0.03215489042044799,0.024070131902827918,1.5335318615229674,2.739049103629849,4.272580965152817,0.7646412808910803,0.33686993493802847,3.266991781905298,52.96065804802099,56.227649829926285,0.05810294031116507,,21.919321681668904,3.079006889527697,0.18798489237760085,0.5628496071288547,SA2,SA2 — AR6 pathways; evolving NATO GDP share from SSP Basic Drivers v3.2,SSP2-4.5,SA2 — AR6 pathways; evolving NATO GDP share from SSP Basic Drivers v3.2 — SSP2-4.5 — MESSAGE-GLOBIOM 1.0 / SSP2-45 — S1: NATO 3.5%,SA2_AR6_dynamic_v32_split,SSP2-4.5,161.48654563007247,47.69202573763901,113.79451989243347,0.2953312646051032,0.3475642185868547,0.8401838379702106,56.12694504420659,AR6 World GDP level and trajectory (unrebased),SSP Basic Drivers v3.2 / OECD ENV-Growth 2025,MESSAGE-GLOBIOM 1.0,SSP2-45,0.10070478571969232,56.12248345656819,0.1051663733580952,0.31488089909306893,,,,
2032,S1,"NATO→3.5%, nonNATO holds",0.055,,,,,0.033179069054221584,0.024070131902827918,1.6058636549130247,2.8249386260362135,4.430802280949238,0.7446365088291103,0.3280566437498878,3.299337141798099,52.92600868796527,56.22534582976337,0.05868060201510698,,25.218658823467003,3.076641433907127,0.22269570789097193,0.7855453150198266,SA2,SA2 — AR6 pathways; evolving NATO GDP share from SSP Basic Drivers v3.2,SSP2-4.5,SA2 — AR6 pathways; evolving NATO GDP share from SSP Basic Drivers v3.2 — SSP2-4.5 — MESSAGE-GLOBIOM 1.0 / SSP2-45 — S1: NATO 3.5%,SA2_AR6_dynamic_v32_split,SSP2-4.5,165.76272375337751,48.39990092213574,117.36282283124177,0.29198302143095406,0.3384711403768683,0.8182026991162393,56.105898140781484,AR6 World GDP level and trajectory (unrebased),SSP Basic Drivers v3.2 / OECD ENV-Growth 2025,MESSAGE-GLOBIOM 1.0,SSP2-45,0.11944768898188585,56.10076081835584,0.12458501140753242,0.43946591050060135,,,,
2033,S1,"NATO→3.5%, nonNATO holds",0.055,,,,,0.03399498385901843,0.024070131902827918,1.6698156865659126,2.913272153536851,4.583087840102763,0.7251561112405603,0.3194743706864008,3.323454155602819,52.89506729177835,56.21852144738117,0.059116712251379135,,28.54211297906982,3.0742978255558953,0.24915633004692372,1.0347016450667503,SA2,SA2 — AR6 pathways; evolving NATO GDP share from SSP Basic Drivers v3.2,SSP2-4.5,SA2 — AR6 pathways; evolving NATO GDP share from SSP Basic Drivers v3.2 — SSP2-4.5 — MESSAGE-GLOBIOM 1.0 / SSP2-45 — S1: NATO 3.5%,SA2_AR6_dynamic_v32_split,SSP2-4.5,170.15213545456908,49.119472846077905,121.03266260849117,0.28867973190493923,0.3296164142002547,0.7967977401895385,56.08493675705109,AR6 World GDP level and trajectory (unrebased),SSP Basic Drivers v3.2 / OECD ENV-Growth 2025,MESSAGE-GLOBIOM 1.0,SSP2-45,0.1335846903300819,56.07913329071156,0.1393881566696109,0.5788540671702123,,,,
2034,S1,"NATO→3.5%, nonNATO holds",0.055,,,,,0.034591224067421655,0.024070131902827918,1.724405793829926,3.0041165534979966,4.728522347327923,0.7061863179461751,0.31111704916509825,3.339217785785711,52.867888949140465,56.20710673492618,0.05940917403084858,,31.88133076485553,3.071975823237,0.2672419625487108,1.3019436076154611,SA2,SA2 — AR6 pathways; evolving NATO GDP share from SSP Basic Drivers v3.2,SSP2-4.5,SA2 — AR6 pathways; evolving NATO GDP share from SSP Basic Drivers v3.2 — SSP2-4.5 — MESSAGE-GLOBIOM 1.0 / SSP2-45 — S1: NATO 3.5%,SA2_AR6_dynamic_v32_split,SSP2-4.5,174.65777916888334,49.85096192227519,124.80681724660815,0.28542079350540905,0.3209937808846251,0.7759538305892034,56.064060896331775,AR6 World GDP level and trajectory (unrebased),SSP Basic Drivers v3.2 / OECD ENV-Growth 2025,MESSAGE-GLOBIOM 1.0,SSP2-45,0.14304583859440356,56.05760074189193,0.1495059930342464,0.7283600602044586,,,,
2035,S1,"NATO→3.5%, nonNATO holds",0.055,,,,,0.03499999999999057,0.024070131902827918,1.77081076673047,3.0975404895724234,4.868351256302893,0.6877137211119276,0.3029787722381221,3.3480319581519904,52.84385515969,56.19188711784199,0.05958212350353556,,35.22936272300752,3.0696751897469228,0.2783567684050676,1.5803003760205288,SA2,SA2 — AR6 pathways; evolving NATO GDP share from SSP Basic Drivers v3.2,SSP2-4.5,SA2 — AR6 pathways; evolving NATO GDP share from SSP Basic Drivers v3.2 — SSP2-4.5 — MESSAGE-GLOBIOM 1.0 / SSP2-45 — S1: NATO 3.5%,SA2_AR6_dynamic_v32_split,SSP2-4.5,179.28273273038877,50.59459333516991,128.68813939521885,0.28220561213363315,0.3125971459599672,0.7556562378573702,56.04327057142313,AR6 World GDP level and trajectory (unrebased),SSP Basic Drivers v3.2 / OECD ENV-Growth 2025,MESSAGE-GLOBIOM 1.0,SSP2-45,0.14861654641886446,56.036163051601406,0.15572406624058743,0.8840841264450461,,,,
2025,S2,"NATO→3.5%, nonNATO→3.5%",0.055,,,,,0.027,0.024070131902827918,1.134057868915561,2.1744957856769167,3.308553654592478,0.9100880620821836,0.40094788749075233,3.0110751838029945,51.73574633988782,54.74682152369081,0.055,,3.0110751838029945,3.0110751838029945,0.0,0.0,SA2,SA2 — AR6 pathways; evolving NATO GDP share from SSP Basic Drivers v3.2,SSP2-4.5,SA2 — AR6 pathways; evolving NATO GDP share from SSP Basic Drivers v3.2 — SSP2-4.5 — MESSAGE-GLOBIOM 1.0 / SSP2-45 — S2: NATO/non-NATO 3.5%,SA2_AR6_dynamic_v32_split,SSP2-4.5,132.3421461836991,42.00214329316893,90.34000289053017,0.3173754129305667,0.41367639185553806,1.0,54.74682152369081,AR6 World GDP level and trajectory (unrebased),SSP Basic Drivers v3.2 / OECD ENV-Growth 2025,MESSAGE-GLOBIOM 1.0,SSP2-45,0.0,54.74682152369081,0.0,0.0,,,,
2026,S2,"NATO→3.5%, nonNATO→3.5%",0.055,,,,,0.02740877593256891,0.024628615280862506,1.1772821868663321,2.316215839391558,3.4934980262578903,0.8836639841685245,0.3893065105078116,3.087078384567924,51.97435288794082,55.06143127250874,0.05606607589420312,,6.098153568370918,3.0251503114438436,0.06192807312408055,0.06192807312408055,SA2,SA2 — AR6 pathways; evolving NATO GDP share from SSP Basic Drivers v3.2,SSP2-4.5,SA2 — AR6 pathways; evolving NATO GDP share from SSP Basic Drivers v3.2 — SSP2-4.5 — MESSAGE-GLOBIOM 1.0 / SSP2-45 — S2: NATO/non-NATO 3.5%,SA2_AR6_dynamic_v32_split,SSP2-4.5,136.9984651539472,42.952745856388574,94.04571929755862,0.313527204907894,0.40166544734932935,0.9709653614693026,55.02754979223171,AR6 World GDP level and trajectory (unrebased),SSP Basic Drivers v3.2 / OECD ENV-Growth 2025,MESSAGE-GLOBIOM 1.0,SSP2-45,0.03388148027703153,55.026786196635136,0.034645075873605435,0.034645075873605435,,,,
2027,S2,"NATO→3.5%, nonNATO→3.5%",0.055,,,,,0.028005016140972137,0.025443218634872214,1.230169389756598,2.49068399968953,3.7208533894461278,0.857981088680002,0.37799166843944154,3.1924218418956642,52.199802109730456,55.39222395162612,0.057633032475525765,,9.290575410266584,3.0392197873998663,0.15320205449579793,0.2151301276198785,SA2,SA2 — AR6 pathways; evolving NATO GDP share from SSP Basic Drivers v3.2,SSP2-4.5,SA2 — AR6 pathways; evolving NATO GDP share from SSP Basic Drivers v3.2 — SSP2-4.5 — MESSAGE-GLOBIOM 1.0 / SSP2-45 — S2: NATO/non-NATO 3.5%,SA2_AR6_dynamic_v32_split,SSP2-4.5,141.81861180100074,43.92675167777622,97.89186012322452,0.3097389765696906,0.3899914039454555,0.9427451303086358,55.308039521867826,AR6 World GDP level and trajectory (unrebased),SSP Basic Drivers v3.2 / OECD ENV-Growth 2025,MESSAGE-GLOBIOM 1.0,SSP2-45,0.08418442975829521,55.30651650855154,0.08570744307458256,0.12035251894818799,,,,
2028,S2,"NATO→3.5%, nonNATO→3.5%",0.055,,,,,0.028820930945768986,0.02655794878424215,1.2947744271797148,2.7058182299974067,4.000592657177122,0.8330196434049916,0.3669946680735278,3.332572268690314,52.40968558841413,55.74225785710444,0.05978538359951941,,12.623147678956897,3.0532836254957543,0.2792886431945596,0.4944187708144381,SA2,SA2 — AR6 pathways; evolving NATO GDP share from SSP Basic Drivers v3.2,SSP2-4.5,SA2 — AR6 pathways; evolving NATO GDP share from SSP Basic Drivers v3.2 — SSP2-4.5 — MESSAGE-GLOBIOM 1.0 / SSP2-45 — S2: NATO/non-NATO 3.5%,SA2_AR6_dynamic_v32_split,SSP2-4.5,146.8083502290495,44.924795441758356,101.88355478729113,0.30600981055687204,0.3786452924568144,0.9153176248671279,55.58829070758088,AR6 World GDP level and trajectory (unrebased),SSP Basic Drivers v3.2 / OECD ENV-Growth 2025,MESSAGE-GLOBIOM 1.0,SSP2-45,0.1539671495235595,55.586012462310286,0.1562453947941549,0.2765979137423429,,,,
2029,S2,"NATO→3.5%, nonNATO→3.5%",0.055,,,,,0.029845109579542582,0.02795721595612806,1.3713090948309548,2.964195034278776,4.335504129109731,0.8087603972561511,0.35630702816180093,3.50638404176447,52.60450805301375,56.11089209477822,0.062490256541310275,,16.129531720721367,3.0673418389673004,0.43904220279716943,0.9334609736116075,SA2,SA2 — AR6 pathways; evolving NATO GDP share from SSP Basic Drivers v3.2,SSP2-4.5,SA2 — AR6 pathways; evolving NATO GDP share from SSP Basic Drivers v3.2 — SSP2-4.5 — MESSAGE-GLOBIOM 1.0 / SSP2-45 — S2: NATO/non-NATO 3.5%,SA2_AR6_dynamic_v32_split,SSP2-4.5,151.97364734621675,45.94753090707104,106.02611643914571,0.30233880484816084,0.3676183623891596,0.8886616921507511,55.868303363723854,AR6 World GDP level and trajectory (unrebased),SSP Basic Drivers v3.2 / OECD ENV-Growth 2025,MESSAGE-GLOBIOM 1.0,SSP2-45,0.24258873105436862,55.865274079227355,0.2456180155508676,0.5222159292932105,,,,
2030,S2,"NATO→3.5%, nonNATO→3.5%",0.055,,,,,0.030999999999995285,0.029535065951407518,1.4568645776737108,3.258457582421272,4.715322160094983,0.7851845698105682,0.345920474811649,3.7023982017924184,52.7893178427815,56.49171604457392,0.0655387809226949,,19.831929922513787,3.081394437902592,0.6210037638898265,1.554464737501434,SA2,SA2 — AR6 pathways; evolving NATO GDP share from SSP Basic Drivers v3.2,SSP2-4.5,SA2 — AR6 pathways; evolving NATO GDP share from SSP Basic Drivers v3.2 — SSP2-4.5 — MESSAGE-GLOBIOM 1.0 / SSP2-45 — S2: NATO/non-NATO 3.5%,SA2_AR6_dynamic_v32_split,SSP2-4.5,157.32067999999987,46.99563153786879,110.32504846213108,0.29872507249440333,0.356902077186622,0.8627566963290897,56.14807747641181,AR6 World GDP level and trajectory (unrebased),SSP Basic Drivers v3.2 / OECD ENV-Growth 2025,MESSAGE-GLOBIOM 1.0,SSP2-45,0.34363856816211324,56.14430135148871,0.3474146930852129,0.8696306223784234,,,,
2031,S2,"NATO→3.5%, nonNATO→3.5%",0.055,,,,,0.03215489042044799,0.031112915946686977,1.5335318615229674,3.5404793326068815,5.074011194129849,0.7646412808910803,0.33686993493802847,3.8797984187351275,52.69068029892813,56.570478717663256,0.06858344682035934,,23.711728341248914,3.079006889527697,0.8007915292074306,2.3552562667088646,SA2,SA2 — AR6 pathways; evolving NATO GDP share from SSP Basic Drivers v3.2,SSP2-4.5,SA2 — AR6 pathways; evolving NATO GDP share from SSP Basic Drivers v3.2 — SSP2-4.5 — MESSAGE-GLOBIOM 1.0 / SSP2-45 — S2: NATO/non-NATO 3.5%,SA2_AR6_dynamic_v32_split,SSP2-4.5,161.48654563007247,47.69202573763901,113.79451989243347,0.2953312646051032,0.3475642185868547,0.8401838379702106,56.12694504420659,AR6 World GDP level and trajectory (unrebased),SSP Basic Drivers v3.2 / OECD ENV-Growth 2025,MESSAGE-GLOBIOM 1.0,SSP2-45,0.4435336734566633,56.12248345656819,0.44799526109506616,1.3176258834734895,,,,
2032,S2,"NATO→3.5%, nonNATO→3.5%",0.055,,,,,0.033179069054221584,0.03251218311857289,1.6058636549130247,3.8157215872019594,5.421585242114984,0.7446365088291103,0.3280566437498878,4.037110307007929,52.600975755040665,56.63808606204859,0.07127907363580688,,27.748838648256843,3.076641433907127,0.9604688731008015,3.315725139809666,SA2,SA2 — AR6 pathways; evolving NATO GDP share from SSP Basic Drivers v3.2,SSP2-4.5,SA2 — AR6 pathways; evolving NATO GDP share from SSP Basic Drivers v3.2 — SSP2-4.5 — MESSAGE-GLOBIOM 1.0 / SSP2-45 — S2: NATO/non-NATO 3.5%,SA2_AR6_dynamic_v32_split,SSP2-4.5,165.76272375337751,48.39990092213574,117.36282283124177,0.29198302143095406,0.3384711403768683,0.8182026991162393,56.105898140781484,AR6 World GDP level and trajectory (unrebased),SSP Basic Drivers v3.2 / OECD ENV-Growth 2025,MESSAGE-GLOBIOM 1.0,SSP2-45,0.5321879212671092,56.10076081835584,0.5373252436927558,1.8549511271662453,,,,
2033,S2,"NATO→3.5%, nonNATO→3.5%",0.055,,,,,0.03399498385901843,0.03362691326794282,1.6698156865659126,4.069954848123919,5.739770534689831,0.7251561112405603,0.3194743706864008,4.16222968034883,52.5255368158413,56.68776649619013,0.07342377266933889,,31.911068328605673,3.0742978255558953,1.0879318547929344,4.403656994602601,SA2,SA2 — AR6 pathways; evolving NATO GDP share from SSP Basic Drivers v3.2,SSP2-4.5,SA2 — AR6 pathways; evolving NATO GDP share from SSP Basic Drivers v3.2 — SSP2-4.5 — MESSAGE-GLOBIOM 1.0 / SSP2-45 — S2: NATO/non-NATO 3.5%,SA2_AR6_dynamic_v32_split,SSP2-4.5,170.15213545456908,49.119472846077905,121.03266260849117,0.28867973190493923,0.3296164142002547,0.7967977401895385,56.08493675705109,AR6 World GDP level and trajectory (unrebased),SSP Basic Drivers v3.2 / OECD ENV-Growth 2025,MESSAGE-GLOBIOM 1.0,SSP2-45,0.6028297391390396,56.07913329071156,0.6086332054785686,2.463584332644814,,,,
2034,S2,"NATO→3.5%, nonNATO→3.5%",0.055,,,,,0.034591224067421655,0.03444151662195252,1.724405793829926,4.2985360707320455,6.022941864561972,0.7061863179461751,0.31111704916509825,4.253319138538889,52.46517296855689,56.718492107095784,0.07498998969344561,,36.16438746714456,3.071975823237,1.181343315301889,5.58500030990449,SA2,SA2 — AR6 pathways; evolving NATO GDP share from SSP Basic Drivers v3.2,SSP2-4.5,SA2 — AR6 pathways; evolving NATO GDP share from SSP Basic Drivers v3.2 — SSP2-4.5 — MESSAGE-GLOBIOM 1.0 / SSP2-45 — S2: NATO/non-NATO 3.5%,SA2_AR6_dynamic_v32_split,SSP2-4.5,174.65777916888334,49.85096192227519,124.80681724660815,0.28542079350540905,0.3209937808846251,0.7759538305892034,56.064060896331775,AR6 World GDP level and trajectory (unrebased),SSP Basic Drivers v3.2 / OECD ENV-Growth 2025,MESSAGE-GLOBIOM 1.0,SSP2-45,0.6544312107640096,56.05760074189193,0.6608913652038524,3.1244756978486663,,,,
2035,S2,"NATO→3.5%, nonNATO→3.5%",0.055,,,,,0.03499999999999057,0.03499999999998712,1.77081076673047,4.504084878831002,6.274895645561473,0.6877137211119276,0.3029787722381221,4.315331833998112,52.417702067534016,56.733033901532124,0.07606382978720926,,40.47971930114267,3.0696751897469228,1.2456566442511892,6.830656954155678,SA2,SA2 — AR6 pathways; evolving NATO GDP share from SSP Basic Drivers v3.2,SSP2-4.5,SA2 — AR6 pathways; evolving NATO GDP share from SSP Basic Drivers v3.2 — SSP2-4.5 — MESSAGE-GLOBIOM 1.0 / SSP2-45 — S2: NATO/non-NATO 3.5%,SA2_AR6_dynamic_v32_split,SSP2-4.5,179.28273273038877,50.59459333516991,128.68813939521885,0.28220561213363315,0.3125971459599672,0.7556562378573702,56.04327057142313,AR6 World GDP level and trajectory (unrebased),SSP Basic Drivers v3.2 / OECD ENV-Growth 2025,MESSAGE-GLOBIOM 1.0,SSP2-45,0.6897633301089954,56.036163051601406,0.6968708499307184,3.8213465477793847,,,,
2025,S3,"NATO→5%, nonNATO→3.5%",0.055,,,,,0.027,0.024070131902827918,1.134057868915561,2.1744957856769167,3.308553654592478,0.9100880620821836,0.40094788749075233,3.0110751838029945,51.73574633988782,54.74682152369081,0.055,,3.0110751838029945,3.0110751838029945,0.0,0.0,SA2,SA2 — AR6 pathways; evolving NATO GDP share from SSP Basic Drivers v3.2,SSP2-4.5,SA2 — AR6 pathways; evolving NATO GDP share from SSP Basic Drivers v3.2 — SSP2-4.5 — MESSAGE-GLOBIOM 1.0 / SSP2-45 — S3: NATO 5%; non-NATO 3.5%,SA2_AR6_dynamic_v32_split,SSP2-4.5,132.3421461836991,42.00214329316893,90.34000289053017,0.3173754129305667,0.41367639185553806,1.0,54.74682152369081,AR6 World GDP level and trajectory (unrebased),SSP Basic Drivers v3.2 / OECD ENV-Growth 2025,MESSAGE-GLOBIOM 1.0,SSP2-45,0.0,54.74682152369081,0.0,0.0,,,,
2026,S3,"NATO→5%, nonNATO→3.5%",0.055,,,,,0.02817523080613562,0.024628615280862506,1.2102035282610335,2.316215839391558,3.5264193676525917,0.8836639841685245,0.3893065105078116,3.1161697882689383,51.96153639540122,55.07770618367016,0.05657769729692997,,6.127244972071933,3.0251503114438436,0.0910194768250947,0.0910194768250947,SA2,SA2 — AR6 pathways; evolving NATO GDP share from SSP Basic Drivers v3.2,SSP2-4.5,SA2 — AR6 pathways; evolving NATO GDP share from SSP Basic Drivers v3.2 — SSP2-4.5 — MESSAGE-GLOBIOM 1.0 / SSP2-45 — S3: NATO 5%; non-NATO 3.5%,SA2_AR6_dynamic_v32_split,SSP2-4.5,136.9984651539472,42.952745856388574,94.04571929755862,0.313527204907894,0.40166544734932935,0.9709653614693026,55.02754979223171,AR6 World GDP level and trajectory (unrebased),SSP Basic Drivers v3.2 / OECD ENV-Growth 2025,MESSAGE-GLOBIOM 1.0,SSP2-45,0.05015639143844908,55.026786196635136,0.050919987035022984,0.050919987035022984,,,,
2027,S3,"NATO→5%, nonNATO→3.5%",0.055,,,,,0.029889421405294894,0.025443218634872214,1.312945191862798,2.49068399968953,3.8036291915523277,0.857981088680002,0.37799166843944154,3.263441914703102,52.16851354618592,55.43195546088902,0.05887293507092096,,9.390686886775034,3.0392197873998663,0.22422212730323565,0.31524160412833035,SA2,SA2 — AR6 pathways; evolving NATO GDP share from SSP Basic Drivers v3.2,SSP2-4.5,SA2 — AR6 pathways; evolving NATO GDP share from SSP Basic Drivers v3.2 — SSP2-4.5 — MESSAGE-GLOBIOM 1.0 / SSP2-45 — S3: NATO 5%; non-NATO 3.5%,SA2_AR6_dynamic_v32_split,SSP2-4.5,141.81861180100074,43.92675167777622,97.89186012322452,0.3097389765696906,0.3899914039454555,0.9427451303086358,55.308039521867826,AR6 World GDP level and trajectory (unrebased),SSP Basic Drivers v3.2 / OECD ENV-Growth 2025,MESSAGE-GLOBIOM 1.0,SSP2-45,0.12391593902119524,55.30651650855154,0.1254389523374826,0.17635893937250557,,,,
2028,S3,"NATO→5%, nonNATO→3.5%",0.055,,,,,0.03223517646908584,0.02655794878424215,1.4481587089026635,2.7058182299974067,4.153976938900071,0.8330196434049916,0.3669946680735278,3.4603443883550953,52.353394374855526,55.81373876321062,0.0619980754744917,,12.85103127513013,3.0532836254957543,0.407060762859341,0.7223023669876714,SA2,SA2 — AR6 pathways; evolving NATO GDP share from SSP Basic Drivers v3.2,SSP2-4.5,SA2 — AR6 pathways; evolving NATO GDP share from SSP Basic Drivers v3.2 — SSP2-4.5 — MESSAGE-GLOBIOM 1.0 / SSP2-45 — S3: NATO 5%; non-NATO 3.5%,SA2_AR6_dynamic_v32_split,SSP2-4.5,146.8083502290495,44.924795441758356,101.88355478729113,0.30600981055687204,0.3786452924568144,0.9153176248671279,55.58829070758088,AR6 World GDP level and trajectory (unrebased),SSP Basic Drivers v3.2 / OECD ENV-Growth 2025,MESSAGE-GLOBIOM 1.0,SSP2-45,0.2254480556297409,55.586012462310286,0.2277263009003363,0.4040852402728419,,,,
2029,S3,"NATO→5%, nonNATO→3.5%",0.055,,,,,0.03517969004118492,0.02795721595612806,1.6164198954685236,2.964195034278776,4.580614929747299,0.8087603972561511,0.35630702816180093,3.7046199502598824,52.51717335206822,56.2217933023281,0.06589295240617088,,16.55565122539001,3.0673418389673004,0.637278111292582,1.3595804782802534,SA2,SA2 — AR6 pathways; evolving NATO GDP share from SSP Basic Drivers v3.2,SSP2-4.5,SA2 — AR6 pathways; evolving NATO GDP share from SSP Basic Drivers v3.2 — SSP2-4.5 — MESSAGE-GLOBIOM 1.0 / SSP2-45 — S3: NATO 5%; non-NATO 3.5%,SA2_AR6_dynamic_v32_split,SSP2-4.5,151.97364734621675,45.94753090707104,106.02611643914571,0.30233880484816084,0.3676183623891596,0.8886616921507511,55.868303363723854,AR6 World GDP level and trajectory (unrebased),SSP Basic Drivers v3.2 / OECD ENV-Growth 2025,MESSAGE-GLOBIOM 1.0,SSP2-45,0.35348993860424827,55.865274079227355,0.35651922310074724,0.7606044633735891,,,,
2030,S3,"NATO→5%, nonNATO→3.5%",0.055,,,,,0.03849999999998644,0.029535065951407518,1.8093318142073112,3.258457582421272,5.067789396628584,0.7851845698105682,0.345920474811649,3.9791500372823734,52.667392208964245,56.64654224624662,0.0702452414480079,,20.534801262672385,3.081394437902592,0.8977555993797814,2.257336077660035,SA2,SA2 — AR6 pathways; evolving NATO GDP share from SSP Basic Drivers v3.2,SSP2-4.5,SA2 — AR6 pathways; evolving NATO GDP share from SSP Basic Drivers v3.2 — SSP2-4.5 — MESSAGE-GLOBIOM 1.0 / SSP2-45 — S3: NATO 5%; non-NATO 3.5%,SA2_AR6_dynamic_v32_split,SSP2-4.5,157.32067999999987,46.99563153786879,110.32504846213108,0.29872507249440333,0.356902077186622,0.8627566963290897,56.14807747641181,AR6 World GDP level and trajectory (unrebased),SSP Basic Drivers v3.2 / OECD ENV-Growth 2025,MESSAGE-GLOBIOM 1.0,SSP2-45,0.49846476983481125,56.14430135148871,0.5022408947579109,1.2628453581315,,,,
2031,S3,"NATO→5%, nonNATO→3.5%",0.055,,,,,0.041820309958787966,0.031112915946686977,1.9944952989105564,3.5404793326068815,5.5349746315174375,0.7646412808910803,0.33686993493802847,4.232270091943128,52.535395575766564,56.76766566770969,0.07455423861739849,,24.767071354615513,3.079006889527697,1.1532632024154315,3.4105992800754663,SA2,SA2 — AR6 pathways; evolving NATO GDP share from SSP Basic Drivers v3.2,SSP2-4.5,SA2 — AR6 pathways; evolving NATO GDP share from SSP Basic Drivers v3.2 — SSP2-4.5 — MESSAGE-GLOBIOM 1.0 / SSP2-45 — S3: NATO 5%; non-NATO 3.5%,SA2_AR6_dynamic_v32_split,SSP2-4.5,161.48654563007247,47.69202573763901,113.79451989243347,0.2953312646051032,0.3475642185868547,0.8401838379702106,56.12694504420659,AR6 World GDP level and trajectory (unrebased),SSP Basic Drivers v3.2 / OECD ENV-Growth 2025,MESSAGE-GLOBIOM 1.0,SSP2-45,0.6407206235030998,56.12248345656819,0.6451822111415026,1.9080275692730027,,,,
2032,S3,"NATO→5%, nonNATO→3.5%",0.055,,,,,0.04476482353088705,0.03251218311857289,2.166613023691824,3.8157215872019594,5.982334610893783,0.7446365088291103,0.3280566437498878,4.4546647593035,52.417018199134226,56.871682958437724,0.07832834422288865,,29.221736113919015,3.076641433907127,1.3780233253963732,4.78862260547184,SA2,SA2 — AR6 pathways; evolving NATO GDP share from SSP Basic Drivers v3.2,SSP2-4.5,SA2 — AR6 pathways; evolving NATO GDP share from SSP Basic Drivers v3.2 — SSP2-4.5 — MESSAGE-GLOBIOM 1.0 / SSP2-45 — S3: NATO 5%; non-NATO 3.5%,SA2_AR6_dynamic_v32_split,SSP2-4.5,165.76272375337751,48.39990092213574,117.36282283124177,0.29198302143095406,0.3384711403768683,0.8182026991162393,56.105898140781484,AR6 World GDP level and trajectory (unrebased),SSP Basic Drivers v3.2 / OECD ENV-Growth 2025,MESSAGE-GLOBIOM 1.0,SSP2-45,0.7657848176562396,56.10076081835584,0.7709221400818862,2.678949709354889,,,,
2033,S3,"NATO→5%, nonNATO→3.5%",0.055,,,,,0.04711057859467799,0.03362691326794282,2.3140467860443046,4.069954848123919,6.384001634168223,0.7251561112405603,0.3194743706864008,4.629397799186811,52.31972149075883,56.94911928994564,0.08129006834358772,,33.851133913105826,3.0742978255558953,1.5550999736309157,6.343722579102755,SA2,SA2 — AR6 pathways; evolving NATO GDP share from SSP Basic Drivers v3.2,SSP2-4.5,SA2 — AR6 pathways; evolving NATO GDP share from SSP Basic Drivers v3.2 — SSP2-4.5 — MESSAGE-GLOBIOM 1.0 / SSP2-45 — S3: NATO 5%; non-NATO 3.5%,SA2_AR6_dynamic_v32_split,SSP2-4.5,170.15213545456908,49.119472846077905,121.03266260849117,0.28867973190493923,0.3296164142002547,0.7967977401895385,56.08493675705109,AR6 World GDP level and trajectory (unrebased),SSP Basic Drivers v3.2 / OECD ENV-Growth 2025,MESSAGE-GLOBIOM 1.0,SSP2-45,0.8641825328945529,56.07913329071156,0.8699859992340819,3.548935708588971,,,,
2034,S3,"NATO→5%, nonNATO→3.5%",0.055,,,,,0.04882476919383726,0.03444151662195252,2.433961709945856,4.2985360707320455,6.732497780677901,0.7061863179461751,0.31111704916509825,4.754397818317723,52.244418025717266,56.998815844034986,0.08341222090169577,,38.60553173142355,3.071975823237,1.6824219950807229,8.026144574183478,SA2,SA2 — AR6 pathways; evolving NATO GDP share from SSP Basic Drivers v3.2,SSP2-4.5,SA2 — AR6 pathways; evolving NATO GDP share from SSP Basic Drivers v3.2 — SSP2-4.5 — MESSAGE-GLOBIOM 1.0 / SSP2-45 — S3: NATO 5%; non-NATO 3.5%,SA2_AR6_dynamic_v32_split,SSP2-4.5,174.65777916888334,49.85096192227519,124.80681724660815,0.28542079350540905,0.3209937808846251,0.7759538305892034,56.064060896331775,AR6 World GDP level and trajectory (unrebased),SSP Basic Drivers v3.2 / OECD ENV-Growth 2025,MESSAGE-GLOBIOM 1.0,SSP2-45,0.9347549477032118,56.05760074189193,0.9412151021430546,4.490150810732025,,,,
2035,S3,"NATO→5%, nonNATO→3.5%",0.055,,,,,0.049999999999972886,0.03499999999998712,2.529729666757124,4.504084878831002,7.033814545588126,0.6877137211119276,0.3029787722381221,4.837250774757613,52.18776575097564,57.02501652573326,0.08482681934120515,,43.44278250618116,3.0696751897469228,1.76757558501069,9.793720159194168,SA2,SA2 — AR6 pathways; evolving NATO GDP share from SSP Basic Drivers v3.2,SSP2-4.5,SA2 — AR6 pathways; evolving NATO GDP share from SSP Basic Drivers v3.2 — SSP2-4.5 — MESSAGE-GLOBIOM 1.0 / SSP2-45 — S3: NATO 5%; non-NATO 3.5%,SA2_AR6_dynamic_v32_split,SSP2-4.5,179.28273273038877,50.59459333516991,128.68813939521885,0.28220561213363315,0.3125971459599672,0.7556562378573702,56.04327057142313,AR6 World GDP level and trajectory (unrebased),SSP Basic Drivers v3.2 / OECD ENV-Growth 2025,MESSAGE-GLOBIOM 1.0,SSP2-45,0.9817459543101279,56.036163051601406,0.9888534741318509,5.479004284863876,,,,
2025,S0,Baseline,0.055,,,,,0.027,0.024070129877985763,1.127474524010805,2.1618676817068967,3.289342205717702,1.1017398414242405,0.4853818881799102,3.6239993601174825,62.26689809656402,65.8908974566815,0.055,,3.6239993601174825,3.6239993601174825,0.0,0.0,SA2,SA2 — AR6 pathways; evolving NATO GDP share from SSP Basic Drivers v3.2,SSP3-7.0,SA2 — AR6 pathways; evolving NATO GDP share from SSP Basic Drivers v3.2 — SSP3-7.0 — MIGRATION 1.0 / SSP3-7.0_zeromig — S0: Baseline,SA2_AR6_dynamic_v32_split,SSP3-7.0,131.57368822870808,41.75831570410389,89.81537252460419,0.317375884694495,0.5007908370110185,1.0,65.8908974566815,AR6 World GDP level and trajectory (unrebased),SSP Basic Drivers v3.2 / OECD ENV-Growth 2025,MIGRATION 1.0,SSP3-7.0_zeromig,0.0,65.8908974566815,0.0,0.0,,,,
2026,S0,Baseline,0.055,,,,,0.027,0.024070129877985763,1.1418226614140896,2.229001535215914,3.3708241966300037,1.0922086149803605,0.481182816389949,3.6816432271435424,63.28678582575464,66.96842905289819,0.054975803960332144,,7.3056425872610244,3.6816432271435424,0.0,0.0,SA2,SA2 — AR6 pathways; evolving NATO GDP share from SSP Basic Drivers v3.2,SSP3-7.0,SA2 — AR6 pathways; evolving NATO GDP share from SSP Basic Drivers v3.2 — SSP3-7.0 — MIGRATION 1.0 / SSP3-7.0_zeromig — S0: Baseline,SA2_AR6_dynamic_v32_split,SSP3-7.0,134.8941946705815,42.289728200521836,92.60446647005966,0.3135029517303951,0.4964584613547093,0.9913489318571261,66.96936433183951,AR6 World GDP level and trajectory (unrebased),SSP Basic Drivers v3.2 / OECD ENV-Growth 2025,MIGRATION 1.0,SSP3-7.0_zeromig,-0.0009352789413270557,66.96842905289819,0.0,0.0,,,,
2027,S0,Baseline,0.055,,,,,0.027,0.024070129877985763,1.1564024856454775,2.2979458994802777,3.4543483851257553,1.0827404333566648,0.4770115195906985,3.7401626674759556,64.322213794179,68.06237646165496,0.05495198466340786,,11.04580525473698,3.7401626674759556,0.0,0.0,SA2,SA2 — AR6 pathways; evolving NATO GDP share from SSP Basic Drivers v3.2,SSP3-7.0,SA2 — AR6 pathways; evolving NATO GDP share from SSP Basic Drivers v3.2 — SSP3-7.0 — MIGRATION 1.0 / SSP3-7.0_zeromig — S0: Baseline,SA2_AR6_dynamic_v32_split,SSP3-7.0,138.29850026089372,42.829721690573244,95.46877857032047,0.3096904276602925,0.49215474243484764,0.9827550866790704,68.06426277502585,AR6 World GDP level and trajectory (unrebased),SSP Basic Drivers v3.2 / OECD ENV-Growth 2025,MIGRATION 1.0,SSP3-7.0_zeromig,-0.00188631337088907,68.06237646165496,0.0,0.0,,,,
2028,S0,Baseline,0.055,,,,,0.027,0.024070129877985763,1.1712187014551645,2.3687474844446093,3.5399661858997735,1.0727564423047062,0.47261297807829716,3.797521531464801,65.33815517385104,69.13567670531583,0.05492853635687073,,14.843326786201782,3.797521531464801,0.0,0.0,SA2,SA2 — AR6 pathways; evolving NATO GDP share from SSP Basic Drivers v3.2,SSP3-7.0,SA2 — AR6 pathways; evolving NATO GDP share from SSP Basic Drivers v3.2 — SSP3-7.0 — MIGRATION 1.0 / SSP3-7.0_zeromig — S0: Baseline,SA2_AR6_dynamic_v32_split,SSP3-7.0,141.78871982682614,43.37847042426535,98.4102494025608,0.30593738681924565,0.4876165646839574,0.9736930643426066,69.13852847289309,AR6 World GDP level and trajectory (unrebased),SSP Basic Drivers v3.2 / OECD ENV-Growth 2025,MIGRATION 1.0,SSP3-7.0_zeromig,-0.0028517675772548046,69.13567670531583,0.0,0.0,,,,
2029,S0,Baseline,0.055,,,,,0.027,0.024070129877985763,1.1862761290623556,2.4414541817756503,3.6277303108380057,1.062059045927474,0.4679001391149011,3.8528637928107905,66.31983409687709,70.17269788968788,0.054905453383985996,,18.696190579012573,3.8528637928107905,0.0,0.0,SA2,SA2 — AR6 pathways; evolving NATO GDP share from SSP Basic Drivers v3.2,SSP3-7.0,SA2 — AR6 pathways; evolving NATO GDP share from SSP Basic Drivers v3.2 — SSP3-7.0 — MIGRATION 1.0 / SSP3-7.0_zeromig — S0: Baseline,SA2_AR6_dynamic_v32_split,SSP3-7.0,145.36702156715262,43.936152928235394,101.43086863891722,0.3022429190236865,0.48275411178521543,0.9639835158856827,70.17652737951302,AR6 World GDP level and trajectory (unrebased),SSP Basic Drivers v3.2 / OECD ENV-Growth 2025,MIGRATION 1.0,SSP3-7.0_zeromig,-0.003829489825136534,70.17269788968788,0.0,0.0,,,,
2030,S0,Baseline,0.055,,,,,0.027,0.024070129877985763,1.2015797073629497,2.5161150944234767,3.7176948017864264,1.0510509955537957,0.4630504386006233,3.9074868225827943,67.28953288880513,71.19701971138792,0.05488273018200218,,22.603677401595366,3.9074868225827943,0.0,0.0,SA2,SA2 — AR6 pathways; evolving NATO GDP share from SSP Basic Drivers v3.2,SSP3-7.0,SA2 — AR6 pathways; evolving NATO GDP share from SSP Basic Drivers v3.2 — SSP3-7.0 — MIGRATION 1.0 / SSP3-7.0_zeromig — S0: Baseline,SA2_AR6_dynamic_v32_split,SSP3-7.0,149.0356283991709,44.502952124553694,104.53267627461719,0.29860612930324837,0.4777504525244526,0.953992000684192,71.20183890997005,AR6 World GDP level and trajectory (unrebased),SSP Basic Drivers v3.2 / OECD ENV-Growth 2025,MIGRATION 1.0,SSP3-7.0_zeromig,-0.004819198582126205,71.19701971138792,0.0,0.0,,,,
2031,S0,Baseline,0.055,,,,,0.027,0.024070129877985763,1.2102704284731514,2.575377861435005,3.7856482899081563,1.0395201427003753,0.4579704125183472,3.9352576505387584,67.79516741491513,71.73042506545389,0.0548617639857542,,26.538935052134125,3.9352576505387584,0.0,0.0,SA2,SA2 — AR6 pathways; evolving NATO GDP share from SSP Basic Drivers v3.2,SSP3-7.0,SA2 — AR6 pathways; evolving NATO GDP share from SSP Basic Drivers v3.2 — SSP3-7.0 — MIGRATION 1.0 / SSP3-7.0_zeromig — S0: Baseline,SA2_AR6_dynamic_v32_split,SSP3-7.0,151.81959450515436,44.82483068419079,106.99476382096356,0.29525062842049,0.47250915577289787,0.9435259610440949,71.73614842941417,AR6 World GDP level and trajectory (unrebased),SSP Basic Drivers v3.2 / OECD ENV-Growth 2025,MIGRATION 1.0,SSP3-7.0_zeromig,-0.00572336396028561,71.73042506545389,0.0,0.0,,,,
2032,S0,Baseline,0.055,,,,,0.027,0.024070129877985763,1.2190546326876133,2.635809035556145,3.8548636682437585,1.028534169344675,0.45313043824275895,3.964859000954061,68.3323877616949,72.29724676264897,0.05484107872006036,,30.503794053088185,3.964859000954061,0.0,0.0,SA2,SA2 — AR6 pathways; evolving NATO GDP share from SSP Basic Drivers v3.2,SSP3-7.0,SA2 — AR6 pathways; evolving NATO GDP share from SSP Basic Drivers v3.2 — SSP3-7.0 — MIGRATION 1.0 / SSP3-7.0_zeromig — S0: Baseline,SA2_AR6_dynamic_v32_split,SSP3-7.0,154.65556473500078,45.15017158102272,109.50539315397806,0.29194016819496044,0.46751553152030684,0.9335544841648541,72.30387854965711,AR6 World GDP level and trajectory (unrebased),SSP Basic Drivers v3.2 / OECD ENV-Growth 2025,MIGRATION 1.0,SSP3-7.0_zeromig,-0.0066317870081462615,72.29724676264897,0.0,0.0,,,,
2033,S0,Baseline,0.055,,,,,0.027,0.024070129877985763,1.2279337568681752,2.697430718296627,3.925364475164802,1.017157036564737,0.448118134990059,3.9927120969951244,68.83952522391255,72.83223732090767,0.05482067067914927,,34.49650615008331,3.9927120969951244,0.0,0.0,SA2,SA2 — AR6 pathways; evolving NATO GDP share from SSP Basic Drivers v3.2,SSP3-7.0,SA2 — AR6 pathways; evolving NATO GDP share from SSP Basic Drivers v3.2 — SSP3-7.0 — MIGRATION 1.0 / SSP3-7.0_zeromig — S0: Baseline,SA2_AR6_dynamic_v32_split,SSP3-7.0,157.54451051896345,45.47902803215464,112.0654824868088,0.28867415235442545,0.46234410752942595,0.9232279693632921,72.83977611205042,AR6 World GDP level and trajectory (unrebased),SSP Basic Drivers v3.2 / OECD ENV-Growth 2025,MIGRATION 1.0,SSP3-7.0_zeromig,-0.007538791142749801,72.83223732090767,0.0,0.0,,,,
2034,S0,Baseline,0.055,,,,,0.027,0.024070129877985763,1.236909265775933,2.76026542307552,3.997174688851453,1.0058508440245673,0.44313708512970446,4.020561534494871,69.34663179364527,73.36719332814015,0.05480053620850146,,38.51706768457818,4.020561534494871,0.0,0.0,SA2,SA2 — AR6 pathways; evolving NATO GDP share from SSP Basic Drivers v3.2,SSP3-7.0,SA2 — AR6 pathways; evolving NATO GDP share from SSP Basic Drivers v3.2 — SSP3-7.0 — MIGRATION 1.0 / SSP3-7.0_zeromig — S0: Baseline,SA2_AR6_dynamic_v32_split,SSP3-7.0,160.48742143348534,45.81145428799752,114.67596714548782,0.28545199292758444,0.45720492910207605,0.9129658438459339,73.37564013827166,AR6 World GDP level and trajectory (unrebased),SSP Basic Drivers v3.2 / OECD ENV-Growth 2025,MIGRATION 1.0,SSP3-7.0_zeromig,-0.008446810131516713,73.36719332814015,0.0,0.0,,,,
2035,S0,Baseline,0.055,,,,,0.027,0.024070129877985763,1.2459826526763682,2.8243360828408197,4.070318735517188,0.9946707937697744,0.4382116084440265,4.048627167552866,69.8574977777498,73.90612494530266,0.05478067170412767,,42.565694852131045,4.048627167552866,0.0,0.0,SA2,SA2 — AR6 pathways; evolving NATO GDP share from SSP Basic Drivers v3.2,SSP3-7.0,SA2 — AR6 pathways; evolving NATO GDP share from SSP Basic Drivers v3.2 — SSP3-7.0 — MIGRATION 1.0 / SSP3-7.0_zeromig — S0: Baseline,SA2_AR6_dynamic_v32_split,SSP3-7.0,163.48530554016915,46.1475056546803,117.33779988548885,0.2822731101257393,0.4521230880771702,0.9028182120417322,73.91548119606098,AR6 World GDP level and trajectory (unrebased),SSP Basic Drivers v3.2 / OECD ENV-Growth 2025,MIGRATION 1.0,SSP3-7.0_zeromig,-0.00935625075831581,73.90612494530266,0.0,0.0,,,,
2025,S1,"NATO→3.5%, nonNATO holds",0.055,,,,,0.027,0.024070129877985763,1.127474524010805,2.1618676817068967,3.289342205717702,1.1017398414242405,0.4853818881799102,3.6239993601174825,62.26689809656402,65.8908974566815,0.055,,3.6239993601174825,3.6239993601174825,0.0,0.0,SA2,SA2 — AR6 pathways; evolving NATO GDP share from SSP Basic Drivers v3.2,SSP3-7.0,SA2 — AR6 pathways; evolving NATO GDP share from SSP Basic Drivers v3.2 — SSP3-7.0 — MIGRATION 1.0 / SSP3-7.0_zeromig — S1: NATO 3.5%,SA2_AR6_dynamic_v32_split,SSP3-7.0,131.57368822870808,41.75831570410389,89.81537252460419,0.317375884694495,0.5007908370110185,1.0,65.8908974566815,AR6 World GDP level and trajectory (unrebased),SSP Basic Drivers v3.2 / OECD ENV-Growth 2025,MIGRATION 1.0,SSP3-7.0_zeromig,0.0,65.8908974566815,0.0,0.0,,,,
2026,S1,"NATO→3.5%, nonNATO holds",0.055,,,,,0.02740877593256891,0.024070129877985763,1.1591096844973436,2.229001535215914,3.3881112197132577,1.0922086149803605,0.481182816389949,3.700524262682437,63.278467607300435,66.97899186998288,0.05524902897711206,,7.324523622799919,3.6816432271435424,0.01888103553889442,0.01888103553889442,SA2,SA2 — AR6 pathways; evolving NATO GDP share from SSP Basic Drivers v3.2,SSP3-7.0,SA2 — AR6 pathways; evolving NATO GDP share from SSP Basic Drivers v3.2 — SSP3-7.0 — MIGRATION 1.0 / SSP3-7.0_zeromig — S1: NATO 3.5%,SA2_AR6_dynamic_v32_split,SSP3-7.0,134.8941946705815,42.289728200521836,92.60446647005966,0.3135029517303951,0.4964584613547093,0.9913489318571261,66.96936433183951,AR6 World GDP level and trajectory (unrebased),SSP Basic Drivers v3.2 / OECD ENV-Growth 2025,MIGRATION 1.0,SSP3-7.0_zeromig,0.009627538143362813,66.96842905289819,0.010562817084689868,0.010562817084689868,,,,
2027,S1,"NATO→3.5%, nonNATO holds",0.055,,,,,0.028005016140972137,0.024070129877985763,1.1994470472578482,2.2979458994802777,3.4973929467381257,1.0827404333566648,0.4770115195906985,3.7867687547697813,64.30168104243418,68.08844979720396,0.05561543501208165,,11.1112923775697,3.7401626674759556,0.04660608729382565,0.06548712283272007,SA2,SA2 — AR6 pathways; evolving NATO GDP share from SSP Basic Drivers v3.2,SSP3-7.0,SA2 — AR6 pathways; evolving NATO GDP share from SSP Basic Drivers v3.2 — SSP3-7.0 — MIGRATION 1.0 / SSP3-7.0_zeromig — S1: NATO 3.5%,SA2_AR6_dynamic_v32_split,SSP3-7.0,138.29850026089372,42.829721690573244,95.46877857032047,0.3096904276602925,0.49215474243484764,0.9827550866790704,68.06426277502585,AR6 World GDP level and trajectory (unrebased),SSP Basic Drivers v3.2 / OECD ENV-Growth 2025,MIGRATION 1.0,SSP3-7.0_zeromig,0.024187022178111306,68.06237646165496,0.026073335549000376,0.036636152633690244,,,,
2028,S1,"NATO→3.5%, nonNATO holds",0.055,,,,,0.028820930945768986,0.024070129877985763,1.250207900630834,2.3687474844446093,3.6189553850754432,1.0727564423047062,0.47261297807829716,3.8822577037529906,65.3008238531926,69.18308155694558,0.05611570945358149,,14.993550081322692,3.797521531464801,0.08473617228818942,0.15022329512090948,SA2,SA2 — AR6 pathways; evolving NATO GDP share from SSP Basic Drivers v3.2,SSP3-7.0,SA2 — AR6 pathways; evolving NATO GDP share from SSP Basic Drivers v3.2 — SSP3-7.0 — MIGRATION 1.0 / SSP3-7.0_zeromig — S1: NATO 3.5%,SA2_AR6_dynamic_v32_split,SSP3-7.0,141.78871982682614,43.37847042426535,98.4102494025608,0.30593738681924565,0.4876165646839574,0.9736930643426066,69.13852847289309,AR6 World GDP level and trajectory (unrebased),SSP Basic Drivers v3.2 / OECD ENV-Growth 2025,MIGRATION 1.0,SSP3-7.0_zeromig,0.04455308405249525,69.13567670531583,0.047404851629750056,0.0840410042634403,,,,
2029,S1,"NATO→3.5%, nonNATO holds",0.055,,,,,0.029845109579542582,0.024070129877985763,1.311279298646726,2.4414541817756503,3.7527334804223766,1.062059045927474,0.4679001391149011,3.985624539837478,66.26134509643876,70.24696963627623,0.05673731636359815,,18.97917462116017,3.8528637928107905,0.1327607470266874,0.28298404214759687,SA2,SA2 — AR6 pathways; evolving NATO GDP share from SSP Basic Drivers v3.2,SSP3-7.0,SA2 — AR6 pathways; evolving NATO GDP share from SSP Basic Drivers v3.2 — SSP3-7.0 — MIGRATION 1.0 / SSP3-7.0_zeromig — S1: NATO 3.5%,SA2_AR6_dynamic_v32_split,SSP3-7.0,145.36702156715262,43.936152928235394,101.43086863891722,0.3022429190236865,0.48275411178521543,0.9639835158856827,70.17652737951302,AR6 World GDP level and trajectory (unrebased),SSP Basic Drivers v3.2 / OECD ENV-Growth 2025,MIGRATION 1.0,SSP3-7.0_zeromig,0.07044225676321503,70.17269788968788,0.07427174658835156,0.15831275085179186,,,,
2030,S1,"NATO→3.5%, nonNATO holds",0.055,,,,,0.030999999999995285,0.024070129877985763,1.3795915158609546,2.5161150944234767,3.8957066102844315,1.0510509955537957,0.4630504386006233,4.094586311124955,67.20710444280404,71.301690753929,0.057426216234561414,,23.073760932285126,3.9074868225827943,0.1870994885421604,0.4700835306897573,SA2,SA2 — AR6 pathways; evolving NATO GDP share from SSP Basic Drivers v3.2,SSP3-7.0,SA2 — AR6 pathways; evolving NATO GDP share from SSP Basic Drivers v3.2 — SSP3-7.0 — MIGRATION 1.0 / SSP3-7.0_zeromig — S1: NATO 3.5%,SA2_AR6_dynamic_v32_split,SSP3-7.0,149.0356283991709,44.502952124553694,104.53267627461719,0.29860612930324837,0.4777504525244526,0.953992000684192,71.20183890997005,AR6 World GDP level and trajectory (unrebased),SSP Basic Drivers v3.2 / OECD ENV-Growth 2025,MIGRATION 1.0,SSP3-7.0_zeromig,0.09985184395894464,71.19701971138792,0.10467104254107085,0.2629837933928627,,,,
2031,S1,"NATO→3.5%, nonNATO holds",0.055,,,,,0.03215489042044799,0.024070129877985763,1.4413375187652895,2.575377861435005,4.016715380200295,1.0395201427003753,0.4579704125183472,4.175456545212603,67.68934552425462,71.86480206946722,0.058101552150334315,,27.249217477497726,3.9352576505387584,0.24019889467384425,0.7102824253636015,SA2,SA2 — AR6 pathways; evolving NATO GDP share from SSP Basic Drivers v3.2,SSP3-7.0,SA2 — AR6 pathways; evolving NATO GDP share from SSP Basic Drivers v3.2 — SSP3-7.0 — MIGRATION 1.0 / SSP3-7.0_zeromig — S1: NATO 3.5%,SA2_AR6_dynamic_v32_split,SSP3-7.0,151.81959450515436,44.82483068419079,106.99476382096356,0.29525062842049,0.47250915577289787,0.9435259610440949,71.73614842941417,AR6 World GDP level and trajectory (unrebased),SSP Basic Drivers v3.2 / OECD ENV-Growth 2025,MIGRATION 1.0,SSP3-7.0_zeromig,0.12865364005304514,71.73042506545389,0.13437700401333075,0.39736079740619346,,,,
2032,S1,"NATO→3.5%, nonNATO holds",0.055,,,,,0.033179069054221584,0.024070129877985763,1.4980406606967056,2.635809035556145,4.133849696252851,1.028534169344675,0.45313043824275895,4.2518056635311625,68.20597070055953,72.45777636409069,0.05867977016250684,,31.501023141028888,3.964859000954061,0.28694666257710155,0.9972290879407031,SA2,SA2 — AR6 pathways; evolving NATO GDP share from SSP Basic Drivers v3.2,SSP3-7.0,SA2 — AR6 pathways; evolving NATO GDP share from SSP Basic Drivers v3.2 — SSP3-7.0 — MIGRATION 1.0 / SSP3-7.0_zeromig — S1: NATO 3.5%,SA2_AR6_dynamic_v32_split,SSP3-7.0,154.65556473500078,45.15017158102272,109.50539315397806,0.29194016819496044,0.46751553152030684,0.9335544841648541,72.30387854965711,AR6 World GDP level and trajectory (unrebased),SSP Basic Drivers v3.2 / OECD ENV-Growth 2025,MIGRATION 1.0,SSP3-7.0_zeromig,0.1538978144335772,72.29724676264897,0.16052960144172346,0.5578903988479169,,,,
2033,S1,"NATO→3.5%, nonNATO holds",0.055,,,,,0.03399498385901843,0.024070129877985763,1.5460588238769437,2.697430718296627,4.24348954217357,1.017157036564737,0.448118134990059,4.3162952474107215,68.69696761219099,73.01326285960171,0.05911659167609849,,35.81731838843961,3.9927120969951244,0.32358315041559704,1.3208122383563001,SA2,SA2 — AR6 pathways; evolving NATO GDP share from SSP Basic Drivers v3.2,SSP3-7.0,SA2 — AR6 pathways; evolving NATO GDP share from SSP Basic Drivers v3.2 — SSP3-7.0 — MIGRATION 1.0 / SSP3-7.0_zeromig — S1: NATO 3.5%,SA2_AR6_dynamic_v32_split,SSP3-7.0,157.54451051896345,45.47902803215464,112.0654824868088,0.28867415235442545,0.46234410752942595,0.9232279693632921,72.83977611205042,AR6 World GDP level and trajectory (unrebased),SSP Basic Drivers v3.2 / OECD ENV-Growth 2025,MIGRATION 1.0,SSP3-7.0_zeromig,0.17348674755129423,72.83223732090767,0.18102553869404403,0.7389159375419609,,,,
2034,S1,"NATO→3.5%, nonNATO holds",0.055,,,,,0.034591224067421655,0.024070129877985763,1.5846742801305669,2.76026542307552,4.344939703206087,1.0058508440245673,0.44313708512970446,4.370361267705696,69.19252421887408,73.56288548657977,0.059409867337286405,,40.187679656145306,4.020561534494871,0.34979973321082447,1.6706119715671246,SA2,SA2 — AR6 pathways; evolving NATO GDP share from SSP Basic Drivers v3.2,SSP3-7.0,SA2 — AR6 pathways; evolving NATO GDP share from SSP Basic Drivers v3.2 — SSP3-7.0 — MIGRATION 1.0 / SSP3-7.0_zeromig — S1: NATO 3.5%,SA2_AR6_dynamic_v32_split,SSP3-7.0,160.48742143348534,45.81145428799752,114.67596714548782,0.28545199292758444,0.45720492910207605,0.9129658438459339,73.37564013827166,AR6 World GDP level and trajectory (unrebased),SSP Basic Drivers v3.2 / OECD ENV-Growth 2025,MIGRATION 1.0,SSP3-7.0_zeromig,0.18724534830811024,73.36719332814015,0.19569215843962695,0.9346080959815879,,,,
2035,S1,"NATO→3.5%, nonNATO holds",0.055,,,,,0.03499999999999057,0.024070129877985763,1.6151626979133755,2.8243360828408197,4.439498780754195,0.9946707937697744,0.4382116084440265,4.415839776192721,69.69571879632105,74.11155857251377,0.059583685207106836,,44.603519432338025,4.048627167552866,0.3672126086398553,2.03782458020698,SA2,SA2 — AR6 pathways; evolving NATO GDP share from SSP Basic Drivers v3.2,SSP3-7.0,SA2 — AR6 pathways; evolving NATO GDP share from SSP Basic Drivers v3.2 — SSP3-7.0 — MIGRATION 1.0 / SSP3-7.0_zeromig — S1: NATO 3.5%,SA2_AR6_dynamic_v32_split,SSP3-7.0,163.48530554016915,46.1475056546803,117.33779988548885,0.2822731101257393,0.4521230880771702,0.9028182120417322,73.91548119606098,AR6 World GDP level and trajectory (unrebased),SSP Basic Drivers v3.2 / OECD ENV-Growth 2025,MIGRATION 1.0,SSP3-7.0_zeromig,0.19607737645279144,73.90612494530266,0.20543362721110725,1.1400417231926951,,,,
2025,S2,"NATO→3.5%, nonNATO→3.5%",0.055,,,,,0.027,0.024070129877985763,1.127474524010805,2.1618676817068967,3.289342205717702,1.1017398414242405,0.4853818881799102,3.6239993601174825,62.26689809656402,65.8908974566815,0.055,,3.6239993601174825,3.6239993601174825,0.0,0.0,SA2,SA2 — AR6 pathways; evolving NATO GDP share from SSP Basic Drivers v3.2,SSP3-7.0,SA2 — AR6 pathways; evolving NATO GDP share from SSP Basic Drivers v3.2 — SSP3-7.0 — MIGRATION 1.0 / SSP3-7.0_zeromig — S2: NATO/non-NATO 3.5%,SA2_AR6_dynamic_v32_split,SSP3-7.0,131.57368822870808,41.75831570410389,89.81537252460419,0.317375884694495,0.5007908370110185,1.0,65.8908974566815,AR6 World GDP level and trajectory (unrebased),SSP Basic Drivers v3.2 / OECD ENV-Growth 2025,MIGRATION 1.0,SSP3-7.0_zeromig,0.0,65.8908974566815,0.0,0.0,,,,
2026,S2,"NATO→3.5%, nonNATO→3.5%",0.055,,,,,0.02740877593256891,0.024628613359483693,1.1591096844973436,2.2807196000523713,3.439829284549715,1.0922086149803605,0.481182816389949,3.7570111786469282,63.253581763204195,67.01059294185113,0.05606592948531434,,7.381010538764411,3.6816432271435424,0.07536795150338582,0.07536795150338582,SA2,SA2 — AR6 pathways; evolving NATO GDP share from SSP Basic Drivers v3.2,SSP3-7.0,SA2 — AR6 pathways; evolving NATO GDP share from SSP Basic Drivers v3.2 — SSP3-7.0 — MIGRATION 1.0 / SSP3-7.0_zeromig — S2: NATO/non-NATO 3.5%,SA2_AR6_dynamic_v32_split,SSP3-7.0,134.8941946705815,42.289728200521836,92.60446647005966,0.3135029517303951,0.4964584613547093,0.9913489318571261,66.96936433183951,AR6 World GDP level and trajectory (unrebased),SSP Basic Drivers v3.2 / OECD ENV-Growth 2025,MIGRATION 1.0,SSP3-7.0_zeromig,0.04122861001161482,66.96842905289819,0.042163888952941875,0.042163888952941875,,,,
2027,S2,"NATO→3.5%, nonNATO→3.5%",0.055,,,,,0.028005016140972137,0.02544321686440494,1.1994470472578482,2.429032836944519,3.628479884202367,1.0827404333566648,0.4770115195906985,3.9287018822472115,64.23915106319588,68.16785294544309,0.057632765482455155,,11.309712421011621,3.7401626674759556,0.1885392147712559,0.2639071662746417,SA2,SA2 — AR6 pathways; evolving NATO GDP share from SSP Basic Drivers v3.2,SSP3-7.0,SA2 — AR6 pathways; evolving NATO GDP share from SSP Basic Drivers v3.2 — SSP3-7.0 — MIGRATION 1.0 / SSP3-7.0_zeromig — S2: NATO/non-NATO 3.5%,SA2_AR6_dynamic_v32_split,SSP3-7.0,138.29850026089372,42.829721690573244,95.46877857032047,0.3096904276602925,0.49215474243484764,0.9827550866790704,68.06426277502585,AR6 World GDP level and trajectory (unrebased),SSP Basic Drivers v3.2 / OECD ENV-Growth 2025,MIGRATION 1.0,SSP3-7.0_zeromig,0.10359017041723462,68.06237646165496,0.10547648378812369,0.14764037274106556,,,,
2028,S2,"NATO→3.5%, nonNATO→3.5%",0.055,,,,,0.028820930945768986,0.02655794722028721,1.250207900630834,2.6135742095685104,3.8637821101993444,1.0727564423047062,0.47261297807829716,4.144897150378019,65.18511556551864,69.33001271589666,0.05978503375389742,,15.454609571389641,3.797521531464801,0.34737561891321755,0.6112827851878593,SA2,SA2 — AR6 pathways; evolving NATO GDP share from SSP Basic Drivers v3.2,SSP3-7.0,SA2 — AR6 pathways; evolving NATO GDP share from SSP Basic Drivers v3.2 — SSP3-7.0 — MIGRATION 1.0 / SSP3-7.0_zeromig — S2: NATO/non-NATO 3.5%,SA2_AR6_dynamic_v32_split,SSP3-7.0,141.78871982682614,43.37847042426535,98.4102494025608,0.30593738681924565,0.4876165646839574,0.9736930643426066,69.13852847289309,AR6 World GDP level and trajectory (unrebased),SSP Basic Drivers v3.2 / OECD ENV-Growth 2025,MIGRATION 1.0,SSP3-7.0_zeromig,0.19148424300357192,69.13567670531583,0.19433601058082672,0.3419763833218923,,,,
2029,S2,"NATO→3.5%, nonNATO→3.5%",0.055,,,,,0.029845109579542582,0.02795721465139813,1.311279298646726,2.835724566815976,4.147003865462702,1.062059045927474,0.4679001391149011,4.404362968810863,66.07686592842951,70.48122889724037,0.06248987195203846,,19.858972540200504,3.8528637928107905,0.5514991760000729,1.1627819611879322,SA2,SA2 — AR6 pathways; evolving NATO GDP share from SSP Basic Drivers v3.2,SSP3-7.0,SA2 — AR6 pathways; evolving NATO GDP share from SSP Basic Drivers v3.2 — SSP3-7.0 — MIGRATION 1.0 / SSP3-7.0_zeromig — S2: NATO/non-NATO 3.5%,SA2_AR6_dynamic_v32_split,SSP3-7.0,145.36702156715262,43.936152928235394,101.43086863891722,0.3022429190236865,0.48275411178521543,0.9639835158856827,70.17652737951302,AR6 World GDP level and trajectory (unrebased),SSP Basic Drivers v3.2 / OECD ENV-Growth 2025,MIGRATION 1.0,SSP3-7.0_zeromig,0.3047015177273522,70.17269788968788,0.30853100755248875,0.650507390874381,,,,
2030,S2,"NATO→3.5%, nonNATO→3.5%",0.055,,,,,0.030999999999995285,0.02953506493898644,1.3795915158609546,3.087379382016866,4.466970897877821,1.0510509955537957,0.4630504386006233,4.695014209324317,66.94258026387705,71.63759447320136,0.06553841239156427,,24.55398674952482,3.9074868225827943,0.7875273867415222,1.9503093479294544,SA2,SA2 — AR6 pathways; evolving NATO GDP share from SSP Basic Drivers v3.2,SSP3-7.0,SA2 — AR6 pathways; evolving NATO GDP share from SSP Basic Drivers v3.2 — SSP3-7.0 — MIGRATION 1.0 / SSP3-7.0_zeromig — S2: NATO/non-NATO 3.5%,SA2_AR6_dynamic_v32_split,SSP3-7.0,149.0356283991709,44.502952124553694,104.53267627461719,0.29860612930324837,0.4777504525244526,0.953992000684192,71.20183890997005,AR6 World GDP level and trajectory (unrebased),SSP Basic Drivers v3.2 / OECD ENV-Growth 2025,MIGRATION 1.0,SSP3-7.0_zeromig,0.4357555632313108,71.19701971138792,0.440574761813437,1.091082152687818,,,,
2031,S2,"NATO→3.5%, nonNATO→3.5%",0.055,,,,,0.03215489042044799,0.03111291522657475,1.4413375187652895,3.328919016449026,4.770256535214315,1.0395201427003753,0.4579704125183472,4.958777754203383,67.3442459706433,72.30302372484668,0.0685832693951265,,29.512764503728203,3.9352576505387584,1.0235201036646244,2.973829451594079,SA2,SA2 — AR6 pathways; evolving NATO GDP share from SSP Basic Drivers v3.2,SSP3-7.0,SA2 — AR6 pathways; evolving NATO GDP share from SSP Basic Drivers v3.2 — SSP3-7.0 — MIGRATION 1.0 / SSP3-7.0_zeromig — S2: NATO/non-NATO 3.5%,SA2_AR6_dynamic_v32_split,SSP3-7.0,151.81959450515436,44.82483068419079,106.99476382096356,0.29525062842049,0.47250915577289787,0.9435259610440949,71.73614842941417,AR6 World GDP level and trajectory (unrebased),SSP Basic Drivers v3.2 / OECD ENV-Growth 2025,MIGRATION 1.0,SSP3-7.0_zeromig,0.56687529543251,71.73042506545389,0.5725986593927956,1.6636808120806137,,,,
2032,S2,"NATO→3.5%, nonNATO→3.5%",0.055,,,,,0.033179069054221584,0.03251218265768567,1.4980406606967056,3.560259344223817,5.058300004920523,1.028534169344675,0.45313043824275895,5.202634393857095,67.7870741270593,72.9897085209164,0.0712790131552066,,34.7153988975853,3.964859000954061,1.2377753929030342,4.2116048444971135,SA2,SA2 — AR6 pathways; evolving NATO GDP share from SSP Basic Drivers v3.2,SSP3-7.0,SA2 — AR6 pathways; evolving NATO GDP share from SSP Basic Drivers v3.2 — SSP3-7.0 — MIGRATION 1.0 / SSP3-7.0_zeromig — S2: NATO/non-NATO 3.5%,SA2_AR6_dynamic_v32_split,SSP3-7.0,154.65556473500078,45.15017158102272,109.50539315397806,0.29194016819496044,0.46751553152030684,0.9335544841648541,72.30387854965711,AR6 World GDP level and trajectory (unrebased),SSP Basic Drivers v3.2 / OECD ENV-Growth 2025,MIGRATION 1.0,SSP3-7.0_zeromig,0.685829971259281,72.29724676264897,0.6924617582674273,2.356142570348041,,,,
2033,S2,"NATO→3.5%, nonNATO→3.5%",0.055,,,,,0.03399498385901843,0.03362691301356794,1.5460588238769437,3.768416231407441,5.314475055284385,1.017157036564737,0.448118134990059,5.405655698130282,68.2170395814544,73.62269527958469,0.07342376800526143,,40.12105459571558,3.9927120969951244,1.4129436011351575,5.6245484456322705,SA2,SA2 — AR6 pathways; evolving NATO GDP share from SSP Basic Drivers v3.2,SSP3-7.0,SA2 — AR6 pathways; evolving NATO GDP share from SSP Basic Drivers v3.2 — SSP3-7.0 — MIGRATION 1.0 / SSP3-7.0_zeromig — S2: NATO/non-NATO 3.5%,SA2_AR6_dynamic_v32_split,SSP3-7.0,157.54451051896345,45.47902803215464,112.0654824868088,0.28867415235442545,0.46234410752942595,0.9232279693632921,72.83977611205042,AR6 World GDP level and trajectory (unrebased),SSP Basic Drivers v3.2 / OECD ENV-Growth 2025,MIGRATION 1.0,SSP3-7.0_zeromig,0.7829191675342742,72.83223732090767,0.790457958677024,3.146600529025065,,,,
2034,S2,"NATO→3.5%, nonNATO→3.5%",0.055,,,,,0.034591224067421655,0.03444151651848919,1.5846742801305669,3.949614216715042,5.534288496845608,1.0058508440245673,0.44313708512970446,5.566668755627608,68.66547966125813,74.23214841688574,0.07498999927046901,,45.68772335134319,4.020561534494871,1.5461072211327371,7.170655666765008,SA2,SA2 — AR6 pathways; evolving NATO GDP share from SSP Basic Drivers v3.2,SSP3-7.0,SA2 — AR6 pathways; evolving NATO GDP share from SSP Basic Drivers v3.2 — SSP3-7.0 — MIGRATION 1.0 / SSP3-7.0_zeromig — S2: NATO/non-NATO 3.5%,SA2_AR6_dynamic_v32_split,SSP3-7.0,160.48742143348534,45.81145428799752,114.67596714548782,0.28545199292758444,0.45720492910207605,0.9129658438459339,73.37564013827166,AR6 World GDP level and trajectory (unrebased),SSP Basic Drivers v3.2 / OECD ENV-Growth 2025,MIGRATION 1.0,SSP3-7.0_zeromig,0.8565082786140721,73.36719332814015,0.8649550887455888,4.011555617770654,,,,
2035,S2,"NATO→3.5%, nonNATO→3.5%",0.055,,,,,0.03499999999999057,0.03499999999998712,1.6151626979133755,4.106822995990598,5.7219856939039735,0.9946707937697744,0.4382116084440265,5.691492052094759,69.13371814330127,74.82521019539602,0.07606382978720927,,51.37921540343795,4.048627167552866,1.6428648845418934,8.813520551306901,SA2,SA2 — AR6 pathways; evolving NATO GDP share from SSP Basic Drivers v3.2,SSP3-7.0,SA2 — AR6 pathways; evolving NATO GDP share from SSP Basic Drivers v3.2 — SSP3-7.0 — MIGRATION 1.0 / SSP3-7.0_zeromig — S2: NATO/non-NATO 3.5%,SA2_AR6_dynamic_v32_split,SSP3-7.0,163.48530554016915,46.1475056546803,117.33779988548885,0.2822731101257393,0.4521230880771702,0.9028182120417322,73.91548119606098,AR6 World GDP level and trajectory (unrebased),SSP Basic Drivers v3.2 / OECD ENV-Growth 2025,MIGRATION 1.0,SSP3-7.0_zeromig,0.9097289993350444,73.90612494530266,0.9190852500933602,4.930640867864014,,,,
2025,S3,"NATO→5%, nonNATO→3.5%",0.055,,,,,0.027,0.024070129877985763,1.127474524010805,2.1618676817068967,3.289342205717702,1.1017398414242405,0.4853818881799102,3.6239993601174825,62.26689809656402,65.8908974566815,0.055,,3.6239993601174825,3.6239993601174825,0.0,0.0,SA2,SA2 — AR6 pathways; evolving NATO GDP share from SSP Basic Drivers v3.2,SSP3-7.0,SA2 — AR6 pathways; evolving NATO GDP share from SSP Basic Drivers v3.2 — SSP3-7.0 — MIGRATION 1.0 / SSP3-7.0_zeromig — S3: NATO 5%; non-NATO 3.5%,SA2_AR6_dynamic_v32_split,SSP3-7.0,131.57368822870808,41.75831570410389,89.81537252460419,0.317375884694495,0.5007908370110185,1.0,65.8908974566815,AR6 World GDP level and trajectory (unrebased),SSP Basic Drivers v3.2 / OECD ENV-Growth 2025,MIGRATION 1.0,SSP3-7.0_zeromig,0.0,65.8908974566815,0.0,0.0,,,,
2026,S3,"NATO→5%, nonNATO→3.5%",0.055,,,,,0.02817523080613562,0.024628613359483693,1.1915228527784452,2.2807196000523713,3.4722424528308165,1.0922086149803605,0.481182816389949,3.792413120282356,63.237985103602576,67.03039822388493,0.05657751140930871,,7.416412480399838,3.6816432271435424,0.11076989313881347,0.11076989313881347,SA2,SA2 — AR6 pathways; evolving NATO GDP share from SSP Basic Drivers v3.2,SSP3-7.0,SA2 — AR6 pathways; evolving NATO GDP share from SSP Basic Drivers v3.2 — SSP3-7.0 — MIGRATION 1.0 / SSP3-7.0_zeromig — S3: NATO 5%; non-NATO 3.5%,SA2_AR6_dynamic_v32_split,SSP3-7.0,134.8941946705815,42.289728200521836,92.60446647005966,0.3135029517303951,0.4964584613547093,0.9913489318571261,66.96936433183951,AR6 World GDP level and trajectory (unrebased),SSP Basic Drivers v3.2 / OECD ENV-Growth 2025,MIGRATION 1.0,SSP3-7.0_zeromig,0.06103389204541543,66.96842905289819,0.06196917098674248,0.06196917098674248,,,,
2027,S3,"NATO→5%, nonNATO→3.5%",0.055,,,,,0.029889421405294894,0.02544321686440494,1.280155600281043,2.429032836944519,3.7091884372255617,1.0827404333566648,0.4770115195906985,4.016088295923135,64.20065215367431,68.21674044959745,0.05887247425564781,,11.432500776322973,3.7401626674759556,0.27592562844717916,0.38669552158599263,SA2,SA2 — AR6 pathways; evolving NATO GDP share from SSP Basic Drivers v3.2,SSP3-7.0,SA2 — AR6 pathways; evolving NATO GDP share from SSP Basic Drivers v3.2 — SSP3-7.0 — MIGRATION 1.0 / SSP3-7.0_zeromig — S3: NATO 5%; non-NATO 3.5%,SA2_AR6_dynamic_v32_split,SSP3-7.0,138.29850026089372,42.829721690573244,95.46877857032047,0.3096904276602925,0.49215474243484764,0.9827550866790704,68.06426277502585,AR6 World GDP level and trajectory (unrebased),SSP Basic Drivers v3.2 / OECD ENV-Growth 2025,MIGRATION 1.0,SSP3-7.0_zeromig,0.15247767457159966,68.06237646165496,0.15436398794248873,0.21633315892923122,,,,
2028,S3,"NATO→5%, nonNATO→3.5%",0.055,,,,,0.03223517646908584,0.02655794722028721,1.3983126490852145,2.6135742095685104,4.011886858653725,1.0727564423047062,0.47261297807829716,4.303777473418373,65.11511933928408,69.41889681270246,0.06199720351405608,,15.736278249741346,3.797521531464801,0.5062559419535719,0.8929514635395646,SA2,SA2 — AR6 pathways; evolving NATO GDP share from SSP Basic Drivers v3.2,SSP3-7.0,SA2 — AR6 pathways; evolving NATO GDP share from SSP Basic Drivers v3.2 — SSP3-7.0 — MIGRATION 1.0 / SSP3-7.0_zeromig — S3: NATO 5%; non-NATO 3.5%,SA2_AR6_dynamic_v32_split,SSP3-7.0,141.78871982682614,43.37847042426535,98.4102494025608,0.30593738681924565,0.4876165646839574,0.9736930643426066,69.13852847289309,AR6 World GDP level and trajectory (unrebased),SSP Basic Drivers v3.2 / OECD ENV-Growth 2025,MIGRATION 1.0,SSP3-7.0_zeromig,0.28036833980937104,69.13567670531583,0.28322010738662584,0.49955326631585706,,,,
2029,S3,"NATO→5%, nonNATO→3.5%",0.055,,,,,0.03517969004118492,0.02795721465139813,1.5456602416174205,2.835724566815976,4.381384808433396,1.062059045927474,0.4679001391149011,4.653289369485901,65.96719905260763,70.62048842209353,0.06589149230565397,,20.389567619227247,3.8528637928107905,0.8004255766751109,1.6933770402146755,SA2,SA2 — AR6 pathways; evolving NATO GDP share from SSP Basic Drivers v3.2,SSP3-7.0,SA2 — AR6 pathways; evolving NATO GDP share from SSP Basic Drivers v3.2 — SSP3-7.0 — MIGRATION 1.0 / SSP3-7.0_zeromig — S3: NATO 5%; non-NATO 3.5%,SA2_AR6_dynamic_v32_split,SSP3-7.0,145.36702156715262,43.936152928235394,101.43086863891722,0.3022429190236865,0.48275411178521543,0.9639835158856827,70.17652737951302,AR6 World GDP level and trajectory (unrebased),SSP Basic Drivers v3.2 / OECD ENV-Growth 2025,MIGRATION 1.0,SSP3-7.0_zeromig,0.4439610425805114,70.17269788968788,0.4477905324056479,0.947343798721505,,,,
2030,S3,"NATO→5%, nonNATO→3.5%",0.055,,,,,0.03849999999998644,0.02953506493898644,1.7133636567947137,3.087379382016866,4.8007430388115795,1.0510509955537957,0.4630504386006233,5.045825750340865,66.788026927625,71.83385267796587,0.07024300607906289,,25.43539336956811,3.9074868225827943,1.1383389277580704,2.831715967972746,SA2,SA2 — AR6 pathways; evolving NATO GDP share from SSP Basic Drivers v3.2,SSP3-7.0,SA2 — AR6 pathways; evolving NATO GDP share from SSP Basic Drivers v3.2 — SSP3-7.0 — MIGRATION 1.0 / SSP3-7.0_zeromig — S3: NATO 5%; non-NATO 3.5%,SA2_AR6_dynamic_v32_split,SSP3-7.0,149.0356283991709,44.502952124553694,104.53267627461719,0.29860612930324837,0.4777504525244526,0.953992000684192,71.20183890997005,AR6 World GDP level and trajectory (unrebased),SSP Basic Drivers v3.2 / OECD ENV-Growth 2025,MIGRATION 1.0,SSP3-7.0_zeromig,0.6320137679958151,71.19701971138792,0.6368329665779413,1.5841767652994463,,,,
2031,S3,"NATO→5%, nonNATO→3.5%",0.055,,,,,0.041820309958787966,0.03111291522657475,1.8745883130630485,3.328919016449026,5.203507329512075,1.0395201427003753,0.4579704125183472,5.409150681716841,67.14582992565485,72.55498060737169,0.07455243784004627,,30.844544051284952,3.9352576505387584,1.4738930311780822,4.305608999150828,SA2,SA2 — AR6 pathways; evolving NATO GDP share from SSP Basic Drivers v3.2,SSP3-7.0,SA2 — AR6 pathways; evolving NATO GDP share from SSP Basic Drivers v3.2 — SSP3-7.0 — MIGRATION 1.0 / SSP3-7.0_zeromig — S3: NATO 5%; non-NATO 3.5%,SA2_AR6_dynamic_v32_split,SSP3-7.0,151.81959450515436,44.82483068419079,106.99476382096356,0.29525062842049,0.47250915577289787,0.9435259610440949,71.73614842941417,AR6 World GDP level and trajectory (unrebased),SSP Basic Drivers v3.2 / OECD ENV-Growth 2025,MIGRATION 1.0,SSP3-7.0_zeromig,0.8188321779575176,71.73042506545389,0.8245555419178032,2.4087323072172495,,,,
2032,S3,"NATO→5%, nonNATO→3.5%",0.055,,,,,0.04476482353088705,0.03251218265768567,2.021139463213754,3.560259344223817,5.581398807437571,1.028534169344675,0.45313043824275895,5.7406593861891615,67.55004213743048,73.29070152361965,0.07832725389235222,,36.585203437474114,3.964859000954061,1.7758003852351005,6.081409384385928,SA2,SA2 — AR6 pathways; evolving NATO GDP share from SSP Basic Drivers v3.2,SSP3-7.0,SA2 — AR6 pathways; evolving NATO GDP share from SSP Basic Drivers v3.2 — SSP3-7.0 — MIGRATION 1.0 / SSP3-7.0_zeromig — S3: NATO 5%; non-NATO 3.5%,SA2_AR6_dynamic_v32_split,SSP3-7.0,154.65556473500078,45.15017158102272,109.50539315397806,0.29194016819496044,0.46751553152030684,0.9335544841648541,72.30387854965711,AR6 World GDP level and trajectory (unrebased),SSP Basic Drivers v3.2 / OECD ENV-Growth 2025,MIGRATION 1.0,SSP3-7.0_zeromig,0.986822973962532,72.29724676264897,0.9934547609706783,3.402187068187928,,,,
2033,S3,"NATO→5%, nonNATO→3.5%",0.055,,,,,0.04711057859467799,0.03362691301356794,2.1425433245183845,3.768416231407441,5.9109595559258254,1.017157036564737,0.448118134990059,6.012374105159527,67.94974405947649,73.96211816463601,0.08128991238158269,,42.597577542633644,3.9927120969951244,2.0196620081644023,8.101071392550331,SA2,SA2 — AR6 pathways; evolving NATO GDP share from SSP Basic Drivers v3.2,SSP3-7.0,SA2 — AR6 pathways; evolving NATO GDP share from SSP Basic Drivers v3.2 — SSP3-7.0 — MIGRATION 1.0 / SSP3-7.0_zeromig — S3: NATO 5%; non-NATO 3.5%,SA2_AR6_dynamic_v32_split,SSP3-7.0,157.54451051896345,45.47902803215464,112.0654824868088,0.28867415235442545,0.46234410752942595,0.9232279693632921,72.83977611205042,AR6 World GDP level and trajectory (unrebased),SSP Basic Drivers v3.2 / OECD ENV-Growth 2025,MIGRATION 1.0,SSP3-7.0_zeromig,1.1223420525855943,72.83223732090767,1.129880843728344,4.532067911916272,,,,
2034,S3,"NATO→5%, nonNATO→3.5%",0.055,,,,,0.04882476919383726,0.03444151651848919,2.2367336820455055,3.949614216715042,6.186347898760547,1.0058508440245673,0.44313708512970446,6.2225432553979045,68.37652795856212,74.59907121396003,0.0834131464928139,,48.820120798031546,4.020561534494871,2.2019817209030332,10.303053113453364,SA2,SA2 — AR6 pathways; evolving NATO GDP share from SSP Basic Drivers v3.2,SSP3-7.0,SA2 — AR6 pathways; evolving NATO GDP share from SSP Basic Drivers v3.2 — SSP3-7.0 — MIGRATION 1.0 / SSP3-7.0_zeromig — S3: NATO 5%; non-NATO 3.5%,SA2_AR6_dynamic_v32_split,SSP3-7.0,160.48742143348534,45.81145428799752,114.67596714548782,0.28545199292758444,0.45720492910207605,0.9129658438459339,73.37564013827166,AR6 World GDP level and trajectory (unrebased),SSP Basic Drivers v3.2 / OECD ENV-Growth 2025,MIGRATION 1.0,SSP3-7.0_zeromig,1.2234310756883673,73.36719332814015,1.231877885819884,5.763945797736156,,,,
2035,S3,"NATO→5%, nonNATO→3.5%",0.055,,,,,0.049999999999972886,0.03499999999998712,2.307375282732764,4.106822995990598,6.414198278723362,0.9946707937697744,0.4382116084440265,6.380015693294487,68.83038255312236,75.21039824641684,0.08482890454044953,,55.200136491326035,4.048627167552866,2.3313885257416214,12.634441639194986,SA2,SA2 — AR6 pathways; evolving NATO GDP share from SSP Basic Drivers v3.2,SSP3-7.0,SA2 — AR6 pathways; evolving NATO GDP share from SSP Basic Drivers v3.2 — SSP3-7.0 — MIGRATION 1.0 / SSP3-7.0_zeromig — S3: NATO 5%; non-NATO 3.5%,SA2_AR6_dynamic_v32_split,SSP3-7.0,163.48530554016915,46.1475056546803,117.33779988548885,0.2822731101257393,0.4521230880771702,0.9028182120417322,73.91548119606098,AR6 World GDP level and trajectory (unrebased),SSP Basic Drivers v3.2 / OECD ENV-Growth 2025,MIGRATION 1.0,SSP3-7.0_zeromig,1.2949170503558634,73.90612494530266,1.3042733011141792,7.068219098850335,,,,
2025,S0,Baseline,0.055,,,,,0.027,0.02407013275714725,1.2357126903420883,2.369415772527814,3.6051284628699025,0.9854524668689925,0.43415038750172397,3.5526827371147642,61.041548846790036,64.5942315839048,0.055,,3.5526827371147642,3.5526827371147642,0.0,0.0,SA2,SA2 — AR6 pathways; evolving NATO GDP share from SSP Basic Drivers v3.2,SSP5-8.5,SA2 — AR6 pathways; evolving NATO GDP share from SSP Basic Drivers v3.2 — SSP5-8.5 — MIGRATION 1.0 / SSP5-8.5_zeromig — S0: Baseline,SA2_AR6_dynamic_v32_split,SSP5-8.5,144.2051385147961,45.7671366793366,98.43800183545949,0.31737521388421736,0.4479329394859057,1.0,64.5942315839048,AR6 World GDP level and trajectory (unrebased),SSP Basic Drivers v3.2 / OECD ENV-Growth 2025,MIGRATION 1.0,SSP5-8.5_zeromig,0.0,64.5942315839048,0.0,0.0,,,,
2026,S0,Baseline,0.055,,,,,0.027,0.02407013275714725,1.2812289033655537,2.5009852229310168,3.7822141262965703,0.956299473283868,0.4213067609572286,3.6169293768242152,62.17425993302773,65.79118930985194,0.05497589289334515,,7.16961211393898,3.6169293768242152,0.0,0.0,SA2,SA2 — AR6 pathways; evolving NATO GDP share from SSP Basic Drivers v3.2,SSP5-8.5,SA2 — AR6 pathways; evolving NATO GDP share from SSP Basic Drivers v3.2 — SSP5-8.5 — MIGRATION 1.0 / SSP5-8.5_zeromig — S0: Baseline,SA2_AR6_dynamic_v32_split,SSP5-8.5,151.357011624834,47.45292234687236,103.90408927796165,0.31351651197034136,0.4346815787653946,0.9704166415273685,65.79210477029503,AR6 World GDP level and trajectory (unrebased),SSP Basic Drivers v3.2 / OECD ENV-Growth 2025,MIGRATION 1.0,SSP5-8.5_zeromig,-0.0009154604430818836,65.79118930985194,0.0,0.0,,,,
2027,S0,Baseline,0.055,,,,,0.027,0.02407013275714725,1.3284816983319663,2.63954416456492,3.9680258628968863,0.9278858000658762,0.40878884898007134,3.681874852476166,63.31957644766639,67.00145130014256,0.054952165677466934,,10.851486966415145,3.681874852476166,0.0,0.0,SA2,SA2 — AR6 pathways; evolving NATO GDP share from SSP Basic Drivers v3.2,SSP5-8.5,SA2 — AR6 pathways; evolving NATO GDP share from SSP Basic Drivers v3.2 — SSP5-8.5 — MIGRATION 1.0 / SSP5-8.5_zeromig — S0: Baseline,SA2_AR6_dynamic_v32_split,SSP5-8.5,158.86358283723416,49.2030258641469,109.66055697308727,0.3097187220973011,0.42176627275721645,0.941583517482057,67.00330121011756,AR6 World GDP level and trajectory (unrebased),SSP Basic Drivers v3.2 / OECD ENV-Growth 2025,MIGRATION 1.0,SSP5-8.5_zeromig,-0.0018499099749931247,67.00145130014256,0.0,0.0,,,,
2028,S0,Baseline,0.055,,,,,0.027,0.02407013275714725,1.3775400897285186,2.7854544968738204,4.1629945866023395,0.9003108417151483,0.39664044075562477,3.747989160319558,64.48558425568675,68.23357341600631,0.054928812499219784,,14.599476126734704,3.747989160319558,0.0,0.0,SA2,SA2 — AR6 pathways; evolving NATO GDP share from SSP Basic Drivers v3.2,SSP5-8.5,SA2 — AR6 pathways; evolving NATO GDP share from SSP Basic Drivers v3.2 — SSP5-8.5 — MIGRATION 1.0 / SSP5-8.5_zeromig — S0: Baseline,SA2_AR6_dynamic_v32_split,SSP5-8.5,166.7424434517702,51.020003323278466,115.72244012849174,0.30598090244512854,0.40923220077961286,0.913601489654434,68.23637709713807,AR6 World GDP level and trajectory (unrebased),SSP Basic Drivers v3.2 / OECD ENV-Growth 2025,MIGRATION 1.0,SSP5-8.5_zeromig,-0.0028036811317662114,68.23357341600631,0.0,0.0,,,,
2029,S0,Baseline,0.055,,,,,0.027,0.02407013275714725,1.4284759637588087,2.939096559021397,4.367572522780206,0.8729878360329933,0.3846030326578922,3.8128376853790535,65.63038631746228,69.44322400284133,0.05490582760418854,,18.41231381211376,3.8128376853790535,0.0,0.0,SA2,SA2 — AR6 pathways; evolving NATO GDP share from SSP Basic Drivers v3.2,SSP5-8.5,SA2 — AR6 pathways; evolving NATO GDP share from SSP Basic Drivers v3.2 — SSP5-8.5 — MIGRATION 1.0 / SSP5-8.5_zeromig — S0: Baseline,SA2_AR6_dynamic_v32_split,SSP5-8.5,175.0120572110772,52.90651717625217,122.10554003482503,0.30230212717540417,0.39681265274226973,0.885875133893241,69.44699868380943,AR6 World GDP level and trajectory (unrebased),SSP Basic Drivers v3.2 / OECD ENV-Growth 2025,MIGRATION 1.0,SSP5-8.5_zeromig,-0.0037746809680925253,69.44322400284133,0.0,0.0,,,,
2030,S0,Baseline,0.055,,,,,0.027,0.02407013275714725,1.4813642038620825,3.1008700594807177,4.5822342633428,0.8461594780801066,0.37278354628703997,3.8773009527109252,66.76910041992123,70.64640137263216,0.05488320533497068,,22.289614764824684,3.8773009527109252,0.0,0.0,SA2,SA2 — AR6 pathways; evolving NATO GDP share from SSP Basic Drivers v3.2,SSP5-8.5,SA2 — AR6 pathways; evolving NATO GDP share from SSP Basic Drivers v3.2 — SSP5-8.5 — MIGRATION 1.0 / SSP5-8.5_zeromig — S0: Baseline,SA2_AR6_dynamic_v32_split,SSP5-8.5,183.69180356957398,54.86534088378083,128.82646268579316,0.2986814861502537,0.38461794458186666,0.8586507279935566,70.65116392546554,AR6 World GDP level and trajectory (unrebased),SSP Basic Drivers v3.2 / OECD ENV-Growth 2025,MIGRATION 1.0,SSP5-8.5_zeromig,-0.004762552833383893,70.64640137263216,0.0,0.0,,,,
2031,S0,Baseline,0.055,,,,,0.027,0.02407013275714725,1.5321730642937574,3.2639131453532326,4.79608620964699,0.8257690982539551,0.36380037195803616,3.9604597844884246,68.23119447184203,72.19165425633045,0.05486035505469988,,26.25007454931311,3.9604597844884246,0.0,0.0,SA2,SA2 — AR6 pathways; evolving NATO GDP share from SSP Basic Drivers v3.2,SSP5-8.5,SA2 — AR6 pathways; evolving NATO GDP share from SSP Basic Drivers v3.2 — SSP5-8.5 — MIGRATION 1.0 / SSP5-8.5_zeromig — S0: Baseline,SA2_AR6_dynamic_v32_split,SSP5-8.5,192.3472811262712,56.747150529398425,135.6001305968728,0.2950244484721639,0.3753495901154341,0.8379593395078831,72.19747313056408,AR6 World GDP level and trajectory (unrebased),SSP Basic Drivers v3.2 / OECD ENV-Growth 2025,MIGRATION 1.0,SSP5-8.5_zeromig,-0.005818874233625593,72.19165425633045,0.0,0.0,,,,
2032,S0,Baseline,0.055,,,,,0.027,0.02407013275714725,1.5847679961018808,3.4351807917260673,5.019948787827948,0.8053798260092528,0.354817685584496,4.042965481316233,69.68287669018171,73.72584217149794,0.05483783382103194,,30.293040030629342,4.042965481316233,0.0,0.0,SA2,SA2 — AR6 pathways; evolving NATO GDP share from SSP Basic Drivers v3.2,SSP5-8.5,SA2 — AR6 pathways; evolving NATO GDP share from SSP Basic Drivers v3.2 — SSP5-8.5 — MIGRATION 1.0 / SSP5-8.5_zeromig — S0: Baseline,SA2_AR6_dynamic_v32_split,SSP5-8.5,201.41060100515517,58.69511096673633,142.71549003841884,0.2914201669316999,0.36608173909511493,0.8172690749540954,73.73274308815951,AR6 World GDP level and trajectory (unrebased),SSP Basic Drivers v3.2 / OECD ENV-Growth 2025,MIGRATION 1.0,SSP5-8.5_zeromig,-0.006900916661564338,73.72584217149794,0.0,0.0,,,,
2033,S0,Baseline,0.055,,,,,0.027,0.02407013275714725,1.6392136290935446,3.6150779462214713,5.2542915753150155,0.7844164704248574,0.3455820813759861,4.121552852091669,71.06781080682777,75.18936365891943,0.05481563683379762,,34.41459288272101,4.121552852091669,0.0,0.0,SA2,SA2 — AR6 pathways; evolving NATO GDP share from SSP Basic Drivers v3.2,SSP5-8.5,SA2 — AR6 pathways; evolving NATO GDP share from SSP Basic Drivers v3.2 — SSP5-8.5 — MIGRATION 1.0 / SSP5-8.5_zeromig — S0: Baseline,SA2_AR6_dynamic_v32_split,SSP5-8.5,210.9009805583224,60.71161589235351,150.1893646659689,0.2878678692324257,0.3565529411022079,0.7959962522770151,75.19736489940942,AR6 World GDP level and trajectory (unrebased),SSP Basic Drivers v3.2 / OECD ENV-Growth 2025,MIGRATION 1.0,SSP5-8.5_zeromig,-0.008001240489988959,75.18936365891943,0.0,0.0,,,,
2034,S0,Baseline,0.055,,,,,0.027,0.02407013275714725,1.6955770108817345,3.804029196844437,5.499606207726171,0.7633952115924943,0.33632096734494504,4.198373044622516,72.42299941166904,76.62137245629155,0.05479375936547555,,38.612965927343524,4.198373044622516,0.0,0.0,SA2,SA2 — AR6 pathways; evolving NATO GDP share from SSP Basic Drivers v3.2,SSP5-8.5,SA2 — AR6 pathways; evolving NATO GDP share from SSP Basic Drivers v3.2 — SSP5-8.5 — MIGRATION 1.0 / SSP5-8.5_zeromig — S0: Baseline,SA2_AR6_dynamic_v32_split,SSP5-8.5,220.8385426511057,62.79914855117536,158.03939409993035,0.28436679484155675,0.3469978234511338,0.7746646715675443,76.63049363405406,AR6 World GDP level and trajectory (unrebased),SSP Basic Drivers v3.2 / OECD ENV-Growth 2025,MIGRATION 1.0,SSP5-8.5_zeromig,-0.009121177762509092,76.62137245629155,0.0,0.0,,,,
2035,S0,Baseline,0.055,,,,,0.027,0.02407013275714725,1.7539277007290026,4.002479715332103,5.756407416061106,0.742429659185252,0.32708439530539074,4.273727596037705,73.75359007316234,78.02731766920004,0.05477219676006735,,42.886693523381226,4.273727596037705,0.0,0.0,SA2,SA2 — AR6 pathways; evolving NATO GDP share from SSP Basic Drivers v3.2,SSP5-8.5,SA2 — AR6 pathways; evolving NATO GDP share from SSP Basic Drivers v3.2 — SSP5-8.5 — MIGRATION 1.0 / SSP5-8.5_zeromig — S0: Baseline,SA2_AR6_dynamic_v32_split,SSP5-8.5,231.244358329465,64.96028521218528,166.28407311727972,0.28091619480564034,0.3374680269023873,0.7533896196374855,78.03757733775319,AR6 World GDP level and trajectory (unrebased),SSP Basic Drivers v3.2 / OECD ENV-Growth 2025,MIGRATION 1.0,SSP5-8.5_zeromig,-0.01025966855314664,78.02731766920004,0.0,0.0,,,,
2025,S1,"NATO→3.5%, nonNATO holds",0.055,,,,,0.027,0.02407013275714725,1.2357126903420883,2.369415772527814,3.6051284628699025,0.9854524668689925,0.43415038750172397,3.5526827371147642,61.041548846790036,64.5942315839048,0.055,,3.5526827371147642,3.5526827371147642,0.0,0.0,SA2,SA2 — AR6 pathways; evolving NATO GDP share from SSP Basic Drivers v3.2,SSP5-8.5,SA2 — AR6 pathways; evolving NATO GDP share from SSP Basic Drivers v3.2 — SSP5-8.5 — MIGRATION 1.0 / SSP5-8.5_zeromig — S1: NATO 3.5%,SA2_AR6_dynamic_v32_split,SSP5-8.5,144.2051385147961,45.7671366793366,98.43800183545949,0.31737521388421736,0.4479329394859057,1.0,64.5942315839048,AR6 World GDP level and trajectory (unrebased),SSP Basic Drivers v3.2 / OECD ENV-Growth 2025,MIGRATION 1.0,SSP5-8.5_zeromig,0.0,64.5942315839048,0.0,0.0,,,,
2026,S1,"NATO→3.5%, nonNATO holds",0.055,,,,,0.02740877593256891,0.02407013275714725,1.3006265159510166,2.5009852229310168,3.801611738882033,0.956299473283868,0.4213067609572286,3.635479303522658,62.16608758769904,65.8015668912217,0.05524912969827245,,7.1881620406374225,3.6169293768242152,0.018549926698442576,0.018549926698442576,SA2,SA2 — AR6 pathways; evolving NATO GDP share from SSP Basic Drivers v3.2,SSP5-8.5,SA2 — AR6 pathways; evolving NATO GDP share from SSP Basic Drivers v3.2 — SSP5-8.5 — MIGRATION 1.0 / SSP5-8.5_zeromig — S1: NATO 3.5%,SA2_AR6_dynamic_v32_split,SSP5-8.5,151.357011624834,47.45292234687236,103.90408927796165,0.31351651197034136,0.4346815787653946,0.9704166415273685,65.79210477029503,AR6 World GDP level and trajectory (unrebased),SSP Basic Drivers v3.2 / OECD ENV-Growth 2025,MIGRATION 1.0,SSP5-8.5_zeromig,0.009462120926670536,65.79118930985194,0.01037758136975242,0.01037758136975242,,,,
2027,S1,"NATO→3.5%, nonNATO holds",0.055,,,,,0.028005016140972137,0.02407013275714725,1.3779315335101034,2.63954416456492,4.017475698075023,0.9278858000658762,0.40878884898007134,3.727758652353557,63.29936190646167,67.02712055881523,0.05561567647953053,,10.91592069299098,3.681874852476166,0.045883799877390885,0.06443372657583346,SA2,SA2 — AR6 pathways; evolving NATO GDP share from SSP Basic Drivers v3.2,SSP5-8.5,SA2 — AR6 pathways; evolving NATO GDP share from SSP Basic Drivers v3.2 — SSP5-8.5 — MIGRATION 1.0 / SSP5-8.5_zeromig — S1: NATO 3.5%,SA2_AR6_dynamic_v32_split,SSP5-8.5,158.86358283723416,49.2030258641469,109.66055697308727,0.3097187220973011,0.42176627275721645,0.941583517482057,67.00330121011756,AR6 World GDP level and trajectory (unrebased),SSP Basic Drivers v3.2 / OECD ENV-Growth 2025,MIGRATION 1.0,SSP5-8.5_zeromig,0.023819348697671217,67.00145130014256,0.02566925867266434,0.03604684004241676,,,,
2028,S1,"NATO→3.5%, nonNATO holds",0.055,,,,,0.028820930945768986,0.02407013275714725,1.4704439926331128,2.7854544968738204,4.255898489506933,0.9003108417151483,0.39664044075562477,3.8316315513422152,64.44873481069075,68.28036636203296,0.05611615396183315,,14.747552244333194,3.747989160319558,0.08364239102265714,0.1480761175984906,SA2,SA2 — AR6 pathways; evolving NATO GDP share from SSP Basic Drivers v3.2,SSP5-8.5,SA2 — AR6 pathways; evolving NATO GDP share from SSP Basic Drivers v3.2 — SSP5-8.5 — MIGRATION 1.0 / SSP5-8.5_zeromig — S1: NATO 3.5%,SA2_AR6_dynamic_v32_split,SSP5-8.5,166.7424434517702,51.020003323278466,115.72244012849174,0.30598090244512854,0.40923220077961286,0.913601489654434,68.23637709713807,AR6 World GDP level and trajectory (unrebased),SSP Basic Drivers v3.2 / OECD ENV-Growth 2025,MIGRATION 1.0,SSP5-8.5_zeromig,0.04398926489488986,68.23357341600631,0.04679294602665607,0.08283978606907283,,,,
2029,S1,"NATO→3.5%, nonNATO holds",0.055,,,,,0.029845109579542582,0.02407013275714725,1.579000802597198,2.939096559021397,4.518097361618595,0.8729878360329933,0.3846030326578922,3.9442440387057935,65.57249400795469,69.51673804666048,0.05673804826771891,,18.69179628303899,3.8128376853790535,0.13140635332674,0.2794824709252306,SA2,SA2 — AR6 pathways; evolving NATO GDP share from SSP Basic Drivers v3.2,SSP5-8.5,SA2 — AR6 pathways; evolving NATO GDP share from SSP Basic Drivers v3.2 — SSP5-8.5 — MIGRATION 1.0 / SSP5-8.5_zeromig — S1: NATO 3.5%,SA2_AR6_dynamic_v32_split,SSP5-8.5,175.0120572110772,52.90651717625217,122.10554003482503,0.30230212717540417,0.39681265274226973,0.885875133893241,69.44699868380943,AR6 World GDP level and trajectory (unrebased),SSP Basic Drivers v3.2 / OECD ENV-Growth 2025,MIGRATION 1.0,SSP5-8.5_zeromig,0.06973936285105253,69.44322400284133,0.07351404381914506,0.1563538298882179,,,,
2030,S1,"NATO→3.5%, nonNATO holds",0.055,,,,,0.030999999999995285,0.02407013275714725,1.700825567396947,3.1008700594807177,4.801695626877665,0.8461594780801066,0.37278354628703997,4.063000265538335,66.6872888345497,70.75028910008804,0.05742733092992095,,22.754796548577325,3.8773009527109252,0.1856993128274098,0.4651817837526404,SA2,SA2 — AR6 pathways; evolving NATO GDP share from SSP Basic Drivers v3.2,SSP5-8.5,SA2 — AR6 pathways; evolving NATO GDP share from SSP Basic Drivers v3.2 — SSP5-8.5 — MIGRATION 1.0 / SSP5-8.5_zeromig — S1: NATO 3.5%,SA2_AR6_dynamic_v32_split,SSP5-8.5,183.69180356957398,54.86534088378083,128.82646268579316,0.2986814861502537,0.38461794458186666,0.8586507279935566,70.65116392546554,AR6 World GDP level and trajectory (unrebased),SSP Basic Drivers v3.2 / OECD ENV-Growth 2025,MIGRATION 1.0,SSP5-8.5_zeromig,0.09912517462250037,70.64640137263216,0.10388772745588426,0.26024155734410215,,,,
2031,S1,"NATO→3.5%, nonNATO holds",0.055,,,,,0.03215489042044799,0.02407013275714725,1.8246984069454733,3.2639131453532326,5.088611552298706,0.8257690982539551,0.36380037195803616,4.202018172906361,68.12477364337818,72.32679181628454,0.058097671241658294,,26.956814721483685,3.9604597844884246,0.24155838841793642,0.7067401721705768,SA2,SA2 — AR6 pathways; evolving NATO GDP share from SSP Basic Drivers v3.2,SSP5-8.5,SA2 — AR6 pathways; evolving NATO GDP share from SSP Basic Drivers v3.2 — SSP5-8.5 — MIGRATION 1.0 / SSP5-8.5_zeromig — S1: NATO 3.5%,SA2_AR6_dynamic_v32_split,SSP5-8.5,192.3472811262712,56.747150529398425,135.6001305968728,0.2950244484721639,0.3753495901154341,0.8379593395078831,72.19747313056408,AR6 World GDP level and trajectory (unrebased),SSP Basic Drivers v3.2 / OECD ENV-Growth 2025,MIGRATION 1.0,SSP5-8.5_zeromig,0.12931868572046312,72.19165425633045,0.13513755995408872,0.39537911729819086,,,,
2032,S1,"NATO→3.5%, nonNATO holds",0.055,,,,,0.033179069054221584,0.02407013275714725,1.9474491399105434,3.4351807917260673,5.382629931636611,0.8053798260092528,0.354817685584496,4.33506155781369,69.55419100613038,73.88925256394407,0.05866971727805894,,31.291876279297373,4.042965481316233,0.29209607649745717,0.998836248668034,SA2,SA2 — AR6 pathways; evolving NATO GDP share from SSP Basic Drivers v3.2,SSP5-8.5,SA2 — AR6 pathways; evolving NATO GDP share from SSP Basic Drivers v3.2 — SSP5-8.5 — MIGRATION 1.0 / SSP5-8.5_zeromig — S1: NATO 3.5%,SA2_AR6_dynamic_v32_split,SSP5-8.5,201.41060100515517,58.69511096673633,142.71549003841884,0.2914201669316999,0.36608173909511493,0.8172690749540954,73.73274308815951,AR6 World GDP level and trajectory (unrebased),SSP Basic Drivers v3.2 / OECD ENV-Growth 2025,MIGRATION 1.0,SSP5-8.5_zeromig,0.15650947578455998,73.72584217149794,0.16341039244612432,0.5587895097443152,,,,
2033,S1,"NATO→3.5%, nonNATO holds",0.055,,,,,0.03399498385901843,0.02407013275714725,2.0638904023154843,3.6150779462214713,5.678968348536955,0.7844164704248574,0.3455820813759861,4.454676307613839,70.92105012362569,75.37572643123953,0.05909961360939661,,35.746552586911214,4.121552852091669,0.3331234555221707,1.3319597041902047,SA2,SA2 — AR6 pathways; evolving NATO GDP share from SSP Basic Drivers v3.2,SSP5-8.5,SA2 — AR6 pathways; evolving NATO GDP share from SSP Basic Drivers v3.2 — SSP5-8.5 — MIGRATION 1.0 / SSP5-8.5_zeromig — S1: NATO 3.5%,SA2_AR6_dynamic_v32_split,SSP5-8.5,210.9009805583224,60.71161589235351,150.1893646659689,0.2878678692324257,0.3565529411022079,0.7959962522770151,75.19736489940942,AR6 World GDP level and trajectory (unrebased),SSP Basic Drivers v3.2 / OECD ENV-Growth 2025,MIGRATION 1.0,SSP5-8.5_zeromig,0.17836153183010595,75.18936365891943,0.1863627723200949,0.7451522820644101,,,,
2034,S1,"NATO→3.5%, nonNATO holds",0.055,,,,,0.034591224067421655,0.02407013275714725,2.172299418777005,3.804029196844437,5.976328615621442,0.7633952115924943,0.33632096734494504,4.56230064806861,72.2626676702907,76.82496831835931,0.05938564958676762,,40.30885323497982,4.198373044622516,0.3639276034460943,1.695887307636299,SA2,SA2 — AR6 pathways; evolving NATO GDP share from SSP Basic Drivers v3.2,SSP5-8.5,SA2 — AR6 pathways; evolving NATO GDP share from SSP Basic Drivers v3.2 — SSP5-8.5 — MIGRATION 1.0 / SSP5-8.5_zeromig — S1: NATO 3.5%,SA2_AR6_dynamic_v32_split,SSP5-8.5,220.8385426511057,62.79914855117536,158.03939409993035,0.28436679484155675,0.3469978234511338,0.7746646715675443,76.63049363405406,AR6 World GDP level and trajectory (unrebased),SSP Basic Drivers v3.2 / OECD ENV-Growth 2025,MIGRATION 1.0,SSP5-8.5_zeromig,0.1944746843052485,76.62137245629155,0.2035958620677576,0.9487481441321677,,,,
2035,S1,"NATO→3.5%, nonNATO holds",0.055,,,,,0.03499999999999057,0.02407013275714725,2.2736099824258726,4.002479715332103,6.276089697757976,0.742429659185252,0.32708439530539074,4.659555135322526,73.5836101083026,78.24316524362511,0.05955223208077161,,44.96840837030235,4.273727596037705,0.38582753928482116,2.08171484692112,SA2,SA2 — AR6 pathways; evolving NATO GDP share from SSP Basic Drivers v3.2,SSP5-8.5,SA2 — AR6 pathways; evolving NATO GDP share from SSP Basic Drivers v3.2 — SSP5-8.5 — MIGRATION 1.0 / SSP5-8.5_zeromig — S1: NATO 3.5%,SA2_AR6_dynamic_v32_split,SSP5-8.5,231.244358329465,64.96028521218528,166.28407311727972,0.28091619480564034,0.3374680269023873,0.7533896196374855,78.03757733775319,AR6 World GDP level and trajectory (unrebased),SSP Basic Drivers v3.2 / OECD ENV-Growth 2025,MIGRATION 1.0,SSP5-8.5_zeromig,0.20558790587192277,78.02731766920004,0.2158475744250694,1.164595718557237,,,,
2025,S2,"NATO→3.5%, nonNATO→3.5%",0.055,,,,,0.027,0.02407013275714725,1.2357126903420883,2.369415772527814,3.6051284628699025,0.9854524668689925,0.43415038750172397,3.5526827371147642,61.041548846790036,64.5942315839048,0.055,,3.5526827371147642,3.5526827371147642,0.0,0.0,SA2,SA2 — AR6 pathways; evolving NATO GDP share from SSP Basic Drivers v3.2,SSP5-8.5,SA2 — AR6 pathways; evolving NATO GDP share from SSP Basic Drivers v3.2 — SSP5-8.5 — MIGRATION 1.0 / SSP5-8.5_zeromig — S2: NATO/non-NATO 3.5%,SA2_AR6_dynamic_v32_split,SSP5-8.5,144.2051385147961,45.7671366793366,98.43800183545949,0.31737521388421736,0.4479329394859057,1.0,64.5942315839048,AR6 World GDP level and trajectory (unrebased),SSP Basic Drivers v3.2 / OECD ENV-Growth 2025,MIGRATION 1.0,SSP5-8.5_zeromig,0.0,64.5942315839048,0.0,0.0,,,,
2026,S2,"NATO→3.5%, nonNATO→3.5%",0.055,,,,,0.02740877593256891,0.02462861609152869,1.3006265159510166,2.55901392516684,3.8596404411178566,0.956299473283868,0.4213067609572286,3.6909721209061224,62.14163970311752,65.83261182402364,0.05606601376795463,,7.243654858020887,3.6169293768242152,0.07404274408190714,0.07404274408190714,SA2,SA2 — AR6 pathways; evolving NATO GDP share from SSP Basic Drivers v3.2,SSP5-8.5,SA2 — AR6 pathways; evolving NATO GDP share from SSP Basic Drivers v3.2 — SSP5-8.5 — MIGRATION 1.0 / SSP5-8.5_zeromig — S2: NATO/non-NATO 3.5%,SA2_AR6_dynamic_v32_split,SSP5-8.5,151.357011624834,47.45292234687236,103.90408927796165,0.31351651197034136,0.4346815787653946,0.9704166415273685,65.79210477029503,AR6 World GDP level and trajectory (unrebased),SSP Basic Drivers v3.2 / OECD ENV-Growth 2025,MIGRATION 1.0,SSP5-8.5_zeromig,0.04050705372861785,65.79118930985194,0.04142251417169973,0.04142251417169973,,,,
2027,S2,"NATO→3.5%, nonNATO→3.5%",0.055,,,,,0.028005016140972137,0.025443219381865955,1.3779315335101034,2.79011760860387,4.168049142113974,0.9278858000658762,0.40878884898007134,3.8674736129443135,63.23780916158602,67.10528277453034,0.05763292326684308,,11.1111284709652,3.681874852476166,0.18559876046814727,0.2596415045500544,SA2,SA2 — AR6 pathways; evolving NATO GDP share from SSP Basic Drivers v3.2,SSP5-8.5,SA2 — AR6 pathways; evolving NATO GDP share from SSP Basic Drivers v3.2 — SSP5-8.5 — MIGRATION 1.0 / SSP5-8.5_zeromig — S2: NATO/non-NATO 3.5%,SA2_AR6_dynamic_v32_split,SSP5-8.5,158.86358283723416,49.2030258641469,109.66055697308727,0.3097187220973011,0.42176627275721645,0.941583517482057,67.00330121011756,AR6 World GDP level and trajectory (unrebased),SSP Basic Drivers v3.2 / OECD ENV-Growth 2025,MIGRATION 1.0,SSP5-8.5_zeromig,0.10198156441278172,67.00145130014256,0.10383147438777485,0.14525398855947458,,,,
2028,S2,"NATO→3.5%, nonNATO→3.5%",0.055,,,,,0.028820930945768986,0.026557949444104414,1.4704439926331128,3.0733507144808834,4.543794707113996,0.9003108417151483,0.39664044075562477,4.090827637342637,64.3345435280472,68.42537116538985,0.05978524584769536,,15.201956108307837,3.747989160319558,0.34283847702307924,0.6024799815731336,SA2,SA2 — AR6 pathways; evolving NATO GDP share from SSP Basic Drivers v3.2,SSP5-8.5,SA2 — AR6 pathways; evolving NATO GDP share from SSP Basic Drivers v3.2 — SSP5-8.5 — MIGRATION 1.0 / SSP5-8.5_zeromig — S2: NATO/non-NATO 3.5%,SA2_AR6_dynamic_v32_split,SSP5-8.5,166.7424434517702,51.020003323278466,115.72244012849174,0.30598090244512854,0.40923220077961286,0.913601489654434,68.23637709713807,AR6 World GDP level and trajectory (unrebased),SSP Basic Drivers v3.2 / OECD ENV-Growth 2025,MIGRATION 1.0,SSP5-8.5_zeromig,0.18899406825177323,68.23357341600631,0.19179774938353944,0.337051737943014,,,,
2029,S2,"NATO→3.5%, nonNATO→3.5%",0.055,,,,,0.029845109579542582,0.02795721650661838,1.579000802597198,3.4137310194111614,4.992731822008359,0.8729878360329933,0.3846030326578922,4.358594149188142,65.38994815508485,69.74854230427299,0.06249011097857915,,19.56055025749598,3.8128376853790535,0.5457564638090884,1.148236445382222,SA2,SA2 — AR6 pathways; evolving NATO GDP share from SSP Basic Drivers v3.2,SSP5-8.5,SA2 — AR6 pathways; evolving NATO GDP share from SSP Basic Drivers v3.2 — SSP5-8.5 — MIGRATION 1.0 / SSP5-8.5_zeromig — S2: NATO/non-NATO 3.5%,SA2_AR6_dynamic_v32_split,SSP5-8.5,175.0120572110772,52.90651717625217,122.10554003482503,0.30230212717540417,0.39681265274226973,0.885875133893241,69.44699868380943,AR6 World GDP level and trajectory (unrebased),SSP Basic Drivers v3.2 / OECD ENV-Growth 2025,MIGRATION 1.0,SSP5-8.5_zeromig,0.301543620463562,69.44322400284133,0.3053183014316545,0.6423700393746685,,,,
2030,S2,"NATO→3.5%, nonNATO→3.5%",0.055,,,,,0.030999999999995285,0.029535066378567183,1.700825567396947,3.8048981267409094,5.505723694137856,0.8461594780801066,0.37278354628703997,4.658720287484965,66.42483875495084,71.08355904243581,0.06553864705485245,,24.219270544980944,3.8773009527109252,0.7814193347740401,1.9296557801562622,SA2,SA2 — AR6 pathways; evolving NATO GDP share from SSP Basic Drivers v3.2,SSP5-8.5,SA2 — AR6 pathways; evolving NATO GDP share from SSP Basic Drivers v3.2 — SSP5-8.5 — MIGRATION 1.0 / SSP5-8.5_zeromig — S2: NATO/non-NATO 3.5%,SA2_AR6_dynamic_v32_split,SSP5-8.5,183.69180356957398,54.86534088378083,128.82646268579316,0.2986814861502537,0.38461794458186666,0.8586507279935566,70.65116392546554,AR6 World GDP level and trajectory (unrebased),SSP Basic Drivers v3.2 / OECD ENV-Growth 2025,MIGRATION 1.0,SSP5-8.5_zeromig,0.43239511697026956,70.64640137263216,0.43715766980365345,1.079527709178322,,,,
2031,S2,"NATO→3.5%, nonNATO→3.5%",0.055,,,,,0.03215489042044799,0.03111291625051599,1.8246984069454733,4.218915506819534,6.043613913765007,0.8257690982539551,0.36380037195803616,4.990629611764787,67.77734342905595,72.76797304082073,0.06858277622993823,,29.209900156745732,3.9604597844884246,1.030169827276362,2.959825607432624,SA2,SA2 — AR6 pathways; evolving NATO GDP share from SSP Basic Drivers v3.2,SSP5-8.5,SA2 — AR6 pathways; evolving NATO GDP share from SSP Basic Drivers v3.2 — SSP5-8.5 — MIGRATION 1.0 / SSP5-8.5_zeromig — S2: NATO/non-NATO 3.5%,SA2_AR6_dynamic_v32_split,SSP5-8.5,192.3472811262712,56.747150529398425,135.6001305968728,0.2950244484721639,0.3753495901154341,0.8379593395078831,72.19747313056408,AR6 World GDP level and trajectory (unrebased),SSP Basic Drivers v3.2 / OECD ENV-Growth 2025,MIGRATION 1.0,SSP5-8.5_zeromig,0.5704999102566575,72.19165425633045,0.5763187844902831,1.655846493668605,,,,
2032,S2,"NATO→3.5%, nonNATO→3.5%",0.055,,,,,0.033179069054221584,0.032512183313029956,1.9474491399105434,4.639992173737974,6.587441313648517,0.8053798260092528,0.354817685584496,5.305392339032407,69.12670261999907,74.43209495903147,0.07127828851186539,,34.51529249577814,4.042965481316233,1.2624268577161741,4.222252465148799,SA2,SA2 — AR6 pathways; evolving NATO GDP share from SSP Basic Drivers v3.2,SSP5-8.5,SA2 — AR6 pathways; evolving NATO GDP share from SSP Basic Drivers v3.2 — SSP5-8.5 — MIGRATION 1.0 / SSP5-8.5_zeromig — S2: NATO/non-NATO 3.5%,SA2_AR6_dynamic_v32_split,SSP5-8.5,201.41060100515517,58.69511096673633,142.71549003841884,0.2914201669316999,0.36608173909511493,0.8172690749540954,73.73274308815951,AR6 World GDP level and trajectory (unrebased),SSP Basic Drivers v3.2 / OECD ENV-Growth 2025,MIGRATION 1.0,SSP5-8.5_zeromig,0.6993518708719648,73.72584217149794,0.7062527875335292,2.362099281202134,,,,
2033,S2,"NATO→3.5%, nonNATO→3.5%",0.055,,,,,0.03399498385901843,0.03362691337526841,2.0638904023154843,5.050404755509134,7.114295157824618,0.7844164704248574,0.3455820813759861,5.58057029726144,70.42502689741731,76.00559719467876,0.07342314912634017,,40.09586279303958,4.121552852091669,1.4590174451697715,5.681269910318569,SA2,SA2 — AR6 pathways; evolving NATO GDP share from SSP Basic Drivers v3.2,SSP5-8.5,SA2 — AR6 pathways; evolving NATO GDP share from SSP Basic Drivers v3.2 — SSP5-8.5 — MIGRATION 1.0 / SSP5-8.5_zeromig — S2: NATO/non-NATO 3.5%,SA2_AR6_dynamic_v32_split,SSP5-8.5,210.9009805583224,60.71161589235351,150.1893646659689,0.2878678692324257,0.3565529411022079,0.7959962522770151,75.19736489940942,AR6 World GDP level and trajectory (unrebased),SSP Basic Drivers v3.2 / OECD ENV-Growth 2025,MIGRATION 1.0,SSP5-8.5_zeromig,0.8082322952693346,75.18936365891943,0.8162335357593236,3.1783328169614578,,,,
2034,S2,"NATO→3.5%, nonNATO→3.5%",0.055,,,,,0.034591224067421655,0.03444151666560567,2.172299418777005,5.443116425714974,7.615415844491979,0.7633952115924943,0.33632096734494504,5.8135719899707885,71.71140826791421,77.52498025788499,0.07498966101806256,,45.90943478301037,4.198373044622516,1.615198945348273,7.296468855666843,SA2,SA2 — AR6 pathways; evolving NATO GDP share from SSP Basic Drivers v3.2,SSP5-8.5,SA2 — AR6 pathways; evolving NATO GDP share from SSP Basic Drivers v3.2 — SSP5-8.5 — MIGRATION 1.0 / SSP5-8.5_zeromig — S2: NATO/non-NATO 3.5%,SA2_AR6_dynamic_v32_split,SSP5-8.5,220.8385426511057,62.79914855117536,158.03939409993035,0.28436679484155675,0.3469978234511338,0.7746646715675443,76.63049363405406,AR6 World GDP level and trajectory (unrebased),SSP Basic Drivers v3.2 / OECD ENV-Growth 2025,MIGRATION 1.0,SSP5-8.5_zeromig,0.8944866238309288,76.62137245629155,0.9036078015934379,4.081940618554896,,,,
2035,S2,"NATO→3.5%, nonNATO→3.5%",0.055,,,,,0.03499999999999057,0.03499999999998712,2.2736099824258726,5.819942559102648,8.09355254152852,0.742429659185252,0.32708439530539074,6.00889345500495,72.98914637305789,78.99803982806284,0.07606382978720926,,51.91832823801532,4.273727596037705,1.7351658589672452,9.031634714634087,SA2,SA2 — AR6 pathways; evolving NATO GDP share from SSP Basic Drivers v3.2,SSP5-8.5,SA2 — AR6 pathways; evolving NATO GDP share from SSP Basic Drivers v3.2 — SSP5-8.5 — MIGRATION 1.0 / SSP5-8.5_zeromig — S2: NATO/non-NATO 3.5%,SA2_AR6_dynamic_v32_split,SSP5-8.5,231.244358329465,64.96028521218528,166.28407311727972,0.28091619480564034,0.3374680269023873,0.7533896196374855,78.03757733775319,AR6 World GDP level and trajectory (unrebased),SSP Basic Drivers v3.2 / OECD ENV-Growth 2025,MIGRATION 1.0,SSP5-8.5_zeromig,0.9604624903096521,78.02731766920004,0.9707221588627988,5.052662777417694,,,,
2025,S3,"NATO→5%, nonNATO→3.5%",0.055,,,,,0.027,0.02407013275714725,1.2357126903420883,2.369415772527814,3.6051284628699025,0.9854524668689925,0.43415038750172397,3.5526827371147642,61.041548846790036,64.5942315839048,0.055,,3.5526827371147642,3.5526827371147642,0.0,0.0,SA2,SA2 — AR6 pathways; evolving NATO GDP share from SSP Basic Drivers v3.2,SSP5-8.5,SA2 — AR6 pathways; evolving NATO GDP share from SSP Basic Drivers v3.2 — SSP5-8.5 — MIGRATION 1.0 / SSP5-8.5_zeromig — S3: NATO 5%; non-NATO 3.5%,SA2_AR6_dynamic_v32_split,SSP5-8.5,144.2051385147961,45.7671366793366,98.43800183545949,0.31737521388421736,0.4479329394859057,1.0,64.5942315839048,AR6 World GDP level and trajectory (unrebased),SSP Basic Drivers v3.2 / OECD ENV-Growth 2025,MIGRATION 1.0,SSP5-8.5_zeromig,0.0,64.5942315839048,0.0,0.0,,,,
2026,S3,"NATO→5%, nonNATO→3.5%",0.055,,,,,0.02817523080613562,0.02462861609152869,1.3369970395487596,2.55901392516684,3.8960109647155994,0.956299473283868,0.4213067609572286,3.725753233465702,62.126316555626225,65.85206978909193,0.056577617763547576,,7.278435970580466,3.6169293768242152,0.10882385664148675,0.10882385664148675,SA2,SA2 — AR6 pathways; evolving NATO GDP share from SSP Basic Drivers v3.2,SSP5-8.5,SA2 — AR6 pathways; evolving NATO GDP share from SSP Basic Drivers v3.2 — SSP5-8.5 — MIGRATION 1.0 / SSP5-8.5_zeromig — S3: NATO 5%; non-NATO 3.5%,SA2_AR6_dynamic_v32_split,SSP5-8.5,151.357011624834,47.45292234687236,103.90408927796165,0.31351651197034136,0.4346815787653946,0.9704166415273685,65.79210477029503,AR6 World GDP level and trajectory (unrebased),SSP Basic Drivers v3.2 / OECD ENV-Growth 2025,MIGRATION 1.0,SSP5-8.5_zeromig,0.05996501879690186,65.79118930985194,0.06088047923998374,0.06088047923998374,,,,
2027,S3,"NATO→5%, nonNATO→3.5%",0.055,,,,,0.029889421405294894,0.025443219381865955,1.4706499744691106,2.79011760860387,4.2607675830729805,0.9278858000658762,0.40878884898007134,3.9535057377144223,63.199906896827166,67.15341263454158,0.05887274499704077,,11.231941708294888,3.681874852476166,0.27163088523825607,0.3804547418797428,SA2,SA2 — AR6 pathways; evolving NATO GDP share from SSP Basic Drivers v3.2,SSP5-8.5,SA2 — AR6 pathways; evolving NATO GDP share from SSP Basic Drivers v3.2 — SSP5-8.5 — MIGRATION 1.0 / SSP5-8.5_zeromig — S3: NATO 5%; non-NATO 3.5%,SA2_AR6_dynamic_v32_split,SSP5-8.5,158.86358283723416,49.2030258641469,109.66055697308727,0.3097187220973011,0.42176627275721645,0.941583517482057,67.00330121011756,AR6 World GDP level and trajectory (unrebased),SSP Basic Drivers v3.2 / OECD ENV-Growth 2025,MIGRATION 1.0,SSP5-8.5_zeromig,0.15011142442402559,67.00145130014256,0.1519613343990187,0.21284181363900245,,,,
2028,S3,"NATO→5%, nonNATO→3.5%",0.055,,,,,0.03223517646908584,0.026557949444104414,1.6446388105792271,3.0733507144808834,4.71798952506011,0.9003108417151483,0.39664044075562477,4.24765712051012,64.26545081867971,68.51310793918984,0.06199772931451617,,15.47959882880501,3.747989160319558,0.49966796019056225,0.8801227020703051,SA2,SA2 — AR6 pathways; evolving NATO GDP share from SSP Basic Drivers v3.2,SSP5-8.5,SA2 — AR6 pathways; evolving NATO GDP share from SSP Basic Drivers v3.2 — SSP5-8.5 — MIGRATION 1.0 / SSP5-8.5_zeromig — S3: NATO 5%; non-NATO 3.5%,SA2_AR6_dynamic_v32_split,SSP5-8.5,166.7424434517702,51.020003323278466,115.72244012849174,0.30598090244512854,0.40923220077961286,0.913601489654434,68.23637709713807,AR6 World GDP level and trajectory (unrebased),SSP Basic Drivers v3.2 / OECD ENV-Growth 2025,MIGRATION 1.0,SSP5-8.5_zeromig,0.27673084205176224,68.23357341600631,0.27953452318352845,0.4923763368225309,,,,
2029,S3,"NATO→5%, nonNATO→3.5%",0.055,,,,,0.03517969004118492,0.02795721650661838,1.8612348754191776,3.4137310194111614,5.2749658948303395,0.8729878360329933,0.3846030326578922,4.6049810616757805,65.28140007475812,69.88638113643391,0.06589239543947516,,20.08457989048079,3.8128376853790535,0.7921433762967269,1.672266078367032,SA2,SA2 — AR6 pathways; evolving NATO GDP share from SSP Basic Drivers v3.2,SSP5-8.5,SA2 — AR6 pathways; evolving NATO GDP share from SSP Basic Drivers v3.2 — SSP5-8.5 — MIGRATION 1.0 / SSP5-8.5_zeromig — S3: NATO 5%; non-NATO 3.5%,SA2_AR6_dynamic_v32_split,SSP5-8.5,175.0120572110772,52.90651717625217,122.10554003482503,0.30230212717540417,0.39681265274226973,0.885875133893241,69.44699868380943,AR6 World GDP level and trajectory (unrebased),SSP Basic Drivers v3.2 / OECD ENV-Growth 2025,MIGRATION 1.0,SSP5-8.5_zeromig,0.4393824526244856,69.44322400284133,0.44315713359257813,0.935533470415109,,,,
2030,S3,"NATO→5%, nonNATO→3.5%",0.055,,,,,0.03849999999998644,0.029535066378567183,2.112315624024818,3.8048981267409094,5.917213750765727,0.8461594780801066,0.37278354628703997,5.006906499036358,66.27144203237924,71.2783485314156,0.07024442347776319,,25.091486389517147,3.8773009527109252,1.1296055463254326,2.8018716246924646,SA2,SA2 — AR6 pathways; evolving NATO GDP share from SSP Basic Drivers v3.2,SSP5-8.5,SA2 — AR6 pathways; evolving NATO GDP share from SSP Basic Drivers v3.2 — SSP5-8.5 — MIGRATION 1.0 / SSP5-8.5_zeromig — S3: NATO 5%; non-NATO 3.5%,SA2_AR6_dynamic_v32_split,SSP5-8.5,183.69180356957398,54.86534088378083,128.82646268579316,0.2986814861502537,0.38461794458186666,0.8586507279935566,70.65116392546554,AR6 World GDP level and trajectory (unrebased),SSP Basic Drivers v3.2 / OECD ENV-Growth 2025,MIGRATION 1.0,SSP5-8.5_zeromig,0.6271846059500632,70.64640137263216,0.6319471587834471,1.5674806291985561,,,,
2031,S3,"NATO→5%, nonNATO→3.5%",0.055,,,,,0.041820309958787966,0.03111291625051599,2.373183424417441,4.218915506819534,6.592098931236975,0.8257690982539551,0.36380037195803616,5.4435515900484175,67.57780437568624,73.02135596573466,0.07454739121254897,,30.535037979565566,3.9604597844884246,1.4830918055599929,4.284963430252457,SA2,SA2 — AR6 pathways; evolving NATO GDP share from SSP Basic Drivers v3.2,SSP5-8.5,SA2 — AR6 pathways; evolving NATO GDP share from SSP Basic Drivers v3.2 — SSP5-8.5 — MIGRATION 1.0 / SSP5-8.5_zeromig — S3: NATO 5%; non-NATO 3.5%,SA2_AR6_dynamic_v32_split,SSP5-8.5,192.3472811262712,56.747150529398425,135.6001305968728,0.2950244484721639,0.3753495901154341,0.8379593395078831,72.19747313056408,AR6 World GDP level and trajectory (unrebased),SSP Basic Drivers v3.2 / OECD ENV-Growth 2025,MIGRATION 1.0,SSP5-8.5_zeromig,0.8238828351705791,72.19165425633045,0.8297017094042047,2.397182338602761,,,,
2032,S3,"NATO→5%, nonNATO→3.5%",0.055,,,,,0.04476482353088705,0.032512183313029956,2.627476284551785,4.639992173737974,7.267468458289759,0.8053798260092528,0.354817685584496,5.853072482465139,68.88541696240283,74.73848944486797,0.07831403238063503,,36.3881104620307,4.042965481316233,1.8101070011489062,6.095070431401364,SA2,SA2 — AR6 pathways; evolving NATO GDP share from SSP Basic Drivers v3.2,SSP5-8.5,SA2 — AR6 pathways; evolving NATO GDP share from SSP Basic Drivers v3.2 — SSP5-8.5 — MIGRATION 1.0 / SSP5-8.5_zeromig — S3: NATO 5%; non-NATO 3.5%,SA2_AR6_dynamic_v32_split,SSP5-8.5,201.41060100515517,58.69511096673633,142.71549003841884,0.2914201669316999,0.36608173909511493,0.8172690749540954,73.73274308815951,AR6 World GDP level and trajectory (unrebased),SSP Basic Drivers v3.2 / OECD ENV-Growth 2025,MIGRATION 1.0,SSP5-8.5_zeromig,1.0057463567084568,73.72584217149794,1.0126472733700211,3.409829611972782,,,,
2033,S3,"NATO→5%, nonNATO→3.5%",0.055,,,,,0.04711057859467799,0.03362691337526841,2.860159352106621,5.050404755509134,7.910564107615755,0.7844164704248574,0.3455820813759861,6.205176776365513,70.14985061641342,76.35502739277894,0.08126742911695098,,42.593287238396215,4.121552852091669,2.0836239242738444,8.178694355675209,SA2,SA2 — AR6 pathways; evolving NATO GDP share from SSP Basic Drivers v3.2,SSP5-8.5,SA2 — AR6 pathways; evolving NATO GDP share from SSP Basic Drivers v3.2 — SSP5-8.5 — MIGRATION 1.0 / SSP5-8.5_zeromig — S3: NATO 5%; non-NATO 3.5%,SA2_AR6_dynamic_v32_split,SSP5-8.5,210.9009805583224,60.71161589235351,150.1893646659689,0.2878678692324257,0.3565529411022079,0.7959962522770151,75.19736489940942,AR6 World GDP level and trajectory (unrebased),SSP Basic Drivers v3.2 / OECD ENV-Growth 2025,MIGRATION 1.0,SSP5-8.5_zeromig,1.1576624933695143,75.18936365891943,1.1656637338595033,4.575493345832285,,,,
2034,S3,"NATO→5%, nonNATO→3.5%",0.055,,,,,0.04882476919383726,0.03444151666560567,3.0661539335806367,5.443116425714974,8.509270359295611,0.7633952115924943,0.33632096734494504,6.495936246432214,71.41078625282981,77.90672249926202,0.0833809463168438,,49.08922348482843,4.198373044622516,2.297563201809698,10.476257557484907,SA2,SA2 — AR6 pathways; evolving NATO GDP share from SSP Basic Drivers v3.2,SSP5-8.5,SA2 — AR6 pathways; evolving NATO GDP share from SSP Basic Drivers v3.2 — SSP5-8.5 — MIGRATION 1.0 / SSP5-8.5_zeromig — S3: NATO 5%; non-NATO 3.5%,SA2_AR6_dynamic_v32_split,SSP5-8.5,220.8385426511057,62.79914855117536,158.03939409993035,0.28436679484155675,0.3469978234511338,0.7746646715675443,76.63049363405406,AR6 World GDP level and trajectory (unrebased),SSP Basic Drivers v3.2 / OECD ENV-Growth 2025,MIGRATION 1.0,SSP5-8.5_zeromig,1.2762288652079548,76.62137245629155,1.2853500429704638,5.860843388802749,,,,
2035,S3,"NATO→5%, nonNATO→3.5%",0.055,,,,,0.049999999999972886,0.03499999999998712,3.2480142606075026,5.819942559102648,9.067956819710151,0.742429659185252,0.32708439530539074,6.73232009116399,72.67043393894586,79.40275403010985,0.0847869847009471,,55.82154357599242,4.273727596037705,2.458592495126285,12.934850052611191,SA2,SA2 — AR6 pathways; evolving NATO GDP share from SSP Basic Drivers v3.2,SSP5-8.5,SA2 — AR6 pathways; evolving NATO GDP share from SSP Basic Drivers v3.2 — SSP5-8.5 — MIGRATION 1.0 / SSP5-8.5_zeromig — S3: NATO 5%; non-NATO 3.5%,SA2_AR6_dynamic_v32_split,SSP5-8.5,231.244358329465,64.96028521218528,166.28407311727972,0.28091619480564034,0.3374680269023873,0.7533896196374855,78.03757733775319,AR6 World GDP level and trajectory (unrebased),SSP Basic Drivers v3.2 / OECD ENV-Growth 2025,MIGRATION 1.0,SSP5-8.5_zeromig,1.3651766923566555,78.02731766920004,1.3754363609098021,7.236279749712551,,,,
2025,S0,Baseline,0.055,0.03,0.01,0.01,0.0,0.027,0.023992067003357848,1.9029255750000003,3.3552434500000006,5.258169025000001,0.570065356543003,0.2511476745609034,2.9975,51.5025,54.5,0.055,,2.9975,2.9975,0.0,0.0,SA3,SA3 — PPP recalibration using IMF WEO PPPGDP (g=3%/yr; d_mil=1%/yr; d_rest=1%/yr; epsilon=0),PPP recalibrated original-model dynamics,SA3 — PPP recalibration using IMF WEO PPPGDP (g=3%/yr; d_mil=1%/yr; d_rest=1%/yr; epsilon=0) — S0: Baseline,SA3_PPP_recalibrated_original_reference,,,,,,,,,,,,,,,,,PPP,210.326761,0.3350915721086011,0.023992067003357848
2026,S0,Baseline,0.055,0.03,0.01,0.01,0.0,0.027,0.023992067003357848,1.9600133422500003,3.4559007535000004,5.415914095750001,0.564364702977573,0.2486361978152944,3.05655075,52.517099249999994,55.573649999999994,0.05500000000000001,,6.05405075,3.05655075,0.0,0.0,SA3,SA3 — PPP recalibration using IMF WEO PPPGDP (g=3%/yr; d_mil=1%/yr; d_rest=1%/yr; epsilon=0),PPP recalibrated original-model dynamics,SA3 — PPP recalibration using IMF WEO PPPGDP (g=3%/yr; d_mil=1%/yr; d_rest=1%/yr; epsilon=0) — S0: Baseline,SA3_PPP_recalibrated_original_reference,,,,,,,,,,,,,,,,,PPP,210.326761,0.3350915721086011,0.023992067003357848
2027,S0,Baseline,0.055,0.03,0.01,0.01,0.0,0.027,0.023992067003357848,2.0188137425175,3.5595777761050007,5.578391518622501,0.5587210559477973,0.24614983583714145,3.1167647997750003,53.551686105225,56.668450905,0.05500000000000001,,9.170815549775,3.1167647997750003,0.0,0.0,SA3,SA3 — PPP recalibration using IMF WEO PPPGDP (g=3%/yr; d_mil=1%/yr; d_rest=1%/yr; epsilon=0),PPP recalibrated original-model dynamics,SA3 — PPP recalibration using IMF WEO PPPGDP (g=3%/yr; d_mil=1%/yr; d_rest=1%/yr; epsilon=0) — S0: Baseline,SA3_PPP_recalibrated_original_reference,,,,,,,,,,,,,,,,,PPP,210.326761,0.3350915721086011,0.023992067003357848
2028,S0,Baseline,0.055,0.03,0.01,0.01,0.0,0.027,0.023992067003357848,2.0793781547930252,3.66636510938815,5.745743264181176,0.5531338453883193,0.24368833747877003,3.1781650663305676,54.60665432149793,57.78481938782849,0.05500000000000001,,12.348980616105568,3.1781650663305676,0.0,0.0,SA3,SA3 — PPP recalibration using IMF WEO PPPGDP (g=3%/yr; d_mil=1%/yr; d_rest=1%/yr; epsilon=0),PPP recalibrated original-model dynamics,SA3 — PPP recalibration using IMF WEO PPPGDP (g=3%/yr; d_mil=1%/yr; d_rest=1%/yr; epsilon=0) — S0: Baseline,SA3_PPP_recalibrated_original_reference,,,,,,,,,,,,,,,,,PPP,210.326761,0.3350915721086011,0.023992067003357848
2029,S0,Baseline,0.055,0.03,0.01,0.01,0.0,0.027,0.023992067003357848,2.1417594994368163,3.7763560626697954,5.918115562106612,0.5476025069344361,0.24125145410398233,3.2407749181372805,55.682405411631436,58.92318032976872,0.055000000000000014,,15.589755534242848,3.2407749181372805,0.0,0.0,SA3,SA3 — PPP recalibration using IMF WEO PPPGDP (g=3%/yr; d_mil=1%/yr; d_rest=1%/yr; epsilon=0),PPP recalibrated original-model dynamics,SA3 — PPP recalibration using IMF WEO PPPGDP (g=3%/yr; d_mil=1%/yr; d_rest=1%/yr; epsilon=0) — S0: Baseline,SA3_PPP_recalibrated_original_reference,,,,,,,,,,,,,,,,,PPP,210.326761,0.3350915721086011,0.023992067003357848
2030,S0,Baseline,0.055,0.03,0.01,0.01,0.0,0.027,0.023992067003357848,2.206012284419921,3.889646744549889,6.095659028969809,0.5421264818650917,0.23883893956294247,3.3046181840245836,56.77934879824057,60.08396698226515,0.055,,18.89437371826743,3.3046181840245836,0.0,0.0,SA3,SA3 — PPP recalibration using IMF WEO PPPGDP (g=3%/yr; d_mil=1%/yr; d_rest=1%/yr; epsilon=0),PPP recalibrated original-model dynamics,SA3 — PPP recalibration using IMF WEO PPPGDP (g=3%/yr; d_mil=1%/yr; d_rest=1%/yr; epsilon=0) — S0: Baseline,SA3_PPP_recalibrated_original_reference,,,,,,,,,,,,,,,,,PPP,210.326761,0.3350915721086011,0.023992067003357848
2031,S0,Baseline,0.055,0.03,0.01,0.01,0.0,0.027,0.023992067003357848,2.2721926529525183,4.006336146886386,6.278528799838904,0.5367052170464408,0.2364505501673131,3.3697191622498686,57.89790196956592,61.26762113181579,0.05500000000000001,,22.2640928805173,3.3697191622498686,0.0,0.0,SA3,SA3 — PPP recalibration using IMF WEO PPPGDP (g=3%/yr; d_mil=1%/yr; d_rest=1%/yr; epsilon=0),PPP recalibrated original-model dynamics,SA3 — PPP recalibration using IMF WEO PPPGDP (g=3%/yr; d_mil=1%/yr; d_rest=1%/yr; epsilon=0) — S0: Baseline,SA3_PPP_recalibrated_original_reference,,,,,,,,,,,,,,,,,PPP,210.326761,0.3350915721086011,0.023992067003357848
2032,S0,Baseline,0.055,0.03,0.01,0.01,0.0,0.027,0.023992067003357848,2.340358432541094,4.126526231292978,6.4668846638340725,0.5313381648759764,0.23408604466563993,3.4361026297461916,59.03849063836636,62.47459326811256,0.055000000000000014,,25.70019551026349,3.4361026297461916,0.0,0.0,SA3,SA3 — PPP recalibration using IMF WEO PPPGDP (g=3%/yr; d_mil=1%/yr; d_rest=1%/yr; epsilon=0),PPP recalibrated original-model dynamics,SA3 — PPP recalibration using IMF WEO PPPGDP (g=3%/yr; d_mil=1%/yr; d_rest=1%/yr; epsilon=0) — S0: Baseline,SA3_PPP_recalibrated_original_reference,,,,,,,,,,,,,,,,,PPP,210.326761,0.3350915721086011,0.023992067003357848
2033,S0,Baseline,0.055,0.03,0.01,0.01,0.0,0.027,0.023992067003357848,2.410569185517327,4.250322018231768,6.660891203749095,0.5260247832272167,0.23174518421898355,3.5037938515521923,60.2015489039422,63.705342755494385,0.055000000000000014,,29.203989361815683,3.5037938515521923,0.0,0.0,SA3,SA3 — PPP recalibration using IMF WEO PPPGDP (g=3%/yr; d_mil=1%/yr; d_rest=1%/yr; epsilon=0),PPP recalibrated original-model dynamics,SA3 — PPP recalibration using IMF WEO PPPGDP (g=3%/yr; d_mil=1%/yr; d_rest=1%/yr; epsilon=0) — S0: Baseline,SA3_PPP_recalibrated_original_reference,,,,,,,,,,,,,,,,,PPP,210.326761,0.3350915721086011,0.023992067003357848
2034,S0,Baseline,0.055,0.03,0.01,0.01,0.0,0.027,0.023992067003357848,2.482886261082847,4.377831678778721,6.860717939861567,0.5207645353949445,0.2294277323767937,3.57281859042777,61.38751941734985,64.96033800777762,0.055000000000000014,,32.77680795224345,3.57281859042777,0.0,0.0,SA3,SA3 — PPP recalibration using IMF WEO PPPGDP (g=3%/yr; d_mil=1%/yr; d_rest=1%/yr; epsilon=0),PPP recalibrated original-model dynamics,SA3 — PPP recalibration using IMF WEO PPPGDP (g=3%/yr; d_mil=1%/yr; d_rest=1%/yr; epsilon=0) — S0: Baseline,SA3_PPP_recalibrated_original_reference,,,,,,,,,,,,,,,,,PPP,210.326761,0.3350915721086011,0.023992067003357848
2035,S0,Baseline,0.055,0.03,0.01,0.01,0.0,0.027,0.023992067003357848,2.5573728489153322,4.509166629142082,7.066539478057415,0.515556890040995,0.22713345505302576,3.643203116659197,62.596853549871646,66.24005666653085,0.05500000000000001,,36.42001106890265,3.643203116659197,0.0,0.0,SA3,SA3 — PPP recalibration using IMF WEO PPPGDP (g=3%/yr; d_mil=1%/yr; d_rest=1%/yr; epsilon=0),PPP recalibrated original-model dynamics,SA3 — PPP recalibration using IMF WEO PPPGDP (g=3%/yr; d_mil=1%/yr; d_rest=1%/yr; epsilon=0) — S0: Baseline,SA3_PPP_recalibrated_original_reference,,,,,,,,,,,,,,,,,PPP,210.326761,0.3350915721086011,0.023992067003357848
2025,S1,"NATO→3.5%, nonNATO holds",0.055,0.03,0.01,0.01,0.0,0.027,0.023992067003357848,1.9029255750000003,3.3552434500000006,5.258169025000001,0.570065356543003,0.2511476745609034,2.9975,51.5025,54.5,0.055,,2.9975,2.9975,0.0,0.0,SA3,SA3 — PPP recalibration using IMF WEO PPPGDP (g=3%/yr; d_mil=1%/yr; d_rest=1%/yr; epsilon=0),PPP recalibrated original-model dynamics,SA3 — PPP recalibration using IMF WEO PPPGDP (g=3%/yr; d_mil=1%/yr; d_rest=1%/yr; epsilon=0) — S1: NATO 3.5%,SA3_PPP_recalibrated_original_reference,,,,,,,,,,,,,,,,,PPP,210.326761,0.3350915721086011,0.023992067003357848
2026,S1,"NATO→3.5%, nonNATO holds",0.055,0.03,0.01,0.01,0.0,0.02740877593256891,0.023992067003357848,1.9896876489842874,3.4559007535000004,5.4455884024842875,0.564364702977573,0.2486361978152944,3.073297881306161,52.50972114320078,55.58301902450694,0.055292028667084867,,6.070797881306161,3.05655075,0.016747131306161123,0.016747131306161123,SA3,SA3 — PPP recalibration using IMF WEO PPPGDP (g=3%/yr; d_mil=1%/yr; d_rest=1%/yr; epsilon=0),PPP recalibrated original-model dynamics,SA3 — PPP recalibration using IMF WEO PPPGDP (g=3%/yr; d_mil=1%/yr; d_rest=1%/yr; epsilon=0) — S1: NATO 3.5%,SA3_PPP_recalibrated_original_reference,,,,,,,,,,,,,,,,,PPP,210.326761,0.3350915721086011,0.023992067003357848
2027,S1,"NATO→3.5%, nonNATO holds",0.055,0.03,0.01,0.01,0.0,0.028005016140972137,0.023992067003357848,2.093959683141443,3.5595777761050007,5.653537459246444,0.5587210559477973,0.24614983583714145,3.1587504190706,53.53318894427659,56.69193936334719,0.05571780493917649,,9.229548300376761,3.1167647997750003,0.04198561929559963,0.05873275060176075,SA3,SA3 — PPP recalibration using IMF WEO PPPGDP (g=3%/yr; d_mil=1%/yr; d_rest=1%/yr; epsilon=0),PPP recalibrated original-model dynamics,SA3 — PPP recalibration using IMF WEO PPPGDP (g=3%/yr; d_mil=1%/yr; d_rest=1%/yr; epsilon=0) — S1: NATO 3.5%,SA3_PPP_recalibrated_original_reference,,,,,,,,,,,,,,,,,PPP,210.326761,0.3350915721086011,0.023992067003357848
2028,S1,"NATO→3.5%, nonNATO holds",0.055,0.03,0.01,0.01,0.0,0.028820930945768986,0.023992067003357848,2.2196153410900115,3.66636510938815,5.885980450478161,0.5531338453883193,0.24368833747877003,3.2557350004534573,54.572480154716516,57.82821515516997,0.05630011218083371,,12.485283300830218,3.1781650663305676,0.0775699341228897,0.13630268472465046,SA3,SA3 — PPP recalibration using IMF WEO PPPGDP (g=3%/yr; d_mil=1%/yr; d_rest=1%/yr; epsilon=0),PPP recalibrated original-model dynamics,SA3 — PPP recalibration using IMF WEO PPPGDP (g=3%/yr; d_mil=1%/yr; d_rest=1%/yr; epsilon=0) — S1: NATO 3.5%,SA3_PPP_recalibrated_original_reference,,,,,,,,,,,,,,,,,PPP,210.326761,0.3350915721086011,0.023992067003357848
2029,S1,"NATO→3.5%, nonNATO holds",0.055,0.03,0.01,0.01,0.0,0.029845109579542582,0.023992067003357848,2.367446183471039,3.7763560626697954,6.143802246140835,0.5476025069344361,0.24125145410398233,3.3643615120961408,55.62795817093627,58.992319683032406,0.057030500413832876,,15.849644812926359,3.2407749181372805,0.12358659395886029,0.25988927868351075,SA3,SA3 — PPP recalibration using IMF WEO PPPGDP (g=3%/yr; d_mil=1%/yr; d_rest=1%/yr; epsilon=0),PPP recalibrated original-model dynamics,SA3 — PPP recalibration using IMF WEO PPPGDP (g=3%/yr; d_mil=1%/yr; d_rest=1%/yr; epsilon=0) — S1: NATO 3.5%,SA3_PPP_recalibrated_original_reference,,,,,,,,,,,,,,,,,PPP,210.326761,0.3350915721086011,0.023992067003357848
2030,S1,"NATO→3.5%, nonNATO holds",0.055,0.03,0.01,0.01,0.0,0.030999999999995285,0.023992067003357848,2.532828919148413,3.889646744549889,6.422475663698302,0.5421264818650917,0.23883893956294247,3.4817941364249303,56.70129225977048,60.183086396195414,0.05785336620165493,,19.331438949351288,3.3046181840245836,0.17717595240034667,0.4370652310838574,SA3,SA3 — PPP recalibration using IMF WEO PPPGDP (g=3%/yr; d_mil=1%/yr; d_rest=1%/yr; epsilon=0),PPP recalibrated original-model dynamics,SA3 — PPP recalibration using IMF WEO PPPGDP (g=3%/yr; d_mil=1%/yr; d_rest=1%/yr; epsilon=0) — S1: NATO 3.5%,SA3_PPP_recalibrated_original_reference,,,,,,,,,,,,,,,,,PPP,210.326761,0.3350915721086011,0.023992067003357848
2031,S1,"NATO→3.5%, nonNATO holds",0.055,0.03,0.01,0.01,0.0,0.03215489042044799,0.023992067003357848,2.7060039174013046,4.006336146886386,6.712340064287691,0.5367052170464408,0.2364505501673131,3.6025479310930457,57.795327057418234,61.397874988511276,0.05867544978986898,,22.933986880444337,3.3697191622498686,0.23282876884317716,0.6698939999270346,SA3,SA3 — PPP recalibration using IMF WEO PPPGDP (g=3%/yr; d_mil=1%/yr; d_rest=1%/yr; epsilon=0),PPP recalibrated original-model dynamics,SA3 — PPP recalibration using IMF WEO PPPGDP (g=3%/yr; d_mil=1%/yr; d_rest=1%/yr; epsilon=0) — S1: NATO 3.5%,SA3_PPP_recalibrated_original_reference,,,,,,,,,,,,,,,,,PPP,210.326761,0.3350915721086011,0.023992067003357848
2032,S1,"NATO→3.5%, nonNATO holds",0.055,0.03,0.01,0.01,0.0,0.033179069054221584,0.023992067003357848,2.8759597794411387,4.126526231292978,7.002486010734117,0.5313381648759764,0.23408604466563993,3.7206880665131625,58.91311383755294,62.633801904066104,0.059403835523380875,,26.6546749469575,3.4361026297461916,0.2845854367669709,0.9544794366940055,SA3,SA3 — PPP recalibration using IMF WEO PPPGDP (g=3%/yr; d_mil=1%/yr; d_rest=1%/yr; epsilon=0),PPP recalibrated original-model dynamics,SA3 — PPP recalibration using IMF WEO PPPGDP (g=3%/yr; d_mil=1%/yr; d_rest=1%/yr; epsilon=0) — S1: NATO 3.5%,SA3_PPP_recalibrated_original_reference,,,,,,,,,,,,,,,,,PPP,210.326761,0.3350915721086011,0.023992067003357848
2033,S1,"NATO→3.5%, nonNATO holds",0.055,0.03,0.01,0.01,0.0,0.03399498385901843,0.023992067003357848,3.035083724174398,4.250322018231768,7.285405742406166,0.5260247832272167,0.23174518421898355,3.832303976371523,60.05682066713368,63.8891246435052,0.059983666981749846,,30.48697892332902,3.5037938515521923,0.32851012481933095,1.2829895615133364,SA3,SA3 — PPP recalibration using IMF WEO PPPGDP (g=3%/yr; d_mil=1%/yr; d_rest=1%/yr; epsilon=0),PPP recalibrated original-model dynamics,SA3 — PPP recalibration using IMF WEO PPPGDP (g=3%/yr; d_mil=1%/yr; d_rest=1%/yr; epsilon=0) — S1: NATO 3.5%,SA3_PPP_recalibrated_original_reference,,,,,,,,,,,,,,,,,PPP,210.326761,0.3350915721086011,0.023992067003357848
2034,S1,"NATO→3.5%, nonNATO holds",0.055,0.03,0.01,0.01,0.0,0.034591224067421655,0.023992067003357848,3.180965740408872,4.377831678778721,7.558797419187593,0.5207645353949445,0.2294277323767937,3.9363536261477323,61.22736062538931,65.16371425153704,0.06040714025221305,,34.423332549476754,3.57281859042777,0.36353503571996226,1.6465245972332987,SA3,SA3 — PPP recalibration using IMF WEO PPPGDP (g=3%/yr; d_mil=1%/yr; d_rest=1%/yr; epsilon=0),PPP recalibrated original-model dynamics,SA3 — PPP recalibration using IMF WEO PPPGDP (g=3%/yr; d_mil=1%/yr; d_rest=1%/yr; epsilon=0) — S1: NATO 3.5%,SA3_PPP_recalibrated_original_reference,,,,,,,,,,,,,,,,,PPP,210.326761,0.3350915721086011,0.023992067003357848
2035,S1,"NATO→3.5%, nonNATO holds",0.055,0.03,0.01,0.01,0.0,0.03499999999999057,0.023992067003357848,3.3151129522967597,4.509166629142082,7.824279581438842,0.515556890040995,0.22713345505302576,4.0338612478178675,62.42474542215839,66.45860666997626,0.060697349070970345,,38.45719379729462,3.643203116659197,0.3906581311586703,2.037182728391969,SA3,SA3 — PPP recalibration using IMF WEO PPPGDP (g=3%/yr; d_mil=1%/yr; d_rest=1%/yr; epsilon=0),PPP recalibrated original-model dynamics,SA3 — PPP recalibration using IMF WEO PPPGDP (g=3%/yr; d_mil=1%/yr; d_rest=1%/yr; epsilon=0) — S1: NATO 3.5%,SA3_PPP_recalibrated_original_reference,,,,,,,,,,,,,,,,,PPP,210.326761,0.3350915721086011,0.023992067003357848
2025,S2,"NATO→3.5%, nonNATO→3.5%",0.055,0.03,0.01,0.01,0.0,0.027,0.023992067003357848,1.9029255750000003,3.3552434500000006,5.258169025000001,0.570065356543003,0.2511476745609034,2.9975,51.5025,54.5,0.055,,2.9975,2.9975,0.0,0.0,SA3,SA3 — PPP recalibration using IMF WEO PPPGDP (g=3%/yr; d_mil=1%/yr; d_rest=1%/yr; epsilon=0),PPP recalibrated original-model dynamics,SA3 — PPP recalibration using IMF WEO PPPGDP (g=3%/yr; d_mil=1%/yr; d_rest=1%/yr; epsilon=0) — S2: NATO/non-NATO 3.5%,SA3_PPP_recalibrated_original_reference,,,,,,,,,,,,,,,,,PPP,210.326761,0.3350915721086011,0.023992067003357848
2026,S2,"NATO→3.5%, nonNATO→3.5%",0.055,0.03,0.01,0.01,0.0,0.02740877593256891,0.024554539262902658,1.9896876489842874,3.536921213525879,5.526608862510167,0.564364702977573,0.2486361978152944,3.119022969163773,52.48957652407469,55.608599493238465,0.056088860312747485,,6.116522969163773,3.05655075,0.06247221916377299,0.06247221916377299,SA3,SA3 — PPP recalibration using IMF WEO PPPGDP (g=3%/yr; d_mil=1%/yr; d_rest=1%/yr; epsilon=0),PPP recalibrated original-model dynamics,SA3 — PPP recalibration using IMF WEO PPPGDP (g=3%/yr; d_mil=1%/yr; d_rest=1%/yr; epsilon=0) — S2: NATO/non-NATO 3.5%,SA3_PPP_recalibrated_original_reference,,,,,,,,,,,,,,,,,PPP,210.326761,0.3350915721086011,0.023992067003357848
2027,S2,"NATO→3.5%, nonNATO→3.5%",0.055,0.03,0.01,0.01,0.0,0.028005016140972137,0.02537496079590349,2.093959683141443,3.7647505113249418,5.858710194466385,0.5587210559477973,0.24614983583714145,3.2733847463443833,53.48268570918394,56.756070455528324,0.057674619121302104,,9.389907715508157,3.1167647997750003,0.15661994656938294,0.21909216573315593,SA3,SA3 — PPP recalibration using IMF WEO PPPGDP (g=3%/yr; d_mil=1%/yr; d_rest=1%/yr; epsilon=0),PPP recalibrated original-model dynamics,SA3 — PPP recalibration using IMF WEO PPPGDP (g=3%/yr; d_mil=1%/yr; d_rest=1%/yr; epsilon=0) — S2: NATO/non-NATO 3.5%,SA3_PPP_recalibrated_original_reference,,,,,,,,,,,,,,,,,PPP,210.326761,0.3350915721086011,0.023992067003357848
2028,S2,"NATO→3.5%, nonNATO→3.5%",0.055,0.03,0.01,0.01,0.0,0.028820930945768986,0.026497652733675,2.2196153410900115,4.049258008900724,6.268873349990735,0.5531338453883193,0.24368833747877003,3.4675260223327307,54.47917362060187,57.946699642934604,0.059839922613358416,,12.857433737840887,3.1781650663305676,0.28936095600216305,0.508453121735319,SA3,SA3 — PPP recalibration using IMF WEO PPPGDP (g=3%/yr; d_mil=1%/yr; d_rest=1%/yr; epsilon=0),PPP recalibrated original-model dynamics,SA3 — PPP recalibration using IMF WEO PPPGDP (g=3%/yr; d_mil=1%/yr; d_rest=1%/yr; epsilon=0) — S2: NATO/non-NATO 3.5%,SA3_PPP_recalibrated_original_reference,,,,,,,,,,,,,,,,,PPP,210.326761,0.3350915721086011,0.023992067003357848
2029,S2,"NATO→3.5%, nonNATO→3.5%",0.055,0.03,0.01,0.01,0.0,0.029845109579542582,0.02790691395582153,2.367446183471039,4.39255374256505,6.759999926036089,0.5476025069344361,0.24125145410398233,3.7017929063739654,55.47929958464604,59.18109249102001,0.06255026310870598,,16.559226644214853,3.2407749181372805,0.46101798823668494,0.9694711099720039,SA3,SA3 — PPP recalibration using IMF WEO PPPGDP (g=3%/yr; d_mil=1%/yr; d_rest=1%/yr; epsilon=0),PPP recalibrated original-model dynamics,SA3 — PPP recalibration using IMF WEO PPPGDP (g=3%/yr; d_mil=1%/yr; d_rest=1%/yr; epsilon=0) — S2: NATO/non-NATO 3.5%,SA3_PPP_recalibrated_original_reference,,,,,,,,,,,,,,,,,PPP,210.326761,0.3350915721086011,0.023992067003357848
2030,S2,"NATO→3.5%, nonNATO→3.5%",0.055,0.03,0.01,0.01,0.0,0.030999999999995285,0.029496033501672438,2.532828919148413,4.7819619156139215,7.314790834762334,0.5421264818650917,0.23883893956294247,3.965541820828722,56.48817265055763,60.45371447138635,0.06559633027521695,,20.524768465043575,3.3046181840245836,0.6609236368041382,1.6303947467761422,SA3,SA3 — PPP recalibration using IMF WEO PPPGDP (g=3%/yr; d_mil=1%/yr; d_rest=1%/yr; epsilon=0),PPP recalibrated original-model dynamics,SA3 — PPP recalibration using IMF WEO PPPGDP (g=3%/yr; d_mil=1%/yr; d_rest=1%/yr; epsilon=0) — S2: NATO/non-NATO 3.5%,SA3_PPP_recalibrated_original_reference,,,,,,,,,,,,,,,,,PPP,210.326761,0.3350915721086011,0.023992067003357848
2031,S2,"NATO→3.5%, nonNATO→3.5%",0.055,0.03,0.01,0.01,0.0,0.03215489042044799,0.031085153047523344,2.7060039174013046,5.1907812806774185,7.896785198078723,0.5367052170464408,0.2364505501673131,4.238245813703962,57.515264353890345,61.75351016759431,0.06863165838187477,,24.763014278747537,3.3697191622498686,0.8685266514540935,2.4989213982302356,SA3,SA3 — PPP recalibration using IMF WEO PPPGDP (g=3%/yr; d_mil=1%/yr; d_rest=1%/yr; epsilon=0),PPP recalibrated original-model dynamics,SA3 — PPP recalibration using IMF WEO PPPGDP (g=3%/yr; d_mil=1%/yr; d_rest=1%/yr; epsilon=0) — S2: NATO/non-NATO 3.5%,SA3_PPP_recalibrated_original_reference,,,,,,,,,,,,,,,,,PPP,210.326761,0.3350915721086011,0.023992067003357848
2032,S2,"NATO→3.5%, nonNATO→3.5%",0.055,0.03,0.01,0.01,0.0,0.033179069054221584,0.032494414269669876,2.8759597794411387,5.588891229568796,8.464851009009935,0.5313381648759764,0.23408604466563993,4.497698401075897,58.57079459924908,63.06849300032498,0.07131450566057954,,29.260712679823435,3.4361026297461916,1.061595771329705,3.5605171695599407,SA3,SA3 — PPP recalibration using IMF WEO PPPGDP (g=3%/yr; d_mil=1%/yr; d_rest=1%/yr; epsilon=0),PPP recalibrated original-model dynamics,SA3 — PPP recalibration using IMF WEO PPPGDP (g=3%/yr; d_mil=1%/yr; d_rest=1%/yr; epsilon=0) — S2: NATO/non-NATO 3.5%,SA3_PPP_recalibrated_original_reference,,,,,,,,,,,,,,,,,PPP,210.326761,0.3350915721086011,0.023992067003357848
2033,S2,"NATO→3.5%, nonNATO→3.5%",0.055,0.03,0.01,0.01,0.0,0.03399498385901843,0.03361710620744138,3.035083724174398,5.955448802419834,8.990532526594233,0.5260247832272167,0.23174518421898355,4.729242923398973,59.661665746415295,64.39090866981427,0.07344581744683451,,33.989955603222406,3.5037938515521923,1.2254490718467803,4.785966241406721,SA3,SA3 — PPP recalibration using IMF WEO PPPGDP (g=3%/yr; d_mil=1%/yr; d_rest=1%/yr; epsilon=0),PPP recalibrated original-model dynamics,SA3 — PPP recalibration using IMF WEO PPPGDP (g=3%/yr; d_mil=1%/yr; d_rest=1%/yr; epsilon=0) — S2: NATO/non-NATO 3.5%,SA3_PPP_recalibrated_original_reference,,,,,,,,,,,,,,,,,PPP,210.326761,0.3350915721086011,0.023992067003357848
2034,S2,"NATO→3.5%, nonNATO→3.5%",0.055,0.03,0.01,0.01,0.0,0.034591224067421655,0.03443752774044221,3.180965740408872,6.283814556696128,9.464780297105,0.5207645353949445,0.2294277323767937,4.92892191403711,60.790075295759735,65.71899720979684,0.0749999562273045,,38.91887751725952,3.57281859042777,1.3561033236093398,6.142069565016061,SA3,SA3 — PPP recalibration using IMF WEO PPPGDP (g=3%/yr; d_mil=1%/yr; d_rest=1%/yr; epsilon=0),PPP recalibrated original-model dynamics,SA3 — PPP recalibration using IMF WEO PPPGDP (g=3%/yr; d_mil=1%/yr; d_rest=1%/yr; epsilon=0) — S2: NATO/non-NATO 3.5%,SA3_PPP_recalibrated_original_reference,,,,,,,,,,,,,,,,,PPP,210.326761,0.3350915721086011,0.023992067003357848
2035,S2,"NATO→3.5%, nonNATO→3.5%",0.055,0.03,0.01,0.01,0.0,0.03499999999999057,0.03499999999998703,3.3151129522967597,6.578042316980288,9.893155269277049,0.515556890040995,0.22713345505302576,5.100484363321158,61.95483453910449,67.05531890242565,0.07606382978720952,,44.019361880580675,3.643203116659197,1.4572812466619607,7.599350811678022,SA3,SA3 — PPP recalibration using IMF WEO PPPGDP (g=3%/yr; d_mil=1%/yr; d_rest=1%/yr; epsilon=0),PPP recalibrated original-model dynamics,SA3 — PPP recalibration using IMF WEO PPPGDP (g=3%/yr; d_mil=1%/yr; d_rest=1%/yr; epsilon=0) — S2: NATO/non-NATO 3.5%,SA3_PPP_recalibrated_original_reference,,,,,,,,,,,,,,,,,PPP,210.326761,0.3350915721086011,0.023992067003357848
2025,S3,"NATO→5%, nonNATO→3.5%",0.055,0.03,0.01,0.01,0.0,0.027,0.023992067003357848,1.9029255750000003,3.3552434500000006,5.258169025000001,0.570065356543003,0.2511476745609034,2.9975,51.5025,54.5,0.055,,2.9975,2.9975,0.0,0.0,SA3,SA3 — PPP recalibration using IMF WEO PPPGDP (g=3%/yr; d_mil=1%/yr; d_rest=1%/yr; epsilon=0),PPP recalibrated original-model dynamics,SA3 — PPP recalibration using IMF WEO PPPGDP (g=3%/yr; d_mil=1%/yr; d_rest=1%/yr; epsilon=0) — S3: NATO 5%; non-NATO 3.5%,SA3_PPP_recalibrated_original_reference,,,,,,,,,,,,,,,,,PPP,210.326761,0.3350915721086011,0.023992067003357848
2026,S3,"NATO→5%, nonNATO→3.5%",0.055,0.03,0.01,0.01,0.0,0.02817523080613562,0.024554539262902658,2.0453269741110756,3.536921213525879,5.582248187636955,0.564364702977573,0.2486361978152944,3.150423840362825,52.47574257382617,55.626166414188994,0.05663564547851391,,6.147923840362825,3.05655075,0.0938730903628251,0.0938730903628251,SA3,SA3 — PPP recalibration using IMF WEO PPPGDP (g=3%/yr; d_mil=1%/yr; d_rest=1%/yr; epsilon=0),PPP recalibrated original-model dynamics,SA3 — PPP recalibration using IMF WEO PPPGDP (g=3%/yr; d_mil=1%/yr; d_rest=1%/yr; epsilon=0) — S3: NATO 5%; non-NATO 3.5%,SA3_PPP_recalibrated_original_reference,,,,,,,,,,,,,,,,,PPP,210.326761,0.3350915721086011,0.023992067003357848
2027,S3,"NATO→5%, nonNATO→3.5%",0.055,0.03,0.01,0.01,0.0,0.029889421405294894,0.02537496079590349,2.234858321811336,3.7647505113249418,5.999608833136278,0.5587210559477973,0.24614983583714145,3.352107782523633,53.448003532405664,56.800111314929296,0.0590158664291661,,9.500031622886459,3.1167647997750003,0.23534298274863286,0.32921607311145795,SA3,SA3 — PPP recalibration using IMF WEO PPPGDP (g=3%/yr; d_mil=1%/yr; d_rest=1%/yr; epsilon=0),PPP recalibrated original-model dynamics,SA3 — PPP recalibration using IMF WEO PPPGDP (g=3%/yr; d_mil=1%/yr; d_rest=1%/yr; epsilon=0) — S3: NATO 5%; non-NATO 3.5%,SA3_PPP_recalibrated_original_reference,,,,,,,,,,,,,,,,,PPP,210.326761,0.3350915721086011,0.023992067003357848
2028,S3,"NATO→5%, nonNATO→3.5%",0.055,0.03,0.01,0.01,0.0,0.03223517646908584,0.026497652733675,2.482560065396861,4.049258008900724,6.531818074297584,0.5531338453883193,0.24368833747877003,3.61296964881315,54.41509705788671,58.02806670669986,0.06226245080806733,,13.11300127169961,3.1781650663305676,0.43480458248258236,0.7640206555940403,SA3,SA3 — PPP recalibration using IMF WEO PPPGDP (g=3%/yr; d_mil=1%/yr; d_rest=1%/yr; epsilon=0),PPP recalibrated original-model dynamics,SA3 — PPP recalibration using IMF WEO PPPGDP (g=3%/yr; d_mil=1%/yr; d_rest=1%/yr; epsilon=0) — S3: NATO 5%; non-NATO 3.5%,SA3_PPP_recalibrated_original_reference,,,,,,,,,,,,,,,,,PPP,210.326761,0.3350915721086011,0.023992067003357848
2029,S3,"NATO→5%, nonNATO→3.5%",0.055,0.03,0.01,0.01,0.0,0.03517969004118492,0.02790691395582153,2.7906087160352064,4.39255374256505,7.183162458600256,0.5476025069344361,0.24125145410398233,3.933517770046828,55.37721100834262,59.310728778389446,0.06632050981440732,,17.046519041746436,3.2407749181372805,0.6927428519095473,1.4567635075035876,SA3,SA3 — PPP recalibration using IMF WEO PPPGDP (g=3%/yr; d_mil=1%/yr; d_rest=1%/yr; epsilon=0),PPP recalibrated original-model dynamics,SA3 — PPP recalibration using IMF WEO PPPGDP (g=3%/yr; d_mil=1%/yr; d_rest=1%/yr; epsilon=0) — S3: NATO 5%; non-NATO 3.5%,SA3_PPP_recalibrated_original_reference,,,,,,,,,,,,,,,,,PPP,210.326761,0.3350915721086011,0.023992067003357848
2030,S3,"NATO→5%, nonNATO→3.5%",0.055,0.03,0.01,0.01,0.0,0.03849999999998644,0.029496033501672438,3.145610109264335,4.7819619156139215,7.927572024878256,0.5421264818650917,0.23883893956294247,4.2977467315793705,56.341816640926226,60.6395633725056,0.07087364243008383,,21.34426577332581,3.3046181840245836,0.9931285475547869,2.4498920550583745,SA3,SA3 — PPP recalibration using IMF WEO PPPGDP (g=3%/yr; d_mil=1%/yr; d_rest=1%/yr; epsilon=0),PPP recalibrated original-model dynamics,SA3 — PPP recalibration using IMF WEO PPPGDP (g=3%/yr; d_mil=1%/yr; d_rest=1%/yr; epsilon=0) — S3: NATO 5%; non-NATO 3.5%,SA3_PPP_recalibrated_original_reference,,,,,,,,,,,,,,,,,PPP,210.326761,0.3350915721086011,0.023992067003357848
2031,S3,"NATO→5%, nonNATO→3.5%",0.055,0.03,0.01,0.01,0.0,0.041820309958787966,0.031085153047523344,3.5194000382427792,5.1907812806774185,8.710181318920197,0.5367052170464408,0.2364505501673131,4.674799755284918,57.32293639361342,61.99773614889833,0.07540274928841877,,26.019065528610724,3.3697191622498686,1.3050805930350498,3.7549726480934242,SA3,SA3 — PPP recalibration using IMF WEO PPPGDP (g=3%/yr; d_mil=1%/yr; d_rest=1%/yr; epsilon=0),PPP recalibrated original-model dynamics,SA3 — PPP recalibration using IMF WEO PPPGDP (g=3%/yr; d_mil=1%/yr; d_rest=1%/yr; epsilon=0) — S3: NATO 5%; non-NATO 3.5%,SA3_PPP_recalibrated_original_reference,,,,,,,,,,,,,,,,,PPP,210.326761,0.3350915721086011,0.023992067003357848
2032,S3,"NATO→5%, nonNATO→3.5%",0.055,0.03,0.01,0.01,0.0,0.04476482353088705,0.032494414269669876,3.8802123048787225,5.588891229568796,9.46910353444752,0.5313381648759764,0.23408604466563993,5.031296095013967,58.33571309772392,63.36700919273788,0.07939929876934405,,31.050361623624692,3.4361026297461916,1.595193465267775,5.350166113361199,SA3,SA3 — PPP recalibration using IMF WEO PPPGDP (g=3%/yr; d_mil=1%/yr; d_rest=1%/yr; epsilon=0),PPP recalibrated original-model dynamics,SA3 — PPP recalibration using IMF WEO PPPGDP (g=3%/yr; d_mil=1%/yr; d_rest=1%/yr; epsilon=0) — S3: NATO 5%; non-NATO 3.5%,SA3_PPP_recalibrated_original_reference,,,,,,,,,,,,,,,,,PPP,210.326761,0.3350915721086011,0.023992067003357848
2033,S3,"NATO→5%, nonNATO→3.5%",0.055,0.03,0.01,0.01,0.0,0.04711057859467799,0.03361710620744138,4.206048484156406,5.955448802419834,10.161497286576239,0.5260247832272167,0.23174518421898355,5.345199407435216,59.390300302399325,64.73549970983454,0.08256983311157139,,36.395561031059906,3.5037938515521923,1.841405555883024,7.191571669244223,SA3,SA3 — PPP recalibration using IMF WEO PPPGDP (g=3%/yr; d_mil=1%/yr; d_rest=1%/yr; epsilon=0),PPP recalibrated original-model dynamics,SA3 — PPP recalibration using IMF WEO PPPGDP (g=3%/yr; d_mil=1%/yr; d_rest=1%/yr; epsilon=0) — S3: NATO 5%; non-NATO 3.5%,SA3_PPP_recalibrated_original_reference,,,,,,,,,,,,,,,,,PPP,210.326761,0.3350915721086011,0.023992067003357848
2034,S3,"NATO→5%, nonNATO→3.5%",0.055,0.03,0.01,0.01,0.0,0.04882476919383726,0.03443752774044221,4.489864764145169,6.283814556696128,10.773679320841296,0.5207645353949445,0.2294277323767937,5.610550106012039,60.489777560833716,66.10032766684576,0.08487930853066177,,42.00611113707195,3.57281859042777,2.037731515584269,9.229303184828492,SA3,SA3 — PPP recalibration using IMF WEO PPPGDP (g=3%/yr; d_mil=1%/yr; d_rest=1%/yr; epsilon=0),PPP recalibrated original-model dynamics,SA3 — PPP recalibration using IMF WEO PPPGDP (g=3%/yr; d_mil=1%/yr; d_rest=1%/yr; epsilon=0) — S3: NATO 5%; non-NATO 3.5%,SA3_PPP_recalibrated_original_reference,,,,,,,,,,,,,,,,,PPP,210.326761,0.3350915721086011,0.023992067003357848
2035,S3,"NATO→5%, nonNATO→3.5%",0.055,0.03,0.01,0.01,0.0,0.049999999999972886,0.03499999999998703,4.735875646136936,6.578042316980288,11.313917963117223,0.515556890040995,0.22713345505302576,5.832968359243665,61.632131799642124,67.46510015888579,0.08645904838956069,,47.83907949631561,3.643203116659197,2.189765242584468,11.41906842741296,SA3,SA3 — PPP recalibration using IMF WEO PPPGDP (g=3%/yr; d_mil=1%/yr; d_rest=1%/yr; epsilon=0),PPP recalibrated original-model dynamics,SA3 — PPP recalibration using IMF WEO PPPGDP (g=3%/yr; d_mil=1%/yr; d_rest=1%/yr; epsilon=0) — S3: NATO 5%; non-NATO 3.5%,SA3_PPP_recalibrated_original_reference,,,,,,,,,,,,,,,,,PPP,210.326761,0.3350915721086011,0.023992067003357848
